35
4 6 1
6 3 1 0 4 0 1 12.011 -0.03118647729 0 2.433 0
6 3 1 0 4 0 1 12.011 -0.03118647729 0 2.433 0
6 3 1 0 4 0 1 12.011 -0.03118647729 0 2.433 0
6 3 1 0 4 0 1 12.011 -0.03118647729 0 2.433 0
0 1 1 0 1 0
1 2 1 0 1 0
2 3 1 0 1 0
2 0 1 0 1 0
3 0 1 0 1 0
3 1 1 0 1 0
7 10 1
6 2 2 0 4 0 1 12.011 -0.04644696238 0.1441 2.503 0
6 3 1 0 4 0 1 12.011 -0.0343255396 0 2.433 0
6 3 1 0 4 0 1 12.011 -0.03173706667 0 2.433 0
6 3 1 0 4 0 1 12.011 -0.0343255396 0 2.433 0
6 3 1 0 4 0 1 12.011 -0.03147275988 0 2.433 0
6 3 1 0 4 0 1 12.011 -0.03147275988 0 2.433 0
6 3 1 0 4 0 1 12.011 -0.03122862672 0 2.433 0
0 1 1 0 1 0
1 2 1 0 1 0
2 3 1 0 1 0
3 4 1 0 1 0
4 5 1 0 1 0
5 6 1 0 1 0
3 0 1 0 1 0
6 4 1 0 1 0
5 1 1 0 1 0
6 2 1 0 1 0
8 12 1
6 3 1 0 4 0 1 12.011 -0.03118647729 0 2.433 0
6 3 1 0 4 0 1 12.011 -0.03118647729 0 2.433 0
6 3 1 0 4 0 1 12.011 -0.03118647729 0 2.433 0
6 3 1 0 4 0 1 12.011 -0.03118647729 0 2.433 0
6 3 1 0 4 0 1 12.011 -0.03118647729 0 2.433 0
6 3 1 0 4 0 1 12.011 -0.03118647729 0 2.433 0
6 3 1 0 4 0 1 12.011 -0.03118647729 0 2.433 0
6 3 1 0 4 0 1 12.011 -0.03118647729 0 2.433 0
0 1 1 0 1 0
1 2 1 0 1 0
2 3 1 0 1 0
3 4 1 0 1 0
4 5 1 0 1 0
5 6 1 0 1 0
6 7 1 0 1 0
3 0 1 0 1 0
7 4 1 0 1 0
7 0 1 0 1 0
6 1 1 0 1 0
5 2 1 0 1 0
10 12 1
6 2 2 0 4 0 1 12.011 -0.04754969224 0.1441 2.503 0
6 3 1 0 4 0 1 12.011 -0.04063728261 0 2.433 0
6 2 2 0 4 0 1 12.011 -0.04754969224 0.1441 2.503 0
6 3 1 0 4 0 1 12.011 -0.04063728261 0 2.433 0
6 2 2 0 4 0 1 12.011 -0.04754969224 0.1441 2.503 0
6 3 1 0 4 0 1 12.011 -0.04063728261 0 2.433 0
6 2 2 0 4 0 1 12.011 -0.04754969224 0.1441 2.503 0
6 3 1 0 4 0 1 12.011 -0.04063728261 0 2.433 0
6 2 2 0 4 0 1 12.011 -0.04754969224 0.1441 2.503 0
6 2 2 0 4 0 1 12.011 -0.04754969224 0.1441 2.503 0
0 1 1 0 1 0
1 2 1 0 1 0
2 3 1 0 1 0
3 4 1 0 1 0
4 5 1 0 1 0
5 6 1 0 1 0
6 7 1 0 1 0
7 8 1 0 1 0
7 9 1 0 1 0
5 0 1 0 1 0
8 1 1 0 1 0
9 3 1 0 1 0
8 9 1
6 2 2 0 4 0 1 12.011 -0.05018356987 0.1441 2.503 0
6 2 2 0 4 0 1 12.011 -0.05018356987 0.1441 2.503 0
6 3 1 0 4 0 1 12.011 -0.04139818567 0 2.433 0
6 2 2 0 4 0 1 12.011 -0.05018356987 0.1441 2.503 0
6 2 2 0 4 0 1 12.011 -0.05018356987 0.1441 2.503 0
6 3 1 0 4 0 1 12.011 -0.04139818567 0 2.433 0
6 2 2 0 4 0 1 12.011 -0.05018356987 0.1441 2.503 0
6 2 2 0 4 0 1 12.011 -0.05018356987 0.1441 2.503 0
0 1 1 0 1 0
1 2 1 0 1 0
2 3 1 0 1 0
3 4 1 0 1 0
4 5 1 0 1 0
5 6 1 0 1 0
6 7 1 0 1 0
5 0 1 0 1 0
7 2 1 0 1 0
5 6 1
6 2 2 0 4 0 1 12.011 -0.04754969224 0.1441 2.503 0
6 3 1 0 4 0 1 12.011 -0.04063728261 0 2.433 0
6 2 2 0 4 0 1 12.011 -0.04754969224 0.1441 2.503 0
6 3 1 0 4 0 1 12.011 -0.04063728261 0 2.433 0
6 2 2 0 4 0 1 12.011 -0.04754969224 0.1441 2.503 0
0 1 1 0 1 0
1 2 1 0 1 0
2 3 1 0 1 0
3 4 1 0 1 0
3 0 1 0 1 0
4 1 1 0 1 0
7 8 1
6 2 2 0 4 0 1 12.011 -0.05017338903 0.1441 2.503 0
6 2 2 0 4 0 1 12.011 -0.05017338903 0.1441 2.503 0
6 3 1 0 4 0 1 12.011 -0.04114489312 0 2.433 0
6 2 2 0 4 0 1 12.011 -0.05017338903 0.1441 2.503 0
6 2 2 0 4 0 1 12.011 -0.05017338903 0.1441 2.503 0
6 3 1 0 4 0 1 12.011 -0.04114489312 0 2.433 0
6 2 2 0 4 0 1 12.011 -0.04758973424 0.1441 2.503 0
0 1 1 0 1 0
1 2 1 0 1 0
2 3 1 0 1 0
3 4 1 0 1 0
4 5 1 0 1 0
5 6 1 0 1 0
5 0 1 0 1 0
6 2 1 0 1 0
60 90 1
6 3 0 0 3 1 1 12.011 0 0.2955 4.346 0
6 3 0 0 3 1 1 12.011 0 0.2955 4.346 0
6 3 0 0 3 1 1 12.011 0 0.2955 4.346 0
6 3 0 0 3 1 1 12.011 0 0.2955 4.346 0
6 3 0 0 3 1 1 12.011 0 0.2955 4.346 0
6 3 0 0 3 1 1 12.011 0 0.2955 4.346 0
6 3 0 0 3 1 1 12.011 0 0.2955 4.346 0
6 3 0 0 3 1 1 12.011 0 0.2955 4.346 0
6 3 0 0 3 1 1 12.011 0 0.2955 4.346 0
6 3 0 0 3 1 1 12.011 0 0.2955 4.346 0
6 3 0 0 3 1 1 12.011 0 0.2955 4.346 0
6 3 0 0 3 1 1 12.011 0 0.2955 4.346 0
6 3 0 0 3 1 1 12.011 0 0.2955 4.346 0
6 3 0 0 3 1 1 12.011 0 0.2955 4.346 0
6 3 0 0 3 1 1 12.011 0 0.2955 4.346 0
6 3 0 0 3 1 1 12.011 0 0.2955 4.346 0
6 3 0 0 3 1 1 12.011 0 0.2955 4.346 0
6 3 0 0 3 1 1 12.011 0 0.2955 4.346 0
6 3 0 0 3 1 1 12.011 0 0.2955 4.346 0
6 3 0 0 3 1 1 12.011 0 0.2955 4.346 0
6 3 0 0 3 1 1 12.011 0 0.2955 4.346 0
6 3 0 0 3 1 1 12.011 0 0.2955 4.346 0
6 3 0 0 3 1 1 12.011 0 0.2955 4.346 0
6 3 0 0 3 1 1 12.011 0 0.2955 4.346 0
6 3 0 0 3 1 1 12.011 0 0.2955 4.346 0
6 3 0 0 3 1 1 12.011 0 0.2955 4.346 0
6 3 0 0 3 1 1 12.011 0 0.2955 4.346 0
6 3 0 0 3 1 1 12.011 0 0.2955 4.346 0
6 3 0 0 3 1 1 12.011 0 0.2955 4.346 0
6 3 0 0 3 1 1 12.011 0 0.2955 4.346 0
6 3 0 0 3 1 1 12.011 0 0.2955 4.346 0
6 3 0 0 3 1 1 12.011 0 0.2955 4.346 0
6 3 0 0 3 1 1 12.011 0 0.2955 4.346 0
6 3 0 0 3 1 1 12.011 0 0.2955 4.346 0
6 3 0 0 3 1 1 12.011 0 0.2955 4.346 0
6 3 0 0 3 1 1 12.011 0 0.2955 4.346 0
6 3 0 0 3 1 1 12.011 0 0.2955 4.346 0
6 3 0 0 3 1 1 12.011 0 0.2955 4.346 0
6 3 0 0 3 1 1 12.011 0 0.2955 4.346 0
6 3 0 0 3 1 1 12.011 0 0.2955 4.346 0
6 3 0 0 3 1 1 12.011 0 0.2955 4.346 0
6 3 0 0 3 1 1 12.011 0 0.2955 4.346 0
6 3 0 0 3 1 1 12.011 0 0.2955 4.346 0
6 3 0 0 3 1 1 12.011 0 0.2955 4.346 0
6 3 0 0 3 1 1 12.011 0 0.2955 4.346 0
6 3 0 0 3 1 1 12.011 0 0.2955 4.346 0
6 3 0 0 3 1 1 12.011 0 0.2955 4.346 0
6 3 0 0 3 1 1 12.011 0 0.2955 4.346 0
6 3 0 0 3 1 1 12.011 0 0.2955 4.346 0
6 3 0 0 3 1 1 12.011 0 0.2955 4.346 0
6 3 0 0 3 1 1 12.011 0 0.2955 4.346 0
6 3 0 0 3 1 1 12.011 0 0.2955 4.346 0
6 3 0 0 3 1 1 12.011 0 0.2955 4.346 0
6 3 0 0 3 1 1 12.011 0 0.2955 4.346 0
6 3 0 0 3 1 1 12.011 0 0.2955 4.346 0
6 3 0 0 3 1 1 12.011 0 0.2955 4.346 0
6 3 0 0 3 1 1 12.011 0 0.2955 4.346 0
6 3 0 0 3 1 1 12.011 0 0.2955 4.346 0
6 3 0 0 3 1 1 12.011 0 0.2955 4.346 0
6 3 0 0 3 1 1 12.011 0 0.2955 4.346 0
0 1 1.5 1 1 0
1 2 1.5 1 1 0
2 3 1.5 1 1 0
3 4 1.5 1 1 0
4 5 1.5 1 1 0
5 6 1.5 1 1 0
6 7 1.5 1 1 0
7 8 1.5 1 1 0
8 9 1.5 1 1 0
9 10 1.5 1 1 0
10 11 1.5 1 1 0
11 12 1.5 1 1 0
12 13 1.5 1 1 0
13 14 1.5 1 1 0
14 15 1.5 1 1 0
15 16 1.5 1 1 0
16 17 1.5 1 1 0
17 18 1.5 1 1 0
18 19 1.5 1 1 0
19 20 1.5 1 1 0
20 21 1.5 1 1 0
21 22 1.5 1 1 0
22 23 1.5 1 1 0
23 24 1.5 1 1 0
24 25 1.5 1 1 0
25 26 1.5 1 1 0
26 27 1.5 1 1 0
27 28 1.5 1 1 0
28 29 1.5 1 1 0
29 30 1.5 1 1 0
30 31 1.5 1 1 0
31 32 1.5 1 1 0
32 33 1.5 1 1 0
33 34 1.5 1 1 0
34 35 1.5 1 1 0
35 36 1.5 1 1 0
36 37 1.5 1 1 0
37 38 1.5 1 1 0
38 39 1.5 1 1 0
39 40 1.5 1 1 0
40 41 1.5 1 1 0
41 42 1.5 1 1 0
42 43 1.5 1 1 0
43 44 1.5 1 1 0
44 45 1.5 1 1 0
45 46 1.5 1 1 0
46 47 1.5 1 1 0
47 48 1.5 1 1 0
48 49 1.5 1 1 0
49 50 1.5 1 1 0
50 51 1.5 1 1 0
51 52 1.5 1 1 0
52 53 1.5 1 1 0
53 54 1.5 1 1 0
54 55 1.5 1 1 0
55 56 1.5 1 1 0
56 57 1.5 1 1 0
57 58 1.5 1 1 0
58 59 1.5 1 1 0
4 0 1.5 1 1 0
19 5 1.5 1 1 0
39 20 1.5 1 1 0
54 40 1.5 1 1 0
59 55 1.5 1 1 0
8 0 1.5 1 1 0
25 9 1.5 1 1 0
44 26 1.5 1 1 0
57 45 1.5 1 1 0
11 1 1.5 1 1 0
29 12 1.5 1 1 0
47 30 1.5 1 1 0
58 48 1.5 1 1 0
14 2 1.5 1 1 0
33 15 1.5 1 1 0
50 34 1.5 1 1 0
59 51 1.5 1 1 0
17 3 1.5 1 1 0
37 18 1.5 1 1 0
53 38 1.5 1 1 0
21 6 1.5 1 1 0
41 22 1.5 1 1 0
56 42 1.5 1 1 0
24 7 1.5 1 1 0
46 27 1.5 1 1 0
28 10 1.5 1 1 0
49 31 1.5 1 1 0
32 13 1.5 1 1 0
52 35 1.5 1 1 0
36 16 1.5 1 1 0
43 23 1.5 1 1 0
20 19 1
6 1 2 0 3 0 0 12.011 -0.09906581886 0.1551 3.513 0
6 2 1 0 3 0 0 12.011 -0.06949385679 0.1551 3.513 0
6 2 1 0 3 0 0 12.011 -0.06285693494 0.1551 3.513 0
6 2 1 0 3 0 0 12.011 -0.06228951565 0.1551 3.513 0
6 2 1 0 3 0 0 12.011 -0.06226891288 0.1551 3.513 0
6 2 1 0 3 0 0 12.011 -0.06226857343 0.1551 3.513 0
6 2 1 0 3 0 0 12.011 -0.06226857079 0.1551 3.513 0
6 2 1 0 3 0 0 12.011 -0.06226857078 0.1551 3.513 0
6 2 1 0 3 0 0 12.011 -0.06226857078 0.1551 3.513 0
6 2 1 0 3 0 0 12.011 -0.06226857078 0.1551 3.513 0
6 2 1 0 3 0 0 12.011 -0.06226857078 0.1551 3.513 0
6 2 1 0 3 0 0 12.011 -0.06226857078 0.1551 3.513 0
6 2 1 0 3 0 0 12.011 -0.06226857078 0.1551 3.513 0
6 2 1 0 3 0 0 12.011 -0.06226857079 0.1551 3.513 0
6 2 1 0 3 0 0 12.011 -0.06226857343 0.1551 3.513 0
6 2 1 0 3 0 0 12.011 -0.06226891288 0.1551 3.513 0
6 2 1 0 3 0 0 12.011 -0.06228951565 0.1551 3.513 0
6 2 1 0 3 0 0 12.011 -0.06285693494 0.1551 3.513 0
6 2 1 0 3 0 0 12.011 -0.06949385679 0.1551 3.513 0
6 1 2 0 3 0 0 12.011 -0.09906581886 0.1551 3.513 0
0 1 2 1 0 0
1 2 1 1 0 0
2 3 2 1 0 0
3 4 1 1 0 0
4 5 2 1 0 0
5 6 1 1 0 0
6 7 2 1 0 0
7 8 1 1 0 0
8 9 2 1 0 0
9 10 1 1 0 0
10 11 2 1 0 0
11 12 1 1 0 0
12 13 2 1 0 0
13 14 1 1 0 0
14 15 2 1 0 0
15 16 1 1 0 0
16 17 2 1 0 0
17 18 1 1 0 0
18 19 2 1 0 0
40 39 1
6 1 2 0 3 0 0 12.011 -0.09906581886 0.1551 3.513 0
6 2 1 0 3 0 0 12.011 -0.06949385679 0.1551 3.513 0
6 2 1 0 3 0 0 12.011 -0.06285693494 0.1551 3.513 0
6 2 1 0 3 0 0 12.011 -0.06228951565 0.1551 3.513 0
6 2 1 0 3 0 0 12.011 -0.06226891288 0.1551 3.513 0
6 2 1 0 3 0 0 12.011 -0.06226857343 0.1551 3.513 0
6 2 1 0 3 0 0 12.011 -0.06226857079 0.1551 3.513 0
6 2 1 0 3 0 0 12.011 -0.06226857078 0.1551 3.513 0
6 2 1 0 3 0 0 12.011 -0.06226857078 0.1551 3.513 0
6 2 1 0 3 0 0 12.011 -0.06226857078 0.1551 3.513 0
6 2 1 0 3 0 0 12.011 -0.06226857078 0.1551 3.513 0
6 2 1 0 3 0 0 12.011 -0.06226857078 0.1551 3.513 0
6 2 1 0 3 0 0 12.011 -0.06226857078 0.1551 3.513 0
6 2 1 0 3 0 0 12.011 -0.06226857078 0.1551 3.513 0
6 2 1 0 3 0 0 12.011 -0.06226857078 0.1551 3.513 0
6 2 1 0 3 0 0 12.011 -0.06226857078 0.1551 3.513 0
6 2 1 0 3 0 0 12.011 -0.06226857078 0.1551 3.513 0
6 2 1 0 3 0 0 12.011 -0.06226857078 0.1551 3.513 0
6 2 1 0 3 0 0 12.011 -0.06226857078 0.1551 3.513 0
6 2 1 0 3 0 0 12.011 -0.06226857078 0.1551 3.513 0
6 2 1 0 3 0 0 12.011 -0.06226857078 0.1551 3.513 0
6 2 1 0 3 0 0 12.011 -0.06226857078 0.1551 3.513 0
6 2 1 0 3 0 0 12.011 -0.06226857078 0.1551 3.513 0
6 2 1 0 3 0 0 12.011 -0.06226857078 0.1551 3.513 0
6 2 1 0 3 0 0 12.011 -0.06226857078 0.1551 3.513 0
6 2 1 0 3 0 0 12.011 -0.06226857078 0.1551 3.513 0
6 2 1 0 3 0 0 12.011 -0.06226857078 0.1551 3.513 0
6 2 1 0 3 0 0 12.011 -0.06226857078 0.1551 3.513 0
6 2 1 0 3 0 0 12.011 -0.06226857078 0.1551 3.513 0
6 2 1 0 3 0 0 12.011 -0.06226857078 0.1551 3.513 0
6 2 1 0 3 0 0 12.011 -0.06226857078 0.1551 3.513 0
6 2 1 0 3 0 0 12.011 -0.06226857078 0.1551 3.513 0
6 2 1 0 3 0 0 12.011 -0.06226857078 0.1551 3.513 0
6 2 1 0 3 0 0 12.011 -0.06226857079 0.1551 3.513 0
6 2 1 0 3 0 0 12.011 -0.06226857343 0.1551 3.513 0
6 2 1 0 3 0 0 12.011 -0.06226891288 0.1551 3.513 0
6 2 1 0 3 0 0 12.011 -0.06228951565 0.1551 3.513 0
6 2 1 0 3 0 0 12.011 -0.06285693494 0.1551 3.513 0
6 2 1 0 3 0 0 12.011 -0.06949385679 0.1551 3.513 0
6 1 2 0 3 0 0 12.011 -0.09906581886 0.1551 3.513 0
0 1 2 1 0 0
1 2 1 1 0 0
2 3 2 1 0 0
3 4 1 1 0 0
4 5 2 1 0 0
5 6 1 1 0 0
6 7 2 1 0 0
7 8 1 1 0 0
8 9 2 1 0 0
9 10 1 1 0 0
10 11 2 1 0 0
11 12 1 1 0 0
12 13 2 1 0 0
13 14 1 1 0 0
14 15 2 1 0 0
15 16 1 1 0 0
16 17 2 1 0 0
17 18 1 1 0 0
18 19 2 1 0 0
19 20 1 1 0 0
20 21 2 1 0 0
21 22 1 1 0 0
22 23 2 1 0 0
23 24 1 1 0 0
24 25 2 1 0 0
25 26 1 1 0 0
26 27 2 1 0 0
27 28 1 1 0 0
28 29 2 1 0 0
29 30 1 1 0 0
30 31 2 1 0 0
31 32 1 1 0 0
32 33 2 1 0 0
33 34 1 1 0 0
34 35 2 1 0 0
35 36 1 1 0 0
36 37 2 1 0 0
37 38 1 1 0 0
38 39 2 1 0 0
60 59 1
6 1 2 0 3 0 0 12.011 -0.09906581886 0.1551 3.513 0
6 2 1 0 3 0 0 12.011 -0.06949385679 0.1551 3.513 0
6 2 1 0 3 0 0 12.011 -0.06285693494 0.1551 3.513 0
6 2 1 0 3 0 0 12.011 -0.06228951565 0.1551 3.513 0
6 2 1 0 3 0 0 12.011 -0.06226891288 0.1551 3.513 0
6 2 1 0 3 0 0 12.011 -0.06226857343 0.1551 3.513 0
6 2 1 0 3 0 0 12.011 -0.06226857079 0.1551 3.513 0
6 2 1 0 3 0 0 12.011 -0.06226857078 0.1551 3.513 0
6 2 1 0 3 0 0 12.011 -0.06226857078 0.1551 3.513 0
6 2 1 0 3 0 0 12.011 -0.06226857078 0.1551 3.513 0
6 2 1 0 3 0 0 12.011 -0.06226857078 0.1551 3.513 0
6 2 1 0 3 0 0 12.011 -0.06226857078 0.1551 3.513 0
6 2 1 0 3 0 0 12.011 -0.06226857078 0.1551 3.513 0
6 2 1 0 3 0 0 12.011 -0.06226857078 0.1551 3.513 0
6 2 1 0 3 0 0 12.011 -0.06226857078 0.1551 3.513 0
6 2 1 0 3 0 0 12.011 -0.06226857078 0.1551 3.513 0
6 2 1 0 3 0 0 12.011 -0.06226857078 0.1551 3.513 0
6 2 1 0 3 0 0 12.011 -0.06226857078 0.1551 3.513 0
6 2 1 0 3 0 0 12.011 -0.06226857078 0.1551 3.513 0
6 2 1 0 3 0 0 12.011 -0.06226857078 0.1551 3.513 0
6 2 1 0 3 0 0 12.011 -0.06226857078 0.1551 3.513 0
6 2 1 0 3 0 0 12.011 -0.06226857078 0.1551 3.513 0
6 2 1 0 3 0 0 12.011 -0.06226857078 0.1551 3.513 0
6 2 1 0 3 0 0 12.011 -0.06226857078 0.1551 3.513 0
6 2 1 0 3 0 0 12.011 -0.06226857078 0.1551 3.513 0
6 2 1 0 3 0 0 12.011 -0.06226857078 0.1551 3.513 0
6 2 1 0 3 0 0 12.011 -0.06226857078 0.1551 3.513 0
6 2 1 0 3 0 0 12.011 -0.06226857078 0.1551 3.513 0
6 2 1 0 3 0 0 12.011 -0.06226857078 0.1551 3.513 0
6 2 1 0 3 0 0 12.011 -0.06226857078 0.1551 3.513 0
6 2 1 0 3 0 0 12.011 -0.06226857078 0.1551 3.513 0
6 2 1 0 3 0 0 12.011 -0.06226857078 0.1551 3.513 0
6 2 1 0 3 0 0 12.011 -0.06226857078 0.1551 3.513 0
6 2 1 0 3 0 0 12.011 -0.06226857078 0.1551 3.513 0
6 2 1 0 3 0 0 12.011 -0.06226857078 0.1551 3.513 0
6 2 1 0 3 0 0 12.011 -0.06226857078 0.1551 3.513 0
6 2 1 0 3 0 0 12.011 -0.06226857078 0.1551 3.513 0
6 2 1 0 3 0 0 12.011 -0.06226857078 0.1551 3.513 0
6 2 1 0 3 0 0 12.011 -0.06226857078 0.1551 3.513 0
6 2 1 0 3 0 0 12.011 -0.06226857078 0.1551 3.513 0
6 2 1 0 3 0 0 12.011 -0.06226857078 0.1551 3.513 0
6 2 1 0 3 0 0 12.011 -0.06226857078 0.1551 3.513 0
6 2 1 0 3 0 0 12.011 -0.06226857078 0.1551 3.513 0
6 2 1 0 3 0 0 12.011 -0.06226857078 0.1551 3.513 0
6 2 1 0 3 0 0 12.011 -0.06226857078 0.1551 3.513 0
6 2 1 0 3 0 0 12.011 -0.06226857078 0.1551 3.513 0
6 2 1 0 3 0 0 12.011 -0.06226857078 0.1551 3.513 0
6 2 1 0 3 0 0 12.011 -0.06226857078 0.1551 3.513 0
6 2 1 0 3 0 0 12.011 -0.06226857078 0.1551 3.513 0
6 2 1 0 3 0 0 12.011 -0.06226857078 0.1551 3.513 0
6 2 1 0 3 0 0 12.011 -0.06226857078 0.1551 3.513 0
6 2 1 0 3 0 0 12.011 -0.06226857078 0.1551 3.513 0
6 2 1 0 3 0 0 12.011 -0.06226857078 0.1551 3.513 0
6 2 1 0 3 0 0 12.011 -0.06226857079 0.1551 3.513 0
6 2 1 0 3 0 0 12.011 -0.06226857343 0.1551 3.513 0
6 2 1 0 3 0 0 12.011 -0.06226891288 0.1551 3.513 0
6 2 1 0 3 0 0 12.011 -0.06228951565 0.1551 3.513 0
6 2 1 0 3 0 0 12.011 -0.06285693494 0.1551 3.513 0
6 2 1 0 3 0 0 12.011 -0.06949385679 0.1551 3.513 0
6 1 2 0 3 0 0 12.011 -0.09906581886 0.1551 3.513 0
0 1 2 1 0 0
1 2 1 1 0 0
2 3 2 1 0 0
3 4 1 1 0 0
4 5 2 1 0 0
5 6 1 1 0 0
6 7 2 1 0 0
7 8 1 1 0 0
8 9 2 1 0 0
9 10 1 1 0 0
10 11 2 1 0 0
11 12 1 1 0 0
12 13 2 1 0 0
13 14 1 1 0 0
14 15 2 1 0 0
15 16 1 1 0 0
16 17 2 1 0 0
17 18 1 1 0 0
18 19 2 1 0 0
19 20 1 1 0 0
20 21 2 1 0 0
21 22 1 1 0 0
22 23 2 1 0 0
23 24 1 1 0 0
24 25 2 1 0 0
25 26 1 1 0 0
26 27 2 1 0 0
27 28 1 1 0 0
28 29 2 1 0 0
29 30 1 1 0 0
30 31 2 1 0 0
31 32 1 1 0 0
32 33 2 1 0 0
33 34 1 1 0 0
34 35 2 1 0 0
35 36 1 1 0 0
36 37 2 1 0 0
37 38 1 1 0 0
38 39 2 1 0 0
39 40 1 1 0 0
40 41 2 1 0 0
41 42 1 1 0 0
42 43 2 1 0 0
43 44 1 1 0 0
44 45 2 1 0 0
45 46 1 1 0 0
46 47 2 1 0 0
47 48 1 1 0 0
48 49 2 1 0 0
49 50 1 1 0 0
50 51 2 1 0 0
51 52 1 1 0 0
52 53 2 1 0 0
53 54 1 1 0 0
54 55 2 1 0 0
55 56 1 1 0 0
56 57 2 1 0 0
57 58 1 1 0 0
58 59 2 1 0 0
80 79 1
6 1 2 0 3 0 0 12.011 -0.09906581886 0.1551 3.513 0
6 2 1 0 3 0 0 12.011 -0.06949385679 0.1551 3.513 0
6 2 1 0 3 0 0 12.011 -0.06285693494 0.1551 3.513 0
6 2 1 0 3 0 0 12.011 -0.06228951565 0.1551 3.513 0
6 2 1 0 3 0 0 12.011 -0.06226891288 0.1551 3.513 0
6 2 1 0 3 0 0 12.011 -0.06226857343 0.1551 3.513 0
6 2 1 0 3 0 0 12.011 -0.06226857079 0.1551 3.513 0
6 2 1 0 3 0 0 12.011 -0.06226857078 0.1551 3.513 0
6 2 1 0 3 0 0 12.011 -0.06226857078 0.1551 3.513 0
6 2 1 0 3 0 0 12.011 -0.06226857078 0.1551 3.513 0
6 2 1 0 3 0 0 12.011 -0.06226857078 0.1551 3.513 0
6 2 1 0 3 0 0 12.011 -0.06226857078 0.1551 3.513 0
6 2 1 0 3 0 0 12.011 -0.06226857078 0.1551 3.513 0
6 2 1 0 3 0 0 12.011 -0.06226857078 0.1551 3.513 0
6 2 1 0 3 0 0 12.011 -0.06226857078 0.1551 3.513 0
6 2 1 0 3 0 0 12.011 -0.06226857078 0.1551 3.513 0
6 2 1 0 3 0 0 12.011 -0.06226857078 0.1551 3.513 0
6 2 1 0 3 0 0 12.011 -0.06226857078 0.1551 3.513 0
6 2 1 0 3 0 0 12.011 -0.06226857078 0.1551 3.513 0
6 2 1 0 3 0 0 12.011 -0.06226857078 0.1551 3.513 0
6 2 1 0 3 0 0 12.011 -0.06226857078 0.1551 3.513 0
6 2 1 0 3 0 0 12.011 -0.06226857078 0.1551 3.513 0
6 2 1 0 3 0 0 12.011 -0.06226857078 0.1551 3.513 0
6 2 1 0 3 0 0 12.011 -0.06226857078 0.1551 3.513 0
6 2 1 0 3 0 0 12.011 -0.06226857078 0.1551 3.513 0
6 2 1 0 3 0 0 12.011 -0.06226857078 0.1551 3.513 0
6 2 1 0 3 0 0 12.011 -0.06226857078 0.1551 3.513 0
6 2 1 0 3 0 0 12.011 -0.06226857078 0.1551 3.513 0
6 2 1 0 3 0 0 12.011 -0.06226857078 0.1551 3.513 0
6 2 1 0 3 0 0 12.011 -0.06226857078 0.1551 3.513 0
6 2 1 0 3 0 0 12.011 -0.06226857078 0.1551 3.513 0
6 2 1 0 3 0 0 12.011 -0.06226857078 0.1551 3.513 0
6 2 1 0 3 0 0 12.011 -0.06226857078 0.1551 3.513 0
6 2 1 0 3 0 0 12.011 -0.06226857078 0.1551 3.513 0
6 2 1 0 3 0 0 12.011 -0.06226857078 0.1551 3.513 0
6 2 1 0 3 0 0 12.011 -0.06226857078 0.1551 3.513 0
6 2 1 0 3 0 0 12.011 -0.06226857078 0.1551 3.513 0
6 2 1 0 3 0 0 12.011 -0.06226857078 0.1551 3.513 0
6 2 1 0 3 0 0 12.011 -0.06226857078 0.1551 3.513 0
6 2 1 0 3 0 0 12.011 -0.06226857078 0.1551 3.513 0
6 2 1 0 3 0 0 12.011 -0.06226857078 0.1551 3.513 0
6 2 1 0 3 0 0 12.011 -0.06226857078 0.1551 3.513 0
6 2 1 0 3 0 0 12.011 -0.06226857078 0.1551 3.513 0
6 2 1 0 3 0 0 12.011 -0.06226857078 0.1551 3.513 0
6 2 1 0 3 0 0 12.011 -0.06226857078 0.1551 3.513 0
6 2 1 0 3 0 0 12.011 -0.06226857078 0.1551 3.513 0
6 2 1 0 3 0 0 12.011 -0.06226857078 0.1551 3.513 0
6 2 1 0 3 0 0 12.011 -0.06226857078 0.1551 3.513 0
6 2 1 0 3 0 0 12.011 -0.06226857078 0.1551 3.513 0
6 2 1 0 3 0 0 12.011 -0.06226857078 0.1551 3.513 0
6 2 1 0 3 0 0 12.011 -0.06226857078 0.1551 3.513 0
6 2 1 0 3 0 0 12.011 -0.06226857078 0.1551 3.513 0
6 2 1 0 3 0 0 12.011 -0.06226857078 0.1551 3.513 0
6 2 1 0 3 0 0 12.011 -0.06226857078 0.1551 3.513 0
6 2 1 0 3 0 0 12.011 -0.06226857078 0.1551 3.513 0
6 2 1 0 3 0 0 12.011 -0.06226857078 0.1551 3.513 0
6 2 1 0 3 0 0 12.011 -0.06226857078 0.1551 3.513 0
6 2 1 0 3 0 0 12.011 -0.06226857078 0.1551 3.513 0
6 2 1 0 3 0 0 12.011 -0.06226857078 0.1551 3.513 0
6 2 1 0 3 0 0 12.011 -0.06226857078 0.1551 3.513 0
6 2 1 0 3 0 0 12.011 -0.06226857078 0.1551 3.513 0
6 2 1 0 3 0 0 12.011 -0.06226857078 0.1551 3.513 0
6 2 1 0 3 0 0 12.011 -0.06226857078 0.1551 3.513 0
6 2 1 0 3 0 0 12.011 -0.06226857078 0.1551 3.513 0
6 2 1 0 3 0 0 12.011 -0.06226857078 0.1551 3.513 0
6 2 1 0 3 0 0 12.011 -0.06226857078 0.1551 3.513 0
6 2 1 0 3 0 0 12.011 -0.06226857078 0.1551 3.513 0
6 2 1 0 3 0 0 12.011 -0.06226857078 0.1551 3.513 0
6 2 1 0 3 0 0 12.011 -0.06226857078 0.1551 3.513 0
6 2 1 0 3 0 0 12.011 -0.06226857078 0.1551 3.513 0
6 2 1 0 3 0 0 12.011 -0.06226857078 0.1551 3.513 0
6 2 1 0 3 0 0 12.011 -0.06226857078 0.1551 3.513 0
6 2 1 0 3 0 0 12.011 -0.06226857078 0.1551 3.513 0
6 2 1 0 3 0 0 12.011 -0.06226857079 0.1551 3.513 0
6 2 1 0 3 0 0 12.011 -0.06226857343 0.1551 3.513 0
6 2 1 0 3 0 0 12.011 -0.06226891288 0.1551 3.513 0
6 2 1 0 3 0 0 12.011 -0.06228951565 0.1551 3.513 0
6 2 1 0 3 0 0 12.011 -0.06285693494 0.1551 3.513 0
6 2 1 0 3 0 0 12.011 -0.06949385679 0.1551 3.513 0
6 1 2 0 3 0 0 12.011 -0.09906581886 0.1551 3.513 0
0 1 2 1 0 0
1 2 1 1 0 0
2 3 2 1 0 0
3 4 1 1 0 0
4 5 2 1 0 0
5 6 1 1 0 0
6 7 2 1 0 0
7 8 1 1 0 0
8 9 2 1 0 0
9 10 1 1 0 0
10 11 2 1 0 0
11 12 1 1 0 0
12 13 2 1 0 0
13 14 1 1 0 0
14 15 2 1 0 0
15 16 1 1 0 0
16 17 2 1 0 0
17 18 1 1 0 0
18 19 2 1 0 0
19 20 1 1 0 0
20 21 2 1 0 0
21 22 1 1 0 0
22 23 2 1 0 0
23 24 1 1 0 0
24 25 2 1 0 0
25 26 1 1 0 0
26 27 2 1 0 0
27 28 1 1 0 0
28 29 2 1 0 0
29 30 1 1 0 0
30 31 2 1 0 0
31 32 1 1 0 0
32 33 2 1 0 0
33 34 1 1 0 0
34 35 2 1 0 0
35 36 1 1 0 0
36 37 2 1 0 0
37 38 1 1 0 0
38 39 2 1 0 0
39 40 1 1 0 0
40 41 2 1 0 0
41 42 1 1 0 0
42 43 2 1 0 0
43 44 1 1 0 0
44 45 2 1 0 0
45 46 1 1 0 0
46 47 2 1 0 0
47 48 1 1 0 0
48 49 2 1 0 0
49 50 1 1 0 0
50 51 2 1 0 0
51 52 1 1 0 0
52 53 2 1 0 0
53 54 1 1 0 0
54 55 2 1 0 0
55 56 1 1 0 0
56 57 2 1 0 0
57 58 1 1 0 0
58 59 2 1 0 0
59 60 1 1 0 0
60 61 2 1 0 0
61 62 1 1 0 0
62 63 2 1 0 0
63 64 1 1 0 0
64 65 2 1 0 0
65 66 1 1 0 0
66 67 2 1 0 0
67 68 1 1 0 0
68 69 2 1 0 0
69 70 1 1 0 0
70 71 2 1 0 0
71 72 1 1 0 0
72 73 2 1 0 0
73 74 1 1 0 0
74 75 2 1 0 0
75 76 1 1 0 0
76 77 2 1 0 0
77 78 1 1 0 0
78 79 2 1 0 0
120 119 1
6 1 2 0 3 0 0 12.011 -0.09906581886 0.1551 3.513 0
6 2 1 0 3 0 0 12.011 -0.06949385679 0.1551 3.513 0
6 2 1 0 3 0 0 12.011 -0.06285693494 0.1551 3.513 0
6 2 1 0 3 0 0 12.011 -0.06228951565 0.1551 3.513 0
6 2 1 0 3 0 0 12.011 -0.06226891288 0.1551 3.513 0
6 2 1 0 3 0 0 12.011 -0.06226857343 0.1551 3.513 0
6 2 1 0 3 0 0 12.011 -0.06226857079 0.1551 3.513 0
6 2 1 0 3 0 0 12.011 -0.06226857078 0.1551 3.513 0
6 2 1 0 3 0 0 12.011 -0.06226857078 0.1551 3.513 0
6 2 1 0 3 0 0 12.011 -0.06226857078 0.1551 3.513 0
6 2 1 0 3 0 0 12.011 -0.06226857078 0.1551 3.513 0
6 2 1 0 3 0 0 12.011 -0.06226857078 0.1551 3.513 0
6 2 1 0 3 0 0 12.011 -0.06226857078 0.1551 3.513 0
6 2 1 0 3 0 0 12.011 -0.06226857078 0.1551 3.513 0
6 2 1 0 3 0 0 12.011 -0.06226857078 0.1551 3.513 0
6 2 1 0 3 0 0 12.011 -0.06226857078 0.1551 3.513 0
6 2 1 0 3 0 0 12.011 -0.06226857078 0.1551 3.513 0
6 2 1 0 3 0 0 12.011 -0.06226857078 0.1551 3.513 0
6 2 1 0 3 0 0 12.011 -0.06226857078 0.1551 3.513 0
6 2 1 0 3 0 0 12.011 -0.06226857078 0.1551 3.513 0
6 2 1 0 3 0 0 12.011 -0.06226857078 0.1551 3.513 0
6 2 1 0 3 0 0 12.011 -0.06226857078 0.1551 3.513 0
6 2 1 0 3 0 0 12.011 -0.06226857078 0.1551 3.513 0
6 2 1 0 3 0 0 12.011 -0.06226857078 0.1551 3.513 0
6 2 1 0 3 0 0 12.011 -0.06226857078 0.1551 3.513 0
6 2 1 0 3 0 0 12.011 -0.06226857078 0.1551 3.513 0
6 2 1 0 3 0 0 12.011 -0.06226857078 0.1551 3.513 0
6 2 1 0 3 0 0 12.011 -0.06226857078 0.1551 3.513 0
6 2 1 0 3 0 0 12.011 -0.06226857078 0.1551 3.513 0
6 2 1 0 3 0 0 12.011 -0.06226857078 0.1551 3.513 0
6 2 1 0 3 0 0 12.011 -0.06226857078 0.1551 3.513 0
6 2 1 0 3 0 0 12.011 -0.06226857078 0.1551 3.513 0
6 2 1 0 3 0 0 12.011 -0.06226857078 0.1551 3.513 0
6 2 1 0 3 0 0 12.011 -0.06226857078 0.1551 3.513 0
6 2 1 0 3 0 0 12.011 -0.06226857078 0.1551 3.513 0
6 2 1 0 3 0 0 12.011 -0.06226857078 0.1551 3.513 0
6 2 1 0 3 0 0 12.011 -0.06226857078 0.1551 3.513 0
6 2 1 0 3 0 0 12.011 -0.06226857078 0.1551 3.513 0
6 2 1 0 3 0 0 12.011 -0.06226857078 0.1551 3.513 0
6 2 1 0 3 0 0 12.011 -0.06226857078 0.1551 3.513 0
6 2 1 0 3 0 0 12.011 -0.06226857078 0.1551 3.513 0
6 2 1 0 3 0 0 12.011 -0.06226857078 0.1551 3.513 0
6 2 1 0 3 0 0 12.011 -0.06226857078 0.1551 3.513 0
6 2 1 0 3 0 0 12.011 -0.06226857078 0.1551 3.513 0
6 2 1 0 3 0 0 12.011 -0.06226857078 0.1551 3.513 0
6 2 1 0 3 0 0 12.011 -0.06226857078 0.1551 3.513 0
6 2 1 0 3 0 0 12.011 -0.06226857078 0.1551 3.513 0
6 2 1 0 3 0 0 12.011 -0.06226857078 0.1551 3.513 0
6 2 1 0 3 0 0 12.011 -0.06226857078 0.1551 3.513 0
6 2 1 0 3 0 0 12.011 -0.06226857078 0.1551 3.513 0
6 2 1 0 3 0 0 12.011 -0.06226857078 0.1551 3.513 0
6 2 1 0 3 0 0 12.011 -0.06226857078 0.1551 3.513 0
6 2 1 0 3 0 0 12.011 -0.06226857078 0.1551 3.513 0
6 2 1 0 3 0 0 12.011 -0.06226857078 0.1551 3.513 0
6 2 1 0 3 0 0 12.011 -0.06226857078 0.1551 3.513 0
6 2 1 0 3 0 0 12.011 -0.06226857078 0.1551 3.513 0
6 2 1 0 3 0 0 12.011 -0.06226857078 0.1551 3.513 0
6 2 1 0 3 0 0 12.011 -0.06226857078 0.1551 3.513 0
6 2 1 0 3 0 0 12.011 -0.06226857078 0.1551 3.513 0
6 2 1 0 3 0 0 12.011 -0.06226857078 0.1551 3.513 0
6 2 1 0 3 0 0 12.011 -0.06226857078 0.1551 3.513 0
6 2 1 0 3 0 0 12.011 -0.06226857078 0.1551 3.513 0
6 2 1 0 3 0 0 12.011 -0.06226857078 0.1551 3.513 0
6 2 1 0 3 0 0 12.011 -0.06226857078 0.1551 3.513 0
6 2 1 0 3 0 0 12.011 -0.06226857078 0.1551 3.513 0
6 2 1 0 3 0 0 12.011 -0.06226857078 0.1551 3.513 0
6 2 1 0 3 0 0 12.011 -0.06226857078 0.1551 3.513 0
6 2 1 0 3 0 0 12.011 -0.06226857078 0.1551 3.513 0
6 2 1 0 3 0 0 12.011 -0.06226857078 0.1551 3.513 0
6 2 1 0 3 0 0 12.011 -0.06226857078 0.1551 3.513 0
6 2 1 0 3 0 0 12.011 -0.06226857078 0.1551 3.513 0
6 2 1 0 3 0 0 12.011 -0.06226857078 0.1551 3.513 0
6 2 1 0 3 0 0 12.011 -0.06226857078 0.1551 3.513 0
6 2 1 0 3 0 0 12.011 -0.06226857078 0.1551 3.513 0
6 2 1 0 3 0 0 12.011 -0.06226857078 0.1551 3.513 0
6 2 1 0 3 0 0 12.011 -0.06226857078 0.1551 3.513 0
6 2 1 0 3 0 0 12.011 -0.06226857078 0.1551 3.513 0
6 2 1 0 3 0 0 12.011 -0.06226857078 0.1551 3.513 0
6 2 1 0 3 0 0 12.011 -0.06226857078 0.1551 3.513 0
6 2 1 0 3 0 0 12.011 -0.06226857078 0.1551 3.513 0
6 2 1 0 3 0 0 12.011 -0.06226857078 0.1551 3.513 0
6 2 1 0 3 0 0 12.011 -0.06226857078 0.1551 3.513 0
6 2 1 0 3 0 0 12.011 -0.06226857078 0.1551 3.513 0
6 2 1 0 3 0 0 12.011 -0.06226857078 0.1551 3.513 0
6 2 1 0 3 0 0 12.011 -0.06226857078 0.1551 3.513 0
6 2 1 0 3 0 0 12.011 -0.06226857078 0.1551 3.513 0
6 2 1 0 3 0 0 12.011 -0.06226857078 0.1551 3.513 0
6 2 1 0 3 0 0 12.011 -0.06226857078 0.1551 3.513 0
6 2 1 0 3 0 0 12.011 -0.06226857078 0.1551 3.513 0
6 2 1 0 3 0 0 12.011 -0.06226857078 0.1551 3.513 0
6 2 1 0 3 0 0 12.011 -0.06226857078 0.1551 3.513 0
6 2 1 0 3 0 0 12.011 -0.06226857078 0.1551 3.513 0
6 2 1 0 3 0 0 12.011 -0.06226857078 0.1551 3.513 0
6 2 1 0 3 0 0 12.011 -0.06226857078 0.1551 3.513 0
6 2 1 0 3 0 0 12.011 -0.06226857078 0.1551 3.513 0
6 2 1 0 3 0 0 12.011 -0.06226857078 0.1551 3.513 0
6 2 1 0 3 0 0 12.011 -0.06226857078 0.1551 3.513 0
6 2 1 0 3 0 0 12.011 -0.06226857078 0.1551 3.513 0
6 2 1 0 3 0 0 12.011 -0.06226857078 0.1551 3.513 0
6 2 1 0 3 0 0 12.011 -0.06226857078 0.1551 3.513 0
6 2 1 0 3 0 0 12.011 -0.06226857078 0.1551 3.513 0
6 2 1 0 3 0 0 12.011 -0.06226857078 0.1551 3.513 0
6 2 1 0 3 0 0 12.011 -0.06226857078 0.1551 3.513 0
6 2 1 0 3 0 0 12.011 -0.06226857078 0.1551 3.513 0
6 2 1 0 3 0 0 12.011 -0.06226857078 0.1551 3.513 0
6 2 1 0 3 0 0 12.011 -0.06226857078 0.1551 3.513 0
6 2 1 0 3 0 0 12.011 -0.06226857078 0.1551 3.513 0
6 2 1 0 3 0 0 12.011 -0.06226857078 0.1551 3.513 0
6 2 1 0 3 0 0 12.011 -0.06226857078 0.1551 3.513 0
6 2 1 0 3 0 0 12.011 -0.06226857078 0.1551 3.513 0
6 2 1 0 3 0 0 12.011 -0.06226857078 0.1551 3.513 0
6 2 1 0 3 0 0 12.011 -0.06226857078 0.1551 3.513 0
6 2 1 0 3 0 0 12.011 -0.06226857078 0.1551 3.513 0
6 2 1 0 3 0 0 12.011 -0.06226857079 0.1551 3.513 0
6 2 1 0 3 0 0 12.011 -0.06226857343 0.1551 3.513 0
6 2 1 0 3 0 0 12.011 -0.06226891288 0.1551 3.513 0
6 2 1 0 3 0 0 12.011 -0.06228951565 0.1551 3.513 0
6 2 1 0 3 0 0 12.011 -0.06285693494 0.1551 3.513 0
6 2 1 0 3 0 0 12.011 -0.06949385679 0.1551 3.513 0
6 1 2 0 3 0 0 12.011 -0.09906581886 0.1551 3.513 0
0 1 2 1 0 0
1 2 1 1 0 0
2 3 2 1 0 0
3 4 1 1 0 0
4 5 2 1 0 0
5 6 1 1 0 0
6 7 2 1 0 0
7 8 1 1 0 0
8 9 2 1 0 0
9 10 1 1 0 0
10 11 2 1 0 0
11 12 1 1 0 0
12 13 2 1 0 0
13 14 1 1 0 0
14 15 2 1 0 0
15 16 1 1 0 0
16 17 2 1 0 0
17 18 1 1 0 0
18 19 2 1 0 0
19 20 1 1 0 0
20 21 2 1 0 0
21 22 1 1 0 0
22 23 2 1 0 0
23 24 1 1 0 0
24 25 2 1 0 0
25 26 1 1 0 0
26 27 2 1 0 0
27 28 1 1 0 0
28 29 2 1 0 0
29 30 1 1 0 0
30 31 2 1 0 0
31 32 1 1 0 0
32 33 2 1 0 0
33 34 1 1 0 0
34 35 2 1 0 0
35 36 1 1 0 0
36 37 2 1 0 0
37 38 1 1 0 0
38 39 2 1 0 0
39 40 1 1 0 0
40 41 2 1 0 0
41 42 1 1 0 0
42 43 2 1 0 0
43 44 1 1 0 0
44 45 2 1 0 0
45 46 1 1 0 0
46 47 2 1 0 0
47 48 1 1 0 0
48 49 2 1 0 0
49 50 1 1 0 0
50 51 2 1 0 0
51 52 1 1 0 0
52 53 2 1 0 0
53 54 1 1 0 0
54 55 2 1 0 0
55 56 1 1 0 0
56 57 2 1 0 0
57 58 1 1 0 0
58 59 2 1 0 0
59 60 1 1 0 0
60 61 2 1 0 0
61 62 1 1 0 0
62 63 2 1 0 0
63 64 1 1 0 0
64 65 2 1 0 0
65 66 1 1 0 0
66 67 2 1 0 0
67 68 1 1 0 0
68 69 2 1 0 0
69 70 1 1 0 0
70 71 2 1 0 0
71 72 1 1 0 0
72 73 2 1 0 0
73 74 1 1 0 0
74 75 2 1 0 0
75 76 1 1 0 0
76 77 2 1 0 0
77 78 1 1 0 0
78 79 2 1 0 0
79 80 1 1 0 0
80 81 2 1 0 0
81 82 1 1 0 0
82 83 2 1 0 0
83 84 1 1 0 0
84 85 2 1 0 0
85 86 1 1 0 0
86 87 2 1 0 0
87 88 1 1 0 0
88 89 2 1 0 0
89 90 1 1 0 0
90 91 2 1 0 0
91 92 1 1 0 0
92 93 2 1 0 0
93 94 1 1 0 0
94 95 2 1 0 0
95 96 1 1 0 0
96 97 2 1 0 0
97 98 1 1 0 0
98 99 2 1 0 0
99 100 1 1 0 0
100 101 2 1 0 0
101 102 1 1 0 0
102 103 2 1 0 0
103 104 1 1 0 0
104 105 2 1 0 0
105 106 1 1 0 0
106 107 2 1 0 0
107 108 1 1 0 0
108 109 2 1 0 0
109 110 1 1 0 0
110 111 2 1 0 0
111 112 1 1 0 0
112 113 2 1 0 0
113 114 1 1 0 0
114 115 2 1 0 0
115 116 1 1 0 0
116 117 2 1 0 0
117 118 1 1 0 0
118 119 2 1 0 0
10 11 1
6 2 1 0 3 1 1 12.011 -0.06162971145 0.1581 3.35 0
6 2 1 0 3 1 1 12.011 -0.06162971145 0.1581 3.35 0
6 2 1 0 3 1 1 12.011 -0.05438288566 0.1581 3.35 0
6 3 0 0 3 1 1 12.011 -0.01840425067 0.2955 4.346 0
6 2 1 0 3 1 1 12.011 -0.05438288566 0.1581 3.35 0
6 2 1 0 3 1 1 12.011 -0.06162971145 0.1581 3.35 0
6 2 1 0 3 1 1 12.011 -0.06162971145 0.1581 3.35 0
6 2 1 0 3 1 1 12.011 -0.05438288566 0.1581 3.35 0
6 3 0 0 3 1 1 12.011 -0.01840425067 0.2955 4.346 0
6 2 1 0 3 1 1 12.011 -0.05438288566 0.1581 3.35 0
0 1 1.5 1 1 0
1 2 1.5 1 1 0
2 3 1.5 1 1 0
3 4 1.5 1 1 0
4 5 1.5 1 1 0
5 6 1.5 1 1 0
6 7 1.5 1 1 0
7 8 1.5 1 1 0
8 9 1.5 1 1 0
9 0 1.5 1 1 0
8 3 1.5 1 1 0
14 16 1
6 2 1 0 3 1 1 12.011 -0.06162934978 0.1581 3.35 0
6 2 1 0 3 1 1 12.011 -0.06162934978 0.1581 3.35 0
6 2 1 0 3 1 1 12.011 -0.05436061127 0.1581 3.35 0
6 3 0 0 3 1 1 12.011 -0.01776516777 0.2955 4.346 0
6 2 1 0 3 1 1 12.011 -0.04650023754 0.1581 3.35 0
6 3 0 0 3 1 1 12.011 -0.01776516777 0.2955 4.346 0
6 2 1 0 3 1 1 12.011 -0.05436061127 0.1581 3.35 0
6 2 1 0 3 1 1 12.011 -0.06162934978 0.1581 3.35 0
6 2 1 0 3 1 1 12.011 -0.06162934978 0.1581 3.35 0
6 2 1 0 3 1 1 12.011 -0.05436061127 0.1581 3.35 0
6 3 0 0 3 1 1 12.011 -0.01776516777 0.2955 4.346 0
6 2 1 0 3 1 1 12.011 -0.04650023754 0.1581 3.35 0
6 3 0 0 3 1 1 12.011 -0.01776516777 0.2955 4.346 0
6 2 1 0 3 1 1 12.011 -0.05436061127 0.1581 3.35 0
0 1 1.5 1 1 0
1 2 1.5 1 1 0
2 3 1.5 1 1 0
3 4 1.5 1 1 0
4 5 1.5 1 1 0
5 6 1.5 1 1 0
6 7 1.5 1 1 0
7 8 1.5 1 1 0
8 9 1.5 1 1 0
9 10 1.5 1 1 0
10 11 1.5 1 1 0
11 12 1.5 1 1 0
12 13 1.5 1 1 0
13 0 1.5 1 1 0
12 3 1.5 1 1 0
10 5 1.5 1 1 0
18 21 1
6 2 1 0 3 1 1 12.011 -0.06162934977 0.1581 3.35 0
6 2 1 0 3 1 1 12.011 -0.06162934977 0.1581 3.35 0
6 2 1 0 3 1 1 12.011 -0.05436060845 0.1581 3.35 0
6 3 0 0 3 1 1 12.011 -0.01776480532 0.2955 4.346 0
6 2 1 0 3 1 1 12.011 -0.04647796263 0.1581 3.35 0
6 3 0 0 3 1 1 12.011 -0.0171260895 0.2955 4.346 0
6 2 1 0 3 1 1 12.011 -0.04647796263 0.1581 3.35 0
6 3 0 0 3 1 1 12.011 -0.01776480532 0.2955 4.346 0
6 2 1 0 3 1 1 12.011 -0.05436060845 0.1581 3.35 0
6 2 1 0 3 1 1 12.011 -0.06162934977 0.1581 3.35 0
6 2 1 0 3 1 1 12.011 -0.06162934977 0.1581 3.35 0
6 2 1 0 3 1 1 12.011 -0.05436060845 0.1581 3.35 0
6 3 0 0 3 1 1 12.011 -0.01776480532 0.2955 4.346 0
6 2 1 0 3 1 1 12.011 -0.04647796263 0.1581 3.35 0
6 3 0 0 3 1 1 12.011 -0.0171260895 0.2955 4.346 0
6 2 1 0 3 1 1 12.011 -0.04647796263 0.1581 3.35 0
6 3 0 0 3 1 1 12.011 -0.01776480532 0.2955 4.346 0
6 2 1 0 3 1 1 12.011 -0.05436060845 0.1581 3.35 0
0 1 1.5 1 1 0
1 2 1.5 1 1 0
2 3 1.5 1 1 0
3 4 1.5 1 1 0
4 5 1.5 1 1 0
5 6 1.5 1 1 0
6 7 1.5 1 1 0
7 8 1.5 1 1 0
8 9 1.5 1 1 0
9 10 1.5 1 1 0
10 11 1.5 1 1 0
11 12 1.5 1 1 0
12 13 1.5 1 1 0
13 14 1.5 1 1 0
14 15 1.5 1 1 0
15 16 1.5 1 1 0
16 17 1.5 1 1 0
17 0 1.5 1 1 0
16 3 1.5 1 1 0
14 5 1.5 1 1 0
12 7 1.5 1 1 0
22 26 1
6 2 1 0 3 1 1 12.011 -0.06162934977 0.1581 3.35 0
6 2 1 0 3 1 1 12.011 -0.06162934977 0.1581 3.35 0
6 2 1 0 3 1 1 12.011 -0.05436060845 0.1581 3.35 0
6 3 0 0 3 1 1 12.011 -0.01776480531 0.2955 4.346 0
6 2 1 0 3 1 1 12.011 -0.04647795982 0.1581 3.35 0
6 3 0 0 3 1 1 12.011 -0.01712572705 0.2955 4.346 0
6 2 1 0 3 1 1 12.011 -0.04645568772 0.1581 3.35 0
6 3 0 0 3 1 1 12.011 -0.01712572705 0.2955 4.346 0
6 2 1 0 3 1 1 12.011 -0.04647795982 0.1581 3.35 0
6 3 0 0 3 1 1 12.011 -0.01776480531 0.2955 4.346 0
6 2 1 0 3 1 1 12.011 -0.05436060845 0.1581 3.35 0
6 2 1 0 3 1 1 12.011 -0.06162934977 0.1581 3.35 0
6 2 1 0 3 1 1 12.011 -0.06162934977 0.1581 3.35 0
6 2 1 0 3 1 1 12.011 -0.05436060845 0.1581 3.35 0
6 3 0 0 3 1 1 12.011 -0.01776480531 0.2955 4.346 0
6 2 1 0 3 1 1 12.011 -0.04647795982 0.1581 3.35 0
6 3 0 0 3 1 1 12.011 -0.01712572705 0.2955 4.346 0
6 2 1 0 3 1 1 12.011 -0.04645568772 0.1581 3.35 0
6 3 0 0 3 1 1 12.011 -0.01712572705 0.2955 4.346 0
6 2 1 0 3 1 1 12.011 -0.04647795982 0.1581 3.35 0
6 3 0 0 3 1 1 12.011 -0.01776480531 0.2955 4.346 0
6 2 1 0 3 1 1 12.011 -0.05436060845 0.1581 3.35 0
0 1 1.5 1 1 0
1 2 1.5 1 1 0
2 3 1.5 1 1 0
3 4 1.5 1 1 0
4 5 1.5 1 1 0
5 6 1.5 1 1 0
6 7 1.5 1 1 0
7 8 1.5 1 1 0
8 9 1.5 1 1 0
9 10 1.5 1 1 0
10 11 1.5 1 1 0
11 12 1.5 1 1 0
12 13 1.5 1 1 0
13 14 1.5 1 1 0
14 15 1.5 1 1 0
15 16 1.5 1 1 0
16 17 1.5 1 1 0
17 18 1.5 1 1 0
18 19 1.5 1 1 0
19 20 1.5 1 1 0
20 21 1.5 1 1 0
21 0 1.5 1 1 0
20 3 1.5 1 1 0
18 5 1.5 1 1 0
16 7 1.5 1 1 0
14 9 1.5 1 1 0
444 483 1
7 1 2 0 3 0 0 14.007 -0.3678778833 -1.019 2.262 0
6 3 0 0 3 0 0 12.011 0.2398474342 -0.2783 5.007 0
8 1 0 0 3 0 0 15.999 -0.2729440243 -0.1526 0 0
6 3 1 0 4 0 0 12.011 0.1115191055 -0.2051 2.731 1
6 2 2 0 4 0 0 12.011 0.00166322946 -0.0516 2.488 0
6 3 0 0 3 1 1 12.011 -0.04544295338 0.136 3.509 0
6 2 1 0 3 1 1 12.011 -0.05895111168 0.1581 3.35 0
6 2 1 0 3 1 1 12.011 -0.0619927356 0.1581 3.35 0
6 2 1 0 3 1 1 12.011 -0.06224871479 0.1581 3.35 0
6 2 1 0 3 1 1 12.011 -0.0619927356 0.1581 3.35 0
6 2 1 0 3 1 1 12.011 -0.05895111168 0.1581 3.35 0
7 2 1 0 3 0 0 14.007 -0.3421929935 -0.7096 2.173 0
6 3 0 0 3 0 0 12.011 0.243083267 -0.2783 5.007 0
8 1 0 0 3 0 0 15.999 -0.2726906406 -0.1526 0 0
6 3 1 0 4 0 0 12.011 0.1117578675 -0.2051 2.731 1
6 2 2 0 4 0 0 12.011 0.001671685067 -0.0516 2.488 0
6 3 0 0 3 1 1 12.011 -0.04544281377 0.136 3.509 0
6 2 1 0 3 1 1 12.011 -0.0589511106 0.1581 3.35 0
6 2 1 0 3 1 1 12.011 -0.0619927356 0.1581 3.35 0
6 2 1 0 3 1 1 12.011 -0.06224871479 0.1581 3.35 0
6 2 1 0 3 1 1 12.011 -0.0619927356 0.1581 3.35 0
6 2 1 0 3 1 1 12.011 -0.0589511106 0.1581 3.35 0
7 2 1 0 3 0 0 14.007 -0.3421844305 -0.7096 2.173 0
6 3 0 0 3 0 0 12.011 0.2430833907 -0.2783 5.007 0
8 1 0 0 3 0 0 15.999 -0.2726906395 -0.1526 0 0
6 3 1 0 4 0 0 12.011 0.1117578685 -0.2051 2.731 1
6 2 2 0 4 0 0 12.011 0.001671685071 -0.0516 2.488 0
6 3 0 0 3 1 1 12.011 -0.04544281377 0.136 3.509 0
6 2 1 0 3 1 1 12.011 -0.0589511106 0.1581 3.35 0
6 2 1 0 3 1 1 12.011 -0.0619927356 0.1581 3.35 0
6 2 1 0 3 1 1 12.011 -0.06224871479 0.1581 3.35 0
6 2 1 0 3 1 1 12.011 -0.0619927356 0.1581 3.35 0
6 2 1 0 3 1 1 12.011 -0.0589511106 0.1581 3.35 0
7 2 1 0 3 0 0 14.007 -0.3421844305 -0.7096 2.173 0
6 3 0 0 3 0 0 12.011 0.2430833907 -0.2783 5.007 0
8 1 0 0 3 0 0 15.999 -0.2726906395 -0.1526 0 0
6 3 1 0 4 0 0 12.011 0.1117578685 -0.2051 2.731 1
6 2 2 0 4 0 0 12.011 0.001671685071 -0.0516 2.488 0
6 3 0 0 3 1 1 12.011 -0.04544281377 0.136 3.509 0
6 2 1 0 3 1 1 12.011 -0.0589511106 0.1581 3.35 0
6 2 1 0 3 1 1 12.011 -0.0619927356 0.1581 3.35 0
6 2 1 0 3 1 1 12.011 -0.06224871479 0.1581 3.35 0
6 2 1 0 3 1 1 12.011 -0.0619927356 0.1581 3.35 0
6 2 1 0 3 1 1 12.011 -0.0589511106 0.1581 3.35 0
7 2 1 0 3 0 0 14.007 -0.3421844305 -0.7096 2.173 0
6 3 0 0 3 0 0 12.011 0.2430833907 -0.2783 5.007 0
8 1 0 0 3 0 0 15.999 -0.2726906395 -0.1526 0 0
6 3 1 0 4 0 0 12.011 0.1117578685 -0.2051 2.731 1
6 2 2 0 4 0 0 12.011 0.001671685071 -0.0516 2.488 0
6 3 0 0 3 1 1 12.011 -0.04544281377 0.136 3.509 0
6 2 1 0 3 1 1 12.011 -0.0589511106 0.1581 3.35 0
6 2 1 0 3 1 1 12.011 -0.0619927356 0.1581 3.35 0
6 2 1 0 3 1 1 12.011 -0.06224871479 0.1581 3.35 0
6 2 1 0 3 1 1 12.011 -0.0619927356 0.1581 3.35 0
6 2 1 0 3 1 1 12.011 -0.0589511106 0.1581 3.35 0
7 2 1 0 3 0 0 14.007 -0.3421844305 -0.7096 2.173 0
6 3 0 0 3 0 0 12.011 0.2430833907 -0.2783 5.007 0
8 1 0 0 3 0 0 15.999 -0.2726906395 -0.1526 0 0
6 3 1 0 4 0 0 12.011 0.1117578685 -0.2051 2.731 1
6 2 2 0 4 0 0 12.011 0.001671685071 -0.0516 2.488 0
6 3 0 0 3 1 1 12.011 -0.04544281377 0.136 3.509 0
6 2 1 0 3 1 1 12.011 -0.0589511106 0.1581 3.35 0
6 2 1 0 3 1 1 12.011 -0.0619927356 0.1581 3.35 0
6 2 1 0 3 1 1 12.011 -0.06224871479 0.1581 3.35 0
6 2 1 0 3 1 1 12.011 -0.0619927356 0.1581 3.35 0
6 2 1 0 3 1 1 12.011 -0.0589511106 0.1581 3.35 0
7 2 1 0 3 0 0 14.007 -0.3421844305 -0.7096 2.173 0
6 3 0 0 3 0 0 12.011 0.2430833907 -0.2783 5.007 0
8 1 0 0 3 0 0 15.999 -0.2726906395 -0.1526 0 0
6 3 1 0 4 0 0 12.011 0.1117578685 -0.2051 2.731 1
6 2 2 0 4 0 0 12.011 0.001671685071 -0.0516 2.488 0
6 3 0 0 3 1 1 12.011 -0.04544281377 0.136 3.509 0
6 2 1 0 3 1 1 12.011 -0.0589511106 0.1581 3.35 0
6 2 1 0 3 1 1 12.011 -0.0619927356 0.1581 3.35 0
6 2 1 0 3 1 1 12.011 -0.06224871479 0.1581 3.35 0
6 2 1 0 3 1 1 12.011 -0.0619927356 0.1581 3.35 0
6 2 1 0 3 1 1 12.011 -0.0589511106 0.1581 3.35 0
7 2 1 0 3 0 0 14.007 -0.3421844305 -0.7096 2.173 0
6 3 0 0 3 0 0 12.011 0.2430833907 -0.2783 5.007 0
8 1 0 0 3 0 0 15.999 -0.2726906395 -0.1526 0 0
6 3 1 0 4 0 0 12.011 0.1117578685 -0.2051 2.731 1
6 2 2 0 4 0 0 12.011 0.001671685071 -0.0516 2.488 0
6 3 0 0 3 1 1 12.011 -0.04544281377 0.136 3.509 0
6 2 1 0 3 1 1 12.011 -0.0589511106 0.1581 3.35 0
6 2 1 0 3 1 1 12.011 -0.0619927356 0.1581 3.35 0
6 2 1 0 3 1 1 12.011 -0.06224871479 0.1581 3.35 0
6 2 1 0 3 1 1 12.011 -0.0619927356 0.1581 3.35 0
6 2 1 0 3 1 1 12.011 -0.0589511106 0.1581 3.35 0
7 2 1 0 3 0 0 14.007 -0.3421844305 -0.7096 2.173 0
6 3 0 0 3 0 0 12.011 0.2430833907 -0.2783 5.007 0
8 1 0 0 3 0 0 15.999 -0.2726906395 -0.1526 0 0
6 3 1 0 4 0 0 12.011 0.1117578685 -0.2051 2.731 1
6 2 2 0 4 0 0 12.011 0.001671685071 -0.0516 2.488 0
6 3 0 0 3 1 1 12.011 -0.04544281377 0.136 3.509 0
6 2 1 0 3 1 1 12.011 -0.0589511106 0.1581 3.35 0
6 2 1 0 3 1 1 12.011 -0.0619927356 0.1581 3.35 0
6 2 1 0 3 1 1 12.011 -0.06224871479 0.1581 3.35 0
6 2 1 0 3 1 1 12.011 -0.0619927356 0.1581 3.35 0
6 2 1 0 3 1 1 12.011 -0.0589511106 0.1581 3.35 0
7 2 1 0 3 0 0 14.007 -0.3421844305 -0.7096 2.173 0
6 3 0 0 3 0 0 12.011 0.2430833907 -0.2783 5.007 0
8 1 0 0 3 0 0 15.999 -0.2726906395 -0.1526 0 0
6 3 1 0 4 0 0 12.011 0.1117578685 -0.2051 2.731 1
6 2 2 0 4 0 0 12.011 0.001671685071 -0.0516 2.488 0
6 3 0 0 3 1 1 12.011 -0.04544281377 0.136 3.509 0
6 2 1 0 3 1 1 12.011 -0.0589511106 0.1581 3.35 0
6 2 1 0 3 1 1 12.011 -0.0619927356 0.1581 3.35 0
6 2 1 0 3 1 1 12.011 -0.06224871479 0.1581 3.35 0
6 2 1 0 3 1 1 12.011 -0.0619927356 0.1581 3.35 0
6 2 1 0 3 1 1 12.011 -0.0589511106 0.1581 3.35 0
7 2 1 0 3 0 0 14.007 -0.3421844305 -0.7096 2.173 0
6 3 0 0 3 0 0 12.011 0.2430833907 -0.2783 5.007 0
8 1 0 0 3 0 0 15.999 -0.2726906395 -0.1526 0 0
6 3 1 0 4 0 0 12.011 0.1117578685 -0.2051 2.731 1
6 2 2 0 4 0 0 12.011 0.001671685071 -0.0516 2.488 0
6 3 0 0 3 1 1 12.011 -0.04544281377 0.136 3.509 0
6 2 1 0 3 1 1 12.011 -0.0589511106 0.1581 3.35 0
6 2 1 0 3 1 1 12.011 -0.0619927356 0.1581 3.35 0
6 2 1 0 3 1 1 12.011 -0.06224871479 0.1581 3.35 0
6 2 1 0 3 1 1 12.011 -0.0619927356 0.1581 3.35 0
6 2 1 0 3 1 1 12.011 -0.0589511106 0.1581 3.35 0
7 2 1 0 3 0 0 14.007 -0.3421844305 -0.7096 2.173 0
6 3 0 0 3 0 0 12.011 0.2430833907 -0.2783 5.007 0
8 1 0 0 3 0 0 15.999 -0.2726906395 -0.1526 0 0
6 3 1 0 4 0 0 12.011 0.1117578685 -0.2051 2.731 1
6 2 2 0 4 0 0 12.011 0.001671685071 -0.0516 2.488 0
6 3 0 0 3 1 1 12.011 -0.04544281377 0.136 3.509 0
6 2 1 0 3 1 1 12.011 -0.0589511106 0.1581 3.35 0
6 2 1 0 3 1 1 12.011 -0.0619927356 0.1581 3.35 0
6 2 1 0 3 1 1 12.011 -0.06224871479 0.1581 3.35 0
6 2 1 0 3 1 1 12.011 -0.0619927356 0.1581 3.35 0
6 2 1 0 3 1 1 12.011 -0.0589511106 0.1581 3.35 0
7 2 1 0 3 0 0 14.007 -0.3421844305 -0.7096 2.173 0
6 3 0 0 3 0 0 12.011 0.2430833907 -0.2783 5.007 0
8 1 0 0 3 0 0 15.999 -0.2726906395 -0.1526 0 0
6 3 1 0 4 0 0 12.011 0.1117578685 -0.2051 2.731 1
6 2 2 0 4 0 0 12.011 0.001671685071 -0.0516 2.488 0
6 3 0 0 3 1 1 12.011 -0.04544281377 0.136 3.509 0
6 2 1 0 3 1 1 12.011 -0.0589511106 0.1581 3.35 0
6 2 1 0 3 1 1 12.011 -0.0619927356 0.1581 3.35 0
6 2 1 0 3 1 1 12.011 -0.06224871479 0.1581 3.35 0
6 2 1 0 3 1 1 12.011 -0.0619927356 0.1581 3.35 0
6 2 1 0 3 1 1 12.011 -0.0589511106 0.1581 3.35 0
7 2 1 0 3 0 0 14.007 -0.3421844305 -0.7096 2.173 0
6 3 0 0 3 0 0 12.011 0.2430833907 -0.2783 5.007 0
8 1 0 0 3 0 0 15.999 -0.2726906395 -0.1526 0 0
6 3 1 0 4 0 0 12.011 0.1117578685 -0.2051 2.731 1
6 2 2 0 4 0 0 12.011 0.001671685071 -0.0516 2.488 0
6 3 0 0 3 1 1 12.011 -0.04544281377 0.136 3.509 0
6 2 1 0 3 1 1 12.011 -0.0589511106 0.1581 3.35 0
6 2 1 0 3 1 1 12.011 -0.0619927356 0.1581 3.35 0
6 2 1 0 3 1 1 12.011 -0.06224871479 0.1581 3.35 0
6 2 1 0 3 1 1 12.011 -0.0619927356 0.1581 3.35 0
6 2 1 0 3 1 1 12.011 -0.0589511106 0.1581 3.35 0
7 2 1 0 3 0 0 14.007 -0.3421844305 -0.7096 2.173 0
6 3 0 0 3 0 0 12.011 0.2430833907 -0.2783 5.007 0
8 1 0 0 3 0 0 15.999 -0.2726906395 -0.1526 0 0
6 3 1 0 4 0 0 12.011 0.1117578685 -0.2051 2.731 1
6 2 2 0 4 0 0 12.011 0.001671685071 -0.0516 2.488 0
6 3 0 0 3 1 1 12.011 -0.04544281377 0.136 3.509 0
6 2 1 0 3 1 1 12.011 -0.0589511106 0.1581 3.35 0
6 2 1 0 3 1 1 12.011 -0.0619927356 0.1581 3.35 0
6 2 1 0 3 1 1 12.011 -0.06224871479 0.1581 3.35 0
6 2 1 0 3 1 1 12.011 -0.0619927356 0.1581 3.35 0
6 2 1 0 3 1 1 12.011 -0.0589511106 0.1581 3.35 0
7 2 1 0 3 0 0 14.007 -0.3421844305 -0.7096 2.173 0
6 3 0 0 3 0 0 12.011 0.2430833907 -0.2783 5.007 0
8 1 0 0 3 0 0 15.999 -0.2726906395 -0.1526 0 0
6 3 1 0 4 0 0 12.011 0.1117578685 -0.2051 2.731 1
6 2 2 0 4 0 0 12.011 0.001671685071 -0.0516 2.488 0
6 3 0 0 3 1 1 12.011 -0.04544281377 0.136 3.509 0
6 2 1 0 3 1 1 12.011 -0.0589511106 0.1581 3.35 0
6 2 1 0 3 1 1 12.011 -0.0619927356 0.1581 3.35 0
6 2 1 0 3 1 1 12.011 -0.06224871479 0.1581 3.35 0
6 2 1 0 3 1 1 12.011 -0.0619927356 0.1581 3.35 0
6 2 1 0 3 1 1 12.011 -0.0589511106 0.1581 3.35 0
7 2 1 0 3 0 0 14.007 -0.3421844305 -0.7096 2.173 0
6 3 0 0 3 0 0 12.011 0.2430833907 -0.2783 5.007 0
8 1 0 0 3 0 0 15.999 -0.2726906395 -0.1526 0 0
6 3 1 0 4 0 0 12.011 0.1117578685 -0.2051 2.731 1
6 2 2 0 4 0 0 12.011 0.001671685071 -0.0516 2.488 0
6 3 0 0 3 1 1 12.011 -0.04544281377 0.136 3.509 0
6 2 1 0 3 1 1 12.011 -0.0589511106 0.1581 3.35 0
6 2 1 0 3 1 1 12.011 -0.0619927356 0.1581 3.35 0
6 2 1 0 3 1 1 12.011 -0.06224871479 0.1581 3.35 0
6 2 1 0 3 1 1 12.011 -0.0619927356 0.1581 3.35 0
6 2 1 0 3 1 1 12.011 -0.0589511106 0.1581 3.35 0
7 2 1 0 3 0 0 14.007 -0.3421844305 -0.7096 2.173 0
6 3 0 0 3 0 0 12.011 0.2430833907 -0.2783 5.007 0
8 1 0 0 3 0 0 15.999 -0.2726906395 -0.1526 0 0
6 3 1 0 4 0 0 12.011 0.1117578685 -0.2051 2.731 1
6 2 2 0 4 0 0 12.011 0.001671685071 -0.0516 2.488 0
6 3 0 0 3 1 1 12.011 -0.04544281377 0.136 3.509 0
6 2 1 0 3 1 1 12.011 -0.0589511106 0.1581 3.35 0
6 2 1 0 3 1 1 12.011 -0.0619927356 0.1581 3.35 0
6 2 1 0 3 1 1 12.011 -0.06224871479 0.1581 3.35 0
6 2 1 0 3 1 1 12.011 -0.0619927356 0.1581 3.35 0
6 2 1 0 3 1 1 12.011 -0.0589511106 0.1581 3.35 0
7 2 1 0 3 0 0 14.007 -0.3421844305 -0.7096 2.173 0
6 3 0 0 3 0 0 12.011 0.2430833907 -0.2783 5.007 0
8 1 0 0 3 0 0 15.999 -0.2726906395 -0.1526 0 0
6 3 1 0 4 0 0 12.011 0.1117578685 -0.2051 2.731 1
6 2 2 0 4 0 0 12.011 0.001671685071 -0.0516 2.488 0
6 3 0 0 3 1 1 12.011 -0.04544281377 0.136 3.509 0
6 2 1 0 3 1 1 12.011 -0.0589511106 0.1581 3.35 0
6 2 1 0 3 1 1 12.011 -0.0619927356 0.1581 3.35 0
6 2 1 0 3 1 1 12.011 -0.06224871479 0.1581 3.35 0
6 2 1 0 3 1 1 12.011 -0.0619927356 0.1581 3.35 0
6 2 1 0 3 1 1 12.011 -0.0589511106 0.1581 3.35 0
7 2 1 0 3 0 0 14.007 -0.3421844305 -0.7096 2.173 0
6 3 0 0 3 0 0 12.011 0.2430833907 -0.2783 5.007 0
8 1 0 0 3 0 0 15.999 -0.2726906395 -0.1526 0 0
6 3 1 0 4 0 0 12.011 0.1117578685 -0.2051 2.731 1
6 2 2 0 4 0 0 12.011 0.001671685071 -0.0516 2.488 0
6 3 0 0 3 1 1 12.011 -0.04544281377 0.136 3.509 0
6 2 1 0 3 1 1 12.011 -0.0589511106 0.1581 3.35 0
6 2 1 0 3 1 1 12.011 -0.0619927356 0.1581 3.35 0
6 2 1 0 3 1 1 12.011 -0.06224871479 0.1581 3.35 0
6 2 1 0 3 1 1 12.011 -0.0619927356 0.1581 3.35 0
6 2 1 0 3 1 1 12.011 -0.0589511106 0.1581 3.35 0
7 2 1 0 3 0 0 14.007 -0.3421844305 -0.7096 2.173 0
6 3 0 0 3 0 0 12.011 0.2430833907 -0.2783 5.007 0
8 1 0 0 3 0 0 15.999 -0.2726906395 -0.1526 0 0
6 3 1 0 4 0 0 12.011 0.1117578685 -0.2051 2.731 1
6 2 2 0 4 0 0 12.011 0.001671685071 -0.0516 2.488 0
6 3 0 0 3 1 1 12.011 -0.04544281377 0.136 3.509 0
6 2 1 0 3 1 1 12.011 -0.0589511106 0.1581 3.35 0
6 2 1 0 3 1 1 12.011 -0.0619927356 0.1581 3.35 0
6 2 1 0 3 1 1 12.011 -0.06224871479 0.1581 3.35 0
6 2 1 0 3 1 1 12.011 -0.0619927356 0.1581 3.35 0
6 2 1 0 3 1 1 12.011 -0.0589511106 0.1581 3.35 0
7 2 1 0 3 0 0 14.007 -0.3421844305 -0.7096 2.173 0
6 3 0 0 3 0 0 12.011 0.2430833907 -0.2783 5.007 0
8 1 0 0 3 0 0 15.999 -0.2726906395 -0.1526 0 0
6 3 1 0 4 0 0 12.011 0.1117578685 -0.2051 2.731 1
6 2 2 0 4 0 0 12.011 0.001671685071 -0.0516 2.488 0
6 3 0 0 3 1 1 12.011 -0.04544281377 0.136 3.509 0
6 2 1 0 3 1 1 12.011 -0.0589511106 0.1581 3.35 0
6 2 1 0 3 1 1 12.011 -0.0619927356 0.1581 3.35 0
6 2 1 0 3 1 1 12.011 -0.06224871479 0.1581 3.35 0
6 2 1 0 3 1 1 12.011 -0.0619927356 0.1581 3.35 0
6 2 1 0 3 1 1 12.011 -0.0589511106 0.1581 3.35 0
7 2 1 0 3 0 0 14.007 -0.3421844305 -0.7096 2.173 0
6 3 0 0 3 0 0 12.011 0.2430833907 -0.2783 5.007 0
8 1 0 0 3 0 0 15.999 -0.2726906395 -0.1526 0 0
6 3 1 0 4 0 0 12.011 0.1117578685 -0.2051 2.731 1
6 2 2 0 4 0 0 12.011 0.001671685071 -0.0516 2.488 0
6 3 0 0 3 1 1 12.011 -0.04544281377 0.136 3.509 0
6 2 1 0 3 1 1 12.011 -0.0589511106 0.1581 3.35 0
6 2 1 0 3 1 1 12.011 -0.0619927356 0.1581 3.35 0
6 2 1 0 3 1 1 12.011 -0.06224871479 0.1581 3.35 0
6 2 1 0 3 1 1 12.011 -0.0619927356 0.1581 3.35 0
6 2 1 0 3 1 1 12.011 -0.0589511106 0.1581 3.35 0
7 2 1 0 3 0 0 14.007 -0.3421844305 -0.7096 2.173 0
6 3 0 0 3 0 0 12.011 0.2430833907 -0.2783 5.007 0
8 1 0 0 3 0 0 15.999 -0.2726906395 -0.1526 0 0
6 3 1 0 4 0 0 12.011 0.1117578685 -0.2051 2.731 1
6 2 2 0 4 0 0 12.011 0.001671685071 -0.0516 2.488 0
6 3 0 0 3 1 1 12.011 -0.04544281377 0.136 3.509 0
6 2 1 0 3 1 1 12.011 -0.0589511106 0.1581 3.35 0
6 2 1 0 3 1 1 12.011 -0.0619927356 0.1581 3.35 0
6 2 1 0 3 1 1 12.011 -0.06224871479 0.1581 3.35 0
6 2 1 0 3 1 1 12.011 -0.0619927356 0.1581 3.35 0
6 2 1 0 3 1 1 12.011 -0.0589511106 0.1581 3.35 0
7 2 1 0 3 0 0 14.007 -0.3421844305 -0.7096 2.173 0
6 3 0 0 3 0 0 12.011 0.2430833907 -0.2783 5.007 0
8 1 0 0 3 0 0 15.999 -0.2726906395 -0.1526 0 0
6 3 1 0 4 0 0 12.011 0.1117578685 -0.2051 2.731 1
6 2 2 0 4 0 0 12.011 0.001671685071 -0.0516 2.488 0
6 3 0 0 3 1 1 12.011 -0.04544281377 0.136 3.509 0
6 2 1 0 3 1 1 12.011 -0.0589511106 0.1581 3.35 0
6 2 1 0 3 1 1 12.011 -0.0619927356 0.1581 3.35 0
6 2 1 0 3 1 1 12.011 -0.06224871479 0.1581 3.35 0
6 2 1 0 3 1 1 12.011 -0.0619927356 0.1581 3.35 0
6 2 1 0 3 1 1 12.011 -0.0589511106 0.1581 3.35 0
7 2 1 0 3 0 0 14.007 -0.3421844305 -0.7096 2.173 0
6 3 0 0 3 0 0 12.011 0.2430833907 -0.2783 5.007 0
8 1 0 0 3 0 0 15.999 -0.2726906395 -0.1526 0 0
6 3 1 0 4 0 0 12.011 0.1117578685 -0.2051 2.731 1
6 2 2 0 4 0 0 12.011 0.001671685071 -0.0516 2.488 0
6 3 0 0 3 1 1 12.011 -0.04544281377 0.136 3.509 0
6 2 1 0 3 1 1 12.011 -0.0589511106 0.1581 3.35 0
6 2 1 0 3 1 1 12.011 -0.0619927356 0.1581 3.35 0
6 2 1 0 3 1 1 12.011 -0.06224871479 0.1581 3.35 0
6 2 1 0 3 1 1 12.011 -0.0619927356 0.1581 3.35 0
6 2 1 0 3 1 1 12.011 -0.0589511106 0.1581 3.35 0
7 2 1 0 3 0 0 14.007 -0.3421844305 -0.7096 2.173 0
6 3 0 0 3 0 0 12.011 0.2430833907 -0.2783 5.007 0
8 1 0 0 3 0 0 15.999 -0.2726906395 -0.1526 0 0
6 3 1 0 4 0 0 12.011 0.1117578685 -0.2051 2.731 1
6 2 2 0 4 0 0 12.011 0.001671685071 -0.0516 2.488 0
6 3 0 0 3 1 1 12.011 -0.04544281377 0.136 3.509 0
6 2 1 0 3 1 1 12.011 -0.0589511106 0.1581 3.35 0
6 2 1 0 3 1 1 12.011 -0.0619927356 0.1581 3.35 0
6 2 1 0 3 1 1 12.011 -0.06224871479 0.1581 3.35 0
6 2 1 0 3 1 1 12.011 -0.0619927356 0.1581 3.35 0
6 2 1 0 3 1 1 12.011 -0.0589511106 0.1581 3.35 0
7 2 1 0 3 0 0 14.007 -0.3421844305 -0.7096 2.173 0
6 3 0 0 3 0 0 12.011 0.2430833907 -0.2783 5.007 0
8 1 0 0 3 0 0 15.999 -0.2726906395 -0.1526 0 0
6 3 1 0 4 0 0 12.011 0.1117578685 -0.2051 2.731 1
6 2 2 0 4 0 0 12.011 0.001671685071 -0.0516 2.488 0
6 3 0 0 3 1 1 12.011 -0.04544281377 0.136 3.509 0
6 2 1 0 3 1 1 12.011 -0.0589511106 0.1581 3.35 0
6 2 1 0 3 1 1 12.011 -0.0619927356 0.1581 3.35 0
6 2 1 0 3 1 1 12.011 -0.06224871479 0.1581 3.35 0
6 2 1 0 3 1 1 12.011 -0.0619927356 0.1581 3.35 0
6 2 1 0 3 1 1 12.011 -0.0589511106 0.1581 3.35 0
7 2 1 0 3 0 0 14.007 -0.3421844305 -0.7096 2.173 0
6 3 0 0 3 0 0 12.011 0.2430833907 -0.2783 5.007 0
8 1 0 0 3 0 0 15.999 -0.2726906395 -0.1526 0 0
6 3 1 0 4 0 0 12.011 0.1117578685 -0.2051 2.731 1
6 2 2 0 4 0 0 12.011 0.001671685071 -0.0516 2.488 0
6 3 0 0 3 1 1 12.011 -0.04544281377 0.136 3.509 0
6 2 1 0 3 1 1 12.011 -0.0589511106 0.1581 3.35 0
6 2 1 0 3 1 1 12.011 -0.0619927356 0.1581 3.35 0
6 2 1 0 3 1 1 12.011 -0.06224871479 0.1581 3.35 0
6 2 1 0 3 1 1 12.011 -0.0619927356 0.1581 3.35 0
6 2 1 0 3 1 1 12.011 -0.0589511106 0.1581 3.35 0
7 2 1 0 3 0 0 14.007 -0.3421844305 -0.7096 2.173 0
6 3 0 0 3 0 0 12.011 0.2430833907 -0.2783 5.007 0
8 1 0 0 3 0 0 15.999 -0.2726906395 -0.1526 0 0
6 3 1 0 4 0 0 12.011 0.1117578685 -0.2051 2.731 1
6 2 2 0 4 0 0 12.011 0.001671685071 -0.0516 2.488 0
6 3 0 0 3 1 1 12.011 -0.04544281377 0.136 3.509 0
6 2 1 0 3 1 1 12.011 -0.0589511106 0.1581 3.35 0
6 2 1 0 3 1 1 12.011 -0.0619927356 0.1581 3.35 0
6 2 1 0 3 1 1 12.011 -0.06224871479 0.1581 3.35 0
6 2 1 0 3 1 1 12.011 -0.0619927356 0.1581 3.35 0
6 2 1 0 3 1 1 12.011 -0.0589511106 0.1581 3.35 0
7 2 1 0 3 0 0 14.007 -0.3421844305 -0.7096 2.173 0
6 3 0 0 3 0 0 12.011 0.2430833907 -0.2783 5.007 0
8 1 0 0 3 0 0 15.999 -0.2726906395 -0.1526 0 0
6 3 1 0 4 0 0 12.011 0.1117578685 -0.2051 2.731 1
6 2 2 0 4 0 0 12.011 0.001671685071 -0.0516 2.488 0
6 3 0 0 3 1 1 12.011 -0.04544281377 0.136 3.509 0
6 2 1 0 3 1 1 12.011 -0.0589511106 0.1581 3.35 0
6 2 1 0 3 1 1 12.011 -0.0619927356 0.1581 3.35 0
6 2 1 0 3 1 1 12.011 -0.06224871479 0.1581 3.35 0
6 2 1 0 3 1 1 12.011 -0.0619927356 0.1581 3.35 0
6 2 1 0 3 1 1 12.011 -0.0589511106 0.1581 3.35 0
7 2 1 0 3 0 0 14.007 -0.3421844305 -0.7096 2.173 0
6 3 0 0 3 0 0 12.011 0.2430833907 -0.2783 5.007 0
8 1 0 0 3 0 0 15.999 -0.2726906395 -0.1526 0 0
6 3 1 0 4 0 0 12.011 0.1117578685 -0.2051 2.731 1
6 2 2 0 4 0 0 12.011 0.001671685071 -0.0516 2.488 0
6 3 0 0 3 1 1 12.011 -0.04544281377 0.136 3.509 0
6 2 1 0 3 1 1 12.011 -0.0589511106 0.1581 3.35 0
6 2 1 0 3 1 1 12.011 -0.0619927356 0.1581 3.35 0
6 2 1 0 3 1 1 12.011 -0.06224871479 0.1581 3.35 0
6 2 1 0 3 1 1 12.011 -0.0619927356 0.1581 3.35 0
6 2 1 0 3 1 1 12.011 -0.0589511106 0.1581 3.35 0
7 2 1 0 3 0 0 14.007 -0.3421844305 -0.7096 2.173 0
6 3 0 0 3 0 0 12.011 0.2430833907 -0.2783 5.007 0
8 1 0 0 3 0 0 15.999 -0.2726906395 -0.1526 0 0
6 3 1 0 4 0 0 12.011 0.1117578685 -0.2051 2.731 1
6 2 2 0 4 0 0 12.011 0.001671685071 -0.0516 2.488 0
6 3 0 0 3 1 1 12.011 -0.04544281377 0.136 3.509 0
6 2 1 0 3 1 1 12.011 -0.0589511106 0.1581 3.35 0
6 2 1 0 3 1 1 12.011 -0.0619927356 0.1581 3.35 0
6 2 1 0 3 1 1 12.011 -0.06224871479 0.1581 3.35 0
6 2 1 0 3 1 1 12.011 -0.0619927356 0.1581 3.35 0
6 2 1 0 3 1 1 12.011 -0.0589511106 0.1581 3.35 0
7 2 1 0 3 0 0 14.007 -0.3421844305 -0.7096 2.173 0
6 3 0 0 3 0 0 12.011 0.2430833907 -0.2783 5.007 0
8 1 0 0 3 0 0 15.999 -0.2726906395 -0.1526 0 0
6 3 1 0 4 0 0 12.011 0.1117578685 -0.2051 2.731 1
6 2 2 0 4 0 0 12.011 0.001671685071 -0.0516 2.488 0
6 3 0 0 3 1 1 12.011 -0.04544281377 0.136 3.509 0
6 2 1 0 3 1 1 12.011 -0.0589511106 0.1581 3.35 0
6 2 1 0 3 1 1 12.011 -0.0619927356 0.1581 3.35 0
6 2 1 0 3 1 1 12.011 -0.06224871479 0.1581 3.35 0
6 2 1 0 3 1 1 12.011 -0.0619927356 0.1581 3.35 0
6 2 1 0 3 1 1 12.011 -0.0589511106 0.1581 3.35 0
7 2 1 0 3 0 0 14.007 -0.3421844305 -0.7096 2.173 0
6 3 0 0 3 0 0 12.011 0.2430833907 -0.2783 5.007 0
8 1 0 0 3 0 0 15.999 -0.2726906395 -0.1526 0 0
6 3 1 0 4 0 0 12.011 0.1117578685 -0.2051 2.731 1
6 2 2 0 4 0 0 12.011 0.001671685071 -0.0516 2.488 0
6 3 0 0 3 1 1 12.011 -0.04544281377 0.136 3.509 0
6 2 1 0 3 1 1 12.011 -0.0589511106 0.1581 3.35 0
6 2 1 0 3 1 1 12.011 -0.0619927356 0.1581 3.35 0
6 2 1 0 3 1 1 12.011 -0.06224871479 0.1581 3.35 0
6 2 1 0 3 1 1 12.011 -0.0619927356 0.1581 3.35 0
6 2 1 0 3 1 1 12.011 -0.0589511106 0.1581 3.35 0
7 2 1 0 3 0 0 14.007 -0.3421844305 -0.7096 2.173 0
6 3 0 0 3 0 0 12.011 0.2430833907 -0.2783 5.007 0
8 1 0 0 3 0 0 15.999 -0.2726906395 -0.1526 0 0
6 3 1 0 4 0 0 12.011 0.1117578685 -0.2051 2.731 1
6 2 2 0 4 0 0 12.011 0.001671685071 -0.0516 2.488 0
6 3 0 0 3 1 1 12.011 -0.04544281377 0.136 3.509 0
6 2 1 0 3 1 1 12.011 -0.0589511106 0.1581 3.35 0
6 2 1 0 3 1 1 12.011 -0.0619927356 0.1581 3.35 0
6 2 1 0 3 1 1 12.011 -0.06224871479 0.1581 3.35 0
6 2 1 0 3 1 1 12.011 -0.0619927356 0.1581 3.35 0
6 2 1 0 3 1 1 12.011 -0.0589511106 0.1581 3.35 0
7 2 1 0 3 0 0 14.007 -0.3421844305 -0.7096 2.173 0
6 3 0 0 3 0 0 12.011 0.2430833907 -0.2783 5.007 0
8 1 0 0 3 0 0 15.999 -0.2726906395 -0.1526 0 0
6 3 1 0 4 0 0 12.011 0.1117578685 -0.2051 2.731 1
6 2 2 0 4 0 0 12.011 0.001671685071 -0.0516 2.488 0
6 3 0 0 3 1 1 12.011 -0.04544281377 0.136 3.509 0
6 2 1 0 3 1 1 12.011 -0.0589511106 0.1581 3.35 0
6 2 1 0 3 1 1 12.011 -0.0619927356 0.1581 3.35 0
6 2 1 0 3 1 1 12.011 -0.06224871479 0.1581 3.35 0
6 2 1 0 3 1 1 12.011 -0.0619927356 0.1581 3.35 0
6 2 1 0 3 1 1 12.011 -0.0589511106 0.1581 3.35 0
7 2 1 0 3 0 0 14.007 -0.3421844305 -0.7096 2.173 0
6 3 0 0 3 0 0 12.011 0.2430833907 -0.2783 5.007 0
8 1 0 0 3 0 0 15.999 -0.2726906395 -0.1526 0 0
6 3 1 0 4 0 0 12.011 0.1117578685 -0.2051 2.731 1
6 2 2 0 4 0 0 12.011 0.001671685071 -0.0516 2.488 0
6 3 0 0 3 1 1 12.011 -0.04544281377 0.136 3.509 0
6 2 1 0 3 1 1 12.011 -0.0589511106 0.1581 3.35 0
6 2 1 0 3 1 1 12.011 -0.0619927356 0.1581 3.35 0
6 2 1 0 3 1 1 12.011 -0.06224871479 0.1581 3.35 0
6 2 1 0 3 1 1 12.011 -0.0619927356 0.1581 3.35 0
6 2 1 0 3 1 1 12.011 -0.0589511106 0.1581 3.35 0
7 2 1 0 3 0 0 14.007 -0.3421844305 -0.7096 2.173 0
6 3 0 0 3 0 0 12.011 0.2430833908 -0.2783 5.007 0
8 1 0 0 3 0 0 15.999 -0.2726906395 -0.1526 0 0
6 3 1 0 4 0 0 12.011 0.1117578865 -0.2051 2.731 1
6 2 2 0 4 0 0 12.011 0.001671685144 -0.0516 2.488 0
6 3 0 0 3 1 1 12.011 -0.04544281377 0.136 3.509 0
6 2 1 0 3 1 1 12.011 -0.0589511106 0.1581 3.35 0
6 2 1 0 3 1 1 12.011 -0.0619927356 0.1581 3.35 0
6 2 1 0 3 1 1 12.011 -0.06224871479 0.1581 3.35 0
6 2 1 0 3 1 1 12.011 -0.0619927356 0.1581 3.35 0
6 2 1 0 3 1 1 12.011 -0.0589511106 0.1581 3.35 0
7 2 1 0 3 0 0 14.007 -0.342182499 -0.7096 2.173 0
6 3 0 0 3 0 0 12.011 0.2432163917 -0.2783 5.007 0
8 1 0 0 3 0 0 15.999 -0.2726881574 -0.1526 0 0
6 3 1 0 4 0 0 12.011 0.1150277616 -0.2051 2.731 1
6 2 2 0 4 0 0 12.011 0.001802615093 -0.0516 2.488 0
6 3 0 0 3 1 1 12.011 -0.0454405242 0.136 3.509 0
6 2 1 0 3 1 1 12.011 -0.05895109252 0.1581 3.35 0
6 2 1 0 3 1 1 12.011 -0.06199273553 0.1581 3.35 0
6 2 1 0 3 1 1 12.011 -0.06224871479 0.1581 3.35 0
6 2 1 0 3 1 1 12.011 -0.06199273553 0.1581 3.35 0
6 2 1 0 3 1 1 12.011 -0.05895109252 0.1581 3.35 0
7 2 1 0 3 0 0 14.007 -0.3094990652 -0.7096 2.173 0
6 3 0 0 3 0 0 12.011 0.4048269836 -0.2783 5.007 0
8 1 0 0 3 0 0 15.999 -0.2247766221 0.4833 0.389 0
8 1 1 0 3 0 0 15.999 -0.4650365083 -0.2893 0.8238 0
0 1 1 1 0 0
1 2 2 1 0 0
1 3 1 0 0 0
3 4 1 0 0 0
4 5 1 0 0 0
5 6 1.5 1 1 0
6 7 1.5 1 1 0
7 8 1.5 1 1 0
8 9 1.5 1 1 0
9 10 1.5 1 1 0
3 11 1 0 0 0
11 12 1 1 0 0
12 13 2 1 0 0
12 14 1 0 0 0
14 15 1 0 0 0
15 16 1 0 0 0
16 17 1.5 1 1 0
17 18 1.5 1 1 0
18 19 1.5 1 1 0
19 20 1.5 1 1 0
20 21 1.5 1 1 0
14 22 1 0 0 0
22 23 1 1 0 0
23 24 2 1 0 0
23 25 1 0 0 0
25 26 1 0 0 0
26 27 1 0 0 0
27 28 1.5 1 1 0
28 29 1.5 1 1 0
29 30 1.5 1 1 0
30 31 1.5 1 1 0
31 32 1.5 1 1 0
25 33 1 0 0 0
33 34 1 1 0 0
34 35 2 1 0 0
34 36 1 0 0 0
36 37 1 0 0 0
37 38 1 0 0 0
38 39 1.5 1 1 0
39 40 1.5 1 1 0
40 41 1.5 1 1 0
41 42 1.5 1 1 0
42 43 1.5 1 1 0
36 44 1 0 0 0
44 45 1 1 0 0
45 46 2 1 0 0
45 47 1 0 0 0
47 48 1 0 0 0
48 49 1 0 0 0
49 50 1.5 1 1 0
50 51 1.5 1 1 0
51 52 1.5 1 1 0
52 53 1.5 1 1 0
53 54 1.5 1 1 0
47 55 1 0 0 0
55 56 1 1 0 0
56 57 2 1 0 0
56 58 1 0 0 0
58 59 1 0 0 0
59 60 1 0 0 0
60 61 1.5 1 1 0
61 62 1.5 1 1 0
62 63 1.5 1 1 0
63 64 1.5 1 1 0
64 65 1.5 1 1 0
58 66 1 0 0 0
66 67 1 1 0 0
67 68 2 1 0 0
67 69 1 0 0 0
69 70 1 0 0 0
70 71 1 0 0 0
71 72 1.5 1 1 0
72 73 1.5 1 1 0
73 74 1.5 1 1 0
74 75 1.5 1 1 0
75 76 1.5 1 1 0
69 77 1 0 0 0
77 78 1 1 0 0
78 79 2 1 0 0
78 80 1 0 0 0
80 81 1 0 0 0
81 82 1 0 0 0
82 83 1.5 1 1 0
83 84 1.5 1 1 0
84 85 1.5 1 1 0
85 86 1.5 1 1 0
86 87 1.5 1 1 0
80 88 1 0 0 0
88 89 1 1 0 0
89 90 2 1 0 0
89 91 1 0 0 0
91 92 1 0 0 0
92 93 1 0 0 0
93 94 1.5 1 1 0
94 95 1.5 1 1 0
95 96 1.5 1 1 0
96 97 1.5 1 1 0
97 98 1.5 1 1 0
91 99 1 0 0 0
99 100 1 1 0 0
100 101 2 1 0 0
100 102 1 0 0 0
102 103 1 0 0 0
103 104 1 0 0 0
104 105 1.5 1 1 0
105 106 1.5 1 1 0
106 107 1.5 1 1 0
107 108 1.5 1 1 0
108 109 1.5 1 1 0
102 110 1 0 0 0
110 111 1 1 0 0
111 112 2 1 0 0
111 113 1 0 0 0
113 114 1 0 0 0
114 115 1 0 0 0
115 116 1.5 1 1 0
116 117 1.5 1 1 0
117 118 1.5 1 1 0
118 119 1.5 1 1 0
119 120 1.5 1 1 0
113 121 1 0 0 0
121 122 1 1 0 0
122 123 2 1 0 0
122 124 1 0 0 0
124 125 1 0 0 0
125 126 1 0 0 0
126 127 1.5 1 1 0
127 128 1.5 1 1 0
128 129 1.5 1 1 0
129 130 1.5 1 1 0
130 131 1.5 1 1 0
124 132 1 0 0 0
132 133 1 1 0 0
133 134 2 1 0 0
133 135 1 0 0 0
135 136 1 0 0 0
136 137 1 0 0 0
137 138 1.5 1 1 0
138 139 1.5 1 1 0
139 140 1.5 1 1 0
140 141 1.5 1 1 0
141 142 1.5 1 1 0
135 143 1 0 0 0
143 144 1 1 0 0
144 145 2 1 0 0
144 146 1 0 0 0
146 147 1 0 0 0
147 148 1 0 0 0
148 149 1.5 1 1 0
149 150 1.5 1 1 0
150 151 1.5 1 1 0
151 152 1.5 1 1 0
152 153 1.5 1 1 0
146 154 1 0 0 0
154 155 1 1 0 0
155 156 2 1 0 0
155 157 1 0 0 0
157 158 1 0 0 0
158 159 1 0 0 0
159 160 1.5 1 1 0
160 161 1.5 1 1 0
161 162 1.5 1 1 0
162 163 1.5 1 1 0
163 164 1.5 1 1 0
157 165 1 0 0 0
165 166 1 1 0 0
166 167 2 1 0 0
166 168 1 0 0 0
168 169 1 0 0 0
169 170 1 0 0 0
170 171 1.5 1 1 0
171 172 1.5 1 1 0
172 173 1.5 1 1 0
173 174 1.5 1 1 0
174 175 1.5 1 1 0
168 176 1 0 0 0
176 177 1 1 0 0
177 178 2 1 0 0
177 179 1 0 0 0
179 180 1 0 0 0
180 181 1 0 0 0
181 182 1.5 1 1 0
182 183 1.5 1 1 0
183 184 1.5 1 1 0
184 185 1.5 1 1 0
185 186 1.5 1 1 0
179 187 1 0 0 0
187 188 1 1 0 0
188 189 2 1 0 0
188 190 1 0 0 0
190 191 1 0 0 0
191 192 1 0 0 0
192 193 1.5 1 1 0
193 194 1.5 1 1 0
194 195 1.5 1 1 0
195 196 1.5 1 1 0
196 197 1.5 1 1 0
190 198 1 0 0 0
198 199 1 1 0 0
199 200 2 1 0 0
199 201 1 0 0 0
201 202 1 0 0 0
202 203 1 0 0 0
203 204 1.5 1 1 0
204 205 1.5 1 1 0
205 206 1.5 1 1 0
206 207 1.5 1 1 0
207 208 1.5 1 1 0
201 209 1 0 0 0
209 210 1 1 0 0
210 211 2 1 0 0
210 212 1 0 0 0
212 213 1 0 0 0
213 214 1 0 0 0
214 215 1.5 1 1 0
215 216 1.5 1 1 0
216 217 1.5 1 1 0
217 218 1.5 1 1 0
218 219 1.5 1 1 0
212 220 1 0 0 0
220 221 1 1 0 0
221 222 2 1 0 0
221 223 1 0 0 0
223 224 1 0 0 0
224 225 1 0 0 0
225 226 1.5 1 1 0
226 227 1.5 1 1 0
227 228 1.5 1 1 0
228 229 1.5 1 1 0
229 230 1.5 1 1 0
223 231 1 0 0 0
231 232 1 1 0 0
232 233 2 1 0 0
232 234 1 0 0 0
234 235 1 0 0 0
235 236 1 0 0 0
236 237 1.5 1 1 0
237 238 1.5 1 1 0
238 239 1.5 1 1 0
239 240 1.5 1 1 0
240 241 1.5 1 1 0
234 242 1 0 0 0
242 243 1 1 0 0
243 244 2 1 0 0
243 245 1 0 0 0
245 246 1 0 0 0
246 247 1 0 0 0
247 248 1.5 1 1 0
248 249 1.5 1 1 0
249 250 1.5 1 1 0
250 251 1.5 1 1 0
251 252 1.5 1 1 0
245 253 1 0 0 0
253 254 1 1 0 0
254 255 2 1 0 0
254 256 1 0 0 0
256 257 1 0 0 0
257 258 1 0 0 0
258 259 1.5 1 1 0
259 260 1.5 1 1 0
260 261 1.5 1 1 0
261 262 1.5 1 1 0
262 263 1.5 1 1 0
256 264 1 0 0 0
264 265 1 1 0 0
265 266 2 1 0 0
265 267 1 0 0 0
267 268 1 0 0 0
268 269 1 0 0 0
269 270 1.5 1 1 0
270 271 1.5 1 1 0
271 272 1.5 1 1 0
272 273 1.5 1 1 0
273 274 1.5 1 1 0
267 275 1 0 0 0
275 276 1 1 0 0
276 277 2 1 0 0
276 278 1 0 0 0
278 279 1 0 0 0
279 280 1 0 0 0
280 281 1.5 1 1 0
281 282 1.5 1 1 0
282 283 1.5 1 1 0
283 284 1.5 1 1 0
284 285 1.5 1 1 0
278 286 1 0 0 0
286 287 1 1 0 0
287 288 2 1 0 0
287 289 1 0 0 0
289 290 1 0 0 0
290 291 1 0 0 0
291 292 1.5 1 1 0
292 293 1.5 1 1 0
293 294 1.5 1 1 0
294 295 1.5 1 1 0
295 296 1.5 1 1 0
289 297 1 0 0 0
297 298 1 1 0 0
298 299 2 1 0 0
298 300 1 0 0 0
300 301 1 0 0 0
301 302 1 0 0 0
302 303 1.5 1 1 0
303 304 1.5 1 1 0
304 305 1.5 1 1 0
305 306 1.5 1 1 0
306 307 1.5 1 1 0
300 308 1 0 0 0
308 309 1 1 0 0
309 310 2 1 0 0
309 311 1 0 0 0
311 312 1 0 0 0
312 313 1 0 0 0
313 314 1.5 1 1 0
314 315 1.5 1 1 0
315 316 1.5 1 1 0
316 317 1.5 1 1 0
317 318 1.5 1 1 0
311 319 1 0 0 0
319 320 1 1 0 0
320 321 2 1 0 0
320 322 1 0 0 0
322 323 1 0 0 0
323 324 1 0 0 0
324 325 1.5 1 1 0
325 326 1.5 1 1 0
326 327 1.5 1 1 0
327 328 1.5 1 1 0
328 329 1.5 1 1 0
322 330 1 0 0 0
330 331 1 1 0 0
331 332 2 1 0 0
331 333 1 0 0 0
333 334 1 0 0 0
334 335 1 0 0 0
335 336 1.5 1 1 0
336 337 1.5 1 1 0
337 338 1.5 1 1 0
338 339 1.5 1 1 0
339 340 1.5 1 1 0
333 341 1 0 0 0
341 342 1 1 0 0
342 343 2 1 0 0
342 344 1 0 0 0
344 345 1 0 0 0
345 346 1 0 0 0
346 347 1.5 1 1 0
347 348 1.5 1 1 0
348 349 1.5 1 1 0
349 350 1.5 1 1 0
350 351 1.5 1 1 0
344 352 1 0 0 0
352 353 1 1 0 0
353 354 2 1 0 0
353 355 1 0 0 0
355 356 1 0 0 0
356 357 1 0 0 0
357 358 1.5 1 1 0
358 359 1.5 1 1 0
359 360 1.5 1 1 0
360 361 1.5 1 1 0
361 362 1.5 1 1 0
355 363 1 0 0 0
363 364 1 1 0 0
364 365 2 1 0 0
364 366 1 0 0 0
366 367 1 0 0 0
367 368 1 0 0 0
368 369 1.5 1 1 0
369 370 1.5 1 1 0
370 371 1.5 1 1 0
371 372 1.5 1 1 0
372 373 1.5 1 1 0
366 374 1 0 0 0
374 375 1 1 0 0
375 376 2 1 0 0
375 377 1 0 0 0
377 378 1 0 0 0
378 379 1 0 0 0
379 380 1.5 1 1 0
380 381 1.5 1 1 0
381 382 1.5 1 1 0
382 383 1.5 1 1 0
383 384 1.5 1 1 0
377 385 1 0 0 0
385 386 1 1 0 0
386 387 2 1 0 0
386 388 1 0 0 0
388 389 1 0 0 0
389 390 1 0 0 0
390 391 1.5 1 1 0
391 392 1.5 1 1 0
392 393 1.5 1 1 0
393 394 1.5 1 1 0
394 395 1.5 1 1 0
388 396 1 0 0 0
396 397 1 1 0 0
397 398 2 1 0 0
397 399 1 0 0 0
399 400 1 0 0 0
400 401 1 0 0 0
401 402 1.5 1 1 0
402 403 1.5 1 1 0
403 404 1.5 1 1 0
404 405 1.5 1 1 0
405 406 1.5 1 1 0
399 407 1 0 0 0
407 408 1 1 0 0
408 409 2 1 0 0
408 410 1 0 0 0
410 411 1 0 0 0
411 412 1 0 0 0
412 413 1.5 1 1 0
413 414 1.5 1 1 0
414 415 1.5 1 1 0
415 416 1.5 1 1 0
416 417 1.5 1 1 0
410 418 1 0 0 0
418 419 1 1 0 0
419 420 2 1 0 0
419 421 1 0 0 0
421 422 1 0 0 0
422 423 1 0 0 0
423 424 1.5 1 1 0
424 425 1.5 1 1 0
425 426 1.5 1 1 0
426 427 1.5 1 1 0
427 428 1.5 1 1 0
421 429 1 0 0 0
429 430 1 1 0 0
430 431 2 1 0 0
430 432 1 0 0 0
432 433 1 0 0 0
433 434 1 0 0 0
434 435 1.5 1 1 0
435 436 1.5 1 1 0
436 437 1.5 1 1 0
437 438 1.5 1 1 0
438 439 1.5 1 1 0
432 440 1 0 0 0
440 441 1 1 0 0
441 442 2 1 0 0
441 443 1 1 0 0
10 5 1.5 1 1 0
21 16 1.5 1 1 0
32 27 1.5 1 1 0
43 38 1.5 1 1 0
54 49 1.5 1 1 0
65 60 1.5 1 1 0
76 71 1.5 1 1 0
87 82 1.5 1 1 0
98 93 1.5 1 1 0
109 104 1.5 1 1 0
120 115 1.5 1 1 0
131 126 1.5 1 1 0
142 137 1.5 1 1 0
153 148 1.5 1 1 0
164 159 1.5 1 1 0
175 170 1.5 1 1 0
186 181 1.5 1 1 0
197 192 1.5 1 1 0
208 203 1.5 1 1 0
219 214 1.5 1 1 0
230 225 1.5 1 1 0
241 236 1.5 1 1 0
252 247 1.5 1 1 0
263 258 1.5 1 1 0
274 269 1.5 1 1 0
285 280 1.5 1 1 0
296 291 1.5 1 1 0
307 302 1.5 1 1 0
318 313 1.5 1 1 0
329 324 1.5 1 1 0
340 335 1.5 1 1 0
351 346 1.5 1 1 0
362 357 1.5 1 1 0
373 368 1.5 1 1 0
384 379 1.5 1 1 0
395 390 1.5 1 1 0
406 401 1.5 1 1 0
417 412 1.5 1 1 0
428 423 1.5 1 1 0
439 434 1.5 1 1 0
884 963 1
7 1 2 0 3 0 0 14.007 -0.3678778833 -1.019 2.262 0
6 3 0 0 3 0 0 12.011 0.2398474342 -0.2783 5.007 0
8 1 0 0 3 0 0 15.999 -0.2729440243 -0.1526 0 0
6 3 1 0 4 0 0 12.011 0.1115191055 -0.2051 2.731 1
6 2 2 0 4 0 0 12.011 0.00166322946 -0.0516 2.488 0
6 3 0 0 3 1 1 12.011 -0.04544295338 0.136 3.509 0
6 2 1 0 3 1 1 12.011 -0.05895111168 0.1581 3.35 0
6 2 1 0 3 1 1 12.011 -0.0619927356 0.1581 3.35 0
6 2 1 0 3 1 1 12.011 -0.06224871479 0.1581 3.35 0
6 2 1 0 3 1 1 12.011 -0.0619927356 0.1581 3.35 0
6 2 1 0 3 1 1 12.011 -0.05895111168 0.1581 3.35 0
7 2 1 0 3 0 0 14.007 -0.3421929935 -0.7096 2.173 0
6 3 0 0 3 0 0 12.011 0.243083267 -0.2783 5.007 0
8 1 0 0 3 0 0 15.999 -0.2726906406 -0.1526 0 0
6 3 1 0 4 0 0 12.011 0.1117578675 -0.2051 2.731 1
6 2 2 0 4 0 0 12.011 0.001671685067 -0.0516 2.488 0
6 3 0 0 3 1 1 12.011 -0.04544281377 0.136 3.509 0
6 2 1 0 3 1 1 12.011 -0.0589511106 0.1581 3.35 0
6 2 1 0 3 1 1 12.011 -0.0619927356 0.1581 3.35 0
6 2 1 0 3 1 1 12.011 -0.06224871479 0.1581 3.35 0
6 2 1 0 3 1 1 12.011 -0.0619927356 0.1581 3.35 0
6 2 1 0 3 1 1 12.011 -0.0589511106 0.1581 3.35 0
7 2 1 0 3 0 0 14.007 -0.3421844305 -0.7096 2.173 0
6 3 0 0 3 0 0 12.011 0.2430833907 -0.2783 5.007 0
8 1 0 0 3 0 0 15.999 -0.2726906395 -0.1526 0 0
6 3 1 0 4 0 0 12.011 0.1117578685 -0.2051 2.731 1
6 2 2 0 4 0 0 12.011 0.001671685071 -0.0516 2.488 0
6 3 0 0 3 1 1 12.011 -0.04544281377 0.136 3.509 0
6 2 1 0 3 1 1 12.011 -0.0589511106 0.1581 3.35 0
6 2 1 0 3 1 1 12.011 -0.0619927356 0.1581 3.35 0
6 2 1 0 3 1 1 12.011 -0.06224871479 0.1581 3.35 0
6 2 1 0 3 1 1 12.011 -0.0619927356 0.1581 3.35 0
6 2 1 0 3 1 1 12.011 -0.0589511106 0.1581 3.35 0
7 2 1 0 3 0 0 14.007 -0.3421844305 -0.7096 2.173 0
6 3 0 0 3 0 0 12.011 0.2430833907 -0.2783 5.007 0
8 1 0 0 3 0 0 15.999 -0.2726906395 -0.1526 0 0
6 3 1 0 4 0 0 12.011 0.1117578685 -0.2051 2.731 1
6 2 2 0 4 0 0 12.011 0.001671685071 -0.0516 2.488 0
6 3 0 0 3 1 1 12.011 -0.04544281377 0.136 3.509 0
6 2 1 0 3 1 1 12.011 -0.0589511106 0.1581 3.35 0
6 2 1 0 3 1 1 12.011 -0.0619927356 0.1581 3.35 0
6 2 1 0 3 1 1 12.011 -0.06224871479 0.1581 3.35 0
6 2 1 0 3 1 1 12.011 -0.0619927356 0.1581 3.35 0
6 2 1 0 3 1 1 12.011 -0.0589511106 0.1581 3.35 0
7 2 1 0 3 0 0 14.007 -0.3421844305 -0.7096 2.173 0
6 3 0 0 3 0 0 12.011 0.2430833907 -0.2783 5.007 0
8 1 0 0 3 0 0 15.999 -0.2726906395 -0.1526 0 0
6 3 1 0 4 0 0 12.011 0.1117578685 -0.2051 2.731 1
6 2 2 0 4 0 0 12.011 0.001671685071 -0.0516 2.488 0
6 3 0 0 3 1 1 12.011 -0.04544281377 0.136 3.509 0
6 2 1 0 3 1 1 12.011 -0.0589511106 0.1581 3.35 0
6 2 1 0 3 1 1 12.011 -0.0619927356 0.1581 3.35 0
6 2 1 0 3 1 1 12.011 -0.06224871479 0.1581 3.35 0
6 2 1 0 3 1 1 12.011 -0.0619927356 0.1581 3.35 0
6 2 1 0 3 1 1 12.011 -0.0589511106 0.1581 3.35 0
7 2 1 0 3 0 0 14.007 -0.3421844305 -0.7096 2.173 0
6 3 0 0 3 0 0 12.011 0.2430833907 -0.2783 5.007 0
8 1 0 0 3 0 0 15.999 -0.2726906395 -0.1526 0 0
6 3 1 0 4 0 0 12.011 0.1117578685 -0.2051 2.731 1
6 2 2 0 4 0 0 12.011 0.001671685071 -0.0516 2.488 0
6 3 0 0 3 1 1 12.011 -0.04544281377 0.136 3.509 0
6 2 1 0 3 1 1 12.011 -0.0589511106 0.1581 3.35 0
6 2 1 0 3 1 1 12.011 -0.0619927356 0.1581 3.35 0
6 2 1 0 3 1 1 12.011 -0.06224871479 0.1581 3.35 0
6 2 1 0 3 1 1 12.011 -0.0619927356 0.1581 3.35 0
6 2 1 0 3 1 1 12.011 -0.0589511106 0.1581 3.35 0
7 2 1 0 3 0 0 14.007 -0.3421844305 -0.7096 2.173 0
6 3 0 0 3 0 0 12.011 0.2430833907 -0.2783 5.007 0
8 1 0 0 3 0 0 15.999 -0.2726906395 -0.1526 0 0
6 3 1 0 4 0 0 12.011 0.1117578685 -0.2051 2.731 1
6 2 2 0 4 0 0 12.011 0.001671685071 -0.0516 2.488 0
6 3 0 0 3 1 1 12.011 -0.04544281377 0.136 3.509 0
6 2 1 0 3 1 1 12.011 -0.0589511106 0.1581 3.35 0
6 2 1 0 3 1 1 12.011 -0.0619927356 0.1581 3.35 0
6 2 1 0 3 1 1 12.011 -0.06224871479 0.1581 3.35 0
6 2 1 0 3 1 1 12.011 -0.0619927356 0.1581 3.35 0
6 2 1 0 3 1 1 12.011 -0.0589511106 0.1581 3.35 0
7 2 1 0 3 0 0 14.007 -0.3421844305 -0.7096 2.173 0
6 3 0 0 3 0 0 12.011 0.2430833907 -0.2783 5.007 0
8 1 0 0 3 0 0 15.999 -0.2726906395 -0.1526 0 0
6 3 1 0 4 0 0 12.011 0.1117578685 -0.2051 2.731 1
6 2 2 0 4 0 0 12.011 0.001671685071 -0.0516 2.488 0
6 3 0 0 3 1 1 12.011 -0.04544281377 0.136 3.509 0
6 2 1 0 3 1 1 12.011 -0.0589511106 0.1581 3.35 0
6 2 1 0 3 1 1 12.011 -0.0619927356 0.1581 3.35 0
6 2 1 0 3 1 1 12.011 -0.06224871479 0.1581 3.35 0
6 2 1 0 3 1 1 12.011 -0.0619927356 0.1581 3.35 0
6 2 1 0 3 1 1 12.011 -0.0589511106 0.1581 3.35 0
7 2 1 0 3 0 0 14.007 -0.3421844305 -0.7096 2.173 0
6 3 0 0 3 0 0 12.011 0.2430833907 -0.2783 5.007 0
8 1 0 0 3 0 0 15.999 -0.2726906395 -0.1526 0 0
6 3 1 0 4 0 0 12.011 0.1117578685 -0.2051 2.731 1
6 2 2 0 4 0 0 12.011 0.001671685071 -0.0516 2.488 0
6 3 0 0 3 1 1 12.011 -0.04544281377 0.136 3.509 0
6 2 1 0 3 1 1 12.011 -0.0589511106 0.1581 3.35 0
6 2 1 0 3 1 1 12.011 -0.0619927356 0.1581 3.35 0
6 2 1 0 3 1 1 12.011 -0.06224871479 0.1581 3.35 0
6 2 1 0 3 1 1 12.011 -0.0619927356 0.1581 3.35 0
6 2 1 0 3 1 1 12.011 -0.0589511106 0.1581 3.35 0
7 2 1 0 3 0 0 14.007 -0.3421844305 -0.7096 2.173 0
6 3 0 0 3 0 0 12.011 0.2430833907 -0.2783 5.007 0
8 1 0 0 3 0 0 15.999 -0.2726906395 -0.1526 0 0
6 3 1 0 4 0 0 12.011 0.1117578685 -0.2051 2.731 1
6 2 2 0 4 0 0 12.011 0.001671685071 -0.0516 2.488 0
6 3 0 0 3 1 1 12.011 -0.04544281377 0.136 3.509 0
6 2 1 0 3 1 1 12.011 -0.0589511106 0.1581 3.35 0
6 2 1 0 3 1 1 12.011 -0.0619927356 0.1581 3.35 0
6 2 1 0 3 1 1 12.011 -0.06224871479 0.1581 3.35 0
6 2 1 0 3 1 1 12.011 -0.0619927356 0.1581 3.35 0
6 2 1 0 3 1 1 12.011 -0.0589511106 0.1581 3.35 0
7 2 1 0 3 0 0 14.007 -0.3421844305 -0.7096 2.173 0
6 3 0 0 3 0 0 12.011 0.2430833907 -0.2783 5.007 0
8 1 0 0 3 0 0 15.999 -0.2726906395 -0.1526 0 0
6 3 1 0 4 0 0 12.011 0.1117578685 -0.2051 2.731 1
6 2 2 0 4 0 0 12.011 0.001671685071 -0.0516 2.488 0
6 3 0 0 3 1 1 12.011 -0.04544281377 0.136 3.509 0
6 2 1 0 3 1 1 12.011 -0.0589511106 0.1581 3.35 0
6 2 1 0 3 1 1 12.011 -0.0619927356 0.1581 3.35 0
6 2 1 0 3 1 1 12.011 -0.06224871479 0.1581 3.35 0
6 2 1 0 3 1 1 12.011 -0.0619927356 0.1581 3.35 0
6 2 1 0 3 1 1 12.011 -0.0589511106 0.1581 3.35 0
7 2 1 0 3 0 0 14.007 -0.3421844305 -0.7096 2.173 0
6 3 0 0 3 0 0 12.011 0.2430833907 -0.2783 5.007 0
8 1 0 0 3 0 0 15.999 -0.2726906395 -0.1526 0 0
6 3 1 0 4 0 0 12.011 0.1117578685 -0.2051 2.731 1
6 2 2 0 4 0 0 12.011 0.001671685071 -0.0516 2.488 0
6 3 0 0 3 1 1 12.011 -0.04544281377 0.136 3.509 0
6 2 1 0 3 1 1 12.011 -0.0589511106 0.1581 3.35 0
6 2 1 0 3 1 1 12.011 -0.0619927356 0.1581 3.35 0
6 2 1 0 3 1 1 12.011 -0.06224871479 0.1581 3.35 0
6 2 1 0 3 1 1 12.011 -0.0619927356 0.1581 3.35 0
6 2 1 0 3 1 1 12.011 -0.0589511106 0.1581 3.35 0
7 2 1 0 3 0 0 14.007 -0.3421844305 -0.7096 2.173 0
6 3 0 0 3 0 0 12.011 0.2430833907 -0.2783 5.007 0
8 1 0 0 3 0 0 15.999 -0.2726906395 -0.1526 0 0
6 3 1 0 4 0 0 12.011 0.1117578685 -0.2051 2.731 1
6 2 2 0 4 0 0 12.011 0.001671685071 -0.0516 2.488 0
6 3 0 0 3 1 1 12.011 -0.04544281377 0.136 3.509 0
6 2 1 0 3 1 1 12.011 -0.0589511106 0.1581 3.35 0
6 2 1 0 3 1 1 12.011 -0.0619927356 0.1581 3.35 0
6 2 1 0 3 1 1 12.011 -0.06224871479 0.1581 3.35 0
6 2 1 0 3 1 1 12.011 -0.0619927356 0.1581 3.35 0
6 2 1 0 3 1 1 12.011 -0.0589511106 0.1581 3.35 0
7 2 1 0 3 0 0 14.007 -0.3421844305 -0.7096 2.173 0
6 3 0 0 3 0 0 12.011 0.2430833907 -0.2783 5.007 0
8 1 0 0 3 0 0 15.999 -0.2726906395 -0.1526 0 0
6 3 1 0 4 0 0 12.011 0.1117578685 -0.2051 2.731 1
6 2 2 0 4 0 0 12.011 0.001671685071 -0.0516 2.488 0
6 3 0 0 3 1 1 12.011 -0.04544281377 0.136 3.509 0
6 2 1 0 3 1 1 12.011 -0.0589511106 0.1581 3.35 0
6 2 1 0 3 1 1 12.011 -0.0619927356 0.1581 3.35 0
6 2 1 0 3 1 1 12.011 -0.06224871479 0.1581 3.35 0
6 2 1 0 3 1 1 12.011 -0.0619927356 0.1581 3.35 0
6 2 1 0 3 1 1 12.011 -0.0589511106 0.1581 3.35 0
7 2 1 0 3 0 0 14.007 -0.3421844305 -0.7096 2.173 0
6 3 0 0 3 0 0 12.011 0.2430833907 -0.2783 5.007 0
8 1 0 0 3 0 0 15.999 -0.2726906395 -0.1526 0 0
6 3 1 0 4 0 0 12.011 0.1117578685 -0.2051 2.731 1
6 2 2 0 4 0 0 12.011 0.001671685071 -0.0516 2.488 0
6 3 0 0 3 1 1 12.011 -0.04544281377 0.136 3.509 0
6 2 1 0 3 1 1 12.011 -0.0589511106 0.1581 3.35 0
6 2 1 0 3 1 1 12.011 -0.0619927356 0.1581 3.35 0
6 2 1 0 3 1 1 12.011 -0.06224871479 0.1581 3.35 0
6 2 1 0 3 1 1 12.011 -0.0619927356 0.1581 3.35 0
6 2 1 0 3 1 1 12.011 -0.0589511106 0.1581 3.35 0
7 2 1 0 3 0 0 14.007 -0.3421844305 -0.7096 2.173 0
6 3 0 0 3 0 0 12.011 0.2430833907 -0.2783 5.007 0
8 1 0 0 3 0 0 15.999 -0.2726906395 -0.1526 0 0
6 3 1 0 4 0 0 12.011 0.1117578685 -0.2051 2.731 1
6 2 2 0 4 0 0 12.011 0.001671685071 -0.0516 2.488 0
6 3 0 0 3 1 1 12.011 -0.04544281377 0.136 3.509 0
6 2 1 0 3 1 1 12.011 -0.0589511106 0.1581 3.35 0
6 2 1 0 3 1 1 12.011 -0.0619927356 0.1581 3.35 0
6 2 1 0 3 1 1 12.011 -0.06224871479 0.1581 3.35 0
6 2 1 0 3 1 1 12.011 -0.0619927356 0.1581 3.35 0
6 2 1 0 3 1 1 12.011 -0.0589511106 0.1581 3.35 0
7 2 1 0 3 0 0 14.007 -0.3421844305 -0.7096 2.173 0
6 3 0 0 3 0 0 12.011 0.2430833907 -0.2783 5.007 0
8 1 0 0 3 0 0 15.999 -0.2726906395 -0.1526 0 0
6 3 1 0 4 0 0 12.011 0.1117578685 -0.2051 2.731 1
6 2 2 0 4 0 0 12.011 0.001671685071 -0.0516 2.488 0
6 3 0 0 3 1 1 12.011 -0.04544281377 0.136 3.509 0
6 2 1 0 3 1 1 12.011 -0.0589511106 0.1581 3.35 0
6 2 1 0 3 1 1 12.011 -0.0619927356 0.1581 3.35 0
6 2 1 0 3 1 1 12.011 -0.06224871479 0.1581 3.35 0
6 2 1 0 3 1 1 12.011 -0.0619927356 0.1581 3.35 0
6 2 1 0 3 1 1 12.011 -0.0589511106 0.1581 3.35 0
7 2 1 0 3 0 0 14.007 -0.3421844305 -0.7096 2.173 0
6 3 0 0 3 0 0 12.011 0.2430833907 -0.2783 5.007 0
8 1 0 0 3 0 0 15.999 -0.2726906395 -0.1526 0 0
6 3 1 0 4 0 0 12.011 0.1117578685 -0.2051 2.731 1
6 2 2 0 4 0 0 12.011 0.001671685071 -0.0516 2.488 0
6 3 0 0 3 1 1 12.011 -0.04544281377 0.136 3.509 0
6 2 1 0 3 1 1 12.011 -0.0589511106 0.1581 3.35 0
6 2 1 0 3 1 1 12.011 -0.0619927356 0.1581 3.35 0
6 2 1 0 3 1 1 12.011 -0.06224871479 0.1581 3.35 0
6 2 1 0 3 1 1 12.011 -0.0619927356 0.1581 3.35 0
6 2 1 0 3 1 1 12.011 -0.0589511106 0.1581 3.35 0
7 2 1 0 3 0 0 14.007 -0.3421844305 -0.7096 2.173 0
6 3 0 0 3 0 0 12.011 0.2430833907 -0.2783 5.007 0
8 1 0 0 3 0 0 15.999 -0.2726906395 -0.1526 0 0
6 3 1 0 4 0 0 12.011 0.1117578685 -0.2051 2.731 1
6 2 2 0 4 0 0 12.011 0.001671685071 -0.0516 2.488 0
6 3 0 0 3 1 1 12.011 -0.04544281377 0.136 3.509 0
6 2 1 0 3 1 1 12.011 -0.0589511106 0.1581 3.35 0
6 2 1 0 3 1 1 12.011 -0.0619927356 0.1581 3.35 0
6 2 1 0 3 1 1 12.011 -0.06224871479 0.1581 3.35 0
6 2 1 0 3 1 1 12.011 -0.0619927356 0.1581 3.35 0
6 2 1 0 3 1 1 12.011 -0.0589511106 0.1581 3.35 0
7 2 1 0 3 0 0 14.007 -0.3421844305 -0.7096 2.173 0
6 3 0 0 3 0 0 12.011 0.2430833907 -0.2783 5.007 0
8 1 0 0 3 0 0 15.999 -0.2726906395 -0.1526 0 0
6 3 1 0 4 0 0 12.011 0.1117578685 -0.2051 2.731 1
6 2 2 0 4 0 0 12.011 0.001671685071 -0.0516 2.488 0
6 3 0 0 3 1 1 12.011 -0.04544281377 0.136 3.509 0
6 2 1 0 3 1 1 12.011 -0.0589511106 0.1581 3.35 0
6 2 1 0 3 1 1 12.011 -0.0619927356 0.1581 3.35 0
6 2 1 0 3 1 1 12.011 -0.06224871479 0.1581 3.35 0
6 2 1 0 3 1 1 12.011 -0.0619927356 0.1581 3.35 0
6 2 1 0 3 1 1 12.011 -0.0589511106 0.1581 3.35 0
7 2 1 0 3 0 0 14.007 -0.3421844305 -0.7096 2.173 0
6 3 0 0 3 0 0 12.011 0.2430833907 -0.2783 5.007 0
8 1 0 0 3 0 0 15.999 -0.2726906395 -0.1526 0 0
6 3 1 0 4 0 0 12.011 0.1117578685 -0.2051 2.731 1
6 2 2 0 4 0 0 12.011 0.001671685071 -0.0516 2.488 0
6 3 0 0 3 1 1 12.011 -0.04544281377 0.136 3.509 0
6 2 1 0 3 1 1 12.011 -0.0589511106 0.1581 3.35 0
6 2 1 0 3 1 1 12.011 -0.0619927356 0.1581 3.35 0
6 2 1 0 3 1 1 12.011 -0.06224871479 0.1581 3.35 0
6 2 1 0 3 1 1 12.011 -0.0619927356 0.1581 3.35 0
6 2 1 0 3 1 1 12.011 -0.0589511106 0.1581 3.35 0
7 2 1 0 3 0 0 14.007 -0.3421844305 -0.7096 2.173 0
6 3 0 0 3 0 0 12.011 0.2430833907 -0.2783 5.007 0
8 1 0 0 3 0 0 15.999 -0.2726906395 -0.1526 0 0
6 3 1 0 4 0 0 12.011 0.1117578685 -0.2051 2.731 1
6 2 2 0 4 0 0 12.011 0.001671685071 -0.0516 2.488 0
6 3 0 0 3 1 1 12.011 -0.04544281377 0.136 3.509 0
6 2 1 0 3 1 1 12.011 -0.0589511106 0.1581 3.35 0
6 2 1 0 3 1 1 12.011 -0.0619927356 0.1581 3.35 0
6 2 1 0 3 1 1 12.011 -0.06224871479 0.1581 3.35 0
6 2 1 0 3 1 1 12.011 -0.0619927356 0.1581 3.35 0
6 2 1 0 3 1 1 12.011 -0.0589511106 0.1581 3.35 0
7 2 1 0 3 0 0 14.007 -0.3421844305 -0.7096 2.173 0
6 3 0 0 3 0 0 12.011 0.2430833907 -0.2783 5.007 0
8 1 0 0 3 0 0 15.999 -0.2726906395 -0.1526 0 0
6 3 1 0 4 0 0 12.011 0.1117578685 -0.2051 2.731 1
6 2 2 0 4 0 0 12.011 0.001671685071 -0.0516 2.488 0
6 3 0 0 3 1 1 12.011 -0.04544281377 0.136 3.509 0
6 2 1 0 3 1 1 12.011 -0.0589511106 0.1581 3.35 0
6 2 1 0 3 1 1 12.011 -0.0619927356 0.1581 3.35 0
6 2 1 0 3 1 1 12.011 -0.06224871479 0.1581 3.35 0
6 2 1 0 3 1 1 12.011 -0.0619927356 0.1581 3.35 0
6 2 1 0 3 1 1 12.011 -0.0589511106 0.1581 3.35 0
7 2 1 0 3 0 0 14.007 -0.3421844305 -0.7096 2.173 0
6 3 0 0 3 0 0 12.011 0.2430833907 -0.2783 5.007 0
8 1 0 0 3 0 0 15.999 -0.2726906395 -0.1526 0 0
6 3 1 0 4 0 0 12.011 0.1117578685 -0.2051 2.731 1
6 2 2 0 4 0 0 12.011 0.001671685071 -0.0516 2.488 0
6 3 0 0 3 1 1 12.011 -0.04544281377 0.136 3.509 0
6 2 1 0 3 1 1 12.011 -0.0589511106 0.1581 3.35 0
6 2 1 0 3 1 1 12.011 -0.0619927356 0.1581 3.35 0
6 2 1 0 3 1 1 12.011 -0.06224871479 0.1581 3.35 0
6 2 1 0 3 1 1 12.011 -0.0619927356 0.1581 3.35 0
6 2 1 0 3 1 1 12.011 -0.0589511106 0.1581 3.35 0
7 2 1 0 3 0 0 14.007 -0.3421844305 -0.7096 2.173 0
6 3 0 0 3 0 0 12.011 0.2430833907 -0.2783 5.007 0
8 1 0 0 3 0 0 15.999 -0.2726906395 -0.1526 0 0
6 3 1 0 4 0 0 12.011 0.1117578685 -0.2051 2.731 1
6 2 2 0 4 0 0 12.011 0.001671685071 -0.0516 2.488 0
6 3 0 0 3 1 1 12.011 -0.04544281377 0.136 3.509 0
6 2 1 0 3 1 1 12.011 -0.0589511106 0.1581 3.35 0
6 2 1 0 3 1 1 12.011 -0.0619927356 0.1581 3.35 0
6 2 1 0 3 1 1 12.011 -0.06224871479 0.1581 3.35 0
6 2 1 0 3 1 1 12.011 -0.0619927356 0.1581 3.35 0
6 2 1 0 3 1 1 12.011 -0.0589511106 0.1581 3.35 0
7 2 1 0 3 0 0 14.007 -0.3421844305 -0.7096 2.173 0
6 3 0 0 3 0 0 12.011 0.2430833907 -0.2783 5.007 0
8 1 0 0 3 0 0 15.999 -0.2726906395 -0.1526 0 0
6 3 1 0 4 0 0 12.011 0.1117578685 -0.2051 2.731 1
6 2 2 0 4 0 0 12.011 0.001671685071 -0.0516 2.488 0
6 3 0 0 3 1 1 12.011 -0.04544281377 0.136 3.509 0
6 2 1 0 3 1 1 12.011 -0.0589511106 0.1581 3.35 0
6 2 1 0 3 1 1 12.011 -0.0619927356 0.1581 3.35 0
6 2 1 0 3 1 1 12.011 -0.06224871479 0.1581 3.35 0
6 2 1 0 3 1 1 12.011 -0.0619927356 0.1581 3.35 0
6 2 1 0 3 1 1 12.011 -0.0589511106 0.1581 3.35 0
7 2 1 0 3 0 0 14.007 -0.3421844305 -0.7096 2.173 0
6 3 0 0 3 0 0 12.011 0.2430833907 -0.2783 5.007 0
8 1 0 0 3 0 0 15.999 -0.2726906395 -0.1526 0 0
6 3 1 0 4 0 0 12.011 0.1117578685 -0.2051 2.731 1
6 2 2 0 4 0 0 12.011 0.001671685071 -0.0516 2.488 0
6 3 0 0 3 1 1 12.011 -0.04544281377 0.136 3.509 0
6 2 1 0 3 1 1 12.011 -0.0589511106 0.1581 3.35 0
6 2 1 0 3 1 1 12.011 -0.0619927356 0.1581 3.35 0
6 2 1 0 3 1 1 12.011 -0.06224871479 0.1581 3.35 0
6 2 1 0 3 1 1 12.011 -0.0619927356 0.1581 3.35 0
6 2 1 0 3 1 1 12.011 -0.0589511106 0.1581 3.35 0
7 2 1 0 3 0 0 14.007 -0.3421844305 -0.7096 2.173 0
6 3 0 0 3 0 0 12.011 0.2430833907 -0.2783 5.007 0
8 1 0 0 3 0 0 15.999 -0.2726906395 -0.1526 0 0
6 3 1 0 4 0 0 12.011 0.1117578685 -0.2051 2.731 1
6 2 2 0 4 0 0 12.011 0.001671685071 -0.0516 2.488 0
6 3 0 0 3 1 1 12.011 -0.04544281377 0.136 3.509 0
6 2 1 0 3 1 1 12.011 -0.0589511106 0.1581 3.35 0
6 2 1 0 3 1 1 12.011 -0.0619927356 0.1581 3.35 0
6 2 1 0 3 1 1 12.011 -0.06224871479 0.1581 3.35 0
6 2 1 0 3 1 1 12.011 -0.0619927356 0.1581 3.35 0
6 2 1 0 3 1 1 12.011 -0.0589511106 0.1581 3.35 0
7 2 1 0 3 0 0 14.007 -0.3421844305 -0.7096 2.173 0
6 3 0 0 3 0 0 12.011 0.2430833907 -0.2783 5.007 0
8 1 0 0 3 0 0 15.999 -0.2726906395 -0.1526 0 0
6 3 1 0 4 0 0 12.011 0.1117578685 -0.2051 2.731 1
6 2 2 0 4 0 0 12.011 0.001671685071 -0.0516 2.488 0
6 3 0 0 3 1 1 12.011 -0.04544281377 0.136 3.509 0
6 2 1 0 3 1 1 12.011 -0.0589511106 0.1581 3.35 0
6 2 1 0 3 1 1 12.011 -0.0619927356 0.1581 3.35 0
6 2 1 0 3 1 1 12.011 -0.06224871479 0.1581 3.35 0
6 2 1 0 3 1 1 12.011 -0.0619927356 0.1581 3.35 0
6 2 1 0 3 1 1 12.011 -0.0589511106 0.1581 3.35 0
7 2 1 0 3 0 0 14.007 -0.3421844305 -0.7096 2.173 0
6 3 0 0 3 0 0 12.011 0.2430833907 -0.2783 5.007 0
8 1 0 0 3 0 0 15.999 -0.2726906395 -0.1526 0 0
6 3 1 0 4 0 0 12.011 0.1117578685 -0.2051 2.731 1
6 2 2 0 4 0 0 12.011 0.001671685071 -0.0516 2.488 0
6 3 0 0 3 1 1 12.011 -0.04544281377 0.136 3.509 0
6 2 1 0 3 1 1 12.011 -0.0589511106 0.1581 3.35 0
6 2 1 0 3 1 1 12.011 -0.0619927356 0.1581 3.35 0
6 2 1 0 3 1 1 12.011 -0.06224871479 0.1581 3.35 0
6 2 1 0 3 1 1 12.011 -0.0619927356 0.1581 3.35 0
6 2 1 0 3 1 1 12.011 -0.0589511106 0.1581 3.35 0
7 2 1 0 3 0 0 14.007 -0.3421844305 -0.7096 2.173 0
6 3 0 0 3 0 0 12.011 0.2430833907 -0.2783 5.007 0
8 1 0 0 3 0 0 15.999 -0.2726906395 -0.1526 0 0
6 3 1 0 4 0 0 12.011 0.1117578685 -0.2051 2.731 1
6 2 2 0 4 0 0 12.011 0.001671685071 -0.0516 2.488 0
6 3 0 0 3 1 1 12.011 -0.04544281377 0.136 3.509 0
6 2 1 0 3 1 1 12.011 -0.0589511106 0.1581 3.35 0
6 2 1 0 3 1 1 12.011 -0.0619927356 0.1581 3.35 0
6 2 1 0 3 1 1 12.011 -0.06224871479 0.1581 3.35 0
6 2 1 0 3 1 1 12.011 -0.0619927356 0.1581 3.35 0
6 2 1 0 3 1 1 12.011 -0.0589511106 0.1581 3.35 0
7 2 1 0 3 0 0 14.007 -0.3421844305 -0.7096 2.173 0
6 3 0 0 3 0 0 12.011 0.2430833907 -0.2783 5.007 0
8 1 0 0 3 0 0 15.999 -0.2726906395 -0.1526 0 0
6 3 1 0 4 0 0 12.011 0.1117578685 -0.2051 2.731 1
6 2 2 0 4 0 0 12.011 0.001671685071 -0.0516 2.488 0
6 3 0 0 3 1 1 12.011 -0.04544281377 0.136 3.509 0
6 2 1 0 3 1 1 12.011 -0.0589511106 0.1581 3.35 0
6 2 1 0 3 1 1 12.011 -0.0619927356 0.1581 3.35 0
6 2 1 0 3 1 1 12.011 -0.06224871479 0.1581 3.35 0
6 2 1 0 3 1 1 12.011 -0.0619927356 0.1581 3.35 0
6 2 1 0 3 1 1 12.011 -0.0589511106 0.1581 3.35 0
7 2 1 0 3 0 0 14.007 -0.3421844305 -0.7096 2.173 0
6 3 0 0 3 0 0 12.011 0.2430833907 -0.2783 5.007 0
8 1 0 0 3 0 0 15.999 -0.2726906395 -0.1526 0 0
6 3 1 0 4 0 0 12.011 0.1117578685 -0.2051 2.731 1
6 2 2 0 4 0 0 12.011 0.001671685071 -0.0516 2.488 0
6 3 0 0 3 1 1 12.011 -0.04544281377 0.136 3.509 0
6 2 1 0 3 1 1 12.011 -0.0589511106 0.1581 3.35 0
6 2 1 0 3 1 1 12.011 -0.0619927356 0.1581 3.35 0
6 2 1 0 3 1 1 12.011 -0.06224871479 0.1581 3.35 0
6 2 1 0 3 1 1 12.011 -0.0619927356 0.1581 3.35 0
6 2 1 0 3 1 1 12.011 -0.0589511106 0.1581 3.35 0
7 2 1 0 3 0 0 14.007 -0.3421844305 -0.7096 2.173 0
6 3 0 0 3 0 0 12.011 0.2430833907 -0.2783 5.007 0
8 1 0 0 3 0 0 15.999 -0.2726906395 -0.1526 0 0
6 3 1 0 4 0 0 12.011 0.1117578685 -0.2051 2.731 1
6 2 2 0 4 0 0 12.011 0.001671685071 -0.0516 2.488 0
6 3 0 0 3 1 1 12.011 -0.04544281377 0.136 3.509 0
6 2 1 0 3 1 1 12.011 -0.0589511106 0.1581 3.35 0
6 2 1 0 3 1 1 12.011 -0.0619927356 0.1581 3.35 0
6 2 1 0 3 1 1 12.011 -0.06224871479 0.1581 3.35 0
6 2 1 0 3 1 1 12.011 -0.0619927356 0.1581 3.35 0
6 2 1 0 3 1 1 12.011 -0.0589511106 0.1581 3.35 0
7 2 1 0 3 0 0 14.007 -0.3421844305 -0.7096 2.173 0
6 3 0 0 3 0 0 12.011 0.2430833907 -0.2783 5.007 0
8 1 0 0 3 0 0 15.999 -0.2726906395 -0.1526 0 0
6 3 1 0 4 0 0 12.011 0.1117578685 -0.2051 2.731 1
6 2 2 0 4 0 0 12.011 0.001671685071 -0.0516 2.488 0
6 3 0 0 3 1 1 12.011 -0.04544281377 0.136 3.509 0
6 2 1 0 3 1 1 12.011 -0.0589511106 0.1581 3.35 0
6 2 1 0 3 1 1 12.011 -0.0619927356 0.1581 3.35 0
6 2 1 0 3 1 1 12.011 -0.06224871479 0.1581 3.35 0
6 2 1 0 3 1 1 12.011 -0.0619927356 0.1581 3.35 0
6 2 1 0 3 1 1 12.011 -0.0589511106 0.1581 3.35 0
7 2 1 0 3 0 0 14.007 -0.3421844305 -0.7096 2.173 0
6 3 0 0 3 0 0 12.011 0.2430833907 -0.2783 5.007 0
8 1 0 0 3 0 0 15.999 -0.2726906395 -0.1526 0 0
6 3 1 0 4 0 0 12.011 0.1117578685 -0.2051 2.731 1
6 2 2 0 4 0 0 12.011 0.001671685071 -0.0516 2.488 0
6 3 0 0 3 1 1 12.011 -0.04544281377 0.136 3.509 0
6 2 1 0 3 1 1 12.011 -0.0589511106 0.1581 3.35 0
6 2 1 0 3 1 1 12.011 -0.0619927356 0.1581 3.35 0
6 2 1 0 3 1 1 12.011 -0.06224871479 0.1581 3.35 0
6 2 1 0 3 1 1 12.011 -0.0619927356 0.1581 3.35 0
6 2 1 0 3 1 1 12.011 -0.0589511106 0.1581 3.35 0
7 2 1 0 3 0 0 14.007 -0.3421844305 -0.7096 2.173 0
6 3 0 0 3 0 0 12.011 0.2430833907 -0.2783 5.007 0
8 1 0 0 3 0 0 15.999 -0.2726906395 -0.1526 0 0
6 3 1 0 4 0 0 12.011 0.1117578685 -0.2051 2.731 1
6 2 2 0 4 0 0 12.011 0.001671685071 -0.0516 2.488 0
6 3 0 0 3 1 1 12.011 -0.04544281377 0.136 3.509 0
6 2 1 0 3 1 1 12.011 -0.0589511106 0.1581 3.35 0
6 2 1 0 3 1 1 12.011 -0.0619927356 0.1581 3.35 0
6 2 1 0 3 1 1 12.011 -0.06224871479 0.1581 3.35 0
6 2 1 0 3 1 1 12.011 -0.0619927356 0.1581 3.35 0
6 2 1 0 3 1 1 12.011 -0.0589511106 0.1581 3.35 0
7 2 1 0 3 0 0 14.007 -0.3421844305 -0.7096 2.173 0
6 3 0 0 3 0 0 12.011 0.2430833907 -0.2783 5.007 0
8 1 0 0 3 0 0 15.999 -0.2726906395 -0.1526 0 0
6 3 1 0 4 0 0 12.011 0.1117578685 -0.2051 2.731 1
6 2 2 0 4 0 0 12.011 0.001671685071 -0.0516 2.488 0
6 3 0 0 3 1 1 12.011 -0.04544281377 0.136 3.509 0
6 2 1 0 3 1 1 12.011 -0.0589511106 0.1581 3.35 0
6 2 1 0 3 1 1 12.011 -0.0619927356 0.1581 3.35 0
6 2 1 0 3 1 1 12.011 -0.06224871479 0.1581 3.35 0
6 2 1 0 3 1 1 12.011 -0.0619927356 0.1581 3.35 0
6 2 1 0 3 1 1 12.011 -0.0589511106 0.1581 3.35 0
7 2 1 0 3 0 0 14.007 -0.3421844305 -0.7096 2.173 0
6 3 0 0 3 0 0 12.011 0.2430833907 -0.2783 5.007 0
8 1 0 0 3 0 0 15.999 -0.2726906395 -0.1526 0 0
6 3 1 0 4 0 0 12.011 0.1117578685 -0.2051 2.731 1
6 2 2 0 4 0 0 12.011 0.001671685071 -0.0516 2.488 0
6 3 0 0 3 1 1 12.011 -0.04544281377 0.136 3.509 0
6 2 1 0 3 1 1 12.011 -0.0589511106 0.1581 3.35 0
6 2 1 0 3 1 1 12.011 -0.0619927356 0.1581 3.35 0
6 2 1 0 3 1 1 12.011 -0.06224871479 0.1581 3.35 0
6 2 1 0 3 1 1 12.011 -0.0619927356 0.1581 3.35 0
6 2 1 0 3 1 1 12.011 -0.0589511106 0.1581 3.35 0
7 2 1 0 3 0 0 14.007 -0.3421844305 -0.7096 2.173 0
6 3 0 0 3 0 0 12.011 0.2430833907 -0.2783 5.007 0
8 1 0 0 3 0 0 15.999 -0.2726906395 -0.1526 0 0
6 3 1 0 4 0 0 12.011 0.1117578685 -0.2051 2.731 1
6 2 2 0 4 0 0 12.011 0.001671685071 -0.0516 2.488 0
6 3 0 0 3 1 1 12.011 -0.04544281377 0.136 3.509 0
6 2 1 0 3 1 1 12.011 -0.0589511106 0.1581 3.35 0
6 2 1 0 3 1 1 12.011 -0.0619927356 0.1581 3.35 0
6 2 1 0 3 1 1 12.011 -0.06224871479 0.1581 3.35 0
6 2 1 0 3 1 1 12.011 -0.0619927356 0.1581 3.35 0
6 2 1 0 3 1 1 12.011 -0.0589511106 0.1581 3.35 0
7 2 1 0 3 0 0 14.007 -0.3421844305 -0.7096 2.173 0
6 3 0 0 3 0 0 12.011 0.2430833907 -0.2783 5.007 0
8 1 0 0 3 0 0 15.999 -0.2726906395 -0.1526 0 0
6 3 1 0 4 0 0 12.011 0.1117578685 -0.2051 2.731 1
6 2 2 0 4 0 0 12.011 0.001671685071 -0.0516 2.488 0
6 3 0 0 3 1 1 12.011 -0.04544281377 0.136 3.509 0
6 2 1 0 3 1 1 12.011 -0.0589511106 0.1581 3.35 0
6 2 1 0 3 1 1 12.011 -0.0619927356 0.1581 3.35 0
6 2 1 0 3 1 1 12.011 -0.06224871479 0.1581 3.35 0
6 2 1 0 3 1 1 12.011 -0.0619927356 0.1581 3.35 0
6 2 1 0 3 1 1 12.011 -0.0589511106 0.1581 3.35 0
7 2 1 0 3 0 0 14.007 -0.3421844305 -0.7096 2.173 0
6 3 0 0 3 0 0 12.011 0.2430833907 -0.2783 5.007 0
8 1 0 0 3 0 0 15.999 -0.2726906395 -0.1526 0 0
6 3 1 0 4 0 0 12.011 0.1117578685 -0.2051 2.731 1
6 2 2 0 4 0 0 12.011 0.001671685071 -0.0516 2.488 0
6 3 0 0 3 1 1 12.011 -0.04544281377 0.136 3.509 0
6 2 1 0 3 1 1 12.011 -0.0589511106 0.1581 3.35 0
6 2 1 0 3 1 1 12.011 -0.0619927356 0.1581 3.35 0
6 2 1 0 3 1 1 12.011 -0.06224871479 0.1581 3.35 0
6 2 1 0 3 1 1 12.011 -0.0619927356 0.1581 3.35 0
6 2 1 0 3 1 1 12.011 -0.0589511106 0.1581 3.35 0
7 2 1 0 3 0 0 14.007 -0.3421844305 -0.7096 2.173 0
6 3 0 0 3 0 0 12.011 0.2430833907 -0.2783 5.007 0
8 1 0 0 3 0 0 15.999 -0.2726906395 -0.1526 0 0
6 3 1 0 4 0 0 12.011 0.1117578685 -0.2051 2.731 1
6 2 2 0 4 0 0 12.011 0.001671685071 -0.0516 2.488 0
6 3 0 0 3 1 1 12.011 -0.04544281377 0.136 3.509 0
6 2 1 0 3 1 1 12.011 -0.0589511106 0.1581 3.35 0
6 2 1 0 3 1 1 12.011 -0.0619927356 0.1581 3.35 0
6 2 1 0 3 1 1 12.011 -0.06224871479 0.1581 3.35 0
6 2 1 0 3 1 1 12.011 -0.0619927356 0.1581 3.35 0
6 2 1 0 3 1 1 12.011 -0.0589511106 0.1581 3.35 0
7 2 1 0 3 0 0 14.007 -0.3421844305 -0.7096 2.173 0
6 3 0 0 3 0 0 12.011 0.2430833907 -0.2783 5.007 0
8 1 0 0 3 0 0 15.999 -0.2726906395 -0.1526 0 0
6 3 1 0 4 0 0 12.011 0.1117578685 -0.2051 2.731 1
6 2 2 0 4 0 0 12.011 0.001671685071 -0.0516 2.488 0
6 3 0 0 3 1 1 12.011 -0.04544281377 0.136 3.509 0
6 2 1 0 3 1 1 12.011 -0.0589511106 0.1581 3.35 0
6 2 1 0 3 1 1 12.011 -0.0619927356 0.1581 3.35 0
6 2 1 0 3 1 1 12.011 -0.06224871479 0.1581 3.35 0
6 2 1 0 3 1 1 12.011 -0.0619927356 0.1581 3.35 0
6 2 1 0 3 1 1 12.011 -0.0589511106 0.1581 3.35 0
7 2 1 0 3 0 0 14.007 -0.3421844305 -0.7096 2.173 0
6 3 0 0 3 0 0 12.011 0.2430833907 -0.2783 5.007 0
8 1 0 0 3 0 0 15.999 -0.2726906395 -0.1526 0 0
6 3 1 0 4 0 0 12.011 0.1117578685 -0.2051 2.731 1
6 2 2 0 4 0 0 12.011 0.001671685071 -0.0516 2.488 0
6 3 0 0 3 1 1 12.011 -0.04544281377 0.136 3.509 0
6 2 1 0 3 1 1 12.011 -0.0589511106 0.1581 3.35 0
6 2 1 0 3 1 1 12.011 -0.0619927356 0.1581 3.35 0
6 2 1 0 3 1 1 12.011 -0.06224871479 0.1581 3.35 0
6 2 1 0 3 1 1 12.011 -0.0619927356 0.1581 3.35 0
6 2 1 0 3 1 1 12.011 -0.0589511106 0.1581 3.35 0
7 2 1 0 3 0 0 14.007 -0.3421844305 -0.7096 2.173 0
6 3 0 0 3 0 0 12.011 0.2430833907 -0.2783 5.007 0
8 1 0 0 3 0 0 15.999 -0.2726906395 -0.1526 0 0
6 3 1 0 4 0 0 12.011 0.1117578685 -0.2051 2.731 1
6 2 2 0 4 0 0 12.011 0.001671685071 -0.0516 2.488 0
6 3 0 0 3 1 1 12.011 -0.04544281377 0.136 3.509 0
6 2 1 0 3 1 1 12.011 -0.0589511106 0.1581 3.35 0
6 2 1 0 3 1 1 12.011 -0.0619927356 0.1581 3.35 0
6 2 1 0 3 1 1 12.011 -0.06224871479 0.1581 3.35 0
6 2 1 0 3 1 1 12.011 -0.0619927356 0.1581 3.35 0
6 2 1 0 3 1 1 12.011 -0.0589511106 0.1581 3.35 0
7 2 1 0 3 0 0 14.007 -0.3421844305 -0.7096 2.173 0
6 3 0 0 3 0 0 12.011 0.2430833907 -0.2783 5.007 0
8 1 0 0 3 0 0 15.999 -0.2726906395 -0.1526 0 0
6 3 1 0 4 0 0 12.011 0.1117578685 -0.2051 2.731 1
6 2 2 0 4 0 0 12.011 0.001671685071 -0.0516 2.488 0
6 3 0 0 3 1 1 12.011 -0.04544281377 0.136 3.509 0
6 2 1 0 3 1 1 12.011 -0.0589511106 0.1581 3.35 0
6 2 1 0 3 1 1 12.011 -0.0619927356 0.1581 3.35 0
6 2 1 0 3 1 1 12.011 -0.06224871479 0.1581 3.35 0
6 2 1 0 3 1 1 12.011 -0.0619927356 0.1581 3.35 0
6 2 1 0 3 1 1 12.011 -0.0589511106 0.1581 3.35 0
7 2 1 0 3 0 0 14.007 -0.3421844305 -0.7096 2.173 0
6 3 0 0 3 0 0 12.011 0.2430833907 -0.2783 5.007 0
8 1 0 0 3 0 0 15.999 -0.2726906395 -0.1526 0 0
6 3 1 0 4 0 0 12.011 0.1117578685 -0.2051 2.731 1
6 2 2 0 4 0 0 12.011 0.001671685071 -0.0516 2.488 0
6 3 0 0 3 1 1 12.011 -0.04544281377 0.136 3.509 0
6 2 1 0 3 1 1 12.011 -0.0589511106 0.1581 3.35 0
6 2 1 0 3 1 1 12.011 -0.0619927356 0.1581 3.35 0
6 2 1 0 3 1 1 12.011 -0.06224871479 0.1581 3.35 0
6 2 1 0 3 1 1 12.011 -0.0619927356 0.1581 3.35 0
6 2 1 0 3 1 1 12.011 -0.0589511106 0.1581 3.35 0
7 2 1 0 3 0 0 14.007 -0.3421844305 -0.7096 2.173 0
6 3 0 0 3 0 0 12.011 0.2430833907 -0.2783 5.007 0
8 1 0 0 3 0 0 15.999 -0.2726906395 -0.1526 0 0
6 3 1 0 4 0 0 12.011 0.1117578685 -0.2051 2.731 1
6 2 2 0 4 0 0 12.011 0.001671685071 -0.0516 2.488 0
6 3 0 0 3 1 1 12.011 -0.04544281377 0.136 3.509 0
6 2 1 0 3 1 1 12.011 -0.0589511106 0.1581 3.35 0
6 2 1 0 3 1 1 12.011 -0.0619927356 0.1581 3.35 0
6 2 1 0 3 1 1 12.011 -0.06224871479 0.1581 3.35 0
6 2 1 0 3 1 1 12.011 -0.0619927356 0.1581 3.35 0
6 2 1 0 3 1 1 12.011 -0.0589511106 0.1581 3.35 0
7 2 1 0 3 0 0 14.007 -0.3421844305 -0.7096 2.173 0
6 3 0 0 3 0 0 12.011 0.2430833907 -0.2783 5.007 0
8 1 0 0 3 0 0 15.999 -0.2726906395 -0.1526 0 0
6 3 1 0 4 0 0 12.011 0.1117578685 -0.2051 2.731 1
6 2 2 0 4 0 0 12.011 0.001671685071 -0.0516 2.488 0
6 3 0 0 3 1 1 12.011 -0.04544281377 0.136 3.509 0
6 2 1 0 3 1 1 12.011 -0.0589511106 0.1581 3.35 0
6 2 1 0 3 1 1 12.011 -0.0619927356 0.1581 3.35 0
6 2 1 0 3 1 1 12.011 -0.06224871479 0.1581 3.35 0
6 2 1 0 3 1 1 12.011 -0.0619927356 0.1581 3.35 0
6 2 1 0 3 1 1 12.011 -0.0589511106 0.1581 3.35 0
7 2 1 0 3 0 0 14.007 -0.3421844305 -0.7096 2.173 0
6 3 0 0 3 0 0 12.011 0.2430833907 -0.2783 5.007 0
8 1 0 0 3 0 0 15.999 -0.2726906395 -0.1526 0 0
6 3 1 0 4 0 0 12.011 0.1117578685 -0.2051 2.731 1
6 2 2 0 4 0 0 12.011 0.001671685071 -0.0516 2.488 0
6 3 0 0 3 1 1 12.011 -0.04544281377 0.136 3.509 0
6 2 1 0 3 1 1 12.011 -0.0589511106 0.1581 3.35 0
6 2 1 0 3 1 1 12.011 -0.0619927356 0.1581 3.35 0
6 2 1 0 3 1 1 12.011 -0.06224871479 0.1581 3.35 0
6 2 1 0 3 1 1 12.011 -0.0619927356 0.1581 3.35 0
6 2 1 0 3 1 1 12.011 -0.0589511106 0.1581 3.35 0
7 2 1 0 3 0 0 14.007 -0.3421844305 -0.7096 2.173 0
6 3 0 0 3 0 0 12.011 0.2430833907 -0.2783 5.007 0
8 1 0 0 3 0 0 15.999 -0.2726906395 -0.1526 0 0
6 3 1 0 4 0 0 12.011 0.1117578685 -0.2051 2.731 1
6 2 2 0 4 0 0 12.011 0.001671685071 -0.0516 2.488 0
6 3 0 0 3 1 1 12.011 -0.04544281377 0.136 3.509 0
6 2 1 0 3 1 1 12.011 -0.0589511106 0.1581 3.35 0
6 2 1 0 3 1 1 12.011 -0.0619927356 0.1581 3.35 0
6 2 1 0 3 1 1 12.011 -0.06224871479 0.1581 3.35 0
6 2 1 0 3 1 1 12.011 -0.0619927356 0.1581 3.35 0
6 2 1 0 3 1 1 12.011 -0.0589511106 0.1581 3.35 0
7 2 1 0 3 0 0 14.007 -0.3421844305 -0.7096 2.173 0
6 3 0 0 3 0 0 12.011 0.2430833907 -0.2783 5.007 0
8 1 0 0 3 0 0 15.999 -0.2726906395 -0.1526 0 0
6 3 1 0 4 0 0 12.011 0.1117578685 -0.2051 2.731 1
6 2 2 0 4 0 0 12.011 0.001671685071 -0.0516 2.488 0
6 3 0 0 3 1 1 12.011 -0.04544281377 0.136 3.509 0
6 2 1 0 3 1 1 12.011 -0.0589511106 0.1581 3.35 0
6 2 1 0 3 1 1 12.011 -0.0619927356 0.1581 3.35 0
6 2 1 0 3 1 1 12.011 -0.06224871479 0.1581 3.35 0
6 2 1 0 3 1 1 12.011 -0.0619927356 0.1581 3.35 0
6 2 1 0 3 1 1 12.011 -0.0589511106 0.1581 3.35 0
7 2 1 0 3 0 0 14.007 -0.3421844305 -0.7096 2.173 0
6 3 0 0 3 0 0 12.011 0.2430833907 -0.2783 5.007 0
8 1 0 0 3 0 0 15.999 -0.2726906395 -0.1526 0 0
6 3 1 0 4 0 0 12.011 0.1117578685 -0.2051 2.731 1
6 2 2 0 4 0 0 12.011 0.001671685071 -0.0516 2.488 0
6 3 0 0 3 1 1 12.011 -0.04544281377 0.136 3.509 0
6 2 1 0 3 1 1 12.011 -0.0589511106 0.1581 3.35 0
6 2 1 0 3 1 1 12.011 -0.0619927356 0.1581 3.35 0
6 2 1 0 3 1 1 12.011 -0.06224871479 0.1581 3.35 0
6 2 1 0 3 1 1 12.011 -0.0619927356 0.1581 3.35 0
6 2 1 0 3 1 1 12.011 -0.0589511106 0.1581 3.35 0
7 2 1 0 3 0 0 14.007 -0.3421844305 -0.7096 2.173 0
6 3 0 0 3 0 0 12.011 0.2430833907 -0.2783 5.007 0
8 1 0 0 3 0 0 15.999 -0.2726906395 -0.1526 0 0
6 3 1 0 4 0 0 12.011 0.1117578685 -0.2051 2.731 1
6 2 2 0 4 0 0 12.011 0.001671685071 -0.0516 2.488 0
6 3 0 0 3 1 1 12.011 -0.04544281377 0.136 3.509 0
6 2 1 0 3 1 1 12.011 -0.0589511106 0.1581 3.35 0
6 2 1 0 3 1 1 12.011 -0.0619927356 0.1581 3.35 0
6 2 1 0 3 1 1 12.011 -0.06224871479 0.1581 3.35 0
6 2 1 0 3 1 1 12.011 -0.0619927356 0.1581 3.35 0
6 2 1 0 3 1 1 12.011 -0.0589511106 0.1581 3.35 0
7 2 1 0 3 0 0 14.007 -0.3421844305 -0.7096 2.173 0
6 3 0 0 3 0 0 12.011 0.2430833907 -0.2783 5.007 0
8 1 0 0 3 0 0 15.999 -0.2726906395 -0.1526 0 0
6 3 1 0 4 0 0 12.011 0.1117578685 -0.2051 2.731 1
6 2 2 0 4 0 0 12.011 0.001671685071 -0.0516 2.488 0
6 3 0 0 3 1 1 12.011 -0.04544281377 0.136 3.509 0
6 2 1 0 3 1 1 12.011 -0.0589511106 0.1581 3.35 0
6 2 1 0 3 1 1 12.011 -0.0619927356 0.1581 3.35 0
6 2 1 0 3 1 1 12.011 -0.06224871479 0.1581 3.35 0
6 2 1 0 3 1 1 12.011 -0.0619927356 0.1581 3.35 0
6 2 1 0 3 1 1 12.011 -0.0589511106 0.1581 3.35 0
7 2 1 0 3 0 0 14.007 -0.3421844305 -0.7096 2.173 0
6 3 0 0 3 0 0 12.011 0.2430833907 -0.2783 5.007 0
8 1 0 0 3 0 0 15.999 -0.2726906395 -0.1526 0 0
6 3 1 0 4 0 0 12.011 0.1117578685 -0.2051 2.731 1
6 2 2 0 4 0 0 12.011 0.001671685071 -0.0516 2.488 0
6 3 0 0 3 1 1 12.011 -0.04544281377 0.136 3.509 0
6 2 1 0 3 1 1 12.011 -0.0589511106 0.1581 3.35 0
6 2 1 0 3 1 1 12.011 -0.0619927356 0.1581 3.35 0
6 2 1 0 3 1 1 12.011 -0.06224871479 0.1581 3.35 0
6 2 1 0 3 1 1 12.011 -0.0619927356 0.1581 3.35 0
6 2 1 0 3 1 1 12.011 -0.0589511106 0.1581 3.35 0
7 2 1 0 3 0 0 14.007 -0.3421844305 -0.7096 2.173 0
6 3 0 0 3 0 0 12.011 0.2430833907 -0.2783 5.007 0
8 1 0 0 3 0 0 15.999 -0.2726906395 -0.1526 0 0
6 3 1 0 4 0 0 12.011 0.1117578685 -0.2051 2.731 1
6 2 2 0 4 0 0 12.011 0.001671685071 -0.0516 2.488 0
6 3 0 0 3 1 1 12.011 -0.04544281377 0.136 3.509 0
6 2 1 0 3 1 1 12.011 -0.0589511106 0.1581 3.35 0
6 2 1 0 3 1 1 12.011 -0.0619927356 0.1581 3.35 0
6 2 1 0 3 1 1 12.011 -0.06224871479 0.1581 3.35 0
6 2 1 0 3 1 1 12.011 -0.0619927356 0.1581 3.35 0
6 2 1 0 3 1 1 12.011 -0.0589511106 0.1581 3.35 0
7 2 1 0 3 0 0 14.007 -0.3421844305 -0.7096 2.173 0
6 3 0 0 3 0 0 12.011 0.2430833907 -0.2783 5.007 0
8 1 0 0 3 0 0 15.999 -0.2726906395 -0.1526 0 0
6 3 1 0 4 0 0 12.011 0.1117578685 -0.2051 2.731 1
6 2 2 0 4 0 0 12.011 0.001671685071 -0.0516 2.488 0
6 3 0 0 3 1 1 12.011 -0.04544281377 0.136 3.509 0
6 2 1 0 3 1 1 12.011 -0.0589511106 0.1581 3.35 0
6 2 1 0 3 1 1 12.011 -0.0619927356 0.1581 3.35 0
6 2 1 0 3 1 1 12.011 -0.06224871479 0.1581 3.35 0
6 2 1 0 3 1 1 12.011 -0.0619927356 0.1581 3.35 0
6 2 1 0 3 1 1 12.011 -0.0589511106 0.1581 3.35 0
7 2 1 0 3 0 0 14.007 -0.3421844305 -0.7096 2.173 0
6 3 0 0 3 0 0 12.011 0.2430833907 -0.2783 5.007 0
8 1 0 0 3 0 0 15.999 -0.2726906395 -0.1526 0 0
6 3 1 0 4 0 0 12.011 0.1117578685 -0.2051 2.731 1
6 2 2 0 4 0 0 12.011 0.001671685071 -0.0516 2.488 0
6 3 0 0 3 1 1 12.011 -0.04544281377 0.136 3.509 0
6 2 1 0 3 1 1 12.011 -0.0589511106 0.1581 3.35 0
6 2 1 0 3 1 1 12.011 -0.0619927356 0.1581 3.35 0
6 2 1 0 3 1 1 12.011 -0.06224871479 0.1581 3.35 0
6 2 1 0 3 1 1 12.011 -0.0619927356 0.1581 3.35 0
6 2 1 0 3 1 1 12.011 -0.0589511106 0.1581 3.35 0
7 2 1 0 3 0 0 14.007 -0.3421844305 -0.7096 2.173 0
6 3 0 0 3 0 0 12.011 0.2430833907 -0.2783 5.007 0
8 1 0 0 3 0 0 15.999 -0.2726906395 -0.1526 0 0
6 3 1 0 4 0 0 12.011 0.1117578685 -0.2051 2.731 1
6 2 2 0 4 0 0 12.011 0.001671685071 -0.0516 2.488 0
6 3 0 0 3 1 1 12.011 -0.04544281377 0.136 3.509 0
6 2 1 0 3 1 1 12.011 -0.0589511106 0.1581 3.35 0
6 2 1 0 3 1 1 12.011 -0.0619927356 0.1581 3.35 0
6 2 1 0 3 1 1 12.011 -0.06224871479 0.1581 3.35 0
6 2 1 0 3 1 1 12.011 -0.0619927356 0.1581 3.35 0
6 2 1 0 3 1 1 12.011 -0.0589511106 0.1581 3.35 0
7 2 1 0 3 0 0 14.007 -0.3421844305 -0.7096 2.173 0
6 3 0 0 3 0 0 12.011 0.2430833907 -0.2783 5.007 0
8 1 0 0 3 0 0 15.999 -0.2726906395 -0.1526 0 0
6 3 1 0 4 0 0 12.011 0.1117578685 -0.2051 2.731 1
6 2 2 0 4 0 0 12.011 0.001671685071 -0.0516 2.488 0
6 3 0 0 3 1 1 12.011 -0.04544281377 0.136 3.509 0
6 2 1 0 3 1 1 12.011 -0.0589511106 0.1581 3.35 0
6 2 1 0 3 1 1 12.011 -0.0619927356 0.1581 3.35 0
6 2 1 0 3 1 1 12.011 -0.06224871479 0.1581 3.35 0
6 2 1 0 3 1 1 12.011 -0.0619927356 0.1581 3.35 0
6 2 1 0 3 1 1 12.011 -0.0589511106 0.1581 3.35 0
7 2 1 0 3 0 0 14.007 -0.3421844305 -0.7096 2.173 0
6 3 0 0 3 0 0 12.011 0.2430833907 -0.2783 5.007 0
8 1 0 0 3 0 0 15.999 -0.2726906395 -0.1526 0 0
6 3 1 0 4 0 0 12.011 0.1117578685 -0.2051 2.731 1
6 2 2 0 4 0 0 12.011 0.001671685071 -0.0516 2.488 0
6 3 0 0 3 1 1 12.011 -0.04544281377 0.136 3.509 0
6 2 1 0 3 1 1 12.011 -0.0589511106 0.1581 3.35 0
6 2 1 0 3 1 1 12.011 -0.0619927356 0.1581 3.35 0
6 2 1 0 3 1 1 12.011 -0.06224871479 0.1581 3.35 0
6 2 1 0 3 1 1 12.011 -0.0619927356 0.1581 3.35 0
6 2 1 0 3 1 1 12.011 -0.0589511106 0.1581 3.35 0
7 2 1 0 3 0 0 14.007 -0.3421844305 -0.7096 2.173 0
6 3 0 0 3 0 0 12.011 0.2430833907 -0.2783 5.007 0
8 1 0 0 3 0 0 15.999 -0.2726906395 -0.1526 0 0
6 3 1 0 4 0 0 12.011 0.1117578685 -0.2051 2.731 1
6 2 2 0 4 0 0 12.011 0.001671685071 -0.0516 2.488 0
6 3 0 0 3 1 1 12.011 -0.04544281377 0.136 3.509 0
6 2 1 0 3 1 1 12.011 -0.0589511106 0.1581 3.35 0
6 2 1 0 3 1 1 12.011 -0.0619927356 0.1581 3.35 0
6 2 1 0 3 1 1 12.011 -0.06224871479 0.1581 3.35 0
6 2 1 0 3 1 1 12.011 -0.0619927356 0.1581 3.35 0
6 2 1 0 3 1 1 12.011 -0.0589511106 0.1581 3.35 0
7 2 1 0 3 0 0 14.007 -0.3421844305 -0.7096 2.173 0
6 3 0 0 3 0 0 12.011 0.2430833907 -0.2783 5.007 0
8 1 0 0 3 0 0 15.999 -0.2726906395 -0.1526 0 0
6 3 1 0 4 0 0 12.011 0.1117578685 -0.2051 2.731 1
6 2 2 0 4 0 0 12.011 0.001671685071 -0.0516 2.488 0
6 3 0 0 3 1 1 12.011 -0.04544281377 0.136 3.509 0
6 2 1 0 3 1 1 12.011 -0.0589511106 0.1581 3.35 0
6 2 1 0 3 1 1 12.011 -0.0619927356 0.1581 3.35 0
6 2 1 0 3 1 1 12.011 -0.06224871479 0.1581 3.35 0
6 2 1 0 3 1 1 12.011 -0.0619927356 0.1581 3.35 0
6 2 1 0 3 1 1 12.011 -0.0589511106 0.1581 3.35 0
7 2 1 0 3 0 0 14.007 -0.3421844305 -0.7096 2.173 0
6 3 0 0 3 0 0 12.011 0.2430833907 -0.2783 5.007 0
8 1 0 0 3 0 0 15.999 -0.2726906395 -0.1526 0 0
6 3 1 0 4 0 0 12.011 0.1117578685 -0.2051 2.731 1
6 2 2 0 4 0 0 12.011 0.001671685071 -0.0516 2.488 0
6 3 0 0 3 1 1 12.011 -0.04544281377 0.136 3.509 0
6 2 1 0 3 1 1 12.011 -0.0589511106 0.1581 3.35 0
6 2 1 0 3 1 1 12.011 -0.0619927356 0.1581 3.35 0
6 2 1 0 3 1 1 12.011 -0.06224871479 0.1581 3.35 0
6 2 1 0 3 1 1 12.011 -0.0619927356 0.1581 3.35 0
6 2 1 0 3 1 1 12.011 -0.0589511106 0.1581 3.35 0
7 2 1 0 3 0 0 14.007 -0.3421844305 -0.7096 2.173 0
6 3 0 0 3 0 0 12.011 0.2430833907 -0.2783 5.007 0
8 1 0 0 3 0 0 15.999 -0.2726906395 -0.1526 0 0
6 3 1 0 4 0 0 12.011 0.1117578685 -0.2051 2.731 1
6 2 2 0 4 0 0 12.011 0.001671685071 -0.0516 2.488 0
6 3 0 0 3 1 1 12.011 -0.04544281377 0.136 3.509 0
6 2 1 0 3 1 1 12.011 -0.0589511106 0.1581 3.35 0
6 2 1 0 3 1 1 12.011 -0.0619927356 0.1581 3.35 0
6 2 1 0 3 1 1 12.011 -0.06224871479 0.1581 3.35 0
6 2 1 0 3 1 1 12.011 -0.0619927356 0.1581 3.35 0
6 2 1 0 3 1 1 12.011 -0.0589511106 0.1581 3.35 0
7 2 1 0 3 0 0 14.007 -0.3421844305 -0.7096 2.173 0
6 3 0 0 3 0 0 12.011 0.2430833907 -0.2783 5.007 0
8 1 0 0 3 0 0 15.999 -0.2726906395 -0.1526 0 0
6 3 1 0 4 0 0 12.011 0.1117578685 -0.2051 2.731 1
6 2 2 0 4 0 0 12.011 0.001671685071 -0.0516 2.488 0
6 3 0 0 3 1 1 12.011 -0.04544281377 0.136 3.509 0
6 2 1 0 3 1 1 12.011 -0.0589511106 0.1581 3.35 0
6 2 1 0 3 1 1 12.011 -0.0619927356 0.1581 3.35 0
6 2 1 0 3 1 1 12.011 -0.06224871479 0.1581 3.35 0
6 2 1 0 3 1 1 12.011 -0.0619927356 0.1581 3.35 0
6 2 1 0 3 1 1 12.011 -0.0589511106 0.1581 3.35 0
7 2 1 0 3 0 0 14.007 -0.3421844305 -0.7096 2.173 0
6 3 0 0 3 0 0 12.011 0.2430833907 -0.2783 5.007 0
8 1 0 0 3 0 0 15.999 -0.2726906395 -0.1526 0 0
6 3 1 0 4 0 0 12.011 0.1117578685 -0.2051 2.731 1
6 2 2 0 4 0 0 12.011 0.001671685071 -0.0516 2.488 0
6 3 0 0 3 1 1 12.011 -0.04544281377 0.136 3.509 0
6 2 1 0 3 1 1 12.011 -0.0589511106 0.1581 3.35 0
6 2 1 0 3 1 1 12.011 -0.0619927356 0.1581 3.35 0
6 2 1 0 3 1 1 12.011 -0.06224871479 0.1581 3.35 0
6 2 1 0 3 1 1 12.011 -0.0619927356 0.1581 3.35 0
6 2 1 0 3 1 1 12.011 -0.0589511106 0.1581 3.35 0
7 2 1 0 3 0 0 14.007 -0.3421844305 -0.7096 2.173 0
6 3 0 0 3 0 0 12.011 0.2430833907 -0.2783 5.007 0
8 1 0 0 3 0 0 15.999 -0.2726906395 -0.1526 0 0
6 3 1 0 4 0 0 12.011 0.1117578685 -0.2051 2.731 1
6 2 2 0 4 0 0 12.011 0.001671685071 -0.0516 2.488 0
6 3 0 0 3 1 1 12.011 -0.04544281377 0.136 3.509 0
6 2 1 0 3 1 1 12.011 -0.0589511106 0.1581 3.35 0
6 2 1 0 3 1 1 12.011 -0.0619927356 0.1581 3.35 0
6 2 1 0 3 1 1 12.011 -0.06224871479 0.1581 3.35 0
6 2 1 0 3 1 1 12.011 -0.0619927356 0.1581 3.35 0
6 2 1 0 3 1 1 12.011 -0.0589511106 0.1581 3.35 0
7 2 1 0 3 0 0 14.007 -0.3421844305 -0.7096 2.173 0
6 3 0 0 3 0 0 12.011 0.2430833907 -0.2783 5.007 0
8 1 0 0 3 0 0 15.999 -0.2726906395 -0.1526 0 0
6 3 1 0 4 0 0 12.011 0.1117578685 -0.2051 2.731 1
6 2 2 0 4 0 0 12.011 0.001671685071 -0.0516 2.488 0
6 3 0 0 3 1 1 12.011 -0.04544281377 0.136 3.509 0
6 2 1 0 3 1 1 12.011 -0.0589511106 0.1581 3.35 0
6 2 1 0 3 1 1 12.011 -0.0619927356 0.1581 3.35 0
6 2 1 0 3 1 1 12.011 -0.06224871479 0.1581 3.35 0
6 2 1 0 3 1 1 12.011 -0.0619927356 0.1581 3.35 0
6 2 1 0 3 1 1 12.011 -0.0589511106 0.1581 3.35 0
7 2 1 0 3 0 0 14.007 -0.3421844305 -0.7096 2.173 0
6 3 0 0 3 0 0 12.011 0.2430833907 -0.2783 5.007 0
8 1 0 0 3 0 0 15.999 -0.2726906395 -0.1526 0 0
6 3 1 0 4 0 0 12.011 0.1117578685 -0.2051 2.731 1
6 2 2 0 4 0 0 12.011 0.001671685071 -0.0516 2.488 0
6 3 0 0 3 1 1 12.011 -0.04544281377 0.136 3.509 0
6 2 1 0 3 1 1 12.011 -0.0589511106 0.1581 3.35 0
6 2 1 0 3 1 1 12.011 -0.0619927356 0.1581 3.35 0
6 2 1 0 3 1 1 12.011 -0.06224871479 0.1581 3.35 0
6 2 1 0 3 1 1 12.011 -0.0619927356 0.1581 3.35 0
6 2 1 0 3 1 1 12.011 -0.0589511106 0.1581 3.35 0
7 2 1 0 3 0 0 14.007 -0.3421844305 -0.7096 2.173 0
6 3 0 0 3 0 0 12.011 0.2430833907 -0.2783 5.007 0
8 1 0 0 3 0 0 15.999 -0.2726906395 -0.1526 0 0
6 3 1 0 4 0 0 12.011 0.1117578685 -0.2051 2.731 1
6 2 2 0 4 0 0 12.011 0.001671685071 -0.0516 2.488 0
6 3 0 0 3 1 1 12.011 -0.04544281377 0.136 3.509 0
6 2 1 0 3 1 1 12.011 -0.0589511106 0.1581 3.35 0
6 2 1 0 3 1 1 12.011 -0.0619927356 0.1581 3.35 0
6 2 1 0 3 1 1 12.011 -0.06224871479 0.1581 3.35 0
6 2 1 0 3 1 1 12.011 -0.0619927356 0.1581 3.35 0
6 2 1 0 3 1 1 12.011 -0.0589511106 0.1581 3.35 0
7 2 1 0 3 0 0 14.007 -0.3421844305 -0.7096 2.173 0
6 3 0 0 3 0 0 12.011 0.2430833907 -0.2783 5.007 0
8 1 0 0 3 0 0 15.999 -0.2726906395 -0.1526 0 0
6 3 1 0 4 0 0 12.011 0.1117578685 -0.2051 2.731 1
6 2 2 0 4 0 0 12.011 0.001671685071 -0.0516 2.488 0
6 3 0 0 3 1 1 12.011 -0.04544281377 0.136 3.509 0
6 2 1 0 3 1 1 12.011 -0.0589511106 0.1581 3.35 0
6 2 1 0 3 1 1 12.011 -0.0619927356 0.1581 3.35 0
6 2 1 0 3 1 1 12.011 -0.06224871479 0.1581 3.35 0
6 2 1 0 3 1 1 12.011 -0.0619927356 0.1581 3.35 0
6 2 1 0 3 1 1 12.011 -0.0589511106 0.1581 3.35 0
7 2 1 0 3 0 0 14.007 -0.3421844305 -0.7096 2.173 0
6 3 0 0 3 0 0 12.011 0.2430833907 -0.2783 5.007 0
8 1 0 0 3 0 0 15.999 -0.2726906395 -0.1526 0 0
6 3 1 0 4 0 0 12.011 0.1117578685 -0.2051 2.731 1
6 2 2 0 4 0 0 12.011 0.001671685071 -0.0516 2.488 0
6 3 0 0 3 1 1 12.011 -0.04544281377 0.136 3.509 0
6 2 1 0 3 1 1 12.011 -0.0589511106 0.1581 3.35 0
6 2 1 0 3 1 1 12.011 -0.0619927356 0.1581 3.35 0
6 2 1 0 3 1 1 12.011 -0.06224871479 0.1581 3.35 0
6 2 1 0 3 1 1 12.011 -0.0619927356 0.1581 3.35 0
6 2 1 0 3 1 1 12.011 -0.0589511106 0.1581 3.35 0
7 2 1 0 3 0 0 14.007 -0.3421844305 -0.7096 2.173 0
6 3 0 0 3 0 0 12.011 0.2430833907 -0.2783 5.007 0
8 1 0 0 3 0 0 15.999 -0.2726906395 -0.1526 0 0
6 3 1 0 4 0 0 12.011 0.1117578685 -0.2051 2.731 1
6 2 2 0 4 0 0 12.011 0.001671685071 -0.0516 2.488 0
6 3 0 0 3 1 1 12.011 -0.04544281377 0.136 3.509 0
6 2 1 0 3 1 1 12.011 -0.0589511106 0.1581 3.35 0
6 2 1 0 3 1 1 12.011 -0.0619927356 0.1581 3.35 0
6 2 1 0 3 1 1 12.011 -0.06224871479 0.1581 3.35 0
6 2 1 0 3 1 1 12.011 -0.0619927356 0.1581 3.35 0
6 2 1 0 3 1 1 12.011 -0.0589511106 0.1581 3.35 0
7 2 1 0 3 0 0 14.007 -0.3421844305 -0.7096 2.173 0
6 3 0 0 3 0 0 12.011 0.2430833907 -0.2783 5.007 0
8 1 0 0 3 0 0 15.999 -0.2726906395 -0.1526 0 0
6 3 1 0 4 0 0 12.011 0.1117578685 -0.2051 2.731 1
6 2 2 0 4 0 0 12.011 0.001671685071 -0.0516 2.488 0
6 3 0 0 3 1 1 12.011 -0.04544281377 0.136 3.509 0
6 2 1 0 3 1 1 12.011 -0.0589511106 0.1581 3.35 0
6 2 1 0 3 1 1 12.011 -0.0619927356 0.1581 3.35 0
6 2 1 0 3 1 1 12.011 -0.06224871479 0.1581 3.35 0
6 2 1 0 3 1 1 12.011 -0.0619927356 0.1581 3.35 0
6 2 1 0 3 1 1 12.011 -0.0589511106 0.1581 3.35 0
7 2 1 0 3 0 0 14.007 -0.3421844305 -0.7096 2.173 0
6 3 0 0 3 0 0 12.011 0.2430833907 -0.2783 5.007 0
8 1 0 0 3 0 0 15.999 -0.2726906395 -0.1526 0 0
6 3 1 0 4 0 0 12.011 0.1117578685 -0.2051 2.731 1
6 2 2 0 4 0 0 12.011 0.001671685071 -0.0516 2.488 0
6 3 0 0 3 1 1 12.011 -0.04544281377 0.136 3.509 0
6 2 1 0 3 1 1 12.011 -0.0589511106 0.1581 3.35 0
6 2 1 0 3 1 1 12.011 -0.0619927356 0.1581 3.35 0
6 2 1 0 3 1 1 12.011 -0.06224871479 0.1581 3.35 0
6 2 1 0 3 1 1 12.011 -0.0619927356 0.1581 3.35 0
6 2 1 0 3 1 1 12.011 -0.0589511106 0.1581 3.35 0
7 2 1 0 3 0 0 14.007 -0.3421844305 -0.7096 2.173 0
6 3 0 0 3 0 0 12.011 0.2430833908 -0.2783 5.007 0
8 1 0 0 3 0 0 15.999 -0.2726906395 -0.1526 0 0
6 3 1 0 4 0 0 12.011 0.1117578865 -0.2051 2.731 1
6 2 2 0 4 0 0 12.011 0.001671685144 -0.0516 2.488 0
6 3 0 0 3 1 1 12.011 -0.04544281377 0.136 3.509 0
6 2 1 0 3 1 1 12.011 -0.0589511106 0.1581 3.35 0
6 2 1 0 3 1 1 12.011 -0.0619927356 0.1581 3.35 0
6 2 1 0 3 1 1 12.011 -0.06224871479 0.1581 3.35 0
6 2 1 0 3 1 1 12.011 -0.0619927356 0.1581 3.35 0
6 2 1 0 3 1 1 12.011 -0.0589511106 0.1581 3.35 0
7 2 1 0 3 0 0 14.007 -0.342182499 -0.7096 2.173 0
6 3 0 0 3 0 0 12.011 0.2432163917 -0.2783 5.007 0
8 1 0 0 3 0 0 15.999 -0.2726881574 -0.1526 0 0
6 3 1 0 4 0 0 12.011 0.1150277616 -0.2051 2.731 1
6 2 2 0 4 0 0 12.011 0.001802615093 -0.0516 2.488 0
6 3 0 0 3 1 1 12.011 -0.0454405242 0.136 3.509 0
6 2 1 0 3 1 1 12.011 -0.05895109252 0.1581 3.35 0
6 2 1 0 3 1 1 12.011 -0.06199273553 0.1581 3.35 0
6 2 1 0 3 1 1 12.011 -0.06224871479 0.1581 3.35 0
6 2 1 0 3 1 1 12.011 -0.06199273553 0.1581 3.35 0
6 2 1 0 3 1 1 12.011 -0.05895109252 0.1581 3.35 0
7 2 1 0 3 0 0 14.007 -0.3094990652 -0.7096 2.173 0
6 3 0 0 3 0 0 12.011 0.4048269836 -0.2783 5.007 0
8 1 0 0 3 0 0 15.999 -0.2247766221 0.4833 0.389 0
8 1 1 0 3 0 0 15.999 -0.4650365083 -0.2893 0.8238 0
0 1 1 1 0 0
1 2 2 1 0 0
1 3 1 0 0 0
3 4 1 0 0 0
4 5 1 0 0 0
5 6 1.5 1 1 0
6 7 1.5 1 1 0
7 8 1.5 1 1 0
8 9 1.5 1 1 0
9 10 1.5 1 1 0
3 11 1 0 0 0
11 12 1 1 0 0
12 13 2 1 0 0
12 14 1 0 0 0
14 15 1 0 0 0
15 16 1 0 0 0
16 17 1.5 1 1 0
17 18 1.5 1 1 0
18 19 1.5 1 1 0
19 20 1.5 1 1 0
20 21 1.5 1 1 0
14 22 1 0 0 0
22 23 1 1 0 0
23 24 2 1 0 0
23 25 1 0 0 0
25 26 1 0 0 0
26 27 1 0 0 0
27 28 1.5 1 1 0
28 29 1.5 1 1 0
29 30 1.5 1 1 0
30 31 1.5 1 1 0
31 32 1.5 1 1 0
25 33 1 0 0 0
33 34 1 1 0 0
34 35 2 1 0 0
34 36 1 0 0 0
36 37 1 0 0 0
37 38 1 0 0 0
38 39 1.5 1 1 0
39 40 1.5 1 1 0
40 41 1.5 1 1 0
41 42 1.5 1 1 0
42 43 1.5 1 1 0
36 44 1 0 0 0
44 45 1 1 0 0
45 46 2 1 0 0
45 47 1 0 0 0
47 48 1 0 0 0
48 49 1 0 0 0
49 50 1.5 1 1 0
50 51 1.5 1 1 0
51 52 1.5 1 1 0
52 53 1.5 1 1 0
53 54 1.5 1 1 0
47 55 1 0 0 0
55 56 1 1 0 0
56 57 2 1 0 0
56 58 1 0 0 0
58 59 1 0 0 0
59 60 1 0 0 0
60 61 1.5 1 1 0
61 62 1.5 1 1 0
62 63 1.5 1 1 0
63 64 1.5 1 1 0
64 65 1.5 1 1 0
58 66 1 0 0 0
66 67 1 1 0 0
67 68 2 1 0 0
67 69 1 0 0 0
69 70 1 0 0 0
70 71 1 0 0 0
71 72 1.5 1 1 0
72 73 1.5 1 1 0
73 74 1.5 1 1 0
74 75 1.5 1 1 0
75 76 1.5 1 1 0
69 77 1 0 0 0
77 78 1 1 0 0
78 79 2 1 0 0
78 80 1 0 0 0
80 81 1 0 0 0
81 82 1 0 0 0
82 83 1.5 1 1 0
83 84 1.5 1 1 0
84 85 1.5 1 1 0
85 86 1.5 1 1 0
86 87 1.5 1 1 0
80 88 1 0 0 0
88 89 1 1 0 0
89 90 2 1 0 0
89 91 1 0 0 0
91 92 1 0 0 0
92 93 1 0 0 0
93 94 1.5 1 1 0
94 95 1.5 1 1 0
95 96 1.5 1 1 0
96 97 1.5 1 1 0
97 98 1.5 1 1 0
91 99 1 0 0 0
99 100 1 1 0 0
100 101 2 1 0 0
100 102 1 0 0 0
102 103 1 0 0 0
103 104 1 0 0 0
104 105 1.5 1 1 0
105 106 1.5 1 1 0
106 107 1.5 1 1 0
107 108 1.5 1 1 0
108 109 1.5 1 1 0
102 110 1 0 0 0
110 111 1 1 0 0
111 112 2 1 0 0
111 113 1 0 0 0
113 114 1 0 0 0
114 115 1 0 0 0
115 116 1.5 1 1 0
116 117 1.5 1 1 0
117 118 1.5 1 1 0
118 119 1.5 1 1 0
119 120 1.5 1 1 0
113 121 1 0 0 0
121 122 1 1 0 0
122 123 2 1 0 0
122 124 1 0 0 0
124 125 1 0 0 0
125 126 1 0 0 0
126 127 1.5 1 1 0
127 128 1.5 1 1 0
128 129 1.5 1 1 0
129 130 1.5 1 1 0
130 131 1.5 1 1 0
124 132 1 0 0 0
132 133 1 1 0 0
133 134 2 1 0 0
133 135 1 0 0 0
135 136 1 0 0 0
136 137 1 0 0 0
137 138 1.5 1 1 0
138 139 1.5 1 1 0
139 140 1.5 1 1 0
140 141 1.5 1 1 0
141 142 1.5 1 1 0
135 143 1 0 0 0
143 144 1 1 0 0
144 145 2 1 0 0
144 146 1 0 0 0
146 147 1 0 0 0
147 148 1 0 0 0
148 149 1.5 1 1 0
149 150 1.5 1 1 0
150 151 1.5 1 1 0
151 152 1.5 1 1 0
152 153 1.5 1 1 0
146 154 1 0 0 0
154 155 1 1 0 0
155 156 2 1 0 0
155 157 1 0 0 0
157 158 1 0 0 0
158 159 1 0 0 0
159 160 1.5 1 1 0
160 161 1.5 1 1 0
161 162 1.5 1 1 0
162 163 1.5 1 1 0
163 164 1.5 1 1 0
157 165 1 0 0 0
165 166 1 1 0 0
166 167 2 1 0 0
166 168 1 0 0 0
168 169 1 0 0 0
169 170 1 0 0 0
170 171 1.5 1 1 0
171 172 1.5 1 1 0
172 173 1.5 1 1 0
173 174 1.5 1 1 0
174 175 1.5 1 1 0
168 176 1 0 0 0
176 177 1 1 0 0
177 178 2 1 0 0
177 179 1 0 0 0
179 180 1 0 0 0
180 181 1 0 0 0
181 182 1.5 1 1 0
182 183 1.5 1 1 0
183 184 1.5 1 1 0
184 185 1.5 1 1 0
185 186 1.5 1 1 0
179 187 1 0 0 0
187 188 1 1 0 0
188 189 2 1 0 0
188 190 1 0 0 0
190 191 1 0 0 0
191 192 1 0 0 0
192 193 1.5 1 1 0
193 194 1.5 1 1 0
194 195 1.5 1 1 0
195 196 1.5 1 1 0
196 197 1.5 1 1 0
190 198 1 0 0 0
198 199 1 1 0 0
199 200 2 1 0 0
199 201 1 0 0 0
201 202 1 0 0 0
202 203 1 0 0 0
203 204 1.5 1 1 0
204 205 1.5 1 1 0
205 206 1.5 1 1 0
206 207 1.5 1 1 0
207 208 1.5 1 1 0
201 209 1 0 0 0
209 210 1 1 0 0
210 211 2 1 0 0
210 212 1 0 0 0
212 213 1 0 0 0
213 214 1 0 0 0
214 215 1.5 1 1 0
215 216 1.5 1 1 0
216 217 1.5 1 1 0
217 218 1.5 1 1 0
218 219 1.5 1 1 0
212 220 1 0 0 0
220 221 1 1 0 0
221 222 2 1 0 0
221 223 1 0 0 0
223 224 1 0 0 0
224 225 1 0 0 0
225 226 1.5 1 1 0
226 227 1.5 1 1 0
227 228 1.5 1 1 0
228 229 1.5 1 1 0
229 230 1.5 1 1 0
223 231 1 0 0 0
231 232 1 1 0 0
232 233 2 1 0 0
232 234 1 0 0 0
234 235 1 0 0 0
235 236 1 0 0 0
236 237 1.5 1 1 0
237 238 1.5 1 1 0
238 239 1.5 1 1 0
239 240 1.5 1 1 0
240 241 1.5 1 1 0
234 242 1 0 0 0
242 243 1 1 0 0
243 244 2 1 0 0
243 245 1 0 0 0
245 246 1 0 0 0
246 247 1 0 0 0
247 248 1.5 1 1 0
248 249 1.5 1 1 0
249 250 1.5 1 1 0
250 251 1.5 1 1 0
251 252 1.5 1 1 0
245 253 1 0 0 0
253 254 1 1 0 0
254 255 2 1 0 0
254 256 1 0 0 0
256 257 1 0 0 0
257 258 1 0 0 0
258 259 1.5 1 1 0
259 260 1.5 1 1 0
260 261 1.5 1 1 0
261 262 1.5 1 1 0
262 263 1.5 1 1 0
256 264 1 0 0 0
264 265 1 1 0 0
265 266 2 1 0 0
265 267 1 0 0 0
267 268 1 0 0 0
268 269 1 0 0 0
269 270 1.5 1 1 0
270 271 1.5 1 1 0
271 272 1.5 1 1 0
272 273 1.5 1 1 0
273 274 1.5 1 1 0
267 275 1 0 0 0
275 276 1 1 0 0
276 277 2 1 0 0
276 278 1 0 0 0
278 279 1 0 0 0
279 280 1 0 0 0
280 281 1.5 1 1 0
281 282 1.5 1 1 0
282 283 1.5 1 1 0
283 284 1.5 1 1 0
284 285 1.5 1 1 0
278 286 1 0 0 0
286 287 1 1 0 0
287 288 2 1 0 0
287 289 1 0 0 0
289 290 1 0 0 0
290 291 1 0 0 0
291 292 1.5 1 1 0
292 293 1.5 1 1 0
293 294 1.5 1 1 0
294 295 1.5 1 1 0
295 296 1.5 1 1 0
289 297 1 0 0 0
297 298 1 1 0 0
298 299 2 1 0 0
298 300 1 0 0 0
300 301 1 0 0 0
301 302 1 0 0 0
302 303 1.5 1 1 0
303 304 1.5 1 1 0
304 305 1.5 1 1 0
305 306 1.5 1 1 0
306 307 1.5 1 1 0
300 308 1 0 0 0
308 309 1 1 0 0
309 310 2 1 0 0
309 311 1 0 0 0
311 312 1 0 0 0
312 313 1 0 0 0
313 314 1.5 1 1 0
314 315 1.5 1 1 0
315 316 1.5 1 1 0
316 317 1.5 1 1 0
317 318 1.5 1 1 0
311 319 1 0 0 0
319 320 1 1 0 0
320 321 2 1 0 0
320 322 1 0 0 0
322 323 1 0 0 0
323 324 1 0 0 0
324 325 1.5 1 1 0
325 326 1.5 1 1 0
326 327 1.5 1 1 0
327 328 1.5 1 1 0
328 329 1.5 1 1 0
322 330 1 0 0 0
330 331 1 1 0 0
331 332 2 1 0 0
331 333 1 0 0 0
333 334 1 0 0 0
334 335 1 0 0 0
335 336 1.5 1 1 0
336 337 1.5 1 1 0
337 338 1.5 1 1 0
338 339 1.5 1 1 0
339 340 1.5 1 1 0
333 341 1 0 0 0
341 342 1 1 0 0
342 343 2 1 0 0
342 344 1 0 0 0
344 345 1 0 0 0
345 346 1 0 0 0
346 347 1.5 1 1 0
347 348 1.5 1 1 0
348 349 1.5 1 1 0
349 350 1.5 1 1 0
350 351 1.5 1 1 0
344 352 1 0 0 0
352 353 1 1 0 0
353 354 2 1 0 0
353 355 1 0 0 0
355 356 1 0 0 0
356 357 1 0 0 0
357 358 1.5 1 1 0
358 359 1.5 1 1 0
359 360 1.5 1 1 0
360 361 1.5 1 1 0
361 362 1.5 1 1 0
355 363 1 0 0 0
363 364 1 1 0 0
364 365 2 1 0 0
364 366 1 0 0 0
366 367 1 0 0 0
367 368 1 0 0 0
368 369 1.5 1 1 0
369 370 1.5 1 1 0
370 371 1.5 1 1 0
371 372 1.5 1 1 0
372 373 1.5 1 1 0
366 374 1 0 0 0
374 375 1 1 0 0
375 376 2 1 0 0
375 377 1 0 0 0
377 378 1 0 0 0
378 379 1 0 0 0
379 380 1.5 1 1 0
380 381 1.5 1 1 0
381 382 1.5 1 1 0
382 383 1.5 1 1 0
383 384 1.5 1 1 0
377 385 1 0 0 0
385 386 1 1 0 0
386 387 2 1 0 0
386 388 1 0 0 0
388 389 1 0 0 0
389 390 1 0 0 0
390 391 1.5 1 1 0
391 392 1.5 1 1 0
392 393 1.5 1 1 0
393 394 1.5 1 1 0
394 395 1.5 1 1 0
388 396 1 0 0 0
396 397 1 1 0 0
397 398 2 1 0 0
397 399 1 0 0 0
399 400 1 0 0 0
400 401 1 0 0 0
401 402 1.5 1 1 0
402 403 1.5 1 1 0
403 404 1.5 1 1 0
404 405 1.5 1 1 0
405 406 1.5 1 1 0
399 407 1 0 0 0
407 408 1 1 0 0
408 409 2 1 0 0
408 410 1 0 0 0
410 411 1 0 0 0
411 412 1 0 0 0
412 413 1.5 1 1 0
413 414 1.5 1 1 0
414 415 1.5 1 1 0
415 416 1.5 1 1 0
416 417 1.5 1 1 0
410 418 1 0 0 0
418 419 1 1 0 0
419 420 2 1 0 0
419 421 1 0 0 0
421 422 1 0 0 0
422 423 1 0 0 0
423 424 1.5 1 1 0
424 425 1.5 1 1 0
425 426 1.5 1 1 0
426 427 1.5 1 1 0
427 428 1.5 1 1 0
421 429 1 0 0 0
429 430 1 1 0 0
430 431 2 1 0 0
430 432 1 0 0 0
432 433 1 0 0 0
433 434 1 0 0 0
434 435 1.5 1 1 0
435 436 1.5 1 1 0
436 437 1.5 1 1 0
437 438 1.5 1 1 0
438 439 1.5 1 1 0
432 440 1 0 0 0
440 441 1 1 0 0
441 442 2 1 0 0
441 443 1 0 0 0
443 444 1 0 0 0
444 445 1 0 0 0
445 446 1.5 1 1 0
446 447 1.5 1 1 0
447 448 1.5 1 1 0
448 449 1.5 1 1 0
449 450 1.5 1 1 0
443 451 1 0 0 0
451 452 1 1 0 0
452 453 2 1 0 0
452 454 1 0 0 0
454 455 1 0 0 0
455 456 1 0 0 0
456 457 1.5 1 1 0
457 458 1.5 1 1 0
458 459 1.5 1 1 0
459 460 1.5 1 1 0
460 461 1.5 1 1 0
454 462 1 0 0 0
462 463 1 1 0 0
463 464 2 1 0 0
463 465 1 0 0 0
465 466 1 0 0 0
466 467 1 0 0 0
467 468 1.5 1 1 0
468 469 1.5 1 1 0
469 470 1.5 1 1 0
470 471 1.5 1 1 0
471 472 1.5 1 1 0
465 473 1 0 0 0
473 474 1 1 0 0
474 475 2 1 0 0
474 476 1 0 0 0
476 477 1 0 0 0
477 478 1 0 0 0
478 479 1.5 1 1 0
479 480 1.5 1 1 0
480 481 1.5 1 1 0
481 482 1.5 1 1 0
482 483 1.5 1 1 0
476 484 1 0 0 0
484 485 1 1 0 0
485 486 2 1 0 0
485 487 1 0 0 0
487 488 1 0 0 0
488 489 1 0 0 0
489 490 1.5 1 1 0
490 491 1.5 1 1 0
491 492 1.5 1 1 0
492 493 1.5 1 1 0
493 494 1.5 1 1 0
487 495 1 0 0 0
495 496 1 1 0 0
496 497 2 1 0 0
496 498 1 0 0 0
498 499 1 0 0 0
499 500 1 0 0 0
500 501 1.5 1 1 0
501 502 1.5 1 1 0
502 503 1.5 1 1 0
503 504 1.5 1 1 0
504 505 1.5 1 1 0
498 506 1 0 0 0
506 507 1 1 0 0
507 508 2 1 0 0
507 509 1 0 0 0
509 510 1 0 0 0
510 511 1 0 0 0
511 512 1.5 1 1 0
512 513 1.5 1 1 0
513 514 1.5 1 1 0
514 515 1.5 1 1 0
515 516 1.5 1 1 0
509 517 1 0 0 0
517 518 1 1 0 0
518 519 2 1 0 0
518 520 1 0 0 0
520 521 1 0 0 0
521 522 1 0 0 0
522 523 1.5 1 1 0
523 524 1.5 1 1 0
524 525 1.5 1 1 0
525 526 1.5 1 1 0
526 527 1.5 1 1 0
520 528 1 0 0 0
528 529 1 1 0 0
529 530 2 1 0 0
529 531 1 0 0 0
531 532 1 0 0 0
532 533 1 0 0 0
533 534 1.5 1 1 0
534 535 1.5 1 1 0
535 536 1.5 1 1 0
536 537 1.5 1 1 0
537 538 1.5 1 1 0
531 539 1 0 0 0
539 540 1 1 0 0
540 541 2 1 0 0
540 542 1 0 0 0
542 543 1 0 0 0
543 544 1 0 0 0
544 545 1.5 1 1 0
545 546 1.5 1 1 0
546 547 1.5 1 1 0
547 548 1.5 1 1 0
548 549 1.5 1 1 0
542 550 1 0 0 0
550 551 1 1 0 0
551 552 2 1 0 0
551 553 1 0 0 0
553 554 1 0 0 0
554 555 1 0 0 0
555 556 1.5 1 1 0
556 557 1.5 1 1 0
557 558 1.5 1 1 0
558 559 1.5 1 1 0
559 560 1.5 1 1 0
553 561 1 0 0 0
561 562 1 1 0 0
562 563 2 1 0 0
562 564 1 0 0 0
564 565 1 0 0 0
565 566 1 0 0 0
566 567 1.5 1 1 0
567 568 1.5 1 1 0
568 569 1.5 1 1 0
569 570 1.5 1 1 0
570 571 1.5 1 1 0
564 572 1 0 0 0
572 573 1 1 0 0
573 574 2 1 0 0
573 575 1 0 0 0
575 576 1 0 0 0
576 577 1 0 0 0
577 578 1.5 1 1 0
578 579 1.5 1 1 0
579 580 1.5 1 1 0
580 581 1.5 1 1 0
581 582 1.5 1 1 0
575 583 1 0 0 0
583 584 1 1 0 0
584 585 2 1 0 0
584 586 1 0 0 0
586 587 1 0 0 0
587 588 1 0 0 0
588 589 1.5 1 1 0
589 590 1.5 1 1 0
590 591 1.5 1 1 0
591 592 1.5 1 1 0
592 593 1.5 1 1 0
586 594 1 0 0 0
594 595 1 1 0 0
595 596 2 1 0 0
595 597 1 0 0 0
597 598 1 0 0 0
598 599 1 0 0 0
599 600 1.5 1 1 0
600 601 1.5 1 1 0
601 602 1.5 1 1 0
602 603 1.5 1 1 0
603 604 1.5 1 1 0
597 605 1 0 0 0
605 606 1 1 0 0
606 607 2 1 0 0
606 608 1 0 0 0
608 609 1 0 0 0
609 610 1 0 0 0
610 611 1.5 1 1 0
611 612 1.5 1 1 0
612 613 1.5 1 1 0
613 614 1.5 1 1 0
614 615 1.5 1 1 0
608 616 1 0 0 0
616 617 1 1 0 0
617 618 2 1 0 0
617 619 1 0 0 0
619 620 1 0 0 0
620 621 1 0 0 0
621 622 1.5 1 1 0
622 623 1.5 1 1 0
623 624 1.5 1 1 0
624 625 1.5 1 1 0
625 626 1.5 1 1 0
619 627 1 0 0 0
627 628 1 1 0 0
628 629 2 1 0 0
628 630 1 0 0 0
630 631 1 0 0 0
631 632 1 0 0 0
632 633 1.5 1 1 0
633 634 1.5 1 1 0
634 635 1.5 1 1 0
635 636 1.5 1 1 0
636 637 1.5 1 1 0
630 638 1 0 0 0
638 639 1 1 0 0
639 640 2 1 0 0
639 641 1 0 0 0
641 642 1 0 0 0
642 643 1 0 0 0
643 644 1.5 1 1 0
644 645 1.5 1 1 0
645 646 1.5 1 1 0
646 647 1.5 1 1 0
647 648 1.5 1 1 0
641 649 1 0 0 0
649 650 1 1 0 0
650 651 2 1 0 0
650 652 1 0 0 0
652 653 1 0 0 0
653 654 1 0 0 0
654 655 1.5 1 1 0
655 656 1.5 1 1 0
656 657 1.5 1 1 0
657 658 1.5 1 1 0
658 659 1.5 1 1 0
652 660 1 0 0 0
660 661 1 1 0 0
661 662 2 1 0 0
661 663 1 0 0 0
663 664 1 0 0 0
664 665 1 0 0 0
665 666 1.5 1 1 0
666 667 1.5 1 1 0
667 668 1.5 1 1 0
668 669 1.5 1 1 0
669 670 1.5 1 1 0
663 671 1 0 0 0
671 672 1 1 0 0
672 673 2 1 0 0
672 674 1 0 0 0
674 675 1 0 0 0
675 676 1 0 0 0
676 677 1.5 1 1 0
677 678 1.5 1 1 0
678 679 1.5 1 1 0
679 680 1.5 1 1 0
680 681 1.5 1 1 0
674 682 1 0 0 0
682 683 1 1 0 0
683 684 2 1 0 0
683 685 1 0 0 0
685 686 1 0 0 0
686 687 1 0 0 0
687 688 1.5 1 1 0
688 689 1.5 1 1 0
689 690 1.5 1 1 0
690 691 1.5 1 1 0
691 692 1.5 1 1 0
685 693 1 0 0 0
693 694 1 1 0 0
694 695 2 1 0 0
694 696 1 0 0 0
696 697 1 0 0 0
697 698 1 0 0 0
698 699 1.5 1 1 0
699 700 1.5 1 1 0
700 701 1.5 1 1 0
701 702 1.5 1 1 0
702 703 1.5 1 1 0
696 704 1 0 0 0
704 705 1 1 0 0
705 706 2 1 0 0
705 707 1 0 0 0
707 708 1 0 0 0
708 709 1 0 0 0
709 710 1.5 1 1 0
710 711 1.5 1 1 0
711 712 1.5 1 1 0
712 713 1.5 1 1 0
713 714 1.5 1 1 0
707 715 1 0 0 0
715 716 1 1 0 0
716 717 2 1 0 0
716 718 1 0 0 0
718 719 1 0 0 0
719 720 1 0 0 0
720 721 1.5 1 1 0
721 722 1.5 1 1 0
722 723 1.5 1 1 0
723 724 1.5 1 1 0
724 725 1.5 1 1 0
718 726 1 0 0 0
726 727 1 1 0 0
727 728 2 1 0 0
727 729 1 0 0 0
729 730 1 0 0 0
730 731 1 0 0 0
731 732 1.5 1 1 0
732 733 1.5 1 1 0
733 734 1.5 1 1 0
734 735 1.5 1 1 0
735 736 1.5 1 1 0
729 737 1 0 0 0
737 738 1 1 0 0
738 739 2 1 0 0
738 740 1 0 0 0
740 741 1 0 0 0
741 742 1 0 0 0
742 743 1.5 1 1 0
743 744 1.5 1 1 0
744 745 1.5 1 1 0
745 746 1.5 1 1 0
746 747 1.5 1 1 0
740 748 1 0 0 0
748 749 1 1 0 0
749 750 2 1 0 0
749 751 1 0 0 0
751 752 1 0 0 0
752 753 1 0 0 0
753 754 1.5 1 1 0
754 755 1.5 1 1 0
755 756 1.5 1 1 0
756 757 1.5 1 1 0
757 758 1.5 1 1 0
751 759 1 0 0 0
759 760 1 1 0 0
760 761 2 1 0 0
760 762 1 0 0 0
762 763 1 0 0 0
763 764 1 0 0 0
764 765 1.5 1 1 0
765 766 1.5 1 1 0
766 767 1.5 1 1 0
767 768 1.5 1 1 0
768 769 1.5 1 1 0
762 770 1 0 0 0
770 771 1 1 0 0
771 772 2 1 0 0
771 773 1 0 0 0
773 774 1 0 0 0
774 775 1 0 0 0
775 776 1.5 1 1 0
776 777 1.5 1 1 0
777 778 1.5 1 1 0
778 779 1.5 1 1 0
779 780 1.5 1 1 0
773 781 1 0 0 0
781 782 1 1 0 0
782 783 2 1 0 0
782 784 1 0 0 0
784 785 1 0 0 0
785 786 1 0 0 0
786 787 1.5 1 1 0
787 788 1.5 1 1 0
788 789 1.5 1 1 0
789 790 1.5 1 1 0
790 791 1.5 1 1 0
784 792 1 0 0 0
792 793 1 1 0 0
793 794 2 1 0 0
793 795 1 0 0 0
795 796 1 0 0 0
796 797 1 0 0 0
797 798 1.5 1 1 0
798 799 1.5 1 1 0
799 800 1.5 1 1 0
800 801 1.5 1 1 0
801 802 1.5 1 1 0
795 803 1 0 0 0
803 804 1 1 0 0
804 805 2 1 0 0
804 806 1 0 0 0
806 807 1 0 0 0
807 808 1 0 0 0
808 809 1.5 1 1 0
809 810 1.5 1 1 0
810 811 1.5 1 1 0
811 812 1.5 1 1 0
812 813 1.5 1 1 0
806 814 1 0 0 0
814 815 1 1 0 0
815 816 2 1 0 0
815 817 1 0 0 0
817 818 1 0 0 0
818 819 1 0 0 0
819 820 1.5 1 1 0
820 821 1.5 1 1 0
821 822 1.5 1 1 0
822 823 1.5 1 1 0
823 824 1.5 1 1 0
817 825 1 0 0 0
825 826 1 1 0 0
826 827 2 1 0 0
826 828 1 0 0 0
828 829 1 0 0 0
829 830 1 0 0 0
830 831 1.5 1 1 0
831 832 1.5 1 1 0
832 833 1.5 1 1 0
833 834 1.5 1 1 0
834 835 1.5 1 1 0
828 836 1 0 0 0
836 837 1 1 0 0
837 838 2 1 0 0
837 839 1 0 0 0
839 840 1 0 0 0
840 841 1 0 0 0
841 842 1.5 1 1 0
842 843 1.5 1 1 0
843 844 1.5 1 1 0
844 845 1.5 1 1 0
845 846 1.5 1 1 0
839 847 1 0 0 0
847 848 1 1 0 0
848 849 2 1 0 0
848 850 1 0 0 0
850 851 1 0 0 0
851 852 1 0 0 0
852 853 1.5 1 1 0
853 854 1.5 1 1 0
854 855 1.5 1 1 0
855 856 1.5 1 1 0
856 857 1.5 1 1 0
850 858 1 0 0 0
858 859 1 1 0 0
859 860 2 1 0 0
859 861 1 0 0 0
861 862 1 0 0 0
862 863 1 0 0 0
863 864 1.5 1 1 0
864 865 1.5 1 1 0
865 866 1.5 1 1 0
866 867 1.5 1 1 0
867 868 1.5 1 1 0
861 869 1 0 0 0
869 870 1 1 0 0
870 871 2 1 0 0
870 872 1 0 0 0
872 873 1 0 0 0
873 874 1 0 0 0
874 875 1.5 1 1 0
875 876 1.5 1 1 0
876 877 1.5 1 1 0
877 878 1.5 1 1 0
878 879 1.5 1 1 0
872 880 1 0 0 0
880 881 1 1 0 0
881 882 2 1 0 0
881 883 1 1 0 0
10 5 1.5 1 1 0
21 16 1.5 1 1 0
32 27 1.5 1 1 0
43 38 1.5 1 1 0
54 49 1.5 1 1 0
65 60 1.5 1 1 0
76 71 1.5 1 1 0
87 82 1.5 1 1 0
98 93 1.5 1 1 0
109 104 1.5 1 1 0
120 115 1.5 1 1 0
131 126 1.5 1 1 0
142 137 1.5 1 1 0
153 148 1.5 1 1 0
164 159 1.5 1 1 0
175 170 1.5 1 1 0
186 181 1.5 1 1 0
197 192 1.5 1 1 0
208 203 1.5 1 1 0
219 214 1.5 1 1 0
230 225 1.5 1 1 0
241 236 1.5 1 1 0
252 247 1.5 1 1 0
263 258 1.5 1 1 0
274 269 1.5 1 1 0
285 280 1.5 1 1 0
296 291 1.5 1 1 0
307 302 1.5 1 1 0
318 313 1.5 1 1 0
329 324 1.5 1 1 0
340 335 1.5 1 1 0
351 346 1.5 1 1 0
362 357 1.5 1 1 0
373 368 1.5 1 1 0
384 379 1.5 1 1 0
395 390 1.5 1 1 0
406 401 1.5 1 1 0
417 412 1.5 1 1 0
428 423 1.5 1 1 0
439 434 1.5 1 1 0
450 445 1.5 1 1 0
461 456 1.5 1 1 0
472 467 1.5 1 1 0
483 478 1.5 1 1 0
494 489 1.5 1 1 0
505 500 1.5 1 1 0
516 511 1.5 1 1 0
527 522 1.5 1 1 0
538 533 1.5 1 1 0
549 544 1.5 1 1 0
560 555 1.5 1 1 0
571 566 1.5 1 1 0
582 577 1.5 1 1 0
593 588 1.5 1 1 0
604 599 1.5 1 1 0
615 610 1.5 1 1 0
626 621 1.5 1 1 0
637 632 1.5 1 1 0
648 643 1.5 1 1 0
659 654 1.5 1 1 0
670 665 1.5 1 1 0
681 676 1.5 1 1 0
692 687 1.5 1 1 0
703 698 1.5 1 1 0
714 709 1.5 1 1 0
725 720 1.5 1 1 0
736 731 1.5 1 1 0
747 742 1.5 1 1 0
758 753 1.5 1 1 0
769 764 1.5 1 1 0
780 775 1.5 1 1 0
791 786 1.5 1 1 0
802 797 1.5 1 1 0
813 808 1.5 1 1 0
824 819 1.5 1 1 0
835 830 1.5 1 1 0
846 841 1.5 1 1 0
857 852 1.5 1 1 0
868 863 1.5 1 1 0
879 874 1.5 1 1 0
1324 1443 1
7 1 2 0 3 0 0 14.007 -0.3678778833 -1.019 2.262 0
6 3 0 0 3 0 0 12.011 0.2398474342 -0.2783 5.007 0
8 1 0 0 3 0 0 15.999 -0.2729440243 -0.1526 0 0
6 3 1 0 4 0 0 12.011 0.1115191055 -0.2051 2.731 1
6 2 2 0 4 0 0 12.011 0.00166322946 -0.0516 2.488 0
6 3 0 0 3 1 1 12.011 -0.04544295338 0.136 3.509 0
6 2 1 0 3 1 1 12.011 -0.05895111168 0.1581 3.35 0
6 2 1 0 3 1 1 12.011 -0.0619927356 0.1581 3.35 0
6 2 1 0 3 1 1 12.011 -0.06224871479 0.1581 3.35 0
6 2 1 0 3 1 1 12.011 -0.0619927356 0.1581 3.35 0
6 2 1 0 3 1 1 12.011 -0.05895111168 0.1581 3.35 0
7 2 1 0 3 0 0 14.007 -0.3421929935 -0.7096 2.173 0
6 3 0 0 3 0 0 12.011 0.243083267 -0.2783 5.007 0
8 1 0 0 3 0 0 15.999 -0.2726906406 -0.1526 0 0
6 3 1 0 4 0 0 12.011 0.1117578675 -0.2051 2.731 1
6 2 2 0 4 0 0 12.011 0.001671685067 -0.0516 2.488 0
6 3 0 0 3 1 1 12.011 -0.04544281377 0.136 3.509 0
6 2 1 0 3 1 1 12.011 -0.0589511106 0.1581 3.35 0
6 2 1 0 3 1 1 12.011 -0.0619927356 0.1581 3.35 0
6 2 1 0 3 1 1 12.011 -0.06224871479 0.1581 3.35 0
6 2 1 0 3 1 1 12.011 -0.0619927356 0.1581 3.35 0
6 2 1 0 3 1 1 12.011 -0.0589511106 0.1581 3.35 0
7 2 1 0 3 0 0 14.007 -0.3421844305 -0.7096 2.173 0
6 3 0 0 3 0 0 12.011 0.2430833907 -0.2783 5.007 0
8 1 0 0 3 0 0 15.999 -0.2726906395 -0.1526 0 0
6 3 1 0 4 0 0 12.011 0.1117578685 -0.2051 2.731 1
6 2 2 0 4 0 0 12.011 0.001671685071 -0.0516 2.488 0
6 3 0 0 3 1 1 12.011 -0.04544281377 0.136 3.509 0
6 2 1 0 3 1 1 12.011 -0.0589511106 0.1581 3.35 0
6 2 1 0 3 1 1 12.011 -0.0619927356 0.1581 3.35 0
6 2 1 0 3 1 1 12.011 -0.06224871479 0.1581 3.35 0
6 2 1 0 3 1 1 12.011 -0.0619927356 0.1581 3.35 0
6 2 1 0 3 1 1 12.011 -0.0589511106 0.1581 3.35 0
7 2 1 0 3 0 0 14.007 -0.3421844305 -0.7096 2.173 0
6 3 0 0 3 0 0 12.011 0.2430833907 -0.2783 5.007 0
8 1 0 0 3 0 0 15.999 -0.2726906395 -0.1526 0 0
6 3 1 0 4 0 0 12.011 0.1117578685 -0.2051 2.731 1
6 2 2 0 4 0 0 12.011 0.001671685071 -0.0516 2.488 0
6 3 0 0 3 1 1 12.011 -0.04544281377 0.136 3.509 0
6 2 1 0 3 1 1 12.011 -0.0589511106 0.1581 3.35 0
6 2 1 0 3 1 1 12.011 -0.0619927356 0.1581 3.35 0
6 2 1 0 3 1 1 12.011 -0.06224871479 0.1581 3.35 0
6 2 1 0 3 1 1 12.011 -0.0619927356 0.1581 3.35 0
6 2 1 0 3 1 1 12.011 -0.0589511106 0.1581 3.35 0
7 2 1 0 3 0 0 14.007 -0.3421844305 -0.7096 2.173 0
6 3 0 0 3 0 0 12.011 0.2430833907 -0.2783 5.007 0
8 1 0 0 3 0 0 15.999 -0.2726906395 -0.1526 0 0
6 3 1 0 4 0 0 12.011 0.1117578685 -0.2051 2.731 1
6 2 2 0 4 0 0 12.011 0.001671685071 -0.0516 2.488 0
6 3 0 0 3 1 1 12.011 -0.04544281377 0.136 3.509 0
6 2 1 0 3 1 1 12.011 -0.0589511106 0.1581 3.35 0
6 2 1 0 3 1 1 12.011 -0.0619927356 0.1581 3.35 0
6 2 1 0 3 1 1 12.011 -0.06224871479 0.1581 3.35 0
6 2 1 0 3 1 1 12.011 -0.0619927356 0.1581 3.35 0
6 2 1 0 3 1 1 12.011 -0.0589511106 0.1581 3.35 0
7 2 1 0 3 0 0 14.007 -0.3421844305 -0.7096 2.173 0
6 3 0 0 3 0 0 12.011 0.2430833907 -0.2783 5.007 0
8 1 0 0 3 0 0 15.999 -0.2726906395 -0.1526 0 0
6 3 1 0 4 0 0 12.011 0.1117578685 -0.2051 2.731 1
6 2 2 0 4 0 0 12.011 0.001671685071 -0.0516 2.488 0
6 3 0 0 3 1 1 12.011 -0.04544281377 0.136 3.509 0
6 2 1 0 3 1 1 12.011 -0.0589511106 0.1581 3.35 0
6 2 1 0 3 1 1 12.011 -0.0619927356 0.1581 3.35 0
6 2 1 0 3 1 1 12.011 -0.06224871479 0.1581 3.35 0
6 2 1 0 3 1 1 12.011 -0.0619927356 0.1581 3.35 0
6 2 1 0 3 1 1 12.011 -0.0589511106 0.1581 3.35 0
7 2 1 0 3 0 0 14.007 -0.3421844305 -0.7096 2.173 0
6 3 0 0 3 0 0 12.011 0.2430833907 -0.2783 5.007 0
8 1 0 0 3 0 0 15.999 -0.2726906395 -0.1526 0 0
6 3 1 0 4 0 0 12.011 0.1117578685 -0.2051 2.731 1
6 2 2 0 4 0 0 12.011 0.001671685071 -0.0516 2.488 0
6 3 0 0 3 1 1 12.011 -0.04544281377 0.136 3.509 0
6 2 1 0 3 1 1 12.011 -0.0589511106 0.1581 3.35 0
6 2 1 0 3 1 1 12.011 -0.0619927356 0.1581 3.35 0
6 2 1 0 3 1 1 12.011 -0.06224871479 0.1581 3.35 0
6 2 1 0 3 1 1 12.011 -0.0619927356 0.1581 3.35 0
6 2 1 0 3 1 1 12.011 -0.0589511106 0.1581 3.35 0
7 2 1 0 3 0 0 14.007 -0.3421844305 -0.7096 2.173 0
6 3 0 0 3 0 0 12.011 0.2430833907 -0.2783 5.007 0
8 1 0 0 3 0 0 15.999 -0.2726906395 -0.1526 0 0
6 3 1 0 4 0 0 12.011 0.1117578685 -0.2051 2.731 1
6 2 2 0 4 0 0 12.011 0.001671685071 -0.0516 2.488 0
6 3 0 0 3 1 1 12.011 -0.04544281377 0.136 3.509 0
6 2 1 0 3 1 1 12.011 -0.0589511106 0.1581 3.35 0
6 2 1 0 3 1 1 12.011 -0.0619927356 0.1581 3.35 0
6 2 1 0 3 1 1 12.011 -0.06224871479 0.1581 3.35 0
6 2 1 0 3 1 1 12.011 -0.0619927356 0.1581 3.35 0
6 2 1 0 3 1 1 12.011 -0.0589511106 0.1581 3.35 0
7 2 1 0 3 0 0 14.007 -0.3421844305 -0.7096 2.173 0
6 3 0 0 3 0 0 12.011 0.2430833907 -0.2783 5.007 0
8 1 0 0 3 0 0 15.999 -0.2726906395 -0.1526 0 0
6 3 1 0 4 0 0 12.011 0.1117578685 -0.2051 2.731 1
6 2 2 0 4 0 0 12.011 0.001671685071 -0.0516 2.488 0
6 3 0 0 3 1 1 12.011 -0.04544281377 0.136 3.509 0
6 2 1 0 3 1 1 12.011 -0.0589511106 0.1581 3.35 0
6 2 1 0 3 1 1 12.011 -0.0619927356 0.1581 3.35 0
6 2 1 0 3 1 1 12.011 -0.06224871479 0.1581 3.35 0
6 2 1 0 3 1 1 12.011 -0.0619927356 0.1581 3.35 0
6 2 1 0 3 1 1 12.011 -0.0589511106 0.1581 3.35 0
7 2 1 0 3 0 0 14.007 -0.3421844305 -0.7096 2.173 0
6 3 0 0 3 0 0 12.011 0.2430833907 -0.2783 5.007 0
8 1 0 0 3 0 0 15.999 -0.2726906395 -0.1526 0 0
6 3 1 0 4 0 0 12.011 0.1117578685 -0.2051 2.731 1
6 2 2 0 4 0 0 12.011 0.001671685071 -0.0516 2.488 0
6 3 0 0 3 1 1 12.011 -0.04544281377 0.136 3.509 0
6 2 1 0 3 1 1 12.011 -0.0589511106 0.1581 3.35 0
6 2 1 0 3 1 1 12.011 -0.0619927356 0.1581 3.35 0
6 2 1 0 3 1 1 12.011 -0.06224871479 0.1581 3.35 0
6 2 1 0 3 1 1 12.011 -0.0619927356 0.1581 3.35 0
6 2 1 0 3 1 1 12.011 -0.0589511106 0.1581 3.35 0
7 2 1 0 3 0 0 14.007 -0.3421844305 -0.7096 2.173 0
6 3 0 0 3 0 0 12.011 0.2430833907 -0.2783 5.007 0
8 1 0 0 3 0 0 15.999 -0.2726906395 -0.1526 0 0
6 3 1 0 4 0 0 12.011 0.1117578685 -0.2051 2.731 1
6 2 2 0 4 0 0 12.011 0.001671685071 -0.0516 2.488 0
6 3 0 0 3 1 1 12.011 -0.04544281377 0.136 3.509 0
6 2 1 0 3 1 1 12.011 -0.0589511106 0.1581 3.35 0
6 2 1 0 3 1 1 12.011 -0.0619927356 0.1581 3.35 0
6 2 1 0 3 1 1 12.011 -0.06224871479 0.1581 3.35 0
6 2 1 0 3 1 1 12.011 -0.0619927356 0.1581 3.35 0
6 2 1 0 3 1 1 12.011 -0.0589511106 0.1581 3.35 0
7 2 1 0 3 0 0 14.007 -0.3421844305 -0.7096 2.173 0
6 3 0 0 3 0 0 12.011 0.2430833907 -0.2783 5.007 0
8 1 0 0 3 0 0 15.999 -0.2726906395 -0.1526 0 0
6 3 1 0 4 0 0 12.011 0.1117578685 -0.2051 2.731 1
6 2 2 0 4 0 0 12.011 0.001671685071 -0.0516 2.488 0
6 3 0 0 3 1 1 12.011 -0.04544281377 0.136 3.509 0
6 2 1 0 3 1 1 12.011 -0.0589511106 0.1581 3.35 0
6 2 1 0 3 1 1 12.011 -0.0619927356 0.1581 3.35 0
6 2 1 0 3 1 1 12.011 -0.06224871479 0.1581 3.35 0
6 2 1 0 3 1 1 12.011 -0.0619927356 0.1581 3.35 0
6 2 1 0 3 1 1 12.011 -0.0589511106 0.1581 3.35 0
7 2 1 0 3 0 0 14.007 -0.3421844305 -0.7096 2.173 0
6 3 0 0 3 0 0 12.011 0.2430833907 -0.2783 5.007 0
8 1 0 0 3 0 0 15.999 -0.2726906395 -0.1526 0 0
6 3 1 0 4 0 0 12.011 0.1117578685 -0.2051 2.731 1
6 2 2 0 4 0 0 12.011 0.001671685071 -0.0516 2.488 0
6 3 0 0 3 1 1 12.011 -0.04544281377 0.136 3.509 0
6 2 1 0 3 1 1 12.011 -0.0589511106 0.1581 3.35 0
6 2 1 0 3 1 1 12.011 -0.0619927356 0.1581 3.35 0
6 2 1 0 3 1 1 12.011 -0.06224871479 0.1581 3.35 0
6 2 1 0 3 1 1 12.011 -0.0619927356 0.1581 3.35 0
6 2 1 0 3 1 1 12.011 -0.0589511106 0.1581 3.35 0
7 2 1 0 3 0 0 14.007 -0.3421844305 -0.7096 2.173 0
6 3 0 0 3 0 0 12.011 0.2430833907 -0.2783 5.007 0
8 1 0 0 3 0 0 15.999 -0.2726906395 -0.1526 0 0
6 3 1 0 4 0 0 12.011 0.1117578685 -0.2051 2.731 1
6 2 2 0 4 0 0 12.011 0.001671685071 -0.0516 2.488 0
6 3 0 0 3 1 1 12.011 -0.04544281377 0.136 3.509 0
6 2 1 0 3 1 1 12.011 -0.0589511106 0.1581 3.35 0
6 2 1 0 3 1 1 12.011 -0.0619927356 0.1581 3.35 0
6 2 1 0 3 1 1 12.011 -0.06224871479 0.1581 3.35 0
6 2 1 0 3 1 1 12.011 -0.0619927356 0.1581 3.35 0
6 2 1 0 3 1 1 12.011 -0.0589511106 0.1581 3.35 0
7 2 1 0 3 0 0 14.007 -0.3421844305 -0.7096 2.173 0
6 3 0 0 3 0 0 12.011 0.2430833907 -0.2783 5.007 0
8 1 0 0 3 0 0 15.999 -0.2726906395 -0.1526 0 0
6 3 1 0 4 0 0 12.011 0.1117578685 -0.2051 2.731 1
6 2 2 0 4 0 0 12.011 0.001671685071 -0.0516 2.488 0
6 3 0 0 3 1 1 12.011 -0.04544281377 0.136 3.509 0
6 2 1 0 3 1 1 12.011 -0.0589511106 0.1581 3.35 0
6 2 1 0 3 1 1 12.011 -0.0619927356 0.1581 3.35 0
6 2 1 0 3 1 1 12.011 -0.06224871479 0.1581 3.35 0
6 2 1 0 3 1 1 12.011 -0.0619927356 0.1581 3.35 0
6 2 1 0 3 1 1 12.011 -0.0589511106 0.1581 3.35 0
7 2 1 0 3 0 0 14.007 -0.3421844305 -0.7096 2.173 0
6 3 0 0 3 0 0 12.011 0.2430833907 -0.2783 5.007 0
8 1 0 0 3 0 0 15.999 -0.2726906395 -0.1526 0 0
6 3 1 0 4 0 0 12.011 0.1117578685 -0.2051 2.731 1
6 2 2 0 4 0 0 12.011 0.001671685071 -0.0516 2.488 0
6 3 0 0 3 1 1 12.011 -0.04544281377 0.136 3.509 0
6 2 1 0 3 1 1 12.011 -0.0589511106 0.1581 3.35 0
6 2 1 0 3 1 1 12.011 -0.0619927356 0.1581 3.35 0
6 2 1 0 3 1 1 12.011 -0.06224871479 0.1581 3.35 0
6 2 1 0 3 1 1 12.011 -0.0619927356 0.1581 3.35 0
6 2 1 0 3 1 1 12.011 -0.0589511106 0.1581 3.35 0
7 2 1 0 3 0 0 14.007 -0.3421844305 -0.7096 2.173 0
6 3 0 0 3 0 0 12.011 0.2430833907 -0.2783 5.007 0
8 1 0 0 3 0 0 15.999 -0.2726906395 -0.1526 0 0
6 3 1 0 4 0 0 12.011 0.1117578685 -0.2051 2.731 1
6 2 2 0 4 0 0 12.011 0.001671685071 -0.0516 2.488 0
6 3 0 0 3 1 1 12.011 -0.04544281377 0.136 3.509 0
6 2 1 0 3 1 1 12.011 -0.0589511106 0.1581 3.35 0
6 2 1 0 3 1 1 12.011 -0.0619927356 0.1581 3.35 0
6 2 1 0 3 1 1 12.011 -0.06224871479 0.1581 3.35 0
6 2 1 0 3 1 1 12.011 -0.0619927356 0.1581 3.35 0
6 2 1 0 3 1 1 12.011 -0.0589511106 0.1581 3.35 0
7 2 1 0 3 0 0 14.007 -0.3421844305 -0.7096 2.173 0
6 3 0 0 3 0 0 12.011 0.2430833907 -0.2783 5.007 0
8 1 0 0 3 0 0 15.999 -0.2726906395 -0.1526 0 0
6 3 1 0 4 0 0 12.011 0.1117578685 -0.2051 2.731 1
6 2 2 0 4 0 0 12.011 0.001671685071 -0.0516 2.488 0
6 3 0 0 3 1 1 12.011 -0.04544281377 0.136 3.509 0
6 2 1 0 3 1 1 12.011 -0.0589511106 0.1581 3.35 0
6 2 1 0 3 1 1 12.011 -0.0619927356 0.1581 3.35 0
6 2 1 0 3 1 1 12.011 -0.06224871479 0.1581 3.35 0
6 2 1 0 3 1 1 12.011 -0.0619927356 0.1581 3.35 0
6 2 1 0 3 1 1 12.011 -0.0589511106 0.1581 3.35 0
7 2 1 0 3 0 0 14.007 -0.3421844305 -0.7096 2.173 0
6 3 0 0 3 0 0 12.011 0.2430833907 -0.2783 5.007 0
8 1 0 0 3 0 0 15.999 -0.2726906395 -0.1526 0 0
6 3 1 0 4 0 0 12.011 0.1117578685 -0.2051 2.731 1
6 2 2 0 4 0 0 12.011 0.001671685071 -0.0516 2.488 0
6 3 0 0 3 1 1 12.011 -0.04544281377 0.136 3.509 0
6 2 1 0 3 1 1 12.011 -0.0589511106 0.1581 3.35 0
6 2 1 0 3 1 1 12.011 -0.0619927356 0.1581 3.35 0
6 2 1 0 3 1 1 12.011 -0.06224871479 0.1581 3.35 0
6 2 1 0 3 1 1 12.011 -0.0619927356 0.1581 3.35 0
6 2 1 0 3 1 1 12.011 -0.0589511106 0.1581 3.35 0
7 2 1 0 3 0 0 14.007 -0.3421844305 -0.7096 2.173 0
6 3 0 0 3 0 0 12.011 0.2430833907 -0.2783 5.007 0
8 1 0 0 3 0 0 15.999 -0.2726906395 -0.1526 0 0
6 3 1 0 4 0 0 12.011 0.1117578685 -0.2051 2.731 1
6 2 2 0 4 0 0 12.011 0.001671685071 -0.0516 2.488 0
6 3 0 0 3 1 1 12.011 -0.04544281377 0.136 3.509 0
6 2 1 0 3 1 1 12.011 -0.0589511106 0.1581 3.35 0
6 2 1 0 3 1 1 12.011 -0.0619927356 0.1581 3.35 0
6 2 1 0 3 1 1 12.011 -0.06224871479 0.1581 3.35 0
6 2 1 0 3 1 1 12.011 -0.0619927356 0.1581 3.35 0
6 2 1 0 3 1 1 12.011 -0.0589511106 0.1581 3.35 0
7 2 1 0 3 0 0 14.007 -0.3421844305 -0.7096 2.173 0
6 3 0 0 3 0 0 12.011 0.2430833907 -0.2783 5.007 0
8 1 0 0 3 0 0 15.999 -0.2726906395 -0.1526 0 0
6 3 1 0 4 0 0 12.011 0.1117578685 -0.2051 2.731 1
6 2 2 0 4 0 0 12.011 0.001671685071 -0.0516 2.488 0
6 3 0 0 3 1 1 12.011 -0.04544281377 0.136 3.509 0
6 2 1 0 3 1 1 12.011 -0.0589511106 0.1581 3.35 0
6 2 1 0 3 1 1 12.011 -0.0619927356 0.1581 3.35 0
6 2 1 0 3 1 1 12.011 -0.06224871479 0.1581 3.35 0
6 2 1 0 3 1 1 12.011 -0.0619927356 0.1581 3.35 0
6 2 1 0 3 1 1 12.011 -0.0589511106 0.1581 3.35 0
7 2 1 0 3 0 0 14.007 -0.3421844305 -0.7096 2.173 0
6 3 0 0 3 0 0 12.011 0.2430833907 -0.2783 5.007 0
8 1 0 0 3 0 0 15.999 -0.2726906395 -0.1526 0 0
6 3 1 0 4 0 0 12.011 0.1117578685 -0.2051 2.731 1
6 2 2 0 4 0 0 12.011 0.001671685071 -0.0516 2.488 0
6 3 0 0 3 1 1 12.011 -0.04544281377 0.136 3.509 0
6 2 1 0 3 1 1 12.011 -0.0589511106 0.1581 3.35 0
6 2 1 0 3 1 1 12.011 -0.0619927356 0.1581 3.35 0
6 2 1 0 3 1 1 12.011 -0.06224871479 0.1581 3.35 0
6 2 1 0 3 1 1 12.011 -0.0619927356 0.1581 3.35 0
6 2 1 0 3 1 1 12.011 -0.0589511106 0.1581 3.35 0
7 2 1 0 3 0 0 14.007 -0.3421844305 -0.7096 2.173 0
6 3 0 0 3 0 0 12.011 0.2430833907 -0.2783 5.007 0
8 1 0 0 3 0 0 15.999 -0.2726906395 -0.1526 0 0
6 3 1 0 4 0 0 12.011 0.1117578685 -0.2051 2.731 1
6 2 2 0 4 0 0 12.011 0.001671685071 -0.0516 2.488 0
6 3 0 0 3 1 1 12.011 -0.04544281377 0.136 3.509 0
6 2 1 0 3 1 1 12.011 -0.0589511106 0.1581 3.35 0
6 2 1 0 3 1 1 12.011 -0.0619927356 0.1581 3.35 0
6 2 1 0 3 1 1 12.011 -0.06224871479 0.1581 3.35 0
6 2 1 0 3 1 1 12.011 -0.0619927356 0.1581 3.35 0
6 2 1 0 3 1 1 12.011 -0.0589511106 0.1581 3.35 0
7 2 1 0 3 0 0 14.007 -0.3421844305 -0.7096 2.173 0
6 3 0 0 3 0 0 12.011 0.2430833907 -0.2783 5.007 0
8 1 0 0 3 0 0 15.999 -0.2726906395 -0.1526 0 0
6 3 1 0 4 0 0 12.011 0.1117578685 -0.2051 2.731 1
6 2 2 0 4 0 0 12.011 0.001671685071 -0.0516 2.488 0
6 3 0 0 3 1 1 12.011 -0.04544281377 0.136 3.509 0
6 2 1 0 3 1 1 12.011 -0.0589511106 0.1581 3.35 0
6 2 1 0 3 1 1 12.011 -0.0619927356 0.1581 3.35 0
6 2 1 0 3 1 1 12.011 -0.06224871479 0.1581 3.35 0
6 2 1 0 3 1 1 12.011 -0.0619927356 0.1581 3.35 0
6 2 1 0 3 1 1 12.011 -0.0589511106 0.1581 3.35 0
7 2 1 0 3 0 0 14.007 -0.3421844305 -0.7096 2.173 0
6 3 0 0 3 0 0 12.011 0.2430833907 -0.2783 5.007 0
8 1 0 0 3 0 0 15.999 -0.2726906395 -0.1526 0 0
6 3 1 0 4 0 0 12.011 0.1117578685 -0.2051 2.731 1
6 2 2 0 4 0 0 12.011 0.001671685071 -0.0516 2.488 0
6 3 0 0 3 1 1 12.011 -0.04544281377 0.136 3.509 0
6 2 1 0 3 1 1 12.011 -0.0589511106 0.1581 3.35 0
6 2 1 0 3 1 1 12.011 -0.0619927356 0.1581 3.35 0
6 2 1 0 3 1 1 12.011 -0.06224871479 0.1581 3.35 0
6 2 1 0 3 1 1 12.011 -0.0619927356 0.1581 3.35 0
6 2 1 0 3 1 1 12.011 -0.0589511106 0.1581 3.35 0
7 2 1 0 3 0 0 14.007 -0.3421844305 -0.7096 2.173 0
6 3 0 0 3 0 0 12.011 0.2430833907 -0.2783 5.007 0
8 1 0 0 3 0 0 15.999 -0.2726906395 -0.1526 0 0
6 3 1 0 4 0 0 12.011 0.1117578685 -0.2051 2.731 1
6 2 2 0 4 0 0 12.011 0.001671685071 -0.0516 2.488 0
6 3 0 0 3 1 1 12.011 -0.04544281377 0.136 3.509 0
6 2 1 0 3 1 1 12.011 -0.0589511106 0.1581 3.35 0
6 2 1 0 3 1 1 12.011 -0.0619927356 0.1581 3.35 0
6 2 1 0 3 1 1 12.011 -0.06224871479 0.1581 3.35 0
6 2 1 0 3 1 1 12.011 -0.0619927356 0.1581 3.35 0
6 2 1 0 3 1 1 12.011 -0.0589511106 0.1581 3.35 0
7 2 1 0 3 0 0 14.007 -0.3421844305 -0.7096 2.173 0
6 3 0 0 3 0 0 12.011 0.2430833907 -0.2783 5.007 0
8 1 0 0 3 0 0 15.999 -0.2726906395 -0.1526 0 0
6 3 1 0 4 0 0 12.011 0.1117578685 -0.2051 2.731 1
6 2 2 0 4 0 0 12.011 0.001671685071 -0.0516 2.488 0
6 3 0 0 3 1 1 12.011 -0.04544281377 0.136 3.509 0
6 2 1 0 3 1 1 12.011 -0.0589511106 0.1581 3.35 0
6 2 1 0 3 1 1 12.011 -0.0619927356 0.1581 3.35 0
6 2 1 0 3 1 1 12.011 -0.06224871479 0.1581 3.35 0
6 2 1 0 3 1 1 12.011 -0.0619927356 0.1581 3.35 0
6 2 1 0 3 1 1 12.011 -0.0589511106 0.1581 3.35 0
7 2 1 0 3 0 0 14.007 -0.3421844305 -0.7096 2.173 0
6 3 0 0 3 0 0 12.011 0.2430833907 -0.2783 5.007 0
8 1 0 0 3 0 0 15.999 -0.2726906395 -0.1526 0 0
6 3 1 0 4 0 0 12.011 0.1117578685 -0.2051 2.731 1
6 2 2 0 4 0 0 12.011 0.001671685071 -0.0516 2.488 0
6 3 0 0 3 1 1 12.011 -0.04544281377 0.136 3.509 0
6 2 1 0 3 1 1 12.011 -0.0589511106 0.1581 3.35 0
6 2 1 0 3 1 1 12.011 -0.0619927356 0.1581 3.35 0
6 2 1 0 3 1 1 12.011 -0.06224871479 0.1581 3.35 0
6 2 1 0 3 1 1 12.011 -0.0619927356 0.1581 3.35 0
6 2 1 0 3 1 1 12.011 -0.0589511106 0.1581 3.35 0
7 2 1 0 3 0 0 14.007 -0.3421844305 -0.7096 2.173 0
6 3 0 0 3 0 0 12.011 0.2430833907 -0.2783 5.007 0
8 1 0 0 3 0 0 15.999 -0.2726906395 -0.1526 0 0
6 3 1 0 4 0 0 12.011 0.1117578685 -0.2051 2.731 1
6 2 2 0 4 0 0 12.011 0.001671685071 -0.0516 2.488 0
6 3 0 0 3 1 1 12.011 -0.04544281377 0.136 3.509 0
6 2 1 0 3 1 1 12.011 -0.0589511106 0.1581 3.35 0
6 2 1 0 3 1 1 12.011 -0.0619927356 0.1581 3.35 0
6 2 1 0 3 1 1 12.011 -0.06224871479 0.1581 3.35 0
6 2 1 0 3 1 1 12.011 -0.0619927356 0.1581 3.35 0
6 2 1 0 3 1 1 12.011 -0.0589511106 0.1581 3.35 0
7 2 1 0 3 0 0 14.007 -0.3421844305 -0.7096 2.173 0
6 3 0 0 3 0 0 12.011 0.2430833907 -0.2783 5.007 0
8 1 0 0 3 0 0 15.999 -0.2726906395 -0.1526 0 0
6 3 1 0 4 0 0 12.011 0.1117578685 -0.2051 2.731 1
6 2 2 0 4 0 0 12.011 0.001671685071 -0.0516 2.488 0
6 3 0 0 3 1 1 12.011 -0.04544281377 0.136 3.509 0
6 2 1 0 3 1 1 12.011 -0.0589511106 0.1581 3.35 0
6 2 1 0 3 1 1 12.011 -0.0619927356 0.1581 3.35 0
6 2 1 0 3 1 1 12.011 -0.06224871479 0.1581 3.35 0
6 2 1 0 3 1 1 12.011 -0.0619927356 0.1581 3.35 0
6 2 1 0 3 1 1 12.011 -0.0589511106 0.1581 3.35 0
7 2 1 0 3 0 0 14.007 -0.3421844305 -0.7096 2.173 0
6 3 0 0 3 0 0 12.011 0.2430833907 -0.2783 5.007 0
8 1 0 0 3 0 0 15.999 -0.2726906395 -0.1526 0 0
6 3 1 0 4 0 0 12.011 0.1117578685 -0.2051 2.731 1
6 2 2 0 4 0 0 12.011 0.001671685071 -0.0516 2.488 0
6 3 0 0 3 1 1 12.011 -0.04544281377 0.136 3.509 0
6 2 1 0 3 1 1 12.011 -0.0589511106 0.1581 3.35 0
6 2 1 0 3 1 1 12.011 -0.0619927356 0.1581 3.35 0
6 2 1 0 3 1 1 12.011 -0.06224871479 0.1581 3.35 0
6 2 1 0 3 1 1 12.011 -0.0619927356 0.1581 3.35 0
6 2 1 0 3 1 1 12.011 -0.0589511106 0.1581 3.35 0
7 2 1 0 3 0 0 14.007 -0.3421844305 -0.7096 2.173 0
6 3 0 0 3 0 0 12.011 0.2430833907 -0.2783 5.007 0
8 1 0 0 3 0 0 15.999 -0.2726906395 -0.1526 0 0
6 3 1 0 4 0 0 12.011 0.1117578685 -0.2051 2.731 1
6 2 2 0 4 0 0 12.011 0.001671685071 -0.0516 2.488 0
6 3 0 0 3 1 1 12.011 -0.04544281377 0.136 3.509 0
6 2 1 0 3 1 1 12.011 -0.0589511106 0.1581 3.35 0
6 2 1 0 3 1 1 12.011 -0.0619927356 0.1581 3.35 0
6 2 1 0 3 1 1 12.011 -0.06224871479 0.1581 3.35 0
6 2 1 0 3 1 1 12.011 -0.0619927356 0.1581 3.35 0
6 2 1 0 3 1 1 12.011 -0.0589511106 0.1581 3.35 0
7 2 1 0 3 0 0 14.007 -0.3421844305 -0.7096 2.173 0
6 3 0 0 3 0 0 12.011 0.2430833907 -0.2783 5.007 0
8 1 0 0 3 0 0 15.999 -0.2726906395 -0.1526 0 0
6 3 1 0 4 0 0 12.011 0.1117578685 -0.2051 2.731 1
6 2 2 0 4 0 0 12.011 0.001671685071 -0.0516 2.488 0
6 3 0 0 3 1 1 12.011 -0.04544281377 0.136 3.509 0
6 2 1 0 3 1 1 12.011 -0.0589511106 0.1581 3.35 0
6 2 1 0 3 1 1 12.011 -0.0619927356 0.1581 3.35 0
6 2 1 0 3 1 1 12.011 -0.06224871479 0.1581 3.35 0
6 2 1 0 3 1 1 12.011 -0.0619927356 0.1581 3.35 0
6 2 1 0 3 1 1 12.011 -0.0589511106 0.1581 3.35 0
7 2 1 0 3 0 0 14.007 -0.3421844305 -0.7096 2.173 0
6 3 0 0 3 0 0 12.011 0.2430833907 -0.2783 5.007 0
8 1 0 0 3 0 0 15.999 -0.2726906395 -0.1526 0 0
6 3 1 0 4 0 0 12.011 0.1117578685 -0.2051 2.731 1
6 2 2 0 4 0 0 12.011 0.001671685071 -0.0516 2.488 0
6 3 0 0 3 1 1 12.011 -0.04544281377 0.136 3.509 0
6 2 1 0 3 1 1 12.011 -0.0589511106 0.1581 3.35 0
6 2 1 0 3 1 1 12.011 -0.0619927356 0.1581 3.35 0
6 2 1 0 3 1 1 12.011 -0.06224871479 0.1581 3.35 0
6 2 1 0 3 1 1 12.011 -0.0619927356 0.1581 3.35 0
6 2 1 0 3 1 1 12.011 -0.0589511106 0.1581 3.35 0
7 2 1 0 3 0 0 14.007 -0.3421844305 -0.7096 2.173 0
6 3 0 0 3 0 0 12.011 0.2430833907 -0.2783 5.007 0
8 1 0 0 3 0 0 15.999 -0.2726906395 -0.1526 0 0
6 3 1 0 4 0 0 12.011 0.1117578685 -0.2051 2.731 1
6 2 2 0 4 0 0 12.011 0.001671685071 -0.0516 2.488 0
6 3 0 0 3 1 1 12.011 -0.04544281377 0.136 3.509 0
6 2 1 0 3 1 1 12.011 -0.0589511106 0.1581 3.35 0
6 2 1 0 3 1 1 12.011 -0.0619927356 0.1581 3.35 0
6 2 1 0 3 1 1 12.011 -0.06224871479 0.1581 3.35 0
6 2 1 0 3 1 1 12.011 -0.0619927356 0.1581 3.35 0
6 2 1 0 3 1 1 12.011 -0.0589511106 0.1581 3.35 0
7 2 1 0 3 0 0 14.007 -0.3421844305 -0.7096 2.173 0
6 3 0 0 3 0 0 12.011 0.2430833907 -0.2783 5.007 0
8 1 0 0 3 0 0 15.999 -0.2726906395 -0.1526 0 0
6 3 1 0 4 0 0 12.011 0.1117578685 -0.2051 2.731 1
6 2 2 0 4 0 0 12.011 0.001671685071 -0.0516 2.488 0
6 3 0 0 3 1 1 12.011 -0.04544281377 0.136 3.509 0
6 2 1 0 3 1 1 12.011 -0.0589511106 0.1581 3.35 0
6 2 1 0 3 1 1 12.011 -0.0619927356 0.1581 3.35 0
6 2 1 0 3 1 1 12.011 -0.06224871479 0.1581 3.35 0
6 2 1 0 3 1 1 12.011 -0.0619927356 0.1581 3.35 0
6 2 1 0 3 1 1 12.011 -0.0589511106 0.1581 3.35 0
7 2 1 0 3 0 0 14.007 -0.3421844305 -0.7096 2.173 0
6 3 0 0 3 0 0 12.011 0.2430833907 -0.2783 5.007 0
8 1 0 0 3 0 0 15.999 -0.2726906395 -0.1526 0 0
6 3 1 0 4 0 0 12.011 0.1117578685 -0.2051 2.731 1
6 2 2 0 4 0 0 12.011 0.001671685071 -0.0516 2.488 0
6 3 0 0 3 1 1 12.011 -0.04544281377 0.136 3.509 0
6 2 1 0 3 1 1 12.011 -0.0589511106 0.1581 3.35 0
6 2 1 0 3 1 1 12.011 -0.0619927356 0.1581 3.35 0
6 2 1 0 3 1 1 12.011 -0.06224871479 0.1581 3.35 0
6 2 1 0 3 1 1 12.011 -0.0619927356 0.1581 3.35 0
6 2 1 0 3 1 1 12.011 -0.0589511106 0.1581 3.35 0
7 2 1 0 3 0 0 14.007 -0.3421844305 -0.7096 2.173 0
6 3 0 0 3 0 0 12.011 0.2430833907 -0.2783 5.007 0
8 1 0 0 3 0 0 15.999 -0.2726906395 -0.1526 0 0
6 3 1 0 4 0 0 12.011 0.1117578685 -0.2051 2.731 1
6 2 2 0 4 0 0 12.011 0.001671685071 -0.0516 2.488 0
6 3 0 0 3 1 1 12.011 -0.04544281377 0.136 3.509 0
6 2 1 0 3 1 1 12.011 -0.0589511106 0.1581 3.35 0
6 2 1 0 3 1 1 12.011 -0.0619927356 0.1581 3.35 0
6 2 1 0 3 1 1 12.011 -0.06224871479 0.1581 3.35 0
6 2 1 0 3 1 1 12.011 -0.0619927356 0.1581 3.35 0
6 2 1 0 3 1 1 12.011 -0.0589511106 0.1581 3.35 0
7 2 1 0 3 0 0 14.007 -0.3421844305 -0.7096 2.173 0
6 3 0 0 3 0 0 12.011 0.2430833907 -0.2783 5.007 0
8 1 0 0 3 0 0 15.999 -0.2726906395 -0.1526 0 0
6 3 1 0 4 0 0 12.011 0.1117578685 -0.2051 2.731 1
6 2 2 0 4 0 0 12.011 0.001671685071 -0.0516 2.488 0
6 3 0 0 3 1 1 12.011 -0.04544281377 0.136 3.509 0
6 2 1 0 3 1 1 12.011 -0.0589511106 0.1581 3.35 0
6 2 1 0 3 1 1 12.011 -0.0619927356 0.1581 3.35 0
6 2 1 0 3 1 1 12.011 -0.06224871479 0.1581 3.35 0
6 2 1 0 3 1 1 12.011 -0.0619927356 0.1581 3.35 0
6 2 1 0 3 1 1 12.011 -0.0589511106 0.1581 3.35 0
7 2 1 0 3 0 0 14.007 -0.3421844305 -0.7096 2.173 0
6 3 0 0 3 0 0 12.011 0.2430833907 -0.2783 5.007 0
8 1 0 0 3 0 0 15.999 -0.2726906395 -0.1526 0 0
6 3 1 0 4 0 0 12.011 0.1117578685 -0.2051 2.731 1
6 2 2 0 4 0 0 12.011 0.001671685071 -0.0516 2.488 0
6 3 0 0 3 1 1 12.011 -0.04544281377 0.136 3.509 0
6 2 1 0 3 1 1 12.011 -0.0589511106 0.1581 3.35 0
6 2 1 0 3 1 1 12.011 -0.0619927356 0.1581 3.35 0
6 2 1 0 3 1 1 12.011 -0.06224871479 0.1581 3.35 0
6 2 1 0 3 1 1 12.011 -0.0619927356 0.1581 3.35 0
6 2 1 0 3 1 1 12.011 -0.0589511106 0.1581 3.35 0
7 2 1 0 3 0 0 14.007 -0.3421844305 -0.7096 2.173 0
6 3 0 0 3 0 0 12.011 0.2430833907 -0.2783 5.007 0
8 1 0 0 3 0 0 15.999 -0.2726906395 -0.1526 0 0
6 3 1 0 4 0 0 12.011 0.1117578685 -0.2051 2.731 1
6 2 2 0 4 0 0 12.011 0.001671685071 -0.0516 2.488 0
6 3 0 0 3 1 1 12.011 -0.04544281377 0.136 3.509 0
6 2 1 0 3 1 1 12.011 -0.0589511106 0.1581 3.35 0
6 2 1 0 3 1 1 12.011 -0.0619927356 0.1581 3.35 0
6 2 1 0 3 1 1 12.011 -0.06224871479 0.1581 3.35 0
6 2 1 0 3 1 1 12.011 -0.0619927356 0.1581 3.35 0
6 2 1 0 3 1 1 12.011 -0.0589511106 0.1581 3.35 0
7 2 1 0 3 0 0 14.007 -0.3421844305 -0.7096 2.173 0
6 3 0 0 3 0 0 12.011 0.2430833907 -0.2783 5.007 0
8 1 0 0 3 0 0 15.999 -0.2726906395 -0.1526 0 0
6 3 1 0 4 0 0 12.011 0.1117578685 -0.2051 2.731 1
6 2 2 0 4 0 0 12.011 0.001671685071 -0.0516 2.488 0
6 3 0 0 3 1 1 12.011 -0.04544281377 0.136 3.509 0
6 2 1 0 3 1 1 12.011 -0.0589511106 0.1581 3.35 0
6 2 1 0 3 1 1 12.011 -0.0619927356 0.1581 3.35 0
6 2 1 0 3 1 1 12.011 -0.06224871479 0.1581 3.35 0
6 2 1 0 3 1 1 12.011 -0.0619927356 0.1581 3.35 0
6 2 1 0 3 1 1 12.011 -0.0589511106 0.1581 3.35 0
7 2 1 0 3 0 0 14.007 -0.3421844305 -0.7096 2.173 0
6 3 0 0 3 0 0 12.011 0.2430833907 -0.2783 5.007 0
8 1 0 0 3 0 0 15.999 -0.2726906395 -0.1526 0 0
6 3 1 0 4 0 0 12.011 0.1117578685 -0.2051 2.731 1
6 2 2 0 4 0 0 12.011 0.001671685071 -0.0516 2.488 0
6 3 0 0 3 1 1 12.011 -0.04544281377 0.136 3.509 0
6 2 1 0 3 1 1 12.011 -0.0589511106 0.1581 3.35 0
6 2 1 0 3 1 1 12.011 -0.0619927356 0.1581 3.35 0
6 2 1 0 3 1 1 12.011 -0.06224871479 0.1581 3.35 0
6 2 1 0 3 1 1 12.011 -0.0619927356 0.1581 3.35 0
6 2 1 0 3 1 1 12.011 -0.0589511106 0.1581 3.35 0
7 2 1 0 3 0 0 14.007 -0.3421844305 -0.7096 2.173 0
6 3 0 0 3 0 0 12.011 0.2430833907 -0.2783 5.007 0
8 1 0 0 3 0 0 15.999 -0.2726906395 -0.1526 0 0
6 3 1 0 4 0 0 12.011 0.1117578685 -0.2051 2.731 1
6 2 2 0 4 0 0 12.011 0.001671685071 -0.0516 2.488 0
6 3 0 0 3 1 1 12.011 -0.04544281377 0.136 3.509 0
6 2 1 0 3 1 1 12.011 -0.0589511106 0.1581 3.35 0
6 2 1 0 3 1 1 12.011 -0.0619927356 0.1581 3.35 0
6 2 1 0 3 1 1 12.011 -0.06224871479 0.1581 3.35 0
6 2 1 0 3 1 1 12.011 -0.0619927356 0.1581 3.35 0
6 2 1 0 3 1 1 12.011 -0.0589511106 0.1581 3.35 0
7 2 1 0 3 0 0 14.007 -0.3421844305 -0.7096 2.173 0
6 3 0 0 3 0 0 12.011 0.2430833907 -0.2783 5.007 0
8 1 0 0 3 0 0 15.999 -0.2726906395 -0.1526 0 0
6 3 1 0 4 0 0 12.011 0.1117578685 -0.2051 2.731 1
6 2 2 0 4 0 0 12.011 0.001671685071 -0.0516 2.488 0
6 3 0 0 3 1 1 12.011 -0.04544281377 0.136 3.509 0
6 2 1 0 3 1 1 12.011 -0.0589511106 0.1581 3.35 0
6 2 1 0 3 1 1 12.011 -0.0619927356 0.1581 3.35 0
6 2 1 0 3 1 1 12.011 -0.06224871479 0.1581 3.35 0
6 2 1 0 3 1 1 12.011 -0.0619927356 0.1581 3.35 0
6 2 1 0 3 1 1 12.011 -0.0589511106 0.1581 3.35 0
7 2 1 0 3 0 0 14.007 -0.3421844305 -0.7096 2.173 0
6 3 0 0 3 0 0 12.011 0.2430833907 -0.2783 5.007 0
8 1 0 0 3 0 0 15.999 -0.2726906395 -0.1526 0 0
6 3 1 0 4 0 0 12.011 0.1117578685 -0.2051 2.731 1
6 2 2 0 4 0 0 12.011 0.001671685071 -0.0516 2.488 0
6 3 0 0 3 1 1 12.011 -0.04544281377 0.136 3.509 0
6 2 1 0 3 1 1 12.011 -0.0589511106 0.1581 3.35 0
6 2 1 0 3 1 1 12.011 -0.0619927356 0.1581 3.35 0
6 2 1 0 3 1 1 12.011 -0.06224871479 0.1581 3.35 0
6 2 1 0 3 1 1 12.011 -0.0619927356 0.1581 3.35 0
6 2 1 0 3 1 1 12.011 -0.0589511106 0.1581 3.35 0
7 2 1 0 3 0 0 14.007 -0.3421844305 -0.7096 2.173 0
6 3 0 0 3 0 0 12.011 0.2430833907 -0.2783 5.007 0
8 1 0 0 3 0 0 15.999 -0.2726906395 -0.1526 0 0
6 3 1 0 4 0 0 12.011 0.1117578685 -0.2051 2.731 1
6 2 2 0 4 0 0 12.011 0.001671685071 -0.0516 2.488 0
6 3 0 0 3 1 1 12.011 -0.04544281377 0.136 3.509 0
6 2 1 0 3 1 1 12.011 -0.0589511106 0.1581 3.35 0
6 2 1 0 3 1 1 12.011 -0.0619927356 0.1581 3.35 0
6 2 1 0 3 1 1 12.011 -0.06224871479 0.1581 3.35 0
6 2 1 0 3 1 1 12.011 -0.0619927356 0.1581 3.35 0
6 2 1 0 3 1 1 12.011 -0.0589511106 0.1581 3.35 0
7 2 1 0 3 0 0 14.007 -0.3421844305 -0.7096 2.173 0
6 3 0 0 3 0 0 12.011 0.2430833907 -0.2783 5.007 0
8 1 0 0 3 0 0 15.999 -0.2726906395 -0.1526 0 0
6 3 1 0 4 0 0 12.011 0.1117578685 -0.2051 2.731 1
6 2 2 0 4 0 0 12.011 0.001671685071 -0.0516 2.488 0
6 3 0 0 3 1 1 12.011 -0.04544281377 0.136 3.509 0
6 2 1 0 3 1 1 12.011 -0.0589511106 0.1581 3.35 0
6 2 1 0 3 1 1 12.011 -0.0619927356 0.1581 3.35 0
6 2 1 0 3 1 1 12.011 -0.06224871479 0.1581 3.35 0
6 2 1 0 3 1 1 12.011 -0.0619927356 0.1581 3.35 0
6 2 1 0 3 1 1 12.011 -0.0589511106 0.1581 3.35 0
7 2 1 0 3 0 0 14.007 -0.3421844305 -0.7096 2.173 0
6 3 0 0 3 0 0 12.011 0.2430833907 -0.2783 5.007 0
8 1 0 0 3 0 0 15.999 -0.2726906395 -0.1526 0 0
6 3 1 0 4 0 0 12.011 0.1117578685 -0.2051 2.731 1
6 2 2 0 4 0 0 12.011 0.001671685071 -0.0516 2.488 0
6 3 0 0 3 1 1 12.011 -0.04544281377 0.136 3.509 0
6 2 1 0 3 1 1 12.011 -0.0589511106 0.1581 3.35 0
6 2 1 0 3 1 1 12.011 -0.0619927356 0.1581 3.35 0
6 2 1 0 3 1 1 12.011 -0.06224871479 0.1581 3.35 0
6 2 1 0 3 1 1 12.011 -0.0619927356 0.1581 3.35 0
6 2 1 0 3 1 1 12.011 -0.0589511106 0.1581 3.35 0
7 2 1 0 3 0 0 14.007 -0.3421844305 -0.7096 2.173 0
6 3 0 0 3 0 0 12.011 0.2430833907 -0.2783 5.007 0
8 1 0 0 3 0 0 15.999 -0.2726906395 -0.1526 0 0
6 3 1 0 4 0 0 12.011 0.1117578685 -0.2051 2.731 1
6 2 2 0 4 0 0 12.011 0.001671685071 -0.0516 2.488 0
6 3 0 0 3 1 1 12.011 -0.04544281377 0.136 3.509 0
6 2 1 0 3 1 1 12.011 -0.0589511106 0.1581 3.35 0
6 2 1 0 3 1 1 12.011 -0.0619927356 0.1581 3.35 0
6 2 1 0 3 1 1 12.011 -0.06224871479 0.1581 3.35 0
6 2 1 0 3 1 1 12.011 -0.0619927356 0.1581 3.35 0
6 2 1 0 3 1 1 12.011 -0.0589511106 0.1581 3.35 0
7 2 1 0 3 0 0 14.007 -0.3421844305 -0.7096 2.173 0
6 3 0 0 3 0 0 12.011 0.2430833907 -0.2783 5.007 0
8 1 0 0 3 0 0 15.999 -0.2726906395 -0.1526 0 0
6 3 1 0 4 0 0 12.011 0.1117578685 -0.2051 2.731 1
6 2 2 0 4 0 0 12.011 0.001671685071 -0.0516 2.488 0
6 3 0 0 3 1 1 12.011 -0.04544281377 0.136 3.509 0
6 2 1 0 3 1 1 12.011 -0.0589511106 0.1581 3.35 0
6 2 1 0 3 1 1 12.011 -0.0619927356 0.1581 3.35 0
6 2 1 0 3 1 1 12.011 -0.06224871479 0.1581 3.35 0
6 2 1 0 3 1 1 12.011 -0.0619927356 0.1581 3.35 0
6 2 1 0 3 1 1 12.011 -0.0589511106 0.1581 3.35 0
7 2 1 0 3 0 0 14.007 -0.3421844305 -0.7096 2.173 0
6 3 0 0 3 0 0 12.011 0.2430833907 -0.2783 5.007 0
8 1 0 0 3 0 0 15.999 -0.2726906395 -0.1526 0 0
6 3 1 0 4 0 0 12.011 0.1117578685 -0.2051 2.731 1
6 2 2 0 4 0 0 12.011 0.001671685071 -0.0516 2.488 0
6 3 0 0 3 1 1 12.011 -0.04544281377 0.136 3.509 0
6 2 1 0 3 1 1 12.011 -0.0589511106 0.1581 3.35 0
6 2 1 0 3 1 1 12.011 -0.0619927356 0.1581 3.35 0
6 2 1 0 3 1 1 12.011 -0.06224871479 0.1581 3.35 0
6 2 1 0 3 1 1 12.011 -0.0619927356 0.1581 3.35 0
6 2 1 0 3 1 1 12.011 -0.0589511106 0.1581 3.35 0
7 2 1 0 3 0 0 14.007 -0.3421844305 -0.7096 2.173 0
6 3 0 0 3 0 0 12.011 0.2430833907 -0.2783 5.007 0
8 1 0 0 3 0 0 15.999 -0.2726906395 -0.1526 0 0
6 3 1 0 4 0 0 12.011 0.1117578685 -0.2051 2.731 1
6 2 2 0 4 0 0 12.011 0.001671685071 -0.0516 2.488 0
6 3 0 0 3 1 1 12.011 -0.04544281377 0.136 3.509 0
6 2 1 0 3 1 1 12.011 -0.0589511106 0.1581 3.35 0
6 2 1 0 3 1 1 12.011 -0.0619927356 0.1581 3.35 0
6 2 1 0 3 1 1 12.011 -0.06224871479 0.1581 3.35 0
6 2 1 0 3 1 1 12.011 -0.0619927356 0.1581 3.35 0
6 2 1 0 3 1 1 12.011 -0.0589511106 0.1581 3.35 0
7 2 1 0 3 0 0 14.007 -0.3421844305 -0.7096 2.173 0
6 3 0 0 3 0 0 12.011 0.2430833907 -0.2783 5.007 0
8 1 0 0 3 0 0 15.999 -0.2726906395 -0.1526 0 0
6 3 1 0 4 0 0 12.011 0.1117578685 -0.2051 2.731 1
6 2 2 0 4 0 0 12.011 0.001671685071 -0.0516 2.488 0
6 3 0 0 3 1 1 12.011 -0.04544281377 0.136 3.509 0
6 2 1 0 3 1 1 12.011 -0.0589511106 0.1581 3.35 0
6 2 1 0 3 1 1 12.011 -0.0619927356 0.1581 3.35 0
6 2 1 0 3 1 1 12.011 -0.06224871479 0.1581 3.35 0
6 2 1 0 3 1 1 12.011 -0.0619927356 0.1581 3.35 0
6 2 1 0 3 1 1 12.011 -0.0589511106 0.1581 3.35 0
7 2 1 0 3 0 0 14.007 -0.3421844305 -0.7096 2.173 0
6 3 0 0 3 0 0 12.011 0.2430833907 -0.2783 5.007 0
8 1 0 0 3 0 0 15.999 -0.2726906395 -0.1526 0 0
6 3 1 0 4 0 0 12.011 0.1117578685 -0.2051 2.731 1
6 2 2 0 4 0 0 12.011 0.001671685071 -0.0516 2.488 0
6 3 0 0 3 1 1 12.011 -0.04544281377 0.136 3.509 0
6 2 1 0 3 1 1 12.011 -0.0589511106 0.1581 3.35 0
6 2 1 0 3 1 1 12.011 -0.0619927356 0.1581 3.35 0
6 2 1 0 3 1 1 12.011 -0.06224871479 0.1581 3.35 0
6 2 1 0 3 1 1 12.011 -0.0619927356 0.1581 3.35 0
6 2 1 0 3 1 1 12.011 -0.0589511106 0.1581 3.35 0
7 2 1 0 3 0 0 14.007 -0.3421844305 -0.7096 2.173 0
6 3 0 0 3 0 0 12.011 0.2430833907 -0.2783 5.007 0
8 1 0 0 3 0 0 15.999 -0.2726906395 -0.1526 0 0
6 3 1 0 4 0 0 12.011 0.1117578685 -0.2051 2.731 1
6 2 2 0 4 0 0 12.011 0.001671685071 -0.0516 2.488 0
6 3 0 0 3 1 1 12.011 -0.04544281377 0.136 3.509 0
6 2 1 0 3 1 1 12.011 -0.0589511106 0.1581 3.35 0
6 2 1 0 3 1 1 12.011 -0.0619927356 0.1581 3.35 0
6 2 1 0 3 1 1 12.011 -0.06224871479 0.1581 3.35 0
6 2 1 0 3 1 1 12.011 -0.0619927356 0.1581 3.35 0
6 2 1 0 3 1 1 12.011 -0.0589511106 0.1581 3.35 0
7 2 1 0 3 0 0 14.007 -0.3421844305 -0.7096 2.173 0
6 3 0 0 3 0 0 12.011 0.2430833907 -0.2783 5.007 0
8 1 0 0 3 0 0 15.999 -0.2726906395 -0.1526 0 0
6 3 1 0 4 0 0 12.011 0.1117578685 -0.2051 2.731 1
6 2 2 0 4 0 0 12.011 0.001671685071 -0.0516 2.488 0
6 3 0 0 3 1 1 12.011 -0.04544281377 0.136 3.509 0
6 2 1 0 3 1 1 12.011 -0.0589511106 0.1581 3.35 0
6 2 1 0 3 1 1 12.011 -0.0619927356 0.1581 3.35 0
6 2 1 0 3 1 1 12.011 -0.06224871479 0.1581 3.35 0
6 2 1 0 3 1 1 12.011 -0.0619927356 0.1581 3.35 0
6 2 1 0 3 1 1 12.011 -0.0589511106 0.1581 3.35 0
7 2 1 0 3 0 0 14.007 -0.3421844305 -0.7096 2.173 0
6 3 0 0 3 0 0 12.011 0.2430833907 -0.2783 5.007 0
8 1 0 0 3 0 0 15.999 -0.2726906395 -0.1526 0 0
6 3 1 0 4 0 0 12.011 0.1117578685 -0.2051 2.731 1
6 2 2 0 4 0 0 12.011 0.001671685071 -0.0516 2.488 0
6 3 0 0 3 1 1 12.011 -0.04544281377 0.136 3.509 0
6 2 1 0 3 1 1 12.011 -0.0589511106 0.1581 3.35 0
6 2 1 0 3 1 1 12.011 -0.0619927356 0.1581 3.35 0
6 2 1 0 3 1 1 12.011 -0.06224871479 0.1581 3.35 0
6 2 1 0 3 1 1 12.011 -0.0619927356 0.1581 3.35 0
6 2 1 0 3 1 1 12.011 -0.0589511106 0.1581 3.35 0
7 2 1 0 3 0 0 14.007 -0.3421844305 -0.7096 2.173 0
6 3 0 0 3 0 0 12.011 0.2430833907 -0.2783 5.007 0
8 1 0 0 3 0 0 15.999 -0.2726906395 -0.1526 0 0
6 3 1 0 4 0 0 12.011 0.1117578685 -0.2051 2.731 1
6 2 2 0 4 0 0 12.011 0.001671685071 -0.0516 2.488 0
6 3 0 0 3 1 1 12.011 -0.04544281377 0.136 3.509 0
6 2 1 0 3 1 1 12.011 -0.0589511106 0.1581 3.35 0
6 2 1 0 3 1 1 12.011 -0.0619927356 0.1581 3.35 0
6 2 1 0 3 1 1 12.011 -0.06224871479 0.1581 3.35 0
6 2 1 0 3 1 1 12.011 -0.0619927356 0.1581 3.35 0
6 2 1 0 3 1 1 12.011 -0.0589511106 0.1581 3.35 0
7 2 1 0 3 0 0 14.007 -0.3421844305 -0.7096 2.173 0
6 3 0 0 3 0 0 12.011 0.2430833907 -0.2783 5.007 0
8 1 0 0 3 0 0 15.999 -0.2726906395 -0.1526 0 0
6 3 1 0 4 0 0 12.011 0.1117578685 -0.2051 2.731 1
6 2 2 0 4 0 0 12.011 0.001671685071 -0.0516 2.488 0
6 3 0 0 3 1 1 12.011 -0.04544281377 0.136 3.509 0
6 2 1 0 3 1 1 12.011 -0.0589511106 0.1581 3.35 0
6 2 1 0 3 1 1 12.011 -0.0619927356 0.1581 3.35 0
6 2 1 0 3 1 1 12.011 -0.06224871479 0.1581 3.35 0
6 2 1 0 3 1 1 12.011 -0.0619927356 0.1581 3.35 0
6 2 1 0 3 1 1 12.011 -0.0589511106 0.1581 3.35 0
7 2 1 0 3 0 0 14.007 -0.3421844305 -0.7096 2.173 0
6 3 0 0 3 0 0 12.011 0.2430833907 -0.2783 5.007 0
8 1 0 0 3 0 0 15.999 -0.2726906395 -0.1526 0 0
6 3 1 0 4 0 0 12.011 0.1117578685 -0.2051 2.731 1
6 2 2 0 4 0 0 12.011 0.001671685071 -0.0516 2.488 0
6 3 0 0 3 1 1 12.011 -0.04544281377 0.136 3.509 0
6 2 1 0 3 1 1 12.011 -0.0589511106 0.1581 3.35 0
6 2 1 0 3 1 1 12.011 -0.0619927356 0.1581 3.35 0
6 2 1 0 3 1 1 12.011 -0.06224871479 0.1581 3.35 0
6 2 1 0 3 1 1 12.011 -0.0619927356 0.1581 3.35 0
6 2 1 0 3 1 1 12.011 -0.0589511106 0.1581 3.35 0
7 2 1 0 3 0 0 14.007 -0.3421844305 -0.7096 2.173 0
6 3 0 0 3 0 0 12.011 0.2430833907 -0.2783 5.007 0
8 1 0 0 3 0 0 15.999 -0.2726906395 -0.1526 0 0
6 3 1 0 4 0 0 12.011 0.1117578685 -0.2051 2.731 1
6 2 2 0 4 0 0 12.011 0.001671685071 -0.0516 2.488 0
6 3 0 0 3 1 1 12.011 -0.04544281377 0.136 3.509 0
6 2 1 0 3 1 1 12.011 -0.0589511106 0.1581 3.35 0
6 2 1 0 3 1 1 12.011 -0.0619927356 0.1581 3.35 0
6 2 1 0 3 1 1 12.011 -0.06224871479 0.1581 3.35 0
6 2 1 0 3 1 1 12.011 -0.0619927356 0.1581 3.35 0
6 2 1 0 3 1 1 12.011 -0.0589511106 0.1581 3.35 0
7 2 1 0 3 0 0 14.007 -0.3421844305 -0.7096 2.173 0
6 3 0 0 3 0 0 12.011 0.2430833907 -0.2783 5.007 0
8 1 0 0 3 0 0 15.999 -0.2726906395 -0.1526 0 0
6 3 1 0 4 0 0 12.011 0.1117578685 -0.2051 2.731 1
6 2 2 0 4 0 0 12.011 0.001671685071 -0.0516 2.488 0
6 3 0 0 3 1 1 12.011 -0.04544281377 0.136 3.509 0
6 2 1 0 3 1 1 12.011 -0.0589511106 0.1581 3.35 0
6 2 1 0 3 1 1 12.011 -0.0619927356 0.1581 3.35 0
6 2 1 0 3 1 1 12.011 -0.06224871479 0.1581 3.35 0
6 2 1 0 3 1 1 12.011 -0.0619927356 0.1581 3.35 0
6 2 1 0 3 1 1 12.011 -0.0589511106 0.1581 3.35 0
7 2 1 0 3 0 0 14.007 -0.3421844305 -0.7096 2.173 0
6 3 0 0 3 0 0 12.011 0.2430833907 -0.2783 5.007 0
8 1 0 0 3 0 0 15.999 -0.2726906395 -0.1526 0 0
6 3 1 0 4 0 0 12.011 0.1117578685 -0.2051 2.731 1
6 2 2 0 4 0 0 12.011 0.001671685071 -0.0516 2.488 0
6 3 0 0 3 1 1 12.011 -0.04544281377 0.136 3.509 0
6 2 1 0 3 1 1 12.011 -0.0589511106 0.1581 3.35 0
6 2 1 0 3 1 1 12.011 -0.0619927356 0.1581 3.35 0
6 2 1 0 3 1 1 12.011 -0.06224871479 0.1581 3.35 0
6 2 1 0 3 1 1 12.011 -0.0619927356 0.1581 3.35 0
6 2 1 0 3 1 1 12.011 -0.0589511106 0.1581 3.35 0
7 2 1 0 3 0 0 14.007 -0.3421844305 -0.7096 2.173 0
6 3 0 0 3 0 0 12.011 0.2430833907 -0.2783 5.007 0
8 1 0 0 3 0 0 15.999 -0.2726906395 -0.1526 0 0
6 3 1 0 4 0 0 12.011 0.1117578685 -0.2051 2.731 1
6 2 2 0 4 0 0 12.011 0.001671685071 -0.0516 2.488 0
6 3 0 0 3 1 1 12.011 -0.04544281377 0.136 3.509 0
6 2 1 0 3 1 1 12.011 -0.0589511106 0.1581 3.35 0
6 2 1 0 3 1 1 12.011 -0.0619927356 0.1581 3.35 0
6 2 1 0 3 1 1 12.011 -0.06224871479 0.1581 3.35 0
6 2 1 0 3 1 1 12.011 -0.0619927356 0.1581 3.35 0
6 2 1 0 3 1 1 12.011 -0.0589511106 0.1581 3.35 0
7 2 1 0 3 0 0 14.007 -0.3421844305 -0.7096 2.173 0
6 3 0 0 3 0 0 12.011 0.2430833907 -0.2783 5.007 0
8 1 0 0 3 0 0 15.999 -0.2726906395 -0.1526 0 0
6 3 1 0 4 0 0 12.011 0.1117578685 -0.2051 2.731 1
6 2 2 0 4 0 0 12.011 0.001671685071 -0.0516 2.488 0
6 3 0 0 3 1 1 12.011 -0.04544281377 0.136 3.509 0
6 2 1 0 3 1 1 12.011 -0.0589511106 0.1581 3.35 0
6 2 1 0 3 1 1 12.011 -0.0619927356 0.1581 3.35 0
6 2 1 0 3 1 1 12.011 -0.06224871479 0.1581 3.35 0
6 2 1 0 3 1 1 12.011 -0.0619927356 0.1581 3.35 0
6 2 1 0 3 1 1 12.011 -0.0589511106 0.1581 3.35 0
7 2 1 0 3 0 0 14.007 -0.3421844305 -0.7096 2.173 0
6 3 0 0 3 0 0 12.011 0.2430833907 -0.2783 5.007 0
8 1 0 0 3 0 0 15.999 -0.2726906395 -0.1526 0 0
6 3 1 0 4 0 0 12.011 0.1117578685 -0.2051 2.731 1
6 2 2 0 4 0 0 12.011 0.001671685071 -0.0516 2.488 0
6 3 0 0 3 1 1 12.011 -0.04544281377 0.136 3.509 0
6 2 1 0 3 1 1 12.011 -0.0589511106 0.1581 3.35 0
6 2 1 0 3 1 1 12.011 -0.0619927356 0.1581 3.35 0
6 2 1 0 3 1 1 12.011 -0.06224871479 0.1581 3.35 0
6 2 1 0 3 1 1 12.011 -0.0619927356 0.1581 3.35 0
6 2 1 0 3 1 1 12.011 -0.0589511106 0.1581 3.35 0
7 2 1 0 3 0 0 14.007 -0.3421844305 -0.7096 2.173 0
6 3 0 0 3 0 0 12.011 0.2430833907 -0.2783 5.007 0
8 1 0 0 3 0 0 15.999 -0.2726906395 -0.1526 0 0
6 3 1 0 4 0 0 12.011 0.1117578685 -0.2051 2.731 1
6 2 2 0 4 0 0 12.011 0.001671685071 -0.0516 2.488 0
6 3 0 0 3 1 1 12.011 -0.04544281377 0.136 3.509 0
6 2 1 0 3 1 1 12.011 -0.0589511106 0.1581 3.35 0
6 2 1 0 3 1 1 12.011 -0.0619927356 0.1581 3.35 0
6 2 1 0 3 1 1 12.011 -0.06224871479 0.1581 3.35 0
6 2 1 0 3 1 1 12.011 -0.0619927356 0.1581 3.35 0
6 2 1 0 3 1 1 12.011 -0.0589511106 0.1581 3.35 0
7 2 1 0 3 0 0 14.007 -0.3421844305 -0.7096 2.173 0
6 3 0 0 3 0 0 12.011 0.2430833907 -0.2783 5.007 0
8 1 0 0 3 0 0 15.999 -0.2726906395 -0.1526 0 0
6 3 1 0 4 0 0 12.011 0.1117578685 -0.2051 2.731 1
6 2 2 0 4 0 0 12.011 0.001671685071 -0.0516 2.488 0
6 3 0 0 3 1 1 12.011 -0.04544281377 0.136 3.509 0
6 2 1 0 3 1 1 12.011 -0.0589511106 0.1581 3.35 0
6 2 1 0 3 1 1 12.011 -0.0619927356 0.1581 3.35 0
6 2 1 0 3 1 1 12.011 -0.06224871479 0.1581 3.35 0
6 2 1 0 3 1 1 12.011 -0.0619927356 0.1581 3.35 0
6 2 1 0 3 1 1 12.011 -0.0589511106 0.1581 3.35 0
7 2 1 0 3 0 0 14.007 -0.3421844305 -0.7096 2.173 0
6 3 0 0 3 0 0 12.011 0.2430833907 -0.2783 5.007 0
8 1 0 0 3 0 0 15.999 -0.2726906395 -0.1526 0 0
6 3 1 0 4 0 0 12.011 0.1117578685 -0.2051 2.731 1
6 2 2 0 4 0 0 12.011 0.001671685071 -0.0516 2.488 0
6 3 0 0 3 1 1 12.011 -0.04544281377 0.136 3.509 0
6 2 1 0 3 1 1 12.011 -0.0589511106 0.1581 3.35 0
6 2 1 0 3 1 1 12.011 -0.0619927356 0.1581 3.35 0
6 2 1 0 3 1 1 12.011 -0.06224871479 0.1581 3.35 0
6 2 1 0 3 1 1 12.011 -0.0619927356 0.1581 3.35 0
6 2 1 0 3 1 1 12.011 -0.0589511106 0.1581 3.35 0
7 2 1 0 3 0 0 14.007 -0.3421844305 -0.7096 2.173 0
6 3 0 0 3 0 0 12.011 0.2430833907 -0.2783 5.007 0
8 1 0 0 3 0 0 15.999 -0.2726906395 -0.1526 0 0
6 3 1 0 4 0 0 12.011 0.1117578685 -0.2051 2.731 1
6 2 2 0 4 0 0 12.011 0.001671685071 -0.0516 2.488 0
6 3 0 0 3 1 1 12.011 -0.04544281377 0.136 3.509 0
6 2 1 0 3 1 1 12.011 -0.0589511106 0.1581 3.35 0
6 2 1 0 3 1 1 12.011 -0.0619927356 0.1581 3.35 0
6 2 1 0 3 1 1 12.011 -0.06224871479 0.1581 3.35 0
6 2 1 0 3 1 1 12.011 -0.0619927356 0.1581 3.35 0
6 2 1 0 3 1 1 12.011 -0.0589511106 0.1581 3.35 0
7 2 1 0 3 0 0 14.007 -0.3421844305 -0.7096 2.173 0
6 3 0 0 3 0 0 12.011 0.2430833907 -0.2783 5.007 0
8 1 0 0 3 0 0 15.999 -0.2726906395 -0.1526 0 0
6 3 1 0 4 0 0 12.011 0.1117578685 -0.2051 2.731 1
6 2 2 0 4 0 0 12.011 0.001671685071 -0.0516 2.488 0
6 3 0 0 3 1 1 12.011 -0.04544281377 0.136 3.509 0
6 2 1 0 3 1 1 12.011 -0.0589511106 0.1581 3.35 0
6 2 1 0 3 1 1 12.011 -0.0619927356 0.1581 3.35 0
6 2 1 0 3 1 1 12.011 -0.06224871479 0.1581 3.35 0
6 2 1 0 3 1 1 12.011 -0.0619927356 0.1581 3.35 0
6 2 1 0 3 1 1 12.011 -0.0589511106 0.1581 3.35 0
7 2 1 0 3 0 0 14.007 -0.3421844305 -0.7096 2.173 0
6 3 0 0 3 0 0 12.011 0.2430833907 -0.2783 5.007 0
8 1 0 0 3 0 0 15.999 -0.2726906395 -0.1526 0 0
6 3 1 0 4 0 0 12.011 0.1117578685 -0.2051 2.731 1
6 2 2 0 4 0 0 12.011 0.001671685071 -0.0516 2.488 0
6 3 0 0 3 1 1 12.011 -0.04544281377 0.136 3.509 0
6 2 1 0 3 1 1 12.011 -0.0589511106 0.1581 3.35 0
6 2 1 0 3 1 1 12.011 -0.0619927356 0.1581 3.35 0
6 2 1 0 3 1 1 12.011 -0.06224871479 0.1581 3.35 0
6 2 1 0 3 1 1 12.011 -0.0619927356 0.1581 3.35 0
6 2 1 0 3 1 1 12.011 -0.0589511106 0.1581 3.35 0
7 2 1 0 3 0 0 14.007 -0.3421844305 -0.7096 2.173 0
6 3 0 0 3 0 0 12.011 0.2430833907 -0.2783 5.007 0
8 1 0 0 3 0 0 15.999 -0.2726906395 -0.1526 0 0
6 3 1 0 4 0 0 12.011 0.1117578685 -0.2051 2.731 1
6 2 2 0 4 0 0 12.011 0.001671685071 -0.0516 2.488 0
6 3 0 0 3 1 1 12.011 -0.04544281377 0.136 3.509 0
6 2 1 0 3 1 1 12.011 -0.0589511106 0.1581 3.35 0
6 2 1 0 3 1 1 12.011 -0.0619927356 0.1581 3.35 0
6 2 1 0 3 1 1 12.011 -0.06224871479 0.1581 3.35 0
6 2 1 0 3 1 1 12.011 -0.0619927356 0.1581 3.35 0
6 2 1 0 3 1 1 12.011 -0.0589511106 0.1581 3.35 0
7 2 1 0 3 0 0 14.007 -0.3421844305 -0.7096 2.173 0
6 3 0 0 3 0 0 12.011 0.2430833907 -0.2783 5.007 0
8 1 0 0 3 0 0 15.999 -0.2726906395 -0.1526 0 0
6 3 1 0 4 0 0 12.011 0.1117578685 -0.2051 2.731 1
6 2 2 0 4 0 0 12.011 0.001671685071 -0.0516 2.488 0
6 3 0 0 3 1 1 12.011 -0.04544281377 0.136 3.509 0
6 2 1 0 3 1 1 12.011 -0.0589511106 0.1581 3.35 0
6 2 1 0 3 1 1 12.011 -0.0619927356 0.1581 3.35 0
6 2 1 0 3 1 1 12.011 -0.06224871479 0.1581 3.35 0
6 2 1 0 3 1 1 12.011 -0.0619927356 0.1581 3.35 0
6 2 1 0 3 1 1 12.011 -0.0589511106 0.1581 3.35 0
7 2 1 0 3 0 0 14.007 -0.3421844305 -0.7096 2.173 0
6 3 0 0 3 0 0 12.011 0.2430833907 -0.2783 5.007 0
8 1 0 0 3 0 0 15.999 -0.2726906395 -0.1526 0 0
6 3 1 0 4 0 0 12.011 0.1117578685 -0.2051 2.731 1
6 2 2 0 4 0 0 12.011 0.001671685071 -0.0516 2.488 0
6 3 0 0 3 1 1 12.011 -0.04544281377 0.136 3.509 0
6 2 1 0 3 1 1 12.011 -0.0589511106 0.1581 3.35 0
6 2 1 0 3 1 1 12.011 -0.0619927356 0.1581 3.35 0
6 2 1 0 3 1 1 12.011 -0.06224871479 0.1581 3.35 0
6 2 1 0 3 1 1 12.011 -0.0619927356 0.1581 3.35 0
6 2 1 0 3 1 1 12.011 -0.0589511106 0.1581 3.35 0
7 2 1 0 3 0 0 14.007 -0.3421844305 -0.7096 2.173 0
6 3 0 0 3 0 0 12.011 0.2430833907 -0.2783 5.007 0
8 1 0 0 3 0 0 15.999 -0.2726906395 -0.1526 0 0
6 3 1 0 4 0 0 12.011 0.1117578685 -0.2051 2.731 1
6 2 2 0 4 0 0 12.011 0.001671685071 -0.0516 2.488 0
6 3 0 0 3 1 1 12.011 -0.04544281377 0.136 3.509 0
6 2 1 0 3 1 1 12.011 -0.0589511106 0.1581 3.35 0
6 2 1 0 3 1 1 12.011 -0.0619927356 0.1581 3.35 0
6 2 1 0 3 1 1 12.011 -0.06224871479 0.1581 3.35 0
6 2 1 0 3 1 1 12.011 -0.0619927356 0.1581 3.35 0
6 2 1 0 3 1 1 12.011 -0.0589511106 0.1581 3.35 0
7 2 1 0 3 0 0 14.007 -0.3421844305 -0.7096 2.173 0
6 3 0 0 3 0 0 12.011 0.2430833907 -0.2783 5.007 0
8 1 0 0 3 0 0 15.999 -0.2726906395 -0.1526 0 0
6 3 1 0 4 0 0 12.011 0.1117578685 -0.2051 2.731 1
6 2 2 0 4 0 0 12.011 0.001671685071 -0.0516 2.488 0
6 3 0 0 3 1 1 12.011 -0.04544281377 0.136 3.509 0
6 2 1 0 3 1 1 12.011 -0.0589511106 0.1581 3.35 0
6 2 1 0 3 1 1 12.011 -0.0619927356 0.1581 3.35 0
6 2 1 0 3 1 1 12.011 -0.06224871479 0.1581 3.35 0
6 2 1 0 3 1 1 12.011 -0.0619927356 0.1581 3.35 0
6 2 1 0 3 1 1 12.011 -0.0589511106 0.1581 3.35 0
7 2 1 0 3 0 0 14.007 -0.3421844305 -0.7096 2.173 0
6 3 0 0 3 0 0 12.011 0.2430833907 -0.2783 5.007 0
8 1 0 0 3 0 0 15.999 -0.2726906395 -0.1526 0 0
6 3 1 0 4 0 0 12.011 0.1117578685 -0.2051 2.731 1
6 2 2 0 4 0 0 12.011 0.001671685071 -0.0516 2.488 0
6 3 0 0 3 1 1 12.011 -0.04544281377 0.136 3.509 0
6 2 1 0 3 1 1 12.011 -0.0589511106 0.1581 3.35 0
6 2 1 0 3 1 1 12.011 -0.0619927356 0.1581 3.35 0
6 2 1 0 3 1 1 12.011 -0.06224871479 0.1581 3.35 0
6 2 1 0 3 1 1 12.011 -0.0619927356 0.1581 3.35 0
6 2 1 0 3 1 1 12.011 -0.0589511106 0.1581 3.35 0
7 2 1 0 3 0 0 14.007 -0.3421844305 -0.7096 2.173 0
6 3 0 0 3 0 0 12.011 0.2430833907 -0.2783 5.007 0
8 1 0 0 3 0 0 15.999 -0.2726906395 -0.1526 0 0
6 3 1 0 4 0 0 12.011 0.1117578685 -0.2051 2.731 1
6 2 2 0 4 0 0 12.011 0.001671685071 -0.0516 2.488 0
6 3 0 0 3 1 1 12.011 -0.04544281377 0.136 3.509 0
6 2 1 0 3 1 1 12.011 -0.0589511106 0.1581 3.35 0
6 2 1 0 3 1 1 12.011 -0.0619927356 0.1581 3.35 0
6 2 1 0 3 1 1 12.011 -0.06224871479 0.1581 3.35 0
6 2 1 0 3 1 1 12.011 -0.0619927356 0.1581 3.35 0
6 2 1 0 3 1 1 12.011 -0.0589511106 0.1581 3.35 0
7 2 1 0 3 0 0 14.007 -0.3421844305 -0.7096 2.173 0
6 3 0 0 3 0 0 12.011 0.2430833907 -0.2783 5.007 0
8 1 0 0 3 0 0 15.999 -0.2726906395 -0.1526 0 0
6 3 1 0 4 0 0 12.011 0.1117578685 -0.2051 2.731 1
6 2 2 0 4 0 0 12.011 0.001671685071 -0.0516 2.488 0
6 3 0 0 3 1 1 12.011 -0.04544281377 0.136 3.509 0
6 2 1 0 3 1 1 12.011 -0.0589511106 0.1581 3.35 0
6 2 1 0 3 1 1 12.011 -0.0619927356 0.1581 3.35 0
6 2 1 0 3 1 1 12.011 -0.06224871479 0.1581 3.35 0
6 2 1 0 3 1 1 12.011 -0.0619927356 0.1581 3.35 0
6 2 1 0 3 1 1 12.011 -0.0589511106 0.1581 3.35 0
7 2 1 0 3 0 0 14.007 -0.3421844305 -0.7096 2.173 0
6 3 0 0 3 0 0 12.011 0.2430833907 -0.2783 5.007 0
8 1 0 0 3 0 0 15.999 -0.2726906395 -0.1526 0 0
6 3 1 0 4 0 0 12.011 0.1117578685 -0.2051 2.731 1
6 2 2 0 4 0 0 12.011 0.001671685071 -0.0516 2.488 0
6 3 0 0 3 1 1 12.011 -0.04544281377 0.136 3.509 0
6 2 1 0 3 1 1 12.011 -0.0589511106 0.1581 3.35 0
6 2 1 0 3 1 1 12.011 -0.0619927356 0.1581 3.35 0
6 2 1 0 3 1 1 12.011 -0.06224871479 0.1581 3.35 0
6 2 1 0 3 1 1 12.011 -0.0619927356 0.1581 3.35 0
6 2 1 0 3 1 1 12.011 -0.0589511106 0.1581 3.35 0
7 2 1 0 3 0 0 14.007 -0.3421844305 -0.7096 2.173 0
6 3 0 0 3 0 0 12.011 0.2430833907 -0.2783 5.007 0
8 1 0 0 3 0 0 15.999 -0.2726906395 -0.1526 0 0
6 3 1 0 4 0 0 12.011 0.1117578685 -0.2051 2.731 1
6 2 2 0 4 0 0 12.011 0.001671685071 -0.0516 2.488 0
6 3 0 0 3 1 1 12.011 -0.04544281377 0.136 3.509 0
6 2 1 0 3 1 1 12.011 -0.0589511106 0.1581 3.35 0
6 2 1 0 3 1 1 12.011 -0.0619927356 0.1581 3.35 0
6 2 1 0 3 1 1 12.011 -0.06224871479 0.1581 3.35 0
6 2 1 0 3 1 1 12.011 -0.0619927356 0.1581 3.35 0
6 2 1 0 3 1 1 12.011 -0.0589511106 0.1581 3.35 0
7 2 1 0 3 0 0 14.007 -0.3421844305 -0.7096 2.173 0
6 3 0 0 3 0 0 12.011 0.2430833907 -0.2783 5.007 0
8 1 0 0 3 0 0 15.999 -0.2726906395 -0.1526 0 0
6 3 1 0 4 0 0 12.011 0.1117578685 -0.2051 2.731 1
6 2 2 0 4 0 0 12.011 0.001671685071 -0.0516 2.488 0
6 3 0 0 3 1 1 12.011 -0.04544281377 0.136 3.509 0
6 2 1 0 3 1 1 12.011 -0.0589511106 0.1581 3.35 0
6 2 1 0 3 1 1 12.011 -0.0619927356 0.1581 3.35 0
6 2 1 0 3 1 1 12.011 -0.06224871479 0.1581 3.35 0
6 2 1 0 3 1 1 12.011 -0.0619927356 0.1581 3.35 0
6 2 1 0 3 1 1 12.011 -0.0589511106 0.1581 3.35 0
7 2 1 0 3 0 0 14.007 -0.3421844305 -0.7096 2.173 0
6 3 0 0 3 0 0 12.011 0.2430833907 -0.2783 5.007 0
8 1 0 0 3 0 0 15.999 -0.2726906395 -0.1526 0 0
6 3 1 0 4 0 0 12.011 0.1117578685 -0.2051 2.731 1
6 2 2 0 4 0 0 12.011 0.001671685071 -0.0516 2.488 0
6 3 0 0 3 1 1 12.011 -0.04544281377 0.136 3.509 0
6 2 1 0 3 1 1 12.011 -0.0589511106 0.1581 3.35 0
6 2 1 0 3 1 1 12.011 -0.0619927356 0.1581 3.35 0
6 2 1 0 3 1 1 12.011 -0.06224871479 0.1581 3.35 0
6 2 1 0 3 1 1 12.011 -0.0619927356 0.1581 3.35 0
6 2 1 0 3 1 1 12.011 -0.0589511106 0.1581 3.35 0
7 2 1 0 3 0 0 14.007 -0.3421844305 -0.7096 2.173 0
6 3 0 0 3 0 0 12.011 0.2430833907 -0.2783 5.007 0
8 1 0 0 3 0 0 15.999 -0.2726906395 -0.1526 0 0
6 3 1 0 4 0 0 12.011 0.1117578685 -0.2051 2.731 1
6 2 2 0 4 0 0 12.011 0.001671685071 -0.0516 2.488 0
6 3 0 0 3 1 1 12.011 -0.04544281377 0.136 3.509 0
6 2 1 0 3 1 1 12.011 -0.0589511106 0.1581 3.35 0
6 2 1 0 3 1 1 12.011 -0.0619927356 0.1581 3.35 0
6 2 1 0 3 1 1 12.011 -0.06224871479 0.1581 3.35 0
6 2 1 0 3 1 1 12.011 -0.0619927356 0.1581 3.35 0
6 2 1 0 3 1 1 12.011 -0.0589511106 0.1581 3.35 0
7 2 1 0 3 0 0 14.007 -0.3421844305 -0.7096 2.173 0
6 3 0 0 3 0 0 12.011 0.2430833907 -0.2783 5.007 0
8 1 0 0 3 0 0 15.999 -0.2726906395 -0.1526 0 0
6 3 1 0 4 0 0 12.011 0.1117578685 -0.2051 2.731 1
6 2 2 0 4 0 0 12.011 0.001671685071 -0.0516 2.488 0
6 3 0 0 3 1 1 12.011 -0.04544281377 0.136 3.509 0
6 2 1 0 3 1 1 12.011 -0.0589511106 0.1581 3.35 0
6 2 1 0 3 1 1 12.011 -0.0619927356 0.1581 3.35 0
6 2 1 0 3 1 1 12.011 -0.06224871479 0.1581 3.35 0
6 2 1 0 3 1 1 12.011 -0.0619927356 0.1581 3.35 0
6 2 1 0 3 1 1 12.011 -0.0589511106 0.1581 3.35 0
7 2 1 0 3 0 0 14.007 -0.3421844305 -0.7096 2.173 0
6 3 0 0 3 0 0 12.011 0.2430833907 -0.2783 5.007 0
8 1 0 0 3 0 0 15.999 -0.2726906395 -0.1526 0 0
6 3 1 0 4 0 0 12.011 0.1117578685 -0.2051 2.731 1
6 2 2 0 4 0 0 12.011 0.001671685071 -0.0516 2.488 0
6 3 0 0 3 1 1 12.011 -0.04544281377 0.136 3.509 0
6 2 1 0 3 1 1 12.011 -0.0589511106 0.1581 3.35 0
6 2 1 0 3 1 1 12.011 -0.0619927356 0.1581 3.35 0
6 2 1 0 3 1 1 12.011 -0.06224871479 0.1581 3.35 0
6 2 1 0 3 1 1 12.011 -0.0619927356 0.1581 3.35 0
6 2 1 0 3 1 1 12.011 -0.0589511106 0.1581 3.35 0
7 2 1 0 3 0 0 14.007 -0.3421844305 -0.7096 2.173 0
6 3 0 0 3 0 0 12.011 0.2430833907 -0.2783 5.007 0
8 1 0 0 3 0 0 15.999 -0.2726906395 -0.1526 0 0
6 3 1 0 4 0 0 12.011 0.1117578685 -0.2051 2.731 1
6 2 2 0 4 0 0 12.011 0.001671685071 -0.0516 2.488 0
6 3 0 0 3 1 1 12.011 -0.04544281377 0.136 3.509 0
6 2 1 0 3 1 1 12.011 -0.0589511106 0.1581 3.35 0
6 2 1 0 3 1 1 12.011 -0.0619927356 0.1581 3.35 0
6 2 1 0 3 1 1 12.011 -0.06224871479 0.1581 3.35 0
6 2 1 0 3 1 1 12.011 -0.0619927356 0.1581 3.35 0
6 2 1 0 3 1 1 12.011 -0.0589511106 0.1581 3.35 0
7 2 1 0 3 0 0 14.007 -0.3421844305 -0.7096 2.173 0
6 3 0 0 3 0 0 12.011 0.2430833907 -0.2783 5.007 0
8 1 0 0 3 0 0 15.999 -0.2726906395 -0.1526 0 0
6 3 1 0 4 0 0 12.011 0.1117578685 -0.2051 2.731 1
6 2 2 0 4 0 0 12.011 0.001671685071 -0.0516 2.488 0
6 3 0 0 3 1 1 12.011 -0.04544281377 0.136 3.509 0
6 2 1 0 3 1 1 12.011 -0.0589511106 0.1581 3.35 0
6 2 1 0 3 1 1 12.011 -0.0619927356 0.1581 3.35 0
6 2 1 0 3 1 1 12.011 -0.06224871479 0.1581 3.35 0
6 2 1 0 3 1 1 12.011 -0.0619927356 0.1581 3.35 0
6 2 1 0 3 1 1 12.011 -0.0589511106 0.1581 3.35 0
7 2 1 0 3 0 0 14.007 -0.3421844305 -0.7096 2.173 0
6 3 0 0 3 0 0 12.011 0.2430833907 -0.2783 5.007 0
8 1 0 0 3 0 0 15.999 -0.2726906395 -0.1526 0 0
6 3 1 0 4 0 0 12.011 0.1117578685 -0.2051 2.731 1
6 2 2 0 4 0 0 12.011 0.001671685071 -0.0516 2.488 0
6 3 0 0 3 1 1 12.011 -0.04544281377 0.136 3.509 0
6 2 1 0 3 1 1 12.011 -0.0589511106 0.1581 3.35 0
6 2 1 0 3 1 1 12.011 -0.0619927356 0.1581 3.35 0
6 2 1 0 3 1 1 12.011 -0.06224871479 0.1581 3.35 0
6 2 1 0 3 1 1 12.011 -0.0619927356 0.1581 3.35 0
6 2 1 0 3 1 1 12.011 -0.0589511106 0.1581 3.35 0
7 2 1 0 3 0 0 14.007 -0.3421844305 -0.7096 2.173 0
6 3 0 0 3 0 0 12.011 0.2430833907 -0.2783 5.007 0
8 1 0 0 3 0 0 15.999 -0.2726906395 -0.1526 0 0
6 3 1 0 4 0 0 12.011 0.1117578685 -0.2051 2.731 1
6 2 2 0 4 0 0 12.011 0.001671685071 -0.0516 2.488 0
6 3 0 0 3 1 1 12.011 -0.04544281377 0.136 3.509 0
6 2 1 0 3 1 1 12.011 -0.0589511106 0.1581 3.35 0
6 2 1 0 3 1 1 12.011 -0.0619927356 0.1581 3.35 0
6 2 1 0 3 1 1 12.011 -0.06224871479 0.1581 3.35 0
6 2 1 0 3 1 1 12.011 -0.0619927356 0.1581 3.35 0
6 2 1 0 3 1 1 12.011 -0.0589511106 0.1581 3.35 0
7 2 1 0 3 0 0 14.007 -0.3421844305 -0.7096 2.173 0
6 3 0 0 3 0 0 12.011 0.2430833907 -0.2783 5.007 0
8 1 0 0 3 0 0 15.999 -0.2726906395 -0.1526 0 0
6 3 1 0 4 0 0 12.011 0.1117578685 -0.2051 2.731 1
6 2 2 0 4 0 0 12.011 0.001671685071 -0.0516 2.488 0
6 3 0 0 3 1 1 12.011 -0.04544281377 0.136 3.509 0
6 2 1 0 3 1 1 12.011 -0.0589511106 0.1581 3.35 0
6 2 1 0 3 1 1 12.011 -0.0619927356 0.1581 3.35 0
6 2 1 0 3 1 1 12.011 -0.06224871479 0.1581 3.35 0
6 2 1 0 3 1 1 12.011 -0.0619927356 0.1581 3.35 0
6 2 1 0 3 1 1 12.011 -0.0589511106 0.1581 3.35 0
7 2 1 0 3 0 0 14.007 -0.3421844305 -0.7096 2.173 0
6 3 0 0 3 0 0 12.011 0.2430833907 -0.2783 5.007 0
8 1 0 0 3 0 0 15.999 -0.2726906395 -0.1526 0 0
6 3 1 0 4 0 0 12.011 0.1117578685 -0.2051 2.731 1
6 2 2 0 4 0 0 12.011 0.001671685071 -0.0516 2.488 0
6 3 0 0 3 1 1 12.011 -0.04544281377 0.136 3.509 0
6 2 1 0 3 1 1 12.011 -0.0589511106 0.1581 3.35 0
6 2 1 0 3 1 1 12.011 -0.0619927356 0.1581 3.35 0
6 2 1 0 3 1 1 12.011 -0.06224871479 0.1581 3.35 0
6 2 1 0 3 1 1 12.011 -0.0619927356 0.1581 3.35 0
6 2 1 0 3 1 1 12.011 -0.0589511106 0.1581 3.35 0
7 2 1 0 3 0 0 14.007 -0.3421844305 -0.7096 2.173 0
6 3 0 0 3 0 0 12.011 0.2430833907 -0.2783 5.007 0
8 1 0 0 3 0 0 15.999 -0.2726906395 -0.1526 0 0
6 3 1 0 4 0 0 12.011 0.1117578685 -0.2051 2.731 1
6 2 2 0 4 0 0 12.011 0.001671685071 -0.0516 2.488 0
6 3 0 0 3 1 1 12.011 -0.04544281377 0.136 3.509 0
6 2 1 0 3 1 1 12.011 -0.0589511106 0.1581 3.35 0
6 2 1 0 3 1 1 12.011 -0.0619927356 0.1581 3.35 0
6 2 1 0 3 1 1 12.011 -0.06224871479 0.1581 3.35 0
6 2 1 0 3 1 1 12.011 -0.0619927356 0.1581 3.35 0
6 2 1 0 3 1 1 12.011 -0.0589511106 0.1581 3.35 0
7 2 1 0 3 0 0 14.007 -0.3421844305 -0.7096 2.173 0
6 3 0 0 3 0 0 12.011 0.2430833907 -0.2783 5.007 0
8 1 0 0 3 0 0 15.999 -0.2726906395 -0.1526 0 0
6 3 1 0 4 0 0 12.011 0.1117578685 -0.2051 2.731 1
6 2 2 0 4 0 0 12.011 0.001671685071 -0.0516 2.488 0
6 3 0 0 3 1 1 12.011 -0.04544281377 0.136 3.509 0
6 2 1 0 3 1 1 12.011 -0.0589511106 0.1581 3.35 0
6 2 1 0 3 1 1 12.011 -0.0619927356 0.1581 3.35 0
6 2 1 0 3 1 1 12.011 -0.06224871479 0.1581 3.35 0
6 2 1 0 3 1 1 12.011 -0.0619927356 0.1581 3.35 0
6 2 1 0 3 1 1 12.011 -0.0589511106 0.1581 3.35 0
7 2 1 0 3 0 0 14.007 -0.3421844305 -0.7096 2.173 0
6 3 0 0 3 0 0 12.011 0.2430833907 -0.2783 5.007 0
8 1 0 0 3 0 0 15.999 -0.2726906395 -0.1526 0 0
6 3 1 0 4 0 0 12.011 0.1117578685 -0.2051 2.731 1
6 2 2 0 4 0 0 12.011 0.001671685071 -0.0516 2.488 0
6 3 0 0 3 1 1 12.011 -0.04544281377 0.136 3.509 0
6 2 1 0 3 1 1 12.011 -0.0589511106 0.1581 3.35 0
6 2 1 0 3 1 1 12.011 -0.0619927356 0.1581 3.35 0
6 2 1 0 3 1 1 12.011 -0.06224871479 0.1581 3.35 0
6 2 1 0 3 1 1 12.011 -0.0619927356 0.1581 3.35 0
6 2 1 0 3 1 1 12.011 -0.0589511106 0.1581 3.35 0
7 2 1 0 3 0 0 14.007 -0.3421844305 -0.7096 2.173 0
6 3 0 0 3 0 0 12.011 0.2430833907 -0.2783 5.007 0
8 1 0 0 3 0 0 15.999 -0.2726906395 -0.1526 0 0
6 3 1 0 4 0 0 12.011 0.1117578685 -0.2051 2.731 1
6 2 2 0 4 0 0 12.011 0.001671685071 -0.0516 2.488 0
6 3 0 0 3 1 1 12.011 -0.04544281377 0.136 3.509 0
6 2 1 0 3 1 1 12.011 -0.0589511106 0.1581 3.35 0
6 2 1 0 3 1 1 12.011 -0.0619927356 0.1581 3.35 0
6 2 1 0 3 1 1 12.011 -0.06224871479 0.1581 3.35 0
6 2 1 0 3 1 1 12.011 -0.0619927356 0.1581 3.35 0
6 2 1 0 3 1 1 12.011 -0.0589511106 0.1581 3.35 0
7 2 1 0 3 0 0 14.007 -0.3421844305 -0.7096 2.173 0
6 3 0 0 3 0 0 12.011 0.2430833907 -0.2783 5.007 0
8 1 0 0 3 0 0 15.999 -0.2726906395 -0.1526 0 0
6 3 1 0 4 0 0 12.011 0.1117578685 -0.2051 2.731 1
6 2 2 0 4 0 0 12.011 0.001671685071 -0.0516 2.488 0
6 3 0 0 3 1 1 12.011 -0.04544281377 0.136 3.509 0
6 2 1 0 3 1 1 12.011 -0.0589511106 0.1581 3.35 0
6 2 1 0 3 1 1 12.011 -0.0619927356 0.1581 3.35 0
6 2 1 0 3 1 1 12.011 -0.06224871479 0.1581 3.35 0
6 2 1 0 3 1 1 12.011 -0.0619927356 0.1581 3.35 0
6 2 1 0 3 1 1 12.011 -0.0589511106 0.1581 3.35 0
7 2 1 0 3 0 0 14.007 -0.3421844305 -0.7096 2.173 0
6 3 0 0 3 0 0 12.011 0.2430833907 -0.2783 5.007 0
8 1 0 0 3 0 0 15.999 -0.2726906395 -0.1526 0 0
6 3 1 0 4 0 0 12.011 0.1117578685 -0.2051 2.731 1
6 2 2 0 4 0 0 12.011 0.001671685071 -0.0516 2.488 0
6 3 0 0 3 1 1 12.011 -0.04544281377 0.136 3.509 0
6 2 1 0 3 1 1 12.011 -0.0589511106 0.1581 3.35 0
6 2 1 0 3 1 1 12.011 -0.0619927356 0.1581 3.35 0
6 2 1 0 3 1 1 12.011 -0.06224871479 0.1581 3.35 0
6 2 1 0 3 1 1 12.011 -0.0619927356 0.1581 3.35 0
6 2 1 0 3 1 1 12.011 -0.0589511106 0.1581 3.35 0
7 2 1 0 3 0 0 14.007 -0.3421844305 -0.7096 2.173 0
6 3 0 0 3 0 0 12.011 0.2430833907 -0.2783 5.007 0
8 1 0 0 3 0 0 15.999 -0.2726906395 -0.1526 0 0
6 3 1 0 4 0 0 12.011 0.1117578685 -0.2051 2.731 1
6 2 2 0 4 0 0 12.011 0.001671685071 -0.0516 2.488 0
6 3 0 0 3 1 1 12.011 -0.04544281377 0.136 3.509 0
6 2 1 0 3 1 1 12.011 -0.0589511106 0.1581 3.35 0
6 2 1 0 3 1 1 12.011 -0.0619927356 0.1581 3.35 0
6 2 1 0 3 1 1 12.011 -0.06224871479 0.1581 3.35 0
6 2 1 0 3 1 1 12.011 -0.0619927356 0.1581 3.35 0
6 2 1 0 3 1 1 12.011 -0.0589511106 0.1581 3.35 0
7 2 1 0 3 0 0 14.007 -0.3421844305 -0.7096 2.173 0
6 3 0 0 3 0 0 12.011 0.2430833907 -0.2783 5.007 0
8 1 0 0 3 0 0 15.999 -0.2726906395 -0.1526 0 0
6 3 1 0 4 0 0 12.011 0.1117578685 -0.2051 2.731 1
6 2 2 0 4 0 0 12.011 0.001671685071 -0.0516 2.488 0
6 3 0 0 3 1 1 12.011 -0.04544281377 0.136 3.509 0
6 2 1 0 3 1 1 12.011 -0.0589511106 0.1581 3.35 0
6 2 1 0 3 1 1 12.011 -0.0619927356 0.1581 3.35 0
6 2 1 0 3 1 1 12.011 -0.06224871479 0.1581 3.35 0
6 2 1 0 3 1 1 12.011 -0.0619927356 0.1581 3.35 0
6 2 1 0 3 1 1 12.011 -0.0589511106 0.1581 3.35 0
7 2 1 0 3 0 0 14.007 -0.3421844305 -0.7096 2.173 0
6 3 0 0 3 0 0 12.011 0.2430833907 -0.2783 5.007 0
8 1 0 0 3 0 0 15.999 -0.2726906395 -0.1526 0 0
6 3 1 0 4 0 0 12.011 0.1117578685 -0.2051 2.731 1
6 2 2 0 4 0 0 12.011 0.001671685071 -0.0516 2.488 0
6 3 0 0 3 1 1 12.011 -0.04544281377 0.136 3.509 0
6 2 1 0 3 1 1 12.011 -0.0589511106 0.1581 3.35 0
6 2 1 0 3 1 1 12.011 -0.0619927356 0.1581 3.35 0
6 2 1 0 3 1 1 12.011 -0.06224871479 0.1581 3.35 0
6 2 1 0 3 1 1 12.011 -0.0619927356 0.1581 3.35 0
6 2 1 0 3 1 1 12.011 -0.0589511106 0.1581 3.35 0
7 2 1 0 3 0 0 14.007 -0.3421844305 -0.7096 2.173 0
6 3 0 0 3 0 0 12.011 0.2430833907 -0.2783 5.007 0
8 1 0 0 3 0 0 15.999 -0.2726906395 -0.1526 0 0
6 3 1 0 4 0 0 12.011 0.1117578685 -0.2051 2.731 1
6 2 2 0 4 0 0 12.011 0.001671685071 -0.0516 2.488 0
6 3 0 0 3 1 1 12.011 -0.04544281377 0.136 3.509 0
6 2 1 0 3 1 1 12.011 -0.0589511106 0.1581 3.35 0
6 2 1 0 3 1 1 12.011 -0.0619927356 0.1581 3.35 0
6 2 1 0 3 1 1 12.011 -0.06224871479 0.1581 3.35 0
6 2 1 0 3 1 1 12.011 -0.0619927356 0.1581 3.35 0
6 2 1 0 3 1 1 12.011 -0.0589511106 0.1581 3.35 0
7 2 1 0 3 0 0 14.007 -0.3421844305 -0.7096 2.173 0
6 3 0 0 3 0 0 12.011 0.2430833907 -0.2783 5.007 0
8 1 0 0 3 0 0 15.999 -0.2726906395 -0.1526 0 0
6 3 1 0 4 0 0 12.011 0.1117578685 -0.2051 2.731 1
6 2 2 0 4 0 0 12.011 0.001671685071 -0.0516 2.488 0
6 3 0 0 3 1 1 12.011 -0.04544281377 0.136 3.509 0
6 2 1 0 3 1 1 12.011 -0.0589511106 0.1581 3.35 0
6 2 1 0 3 1 1 12.011 -0.0619927356 0.1581 3.35 0
6 2 1 0 3 1 1 12.011 -0.06224871479 0.1581 3.35 0
6 2 1 0 3 1 1 12.011 -0.0619927356 0.1581 3.35 0
6 2 1 0 3 1 1 12.011 -0.0589511106 0.1581 3.35 0
7 2 1 0 3 0 0 14.007 -0.3421844305 -0.7096 2.173 0
6 3 0 0 3 0 0 12.011 0.2430833907 -0.2783 5.007 0
8 1 0 0 3 0 0 15.999 -0.2726906395 -0.1526 0 0
6 3 1 0 4 0 0 12.011 0.1117578685 -0.2051 2.731 1
6 2 2 0 4 0 0 12.011 0.001671685071 -0.0516 2.488 0
6 3 0 0 3 1 1 12.011 -0.04544281377 0.136 3.509 0
6 2 1 0 3 1 1 12.011 -0.0589511106 0.1581 3.35 0
6 2 1 0 3 1 1 12.011 -0.0619927356 0.1581 3.35 0
6 2 1 0 3 1 1 12.011 -0.06224871479 0.1581 3.35 0
6 2 1 0 3 1 1 12.011 -0.0619927356 0.1581 3.35 0
6 2 1 0 3 1 1 12.011 -0.0589511106 0.1581 3.35 0
7 2 1 0 3 0 0 14.007 -0.3421844305 -0.7096 2.173 0
6 3 0 0 3 0 0 12.011 0.2430833907 -0.2783 5.007 0
8 1 0 0 3 0 0 15.999 -0.2726906395 -0.1526 0 0
6 3 1 0 4 0 0 12.011 0.1117578685 -0.2051 2.731 1
6 2 2 0 4 0 0 12.011 0.001671685071 -0.0516 2.488 0
6 3 0 0 3 1 1 12.011 -0.04544281377 0.136 3.509 0
6 2 1 0 3 1 1 12.011 -0.0589511106 0.1581 3.35 0
6 2 1 0 3 1 1 12.011 -0.0619927356 0.1581 3.35 0
6 2 1 0 3 1 1 12.011 -0.06224871479 0.1581 3.35 0
6 2 1 0 3 1 1 12.011 -0.0619927356 0.1581 3.35 0
6 2 1 0 3 1 1 12.011 -0.0589511106 0.1581 3.35 0
7 2 1 0 3 0 0 14.007 -0.3421844305 -0.7096 2.173 0
6 3 0 0 3 0 0 12.011 0.2430833907 -0.2783 5.007 0
8 1 0 0 3 0 0 15.999 -0.2726906395 -0.1526 0 0
6 3 1 0 4 0 0 12.011 0.1117578685 -0.2051 2.731 1
6 2 2 0 4 0 0 12.011 0.001671685071 -0.0516 2.488 0
6 3 0 0 3 1 1 12.011 -0.04544281377 0.136 3.509 0
6 2 1 0 3 1 1 12.011 -0.0589511106 0.1581 3.35 0
6 2 1 0 3 1 1 12.011 -0.0619927356 0.1581 3.35 0
6 2 1 0 3 1 1 12.011 -0.06224871479 0.1581 3.35 0
6 2 1 0 3 1 1 12.011 -0.0619927356 0.1581 3.35 0
6 2 1 0 3 1 1 12.011 -0.0589511106 0.1581 3.35 0
7 2 1 0 3 0 0 14.007 -0.3421844305 -0.7096 2.173 0
6 3 0 0 3 0 0 12.011 0.2430833907 -0.2783 5.007 0
8 1 0 0 3 0 0 15.999 -0.2726906395 -0.1526 0 0
6 3 1 0 4 0 0 12.011 0.1117578685 -0.2051 2.731 1
6 2 2 0 4 0 0 12.011 0.001671685071 -0.0516 2.488 0
6 3 0 0 3 1 1 12.011 -0.04544281377 0.136 3.509 0
6 2 1 0 3 1 1 12.011 -0.0589511106 0.1581 3.35 0
6 2 1 0 3 1 1 12.011 -0.0619927356 0.1581 3.35 0
6 2 1 0 3 1 1 12.011 -0.06224871479 0.1581 3.35 0
6 2 1 0 3 1 1 12.011 -0.0619927356 0.1581 3.35 0
6 2 1 0 3 1 1 12.011 -0.0589511106 0.1581 3.35 0
7 2 1 0 3 0 0 14.007 -0.3421844305 -0.7096 2.173 0
6 3 0 0 3 0 0 12.011 0.2430833907 -0.2783 5.007 0
8 1 0 0 3 0 0 15.999 -0.2726906395 -0.1526 0 0
6 3 1 0 4 0 0 12.011 0.1117578685 -0.2051 2.731 1
6 2 2 0 4 0 0 12.011 0.001671685071 -0.0516 2.488 0
6 3 0 0 3 1 1 12.011 -0.04544281377 0.136 3.509 0
6 2 1 0 3 1 1 12.011 -0.0589511106 0.1581 3.35 0
6 2 1 0 3 1 1 12.011 -0.0619927356 0.1581 3.35 0
6 2 1 0 3 1 1 12.011 -0.06224871479 0.1581 3.35 0
6 2 1 0 3 1 1 12.011 -0.0619927356 0.1581 3.35 0
6 2 1 0 3 1 1 12.011 -0.0589511106 0.1581 3.35 0
7 2 1 0 3 0 0 14.007 -0.3421844305 -0.7096 2.173 0
6 3 0 0 3 0 0 12.011 0.2430833907 -0.2783 5.007 0
8 1 0 0 3 0 0 15.999 -0.2726906395 -0.1526 0 0
6 3 1 0 4 0 0 12.011 0.1117578685 -0.2051 2.731 1
6 2 2 0 4 0 0 12.011 0.001671685071 -0.0516 2.488 0
6 3 0 0 3 1 1 12.011 -0.04544281377 0.136 3.509 0
6 2 1 0 3 1 1 12.011 -0.0589511106 0.1581 3.35 0
6 2 1 0 3 1 1 12.011 -0.0619927356 0.1581 3.35 0
6 2 1 0 3 1 1 12.011 -0.06224871479 0.1581 3.35 0
6 2 1 0 3 1 1 12.011 -0.0619927356 0.1581 3.35 0
6 2 1 0 3 1 1 12.011 -0.0589511106 0.1581 3.35 0
7 2 1 0 3 0 0 14.007 -0.3421844305 -0.7096 2.173 0
6 3 0 0 3 0 0 12.011 0.2430833907 -0.2783 5.007 0
8 1 0 0 3 0 0 15.999 -0.2726906395 -0.1526 0 0
6 3 1 0 4 0 0 12.011 0.1117578685 -0.2051 2.731 1
6 2 2 0 4 0 0 12.011 0.001671685071 -0.0516 2.488 0
6 3 0 0 3 1 1 12.011 -0.04544281377 0.136 3.509 0
6 2 1 0 3 1 1 12.011 -0.0589511106 0.1581 3.35 0
6 2 1 0 3 1 1 12.011 -0.0619927356 0.1581 3.35 0
6 2 1 0 3 1 1 12.011 -0.06224871479 0.1581 3.35 0
6 2 1 0 3 1 1 12.011 -0.0619927356 0.1581 3.35 0
6 2 1 0 3 1 1 12.011 -0.0589511106 0.1581 3.35 0
7 2 1 0 3 0 0 14.007 -0.3421844305 -0.7096 2.173 0
6 3 0 0 3 0 0 12.011 0.2430833907 -0.2783 5.007 0
8 1 0 0 3 0 0 15.999 -0.2726906395 -0.1526 0 0
6 3 1 0 4 0 0 12.011 0.1117578685 -0.2051 2.731 1
6 2 2 0 4 0 0 12.011 0.001671685071 -0.0516 2.488 0
6 3 0 0 3 1 1 12.011 -0.04544281377 0.136 3.509 0
6 2 1 0 3 1 1 12.011 -0.0589511106 0.1581 3.35 0
6 2 1 0 3 1 1 12.011 -0.0619927356 0.1581 3.35 0
6 2 1 0 3 1 1 12.011 -0.06224871479 0.1581 3.35 0
6 2 1 0 3 1 1 12.011 -0.0619927356 0.1581 3.35 0
6 2 1 0 3 1 1 12.011 -0.0589511106 0.1581 3.35 0
7 2 1 0 3 0 0 14.007 -0.3421844305 -0.7096 2.173 0
6 3 0 0 3 0 0 12.011 0.2430833907 -0.2783 5.007 0
8 1 0 0 3 0 0 15.999 -0.2726906395 -0.1526 0 0
6 3 1 0 4 0 0 12.011 0.1117578685 -0.2051 2.731 1
6 2 2 0 4 0 0 12.011 0.001671685071 -0.0516 2.488 0
6 3 0 0 3 1 1 12.011 -0.04544281377 0.136 3.509 0
6 2 1 0 3 1 1 12.011 -0.0589511106 0.1581 3.35 0
6 2 1 0 3 1 1 12.011 -0.0619927356 0.1581 3.35 0
6 2 1 0 3 1 1 12.011 -0.06224871479 0.1581 3.35 0
6 2 1 0 3 1 1 12.011 -0.0619927356 0.1581 3.35 0
6 2 1 0 3 1 1 12.011 -0.0589511106 0.1581 3.35 0
7 2 1 0 3 0 0 14.007 -0.3421844305 -0.7096 2.173 0
6 3 0 0 3 0 0 12.011 0.2430833907 -0.2783 5.007 0
8 1 0 0 3 0 0 15.999 -0.2726906395 -0.1526 0 0
6 3 1 0 4 0 0 12.011 0.1117578685 -0.2051 2.731 1
6 2 2 0 4 0 0 12.011 0.001671685071 -0.0516 2.488 0
6 3 0 0 3 1 1 12.011 -0.04544281377 0.136 3.509 0
6 2 1 0 3 1 1 12.011 -0.0589511106 0.1581 3.35 0
6 2 1 0 3 1 1 12.011 -0.0619927356 0.1581 3.35 0
6 2 1 0 3 1 1 12.011 -0.06224871479 0.1581 3.35 0
6 2 1 0 3 1 1 12.011 -0.0619927356 0.1581 3.35 0
6 2 1 0 3 1 1 12.011 -0.0589511106 0.1581 3.35 0
7 2 1 0 3 0 0 14.007 -0.3421844305 -0.7096 2.173 0
6 3 0 0 3 0 0 12.011 0.2430833907 -0.2783 5.007 0
8 1 0 0 3 0 0 15.999 -0.2726906395 -0.1526 0 0
6 3 1 0 4 0 0 12.011 0.1117578685 -0.2051 2.731 1
6 2 2 0 4 0 0 12.011 0.001671685071 -0.0516 2.488 0
6 3 0 0 3 1 1 12.011 -0.04544281377 0.136 3.509 0
6 2 1 0 3 1 1 12.011 -0.0589511106 0.1581 3.35 0
6 2 1 0 3 1 1 12.011 -0.0619927356 0.1581 3.35 0
6 2 1 0 3 1 1 12.011 -0.06224871479 0.1581 3.35 0
6 2 1 0 3 1 1 12.011 -0.0619927356 0.1581 3.35 0
6 2 1 0 3 1 1 12.011 -0.0589511106 0.1581 3.35 0
7 2 1 0 3 0 0 14.007 -0.3421844305 -0.7096 2.173 0
6 3 0 0 3 0 0 12.011 0.2430833907 -0.2783 5.007 0
8 1 0 0 3 0 0 15.999 -0.2726906395 -0.1526 0 0
6 3 1 0 4 0 0 12.011 0.1117578685 -0.2051 2.731 1
6 2 2 0 4 0 0 12.011 0.001671685071 -0.0516 2.488 0
6 3 0 0 3 1 1 12.011 -0.04544281377 0.136 3.509 0
6 2 1 0 3 1 1 12.011 -0.0589511106 0.1581 3.35 0
6 2 1 0 3 1 1 12.011 -0.0619927356 0.1581 3.35 0
6 2 1 0 3 1 1 12.011 -0.06224871479 0.1581 3.35 0
6 2 1 0 3 1 1 12.011 -0.0619927356 0.1581 3.35 0
6 2 1 0 3 1 1 12.011 -0.0589511106 0.1581 3.35 0
7 2 1 0 3 0 0 14.007 -0.3421844305 -0.7096 2.173 0
6 3 0 0 3 0 0 12.011 0.2430833907 -0.2783 5.007 0
8 1 0 0 3 0 0 15.999 -0.2726906395 -0.1526 0 0
6 3 1 0 4 0 0 12.011 0.1117578685 -0.2051 2.731 1
6 2 2 0 4 0 0 12.011 0.001671685071 -0.0516 2.488 0
6 3 0 0 3 1 1 12.011 -0.04544281377 0.136 3.509 0
6 2 1 0 3 1 1 12.011 -0.0589511106 0.1581 3.35 0
6 2 1 0 3 1 1 12.011 -0.0619927356 0.1581 3.35 0
6 2 1 0 3 1 1 12.011 -0.06224871479 0.1581 3.35 0
6 2 1 0 3 1 1 12.011 -0.0619927356 0.1581 3.35 0
6 2 1 0 3 1 1 12.011 -0.0589511106 0.1581 3.35 0
7 2 1 0 3 0 0 14.007 -0.3421844305 -0.7096 2.173 0
6 3 0 0 3 0 0 12.011 0.2430833908 -0.2783 5.007 0
8 1 0 0 3 0 0 15.999 -0.2726906395 -0.1526 0 0
6 3 1 0 4 0 0 12.011 0.1117578865 -0.2051 2.731 1
6 2 2 0 4 0 0 12.011 0.001671685144 -0.0516 2.488 0
6 3 0 0 3 1 1 12.011 -0.04544281377 0.136 3.509 0
6 2 1 0 3 1 1 12.011 -0.0589511106 0.1581 3.35 0
6 2 1 0 3 1 1 12.011 -0.0619927356 0.1581 3.35 0
6 2 1 0 3 1 1 12.011 -0.06224871479 0.1581 3.35 0
6 2 1 0 3 1 1 12.011 -0.0619927356 0.1581 3.35 0
6 2 1 0 3 1 1 12.011 -0.0589511106 0.1581 3.35 0
7 2 1 0 3 0 0 14.007 -0.342182499 -0.7096 2.173 0
6 3 0 0 3 0 0 12.011 0.2432163917 -0.2783 5.007 0
8 1 0 0 3 0 0 15.999 -0.2726881574 -0.1526 0 0
6 3 1 0 4 0 0 12.011 0.1150277616 -0.2051 2.731 1
6 2 2 0 4 0 0 12.011 0.001802615093 -0.0516 2.488 0
6 3 0 0 3 1 1 12.011 -0.0454405242 0.136 3.509 0
6 2 1 0 3 1 1 12.011 -0.05895109252 0.1581 3.35 0
6 2 1 0 3 1 1 12.011 -0.06199273553 0.1581 3.35 0
6 2 1 0 3 1 1 12.011 -0.06224871479 0.1581 3.35 0
6 2 1 0 3 1 1 12.011 -0.06199273553 0.1581 3.35 0
6 2 1 0 3 1 1 12.011 -0.05895109252 0.1581 3.35 0
7 2 1 0 3 0 0 14.007 -0.3094990652 -0.7096 2.173 0
6 3 0 0 3 0 0 12.011 0.4048269836 -0.2783 5.007 0
8 1 0 0 3 0 0 15.999 -0.2247766221 0.4833 0.389 0
8 1 1 0 3 0 0 15.999 -0.4650365083 -0.2893 0.8238 0
0 1 1 1 0 0
1 2 2 1 0 0
1 3 1 0 0 0
3 4 1 0 0 0
4 5 1 0 0 0
5 6 1.5 1 1 0
6 7 1.5 1 1 0
7 8 1.5 1 1 0
8 9 1.5 1 1 0
9 10 1.5 1 1 0
3 11 1 0 0 0
11 12 1 1 0 0
12 13 2 1 0 0
12 14 1 0 0 0
14 15 1 0 0 0
15 16 1 0 0 0
16 17 1.5 1 1 0
17 18 1.5 1 1 0
18 19 1.5 1 1 0
19 20 1.5 1 1 0
20 21 1.5 1 1 0
14 22 1 0 0 0
22 23 1 1 0 0
23 24 2 1 0 0
23 25 1 0 0 0
25 26 1 0 0 0
26 27 1 0 0 0
27 28 1.5 1 1 0
28 29 1.5 1 1 0
29 30 1.5 1 1 0
30 31 1.5 1 1 0
31 32 1.5 1 1 0
25 33 1 0 0 0
33 34 1 1 0 0
34 35 2 1 0 0
34 36 1 0 0 0
36 37 1 0 0 0
37 38 1 0 0 0
38 39 1.5 1 1 0
39 40 1.5 1 1 0
40 41 1.5 1 1 0
41 42 1.5 1 1 0
42 43 1.5 1 1 0
36 44 1 0 0 0
44 45 1 1 0 0
45 46 2 1 0 0
45 47 1 0 0 0
47 48 1 0 0 0
48 49 1 0 0 0
49 50 1.5 1 1 0
50 51 1.5 1 1 0
51 52 1.5 1 1 0
52 53 1.5 1 1 0
53 54 1.5 1 1 0
47 55 1 0 0 0
55 56 1 1 0 0
56 57 2 1 0 0
56 58 1 0 0 0
58 59 1 0 0 0
59 60 1 0 0 0
60 61 1.5 1 1 0
61 62 1.5 1 1 0
62 63 1.5 1 1 0
63 64 1.5 1 1 0
64 65 1.5 1 1 0
58 66 1 0 0 0
66 67 1 1 0 0
67 68 2 1 0 0
67 69 1 0 0 0
69 70 1 0 0 0
70 71 1 0 0 0
71 72 1.5 1 1 0
72 73 1.5 1 1 0
73 74 1.5 1 1 0
74 75 1.5 1 1 0
75 76 1.5 1 1 0
69 77 1 0 0 0
77 78 1 1 0 0
78 79 2 1 0 0
78 80 1 0 0 0
80 81 1 0 0 0
81 82 1 0 0 0
82 83 1.5 1 1 0
83 84 1.5 1 1 0
84 85 1.5 1 1 0
85 86 1.5 1 1 0
86 87 1.5 1 1 0
80 88 1 0 0 0
88 89 1 1 0 0
89 90 2 1 0 0
89 91 1 0 0 0
91 92 1 0 0 0
92 93 1 0 0 0
93 94 1.5 1 1 0
94 95 1.5 1 1 0
95 96 1.5 1 1 0
96 97 1.5 1 1 0
97 98 1.5 1 1 0
91 99 1 0 0 0
99 100 1 1 0 0
100 101 2 1 0 0
100 102 1 0 0 0
102 103 1 0 0 0
103 104 1 0 0 0
104 105 1.5 1 1 0
105 106 1.5 1 1 0
106 107 1.5 1 1 0
107 108 1.5 1 1 0
108 109 1.5 1 1 0
102 110 1 0 0 0
110 111 1 1 0 0
111 112 2 1 0 0
111 113 1 0 0 0
113 114 1 0 0 0
114 115 1 0 0 0
115 116 1.5 1 1 0
116 117 1.5 1 1 0
117 118 1.5 1 1 0
118 119 1.5 1 1 0
119 120 1.5 1 1 0
113 121 1 0 0 0
121 122 1 1 0 0
122 123 2 1 0 0
122 124 1 0 0 0
124 125 1 0 0 0
125 126 1 0 0 0
126 127 1.5 1 1 0
127 128 1.5 1 1 0
128 129 1.5 1 1 0
129 130 1.5 1 1 0
130 131 1.5 1 1 0
124 132 1 0 0 0
132 133 1 1 0 0
133 134 2 1 0 0
133 135 1 0 0 0
135 136 1 0 0 0
136 137 1 0 0 0
137 138 1.5 1 1 0
138 139 1.5 1 1 0
139 140 1.5 1 1 0
140 141 1.5 1 1 0
141 142 1.5 1 1 0
135 143 1 0 0 0
143 144 1 1 0 0
144 145 2 1 0 0
144 146 1 0 0 0
146 147 1 0 0 0
147 148 1 0 0 0
148 149 1.5 1 1 0
149 150 1.5 1 1 0
150 151 1.5 1 1 0
151 152 1.5 1 1 0
152 153 1.5 1 1 0
146 154 1 0 0 0
154 155 1 1 0 0
155 156 2 1 0 0
155 157 1 0 0 0
157 158 1 0 0 0
158 159 1 0 0 0
159 160 1.5 1 1 0
160 161 1.5 1 1 0
161 162 1.5 1 1 0
162 163 1.5 1 1 0
163 164 1.5 1 1 0
157 165 1 0 0 0
165 166 1 1 0 0
166 167 2 1 0 0
166 168 1 0 0 0
168 169 1 0 0 0
169 170 1 0 0 0
170 171 1.5 1 1 0
171 172 1.5 1 1 0
172 173 1.5 1 1 0
173 174 1.5 1 1 0
174 175 1.5 1 1 0
168 176 1 0 0 0
176 177 1 1 0 0
177 178 2 1 0 0
177 179 1 0 0 0
179 180 1 0 0 0
180 181 1 0 0 0
181 182 1.5 1 1 0
182 183 1.5 1 1 0
183 184 1.5 1 1 0
184 185 1.5 1 1 0
185 186 1.5 1 1 0
179 187 1 0 0 0
187 188 1 1 0 0
188 189 2 1 0 0
188 190 1 0 0 0
190 191 1 0 0 0
191 192 1 0 0 0
192 193 1.5 1 1 0
193 194 1.5 1 1 0
194 195 1.5 1 1 0
195 196 1.5 1 1 0
196 197 1.5 1 1 0
190 198 1 0 0 0
198 199 1 1 0 0
199 200 2 1 0 0
199 201 1 0 0 0
201 202 1 0 0 0
202 203 1 0 0 0
203 204 1.5 1 1 0
204 205 1.5 1 1 0
205 206 1.5 1 1 0
206 207 1.5 1 1 0
207 208 1.5 1 1 0
201 209 1 0 0 0
209 210 1 1 0 0
210 211 2 1 0 0
210 212 1 0 0 0
212 213 1 0 0 0
213 214 1 0 0 0
214 215 1.5 1 1 0
215 216 1.5 1 1 0
216 217 1.5 1 1 0
217 218 1.5 1 1 0
218 219 1.5 1 1 0
212 220 1 0 0 0
220 221 1 1 0 0
221 222 2 1 0 0
221 223 1 0 0 0
223 224 1 0 0 0
224 225 1 0 0 0
225 226 1.5 1 1 0
226 227 1.5 1 1 0
227 228 1.5 1 1 0
228 229 1.5 1 1 0
229 230 1.5 1 1 0
223 231 1 0 0 0
231 232 1 1 0 0
232 233 2 1 0 0
232 234 1 0 0 0
234 235 1 0 0 0
235 236 1 0 0 0
236 237 1.5 1 1 0
237 238 1.5 1 1 0
238 239 1.5 1 1 0
239 240 1.5 1 1 0
240 241 1.5 1 1 0
234 242 1 0 0 0
242 243 1 1 0 0
243 244 2 1 0 0
243 245 1 0 0 0
245 246 1 0 0 0
246 247 1 0 0 0
247 248 1.5 1 1 0
248 249 1.5 1 1 0
249 250 1.5 1 1 0
250 251 1.5 1 1 0
251 252 1.5 1 1 0
245 253 1 0 0 0
253 254 1 1 0 0
254 255 2 1 0 0
254 256 1 0 0 0
256 257 1 0 0 0
257 258 1 0 0 0
258 259 1.5 1 1 0
259 260 1.5 1 1 0
260 261 1.5 1 1 0
261 262 1.5 1 1 0
262 263 1.5 1 1 0
256 264 1 0 0 0
264 265 1 1 0 0
265 266 2 1 0 0
265 267 1 0 0 0
267 268 1 0 0 0
268 269 1 0 0 0
269 270 1.5 1 1 0
270 271 1.5 1 1 0
271 272 1.5 1 1 0
272 273 1.5 1 1 0
273 274 1.5 1 1 0
267 275 1 0 0 0
275 276 1 1 0 0
276 277 2 1 0 0
276 278 1 0 0 0
278 279 1 0 0 0
279 280 1 0 0 0
280 281 1.5 1 1 0
281 282 1.5 1 1 0
282 283 1.5 1 1 0
283 284 1.5 1 1 0
284 285 1.5 1 1 0
278 286 1 0 0 0
286 287 1 1 0 0
287 288 2 1 0 0
287 289 1 0 0 0
289 290 1 0 0 0
290 291 1 0 0 0
291 292 1.5 1 1 0
292 293 1.5 1 1 0
293 294 1.5 1 1 0
294 295 1.5 1 1 0
295 296 1.5 1 1 0
289 297 1 0 0 0
297 298 1 1 0 0
298 299 2 1 0 0
298 300 1 0 0 0
300 301 1 0 0 0
301 302 1 0 0 0
302 303 1.5 1 1 0
303 304 1.5 1 1 0
304 305 1.5 1 1 0
305 306 1.5 1 1 0
306 307 1.5 1 1 0
300 308 1 0 0 0
308 309 1 1 0 0
309 310 2 1 0 0
309 311 1 0 0 0
311 312 1 0 0 0
312 313 1 0 0 0
313 314 1.5 1 1 0
314 315 1.5 1 1 0
315 316 1.5 1 1 0
316 317 1.5 1 1 0
317 318 1.5 1 1 0
311 319 1 0 0 0
319 320 1 1 0 0
320 321 2 1 0 0
320 322 1 0 0 0
322 323 1 0 0 0
323 324 1 0 0 0
324 325 1.5 1 1 0
325 326 1.5 1 1 0
326 327 1.5 1 1 0
327 328 1.5 1 1 0
328 329 1.5 1 1 0
322 330 1 0 0 0
330 331 1 1 0 0
331 332 2 1 0 0
331 333 1 0 0 0
333 334 1 0 0 0
334 335 1 0 0 0
335 336 1.5 1 1 0
336 337 1.5 1 1 0
337 338 1.5 1 1 0
338 339 1.5 1 1 0
339 340 1.5 1 1 0
333 341 1 0 0 0
341 342 1 1 0 0
342 343 2 1 0 0
342 344 1 0 0 0
344 345 1 0 0 0
345 346 1 0 0 0
346 347 1.5 1 1 0
347 348 1.5 1 1 0
348 349 1.5 1 1 0
349 350 1.5 1 1 0
350 351 1.5 1 1 0
344 352 1 0 0 0
352 353 1 1 0 0
353 354 2 1 0 0
353 355 1 0 0 0
355 356 1 0 0 0
356 357 1 0 0 0
357 358 1.5 1 1 0
358 359 1.5 1 1 0
359 360 1.5 1 1 0
360 361 1.5 1 1 0
361 362 1.5 1 1 0
355 363 1 0 0 0
363 364 1 1 0 0
364 365 2 1 0 0
364 366 1 0 0 0
366 367 1 0 0 0
367 368 1 0 0 0
368 369 1.5 1 1 0
369 370 1.5 1 1 0
370 371 1.5 1 1 0
371 372 1.5 1 1 0
372 373 1.5 1 1 0
366 374 1 0 0 0
374 375 1 1 0 0
375 376 2 1 0 0
375 377 1 0 0 0
377 378 1 0 0 0
378 379 1 0 0 0
379 380 1.5 1 1 0
380 381 1.5 1 1 0
381 382 1.5 1 1 0
382 383 1.5 1 1 0
383 384 1.5 1 1 0
377 385 1 0 0 0
385 386 1 1 0 0
386 387 2 1 0 0
386 388 1 0 0 0
388 389 1 0 0 0
389 390 1 0 0 0
390 391 1.5 1 1 0
391 392 1.5 1 1 0
392 393 1.5 1 1 0
393 394 1.5 1 1 0
394 395 1.5 1 1 0
388 396 1 0 0 0
396 397 1 1 0 0
397 398 2 1 0 0
397 399 1 0 0 0
399 400 1 0 0 0
400 401 1 0 0 0
401 402 1.5 1 1 0
402 403 1.5 1 1 0
403 404 1.5 1 1 0
404 405 1.5 1 1 0
405 406 1.5 1 1 0
399 407 1 0 0 0
407 408 1 1 0 0
408 409 2 1 0 0
408 410 1 0 0 0
410 411 1 0 0 0
411 412 1 0 0 0
412 413 1.5 1 1 0
413 414 1.5 1 1 0
414 415 1.5 1 1 0
415 416 1.5 1 1 0
416 417 1.5 1 1 0
410 418 1 0 0 0
418 419 1 1 0 0
419 420 2 1 0 0
419 421 1 0 0 0
421 422 1 0 0 0
422 423 1 0 0 0
423 424 1.5 1 1 0
424 425 1.5 1 1 0
425 426 1.5 1 1 0
426 427 1.5 1 1 0
427 428 1.5 1 1 0
421 429 1 0 0 0
429 430 1 1 0 0
430 431 2 1 0 0
430 432 1 0 0 0
432 433 1 0 0 0
433 434 1 0 0 0
434 435 1.5 1 1 0
435 436 1.5 1 1 0
436 437 1.5 1 1 0
437 438 1.5 1 1 0
438 439 1.5 1 1 0
432 440 1 0 0 0
440 441 1 1 0 0
441 442 2 1 0 0
441 443 1 0 0 0
443 444 1 0 0 0
444 445 1 0 0 0
445 446 1.5 1 1 0
446 447 1.5 1 1 0
447 448 1.5 1 1 0
448 449 1.5 1 1 0
449 450 1.5 1 1 0
443 451 1 0 0 0
451 452 1 1 0 0
452 453 2 1 0 0
452 454 1 0 0 0
454 455 1 0 0 0
455 456 1 0 0 0
456 457 1.5 1 1 0
457 458 1.5 1 1 0
458 459 1.5 1 1 0
459 460 1.5 1 1 0
460 461 1.5 1 1 0
454 462 1 0 0 0
462 463 1 1 0 0
463 464 2 1 0 0
463 465 1 0 0 0
465 466 1 0 0 0
466 467 1 0 0 0
467 468 1.5 1 1 0
468 469 1.5 1 1 0
469 470 1.5 1 1 0
470 471 1.5 1 1 0
471 472 1.5 1 1 0
465 473 1 0 0 0
473 474 1 1 0 0
474 475 2 1 0 0
474 476 1 0 0 0
476 477 1 0 0 0
477 478 1 0 0 0
478 479 1.5 1 1 0
479 480 1.5 1 1 0
480 481 1.5 1 1 0
481 482 1.5 1 1 0
482 483 1.5 1 1 0
476 484 1 0 0 0
484 485 1 1 0 0
485 486 2 1 0 0
485 487 1 0 0 0
487 488 1 0 0 0
488 489 1 0 0 0
489 490 1.5 1 1 0
490 491 1.5 1 1 0
491 492 1.5 1 1 0
492 493 1.5 1 1 0
493 494 1.5 1 1 0
487 495 1 0 0 0
495 496 1 1 0 0
496 497 2 1 0 0
496 498 1 0 0 0
498 499 1 0 0 0
499 500 1 0 0 0
500 501 1.5 1 1 0
501 502 1.5 1 1 0
502 503 1.5 1 1 0
503 504 1.5 1 1 0
504 505 1.5 1 1 0
498 506 1 0 0 0
506 507 1 1 0 0
507 508 2 1 0 0
507 509 1 0 0 0
509 510 1 0 0 0
510 511 1 0 0 0
511 512 1.5 1 1 0
512 513 1.5 1 1 0
513 514 1.5 1 1 0
514 515 1.5 1 1 0
515 516 1.5 1 1 0
509 517 1 0 0 0
517 518 1 1 0 0
518 519 2 1 0 0
518 520 1 0 0 0
520 521 1 0 0 0
521 522 1 0 0 0
522 523 1.5 1 1 0
523 524 1.5 1 1 0
524 525 1.5 1 1 0
525 526 1.5 1 1 0
526 527 1.5 1 1 0
520 528 1 0 0 0
528 529 1 1 0 0
529 530 2 1 0 0
529 531 1 0 0 0
531 532 1 0 0 0
532 533 1 0 0 0
533 534 1.5 1 1 0
534 535 1.5 1 1 0
535 536 1.5 1 1 0
536 537 1.5 1 1 0
537 538 1.5 1 1 0
531 539 1 0 0 0
539 540 1 1 0 0
540 541 2 1 0 0
540 542 1 0 0 0
542 543 1 0 0 0
543 544 1 0 0 0
544 545 1.5 1 1 0
545 546 1.5 1 1 0
546 547 1.5 1 1 0
547 548 1.5 1 1 0
548 549 1.5 1 1 0
542 550 1 0 0 0
550 551 1 1 0 0
551 552 2 1 0 0
551 553 1 0 0 0
553 554 1 0 0 0
554 555 1 0 0 0
555 556 1.5 1 1 0
556 557 1.5 1 1 0
557 558 1.5 1 1 0
558 559 1.5 1 1 0
559 560 1.5 1 1 0
553 561 1 0 0 0
561 562 1 1 0 0
562 563 2 1 0 0
562 564 1 0 0 0
564 565 1 0 0 0
565 566 1 0 0 0
566 567 1.5 1 1 0
567 568 1.5 1 1 0
568 569 1.5 1 1 0
569 570 1.5 1 1 0
570 571 1.5 1 1 0
564 572 1 0 0 0
572 573 1 1 0 0
573 574 2 1 0 0
573 575 1 0 0 0
575 576 1 0 0 0
576 577 1 0 0 0
577 578 1.5 1 1 0
578 579 1.5 1 1 0
579 580 1.5 1 1 0
580 581 1.5 1 1 0
581 582 1.5 1 1 0
575 583 1 0 0 0
583 584 1 1 0 0
584 585 2 1 0 0
584 586 1 0 0 0
586 587 1 0 0 0
587 588 1 0 0 0
588 589 1.5 1 1 0
589 590 1.5 1 1 0
590 591 1.5 1 1 0
591 592 1.5 1 1 0
592 593 1.5 1 1 0
586 594 1 0 0 0
594 595 1 1 0 0
595 596 2 1 0 0
595 597 1 0 0 0
597 598 1 0 0 0
598 599 1 0 0 0
599 600 1.5 1 1 0
600 601 1.5 1 1 0
601 602 1.5 1 1 0
602 603 1.5 1 1 0
603 604 1.5 1 1 0
597 605 1 0 0 0
605 606 1 1 0 0
606 607 2 1 0 0
606 608 1 0 0 0
608 609 1 0 0 0
609 610 1 0 0 0
610 611 1.5 1 1 0
611 612 1.5 1 1 0
612 613 1.5 1 1 0
613 614 1.5 1 1 0
614 615 1.5 1 1 0
608 616 1 0 0 0
616 617 1 1 0 0
617 618 2 1 0 0
617 619 1 0 0 0
619 620 1 0 0 0
620 621 1 0 0 0
621 622 1.5 1 1 0
622 623 1.5 1 1 0
623 624 1.5 1 1 0
624 625 1.5 1 1 0
625 626 1.5 1 1 0
619 627 1 0 0 0
627 628 1 1 0 0
628 629 2 1 0 0
628 630 1 0 0 0
630 631 1 0 0 0
631 632 1 0 0 0
632 633 1.5 1 1 0
633 634 1.5 1 1 0
634 635 1.5 1 1 0
635 636 1.5 1 1 0
636 637 1.5 1 1 0
630 638 1 0 0 0
638 639 1 1 0 0
639 640 2 1 0 0
639 641 1 0 0 0
641 642 1 0 0 0
642 643 1 0 0 0
643 644 1.5 1 1 0
644 645 1.5 1 1 0
645 646 1.5 1 1 0
646 647 1.5 1 1 0
647 648 1.5 1 1 0
641 649 1 0 0 0
649 650 1 1 0 0
650 651 2 1 0 0
650 652 1 0 0 0
652 653 1 0 0 0
653 654 1 0 0 0
654 655 1.5 1 1 0
655 656 1.5 1 1 0
656 657 1.5 1 1 0
657 658 1.5 1 1 0
658 659 1.5 1 1 0
652 660 1 0 0 0
660 661 1 1 0 0
661 662 2 1 0 0
661 663 1 0 0 0
663 664 1 0 0 0
664 665 1 0 0 0
665 666 1.5 1 1 0
666 667 1.5 1 1 0
667 668 1.5 1 1 0
668 669 1.5 1 1 0
669 670 1.5 1 1 0
663 671 1 0 0 0
671 672 1 1 0 0
672 673 2 1 0 0
672 674 1 0 0 0
674 675 1 0 0 0
675 676 1 0 0 0
676 677 1.5 1 1 0
677 678 1.5 1 1 0
678 679 1.5 1 1 0
679 680 1.5 1 1 0
680 681 1.5 1 1 0
674 682 1 0 0 0
682 683 1 1 0 0
683 684 2 1 0 0
683 685 1 0 0 0
685 686 1 0 0 0
686 687 1 0 0 0
687 688 1.5 1 1 0
688 689 1.5 1 1 0
689 690 1.5 1 1 0
690 691 1.5 1 1 0
691 692 1.5 1 1 0
685 693 1 0 0 0
693 694 1 1 0 0
694 695 2 1 0 0
694 696 1 0 0 0
696 697 1 0 0 0
697 698 1 0 0 0
698 699 1.5 1 1 0
699 700 1.5 1 1 0
700 701 1.5 1 1 0
701 702 1.5 1 1 0
702 703 1.5 1 1 0
696 704 1 0 0 0
704 705 1 1 0 0
705 706 2 1 0 0
705 707 1 0 0 0
707 708 1 0 0 0
708 709 1 0 0 0
709 710 1.5 1 1 0
710 711 1.5 1 1 0
711 712 1.5 1 1 0
712 713 1.5 1 1 0
713 714 1.5 1 1 0
707 715 1 0 0 0
715 716 1 1 0 0
716 717 2 1 0 0
716 718 1 0 0 0
718 719 1 0 0 0
719 720 1 0 0 0
720 721 1.5 1 1 0
721 722 1.5 1 1 0
722 723 1.5 1 1 0
723 724 1.5 1 1 0
724 725 1.5 1 1 0
718 726 1 0 0 0
726 727 1 1 0 0
727 728 2 1 0 0
727 729 1 0 0 0
729 730 1 0 0 0
730 731 1 0 0 0
731 732 1.5 1 1 0
732 733 1.5 1 1 0
733 734 1.5 1 1 0
734 735 1.5 1 1 0
735 736 1.5 1 1 0
729 737 1 0 0 0
737 738 1 1 0 0
738 739 2 1 0 0
738 740 1 0 0 0
740 741 1 0 0 0
741 742 1 0 0 0
742 743 1.5 1 1 0
743 744 1.5 1 1 0
744 745 1.5 1 1 0
745 746 1.5 1 1 0
746 747 1.5 1 1 0
740 748 1 0 0 0
748 749 1 1 0 0
749 750 2 1 0 0
749 751 1 0 0 0
751 752 1 0 0 0
752 753 1 0 0 0
753 754 1.5 1 1 0
754 755 1.5 1 1 0
755 756 1.5 1 1 0
756 757 1.5 1 1 0
757 758 1.5 1 1 0
751 759 1 0 0 0
759 760 1 1 0 0
760 761 2 1 0 0
760 762 1 0 0 0
762 763 1 0 0 0
763 764 1 0 0 0
764 765 1.5 1 1 0
765 766 1.5 1 1 0
766 767 1.5 1 1 0
767 768 1.5 1 1 0
768 769 1.5 1 1 0
762 770 1 0 0 0
770 771 1 1 0 0
771 772 2 1 0 0
771 773 1 0 0 0
773 774 1 0 0 0
774 775 1 0 0 0
775 776 1.5 1 1 0
776 777 1.5 1 1 0
777 778 1.5 1 1 0
778 779 1.5 1 1 0
779 780 1.5 1 1 0
773 781 1 0 0 0
781 782 1 1 0 0
782 783 2 1 0 0
782 784 1 0 0 0
784 785 1 0 0 0
785 786 1 0 0 0
786 787 1.5 1 1 0
787 788 1.5 1 1 0
788 789 1.5 1 1 0
789 790 1.5 1 1 0
790 791 1.5 1 1 0
784 792 1 0 0 0
792 793 1 1 0 0
793 794 2 1 0 0
793 795 1 0 0 0
795 796 1 0 0 0
796 797 1 0 0 0
797 798 1.5 1 1 0
798 799 1.5 1 1 0
799 800 1.5 1 1 0
800 801 1.5 1 1 0
801 802 1.5 1 1 0
795 803 1 0 0 0
803 804 1 1 0 0
804 805 2 1 0 0
804 806 1 0 0 0
806 807 1 0 0 0
807 808 1 0 0 0
808 809 1.5 1 1 0
809 810 1.5 1 1 0
810 811 1.5 1 1 0
811 812 1.5 1 1 0
812 813 1.5 1 1 0
806 814 1 0 0 0
814 815 1 1 0 0
815 816 2 1 0 0
815 817 1 0 0 0
817 818 1 0 0 0
818 819 1 0 0 0
819 820 1.5 1 1 0
820 821 1.5 1 1 0
821 822 1.5 1 1 0
822 823 1.5 1 1 0
823 824 1.5 1 1 0
817 825 1 0 0 0
825 826 1 1 0 0
826 827 2 1 0 0
826 828 1 0 0 0
828 829 1 0 0 0
829 830 1 0 0 0
830 831 1.5 1 1 0
831 832 1.5 1 1 0
832 833 1.5 1 1 0
833 834 1.5 1 1 0
834 835 1.5 1 1 0
828 836 1 0 0 0
836 837 1 1 0 0
837 838 2 1 0 0
837 839 1 0 0 0
839 840 1 0 0 0
840 841 1 0 0 0
841 842 1.5 1 1 0
842 843 1.5 1 1 0
843 844 1.5 1 1 0
844 845 1.5 1 1 0
845 846 1.5 1 1 0
839 847 1 0 0 0
847 848 1 1 0 0
848 849 2 1 0 0
848 850 1 0 0 0
850 851 1 0 0 0
851 852 1 0 0 0
852 853 1.5 1 1 0
853 854 1.5 1 1 0
854 855 1.5 1 1 0
855 856 1.5 1 1 0
856 857 1.5 1 1 0
850 858 1 0 0 0
858 859 1 1 0 0
859 860 2 1 0 0
859 861 1 0 0 0
861 862 1 0 0 0
862 863 1 0 0 0
863 864 1.5 1 1 0
864 865 1.5 1 1 0
865 866 1.5 1 1 0
866 867 1.5 1 1 0
867 868 1.5 1 1 0
861 869 1 0 0 0
869 870 1 1 0 0
870 871 2 1 0 0
870 872 1 0 0 0
872 873 1 0 0 0
873 874 1 0 0 0
874 875 1.5 1 1 0
875 876 1.5 1 1 0
876 877 1.5 1 1 0
877 878 1.5 1 1 0
878 879 1.5 1 1 0
872 880 1 0 0 0
880 881 1 1 0 0
881 882 2 1 0 0
881 883 1 0 0 0
883 884 1 0 0 0
884 885 1 0 0 0
885 886 1.5 1 1 0
886 887 1.5 1 1 0
887 888 1.5 1 1 0
888 889 1.5 1 1 0
889 890 1.5 1 1 0
883 891 1 0 0 0
891 892 1 1 0 0
892 893 2 1 0 0
892 894 1 0 0 0
894 895 1 0 0 0
895 896 1 0 0 0
896 897 1.5 1 1 0
897 898 1.5 1 1 0
898 899 1.5 1 1 0
899 900 1.5 1 1 0
900 901 1.5 1 1 0
894 902 1 0 0 0
902 903 1 1 0 0
903 904 2 1 0 0
903 905 1 0 0 0
905 906 1 0 0 0
906 907 1 0 0 0
907 908 1.5 1 1 0
908 909 1.5 1 1 0
909 910 1.5 1 1 0
910 911 1.5 1 1 0
911 912 1.5 1 1 0
905 913 1 0 0 0
913 914 1 1 0 0
914 915 2 1 0 0
914 916 1 0 0 0
916 917 1 0 0 0
917 918 1 0 0 0
918 919 1.5 1 1 0
919 920 1.5 1 1 0
920 921 1.5 1 1 0
921 922 1.5 1 1 0
922 923 1.5 1 1 0
916 924 1 0 0 0
924 925 1 1 0 0
925 926 2 1 0 0
925 927 1 0 0 0
927 928 1 0 0 0
928 929 1 0 0 0
929 930 1.5 1 1 0
930 931 1.5 1 1 0
931 932 1.5 1 1 0
932 933 1.5 1 1 0
933 934 1.5 1 1 0
927 935 1 0 0 0
935 936 1 1 0 0
936 937 2 1 0 0
936 938 1 0 0 0
938 939 1 0 0 0
939 940 1 0 0 0
940 941 1.5 1 1 0
941 942 1.5 1 1 0
942 943 1.5 1 1 0
943 944 1.5 1 1 0
944 945 1.5 1 1 0
938 946 1 0 0 0
946 947 1 1 0 0
947 948 2 1 0 0
947 949 1 0 0 0
949 950 1 0 0 0
950 951 1 0 0 0
951 952 1.5 1 1 0
952 953 1.5 1 1 0
953 954 1.5 1 1 0
954 955 1.5 1 1 0
955 956 1.5 1 1 0
949 957 1 0 0 0
957 958 1 1 0 0
958 959 2 1 0 0
958 960 1 0 0 0
960 961 1 0 0 0
961 962 1 0 0 0
962 963 1.5 1 1 0
963 964 1.5 1 1 0
964 965 1.5 1 1 0
965 966 1.5 1 1 0
966 967 1.5 1 1 0
960 968 1 0 0 0
968 969 1 1 0 0
969 970 2 1 0 0
969 971 1 0 0 0
971 972 1 0 0 0
972 973 1 0 0 0
973 974 1.5 1 1 0
974 975 1.5 1 1 0
975 976 1.5 1 1 0
976 977 1.5 1 1 0
977 978 1.5 1 1 0
971 979 1 0 0 0
979 980 1 1 0 0
980 981 2 1 0 0
980 982 1 0 0 0
982 983 1 0 0 0
983 984 1 0 0 0
984 985 1.5 1 1 0
985 986 1.5 1 1 0
986 987 1.5 1 1 0
987 988 1.5 1 1 0
988 989 1.5 1 1 0
982 990 1 0 0 0
990 991 1 1 0 0
991 992 2 1 0 0
991 993 1 0 0 0
993 994 1 0 0 0
994 995 1 0 0 0
995 996 1.5 1 1 0
996 997 1.5 1 1 0
997 998 1.5 1 1 0
998 999 1.5 1 1 0
999 1000 1.5 1 1 0
993 1001 1 0 0 0
1001 1002 1 1 0 0
1002 1003 2 1 0 0
1002 1004 1 0 0 0
1004 1005 1 0 0 0
1005 1006 1 0 0 0
1006 1007 1.5 1 1 0
1007 1008 1.5 1 1 0
1008 1009 1.5 1 1 0
1009 1010 1.5 1 1 0
1010 1011 1.5 1 1 0
1004 1012 1 0 0 0
1012 1013 1 1 0 0
1013 1014 2 1 0 0
1013 1015 1 0 0 0
1015 1016 1 0 0 0
1016 1017 1 0 0 0
1017 1018 1.5 1 1 0
1018 1019 1.5 1 1 0
1019 1020 1.5 1 1 0
1020 1021 1.5 1 1 0
1021 1022 1.5 1 1 0
1015 1023 1 0 0 0
1023 1024 1 1 0 0
1024 1025 2 1 0 0
1024 1026 1 0 0 0
1026 1027 1 0 0 0
1027 1028 1 0 0 0
1028 1029 1.5 1 1 0
1029 1030 1.5 1 1 0
1030 1031 1.5 1 1 0
1031 1032 1.5 1 1 0
1032 1033 1.5 1 1 0
1026 1034 1 0 0 0
1034 1035 1 1 0 0
1035 1036 2 1 0 0
1035 1037 1 0 0 0
1037 1038 1 0 0 0
1038 1039 1 0 0 0
1039 1040 1.5 1 1 0
1040 1041 1.5 1 1 0
1041 1042 1.5 1 1 0
1042 1043 1.5 1 1 0
1043 1044 1.5 1 1 0
1037 1045 1 0 0 0
1045 1046 1 1 0 0
1046 1047 2 1 0 0
1046 1048 1 0 0 0
1048 1049 1 0 0 0
1049 1050 1 0 0 0
1050 1051 1.5 1 1 0
1051 1052 1.5 1 1 0
1052 1053 1.5 1 1 0
1053 1054 1.5 1 1 0
1054 1055 1.5 1 1 0
1048 1056 1 0 0 0
1056 1057 1 1 0 0
1057 1058 2 1 0 0
1057 1059 1 0 0 0
1059 1060 1 0 0 0
1060 1061 1 0 0 0
1061 1062 1.5 1 1 0
1062 1063 1.5 1 1 0
1063 1064 1.5 1 1 0
1064 1065 1.5 1 1 0
1065 1066 1.5 1 1 0
1059 1067 1 0 0 0
1067 1068 1 1 0 0
1068 1069 2 1 0 0
1068 1070 1 0 0 0
1070 1071 1 0 0 0
1071 1072 1 0 0 0
1072 1073 1.5 1 1 0
1073 1074 1.5 1 1 0
1074 1075 1.5 1 1 0
1075 1076 1.5 1 1 0
1076 1077 1.5 1 1 0
1070 1078 1 0 0 0
1078 1079 1 1 0 0
1079 1080 2 1 0 0
1079 1081 1 0 0 0
1081 1082 1 0 0 0
1082 1083 1 0 0 0
1083 1084 1.5 1 1 0
1084 1085 1.5 1 1 0
1085 1086 1.5 1 1 0
1086 1087 1.5 1 1 0
1087 1088 1.5 1 1 0
1081 1089 1 0 0 0
1089 1090 1 1 0 0
1090 1091 2 1 0 0
1090 1092 1 0 0 0
1092 1093 1 0 0 0
1093 1094 1 0 0 0
1094 1095 1.5 1 1 0
1095 1096 1.5 1 1 0
1096 1097 1.5 1 1 0
1097 1098 1.5 1 1 0
1098 1099 1.5 1 1 0
1092 1100 1 0 0 0
1100 1101 1 1 0 0
1101 1102 2 1 0 0
1101 1103 1 0 0 0
1103 1104 1 0 0 0
1104 1105 1 0 0 0
1105 1106 1.5 1 1 0
1106 1107 1.5 1 1 0
1107 1108 1.5 1 1 0
1108 1109 1.5 1 1 0
1109 1110 1.5 1 1 0
1103 1111 1 0 0 0
1111 1112 1 1 0 0
1112 1113 2 1 0 0
1112 1114 1 0 0 0
1114 1115 1 0 0 0
1115 1116 1 0 0 0
1116 1117 1.5 1 1 0
1117 1118 1.5 1 1 0
1118 1119 1.5 1 1 0
1119 1120 1.5 1 1 0
1120 1121 1.5 1 1 0
1114 1122 1 0 0 0
1122 1123 1 1 0 0
1123 1124 2 1 0 0
1123 1125 1 0 0 0
1125 1126 1 0 0 0
1126 1127 1 0 0 0
1127 1128 1.5 1 1 0
1128 1129 1.5 1 1 0
1129 1130 1.5 1 1 0
1130 1131 1.5 1 1 0
1131 1132 1.5 1 1 0
1125 1133 1 0 0 0
1133 1134 1 1 0 0
1134 1135 2 1 0 0
1134 1136 1 0 0 0
1136 1137 1 0 0 0
1137 1138 1 0 0 0
1138 1139 1.5 1 1 0
1139 1140 1.5 1 1 0
1140 1141 1.5 1 1 0
1141 1142 1.5 1 1 0
1142 1143 1.5 1 1 0
1136 1144 1 0 0 0
1144 1145 1 1 0 0
1145 1146 2 1 0 0
1145 1147 1 0 0 0
1147 1148 1 0 0 0
1148 1149 1 0 0 0
1149 1150 1.5 1 1 0
1150 1151 1.5 1 1 0
1151 1152 1.5 1 1 0
1152 1153 1.5 1 1 0
1153 1154 1.5 1 1 0
1147 1155 1 0 0 0
1155 1156 1 1 0 0
1156 1157 2 1 0 0
1156 1158 1 0 0 0
1158 1159 1 0 0 0
1159 1160 1 0 0 0
1160 1161 1.5 1 1 0
1161 1162 1.5 1 1 0
1162 1163 1.5 1 1 0
1163 1164 1.5 1 1 0
1164 1165 1.5 1 1 0
1158 1166 1 0 0 0
1166 1167 1 1 0 0
1167 1168 2 1 0 0
1167 1169 1 0 0 0
1169 1170 1 0 0 0
1170 1171 1 0 0 0
1171 1172 1.5 1 1 0
1172 1173 1.5 1 1 0
1173 1174 1.5 1 1 0
1174 1175 1.5 1 1 0
1175 1176 1.5 1 1 0
1169 1177 1 0 0 0
1177 1178 1 1 0 0
1178 1179 2 1 0 0
1178 1180 1 0 0 0
1180 1181 1 0 0 0
1181 1182 1 0 0 0
1182 1183 1.5 1 1 0
1183 1184 1.5 1 1 0
1184 1185 1.5 1 1 0
1185 1186 1.5 1 1 0
1186 1187 1.5 1 1 0
1180 1188 1 0 0 0
1188 1189 1 1 0 0
1189 1190 2 1 0 0
1189 1191 1 0 0 0
1191 1192 1 0 0 0
1192 1193 1 0 0 0
1193 1194 1.5 1 1 0
1194 1195 1.5 1 1 0
1195 1196 1.5 1 1 0
1196 1197 1.5 1 1 0
1197 1198 1.5 1 1 0
1191 1199 1 0 0 0
1199 1200 1 1 0 0
1200 1201 2 1 0 0
1200 1202 1 0 0 0
1202 1203 1 0 0 0
1203 1204 1 0 0 0
1204 1205 1.5 1 1 0
1205 1206 1.5 1 1 0
1206 1207 1.5 1 1 0
1207 1208 1.5 1 1 0
1208 1209 1.5 1 1 0
1202 1210 1 0 0 0
1210 1211 1 1 0 0
1211 1212 2 1 0 0
1211 1213 1 0 0 0
1213 1214 1 0 0 0
1214 1215 1 0 0 0
1215 1216 1.5 1 1 0
1216 1217 1.5 1 1 0
1217 1218 1.5 1 1 0
1218 1219 1.5 1 1 0
1219 1220 1.5 1 1 0
1213 1221 1 0 0 0
1221 1222 1 1 0 0
1222 1223 2 1 0 0
1222 1224 1 0 0 0
1224 1225 1 0 0 0
1225 1226 1 0 0 0
1226 1227 1.5 1 1 0
1227 1228 1.5 1 1 0
1228 1229 1.5 1 1 0
1229 1230 1.5 1 1 0
1230 1231 1.5 1 1 0
1224 1232 1 0 0 0
1232 1233 1 1 0 0
1233 1234 2 1 0 0
1233 1235 1 0 0 0
1235 1236 1 0 0 0
1236 1237 1 0 0 0
1237 1238 1.5 1 1 0
1238 1239 1.5 1 1 0
1239 1240 1.5 1 1 0
1240 1241 1.5 1 1 0
1241 1242 1.5 1 1 0
1235 1243 1 0 0 0
1243 1244 1 1 0 0
1244 1245 2 1 0 0
1244 1246 1 0 0 0
1246 1247 1 0 0 0
1247 1248 1 0 0 0
1248 1249 1.5 1 1 0
1249 1250 1.5 1 1 0
1250 1251 1.5 1 1 0
1251 1252 1.5 1 1 0
1252 1253 1.5 1 1 0
1246 1254 1 0 0 0
1254 1255 1 1 0 0
1255 1256 2 1 0 0
1255 1257 1 0 0 0
1257 1258 1 0 0 0
1258 1259 1 0 0 0
1259 1260 1.5 1 1 0
1260 1261 1.5 1 1 0
1261 1262 1.5 1 1 0
1262 1263 1.5 1 1 0
1263 1264 1.5 1 1 0
1257 1265 1 0 0 0
1265 1266 1 1 0 0
1266 1267 2 1 0 0
1266 1268 1 0 0 0
1268 1269 1 0 0 0
1269 1270 1 0 0 0
1270 1271 1.5 1 1 0
1271 1272 1.5 1 1 0
1272 1273 1.5 1 1 0
1273 1274 1.5 1 1 0
1274 1275 1.5 1 1 0
1268 1276 1 0 0 0
1276 1277 1 1 0 0
1277 1278 2 1 0 0
1277 1279 1 0 0 0
1279 1280 1 0 0 0
1280 1281 1 0 0 0
1281 1282 1.5 1 1 0
1282 1283 1.5 1 1 0
1283 1284 1.5 1 1 0
1284 1285 1.5 1 1 0
1285 1286 1.5 1 1 0
1279 1287 1 0 0 0
1287 1288 1 1 0 0
1288 1289 2 1 0 0
1288 1290 1 0 0 0
1290 1291 1 0 0 0
1291 1292 1 0 0 0
1292 1293 1.5 1 1 0
1293 1294 1.5 1 1 0
1294 1295 1.5 1 1 0
1295 1296 1.5 1 1 0
1296 1297 1.5 1 1 0
1290 1298 1 0 0 0
1298 1299 1 1 0 0
1299 1300 2 1 0 0
1299 1301 1 0 0 0
1301 1302 1 0 0 0
1302 1303 1 0 0 0
1303 1304 1.5 1 1 0
1304 1305 1.5 1 1 0
1305 1306 1.5 1 1 0
1306 1307 1.5 1 1 0
1307 1308 1.5 1 1 0
1301 1309 1 0 0 0
1309 1310 1 1 0 0
1310 1311 2 1 0 0
1310 1312 1 0 0 0
1312 1313 1 0 0 0
1313 1314 1 0 0 0
1314 1315 1.5 1 1 0
1315 1316 1.5 1 1 0
1316 1317 1.5 1 1 0
1317 1318 1.5 1 1 0
1318 1319 1.5 1 1 0
1312 1320 1 0 0 0
1320 1321 1 1 0 0
1321 1322 2 1 0 0
1321 1323 1 1 0 0
10 5 1.5 1 1 0
21 16 1.5 1 1 0
32 27 1.5 1 1 0
43 38 1.5 1 1 0
54 49 1.5 1 1 0
65 60 1.5 1 1 0
76 71 1.5 1 1 0
87 82 1.5 1 1 0
98 93 1.5 1 1 0
109 104 1.5 1 1 0
120 115 1.5 1 1 0
131 126 1.5 1 1 0
142 137 1.5 1 1 0
153 148 1.5 1 1 0
164 159 1.5 1 1 0
175 170 1.5 1 1 0
186 181 1.5 1 1 0
197 192 1.5 1 1 0
208 203 1.5 1 1 0
219 214 1.5 1 1 0
230 225 1.5 1 1 0
241 236 1.5 1 1 0
252 247 1.5 1 1 0
263 258 1.5 1 1 0
274 269 1.5 1 1 0
285 280 1.5 1 1 0
296 291 1.5 1 1 0
307 302 1.5 1 1 0
318 313 1.5 1 1 0
329 324 1.5 1 1 0
340 335 1.5 1 1 0
351 346 1.5 1 1 0
362 357 1.5 1 1 0
373 368 1.5 1 1 0
384 379 1.5 1 1 0
395 390 1.5 1 1 0
406 401 1.5 1 1 0
417 412 1.5 1 1 0
428 423 1.5 1 1 0
439 434 1.5 1 1 0
450 445 1.5 1 1 0
461 456 1.5 1 1 0
472 467 1.5 1 1 0
483 478 1.5 1 1 0
494 489 1.5 1 1 0
505 500 1.5 1 1 0
516 511 1.5 1 1 0
527 522 1.5 1 1 0
538 533 1.5 1 1 0
549 544 1.5 1 1 0
560 555 1.5 1 1 0
571 566 1.5 1 1 0
582 577 1.5 1 1 0
593 588 1.5 1 1 0
604 599 1.5 1 1 0
615 610 1.5 1 1 0
626 621 1.5 1 1 0
637 632 1.5 1 1 0
648 643 1.5 1 1 0
659 654 1.5 1 1 0
670 665 1.5 1 1 0
681 676 1.5 1 1 0
692 687 1.5 1 1 0
703 698 1.5 1 1 0
714 709 1.5 1 1 0
725 720 1.5 1 1 0
736 731 1.5 1 1 0
747 742 1.5 1 1 0
758 753 1.5 1 1 0
769 764 1.5 1 1 0
780 775 1.5 1 1 0
791 786 1.5 1 1 0
802 797 1.5 1 1 0
813 808 1.5 1 1 0
824 819 1.5 1 1 0
835 830 1.5 1 1 0
846 841 1.5 1 1 0
857 852 1.5 1 1 0
868 863 1.5 1 1 0
879 874 1.5 1 1 0
890 885 1.5 1 1 0
901 896 1.5 1 1 0
912 907 1.5 1 1 0
923 918 1.5 1 1 0
934 929 1.5 1 1 0
945 940 1.5 1 1 0
956 951 1.5 1 1 0
967 962 1.5 1 1 0
978 973 1.5 1 1 0
989 984 1.5 1 1 0
1000 995 1.5 1 1 0
1011 1006 1.5 1 1 0
1022 1017 1.5 1 1 0
1033 1028 1.5 1 1 0
1044 1039 1.5 1 1 0
1055 1050 1.5 1 1 0
1066 1061 1.5 1 1 0
1077 1072 1.5 1 1 0
1088 1083 1.5 1 1 0
1099 1094 1.5 1 1 0
1110 1105 1.5 1 1 0
1121 1116 1.5 1 1 0
1132 1127 1.5 1 1 0
1143 1138 1.5 1 1 0
1154 1149 1.5 1 1 0
1165 1160 1.5 1 1 0
1176 1171 1.5 1 1 0
1187 1182 1.5 1 1 0
1198 1193 1.5 1 1 0
1209 1204 1.5 1 1 0
1220 1215 1.5 1 1 0
1231 1226 1.5 1 1 0
1242 1237 1.5 1 1 0
1253 1248 1.5 1 1 0
1264 1259 1.5 1 1 0
1275 1270 1.5 1 1 0
1286 1281 1.5 1 1 0
1297 1292 1.5 1 1 0
1308 1303 1.5 1 1 0
1319 1314 1.5 1 1 0
1764 1923 1
7 1 2 0 3 0 0 14.007 -0.3678778833 -1.019 2.262 0
6 3 0 0 3 0 0 12.011 0.2398474342 -0.2783 5.007 0
8 1 0 0 3 0 0 15.999 -0.2729440243 -0.1526 0 0
6 3 1 0 4 0 0 12.011 0.1115191055 -0.2051 2.731 1
6 2 2 0 4 0 0 12.011 0.00166322946 -0.0516 2.488 0
6 3 0 0 3 1 1 12.011 -0.04544295338 0.136 3.509 0
6 2 1 0 3 1 1 12.011 -0.05895111168 0.1581 3.35 0
6 2 1 0 3 1 1 12.011 -0.0619927356 0.1581 3.35 0
6 2 1 0 3 1 1 12.011 -0.06224871479 0.1581 3.35 0
6 2 1 0 3 1 1 12.011 -0.0619927356 0.1581 3.35 0
6 2 1 0 3 1 1 12.011 -0.05895111168 0.1581 3.35 0
7 2 1 0 3 0 0 14.007 -0.3421929935 -0.7096 2.173 0
6 3 0 0 3 0 0 12.011 0.243083267 -0.2783 5.007 0
8 1 0 0 3 0 0 15.999 -0.2726906406 -0.1526 0 0
6 3 1 0 4 0 0 12.011 0.1117578675 -0.2051 2.731 1
6 2 2 0 4 0 0 12.011 0.001671685067 -0.0516 2.488 0
6 3 0 0 3 1 1 12.011 -0.04544281377 0.136 3.509 0
6 2 1 0 3 1 1 12.011 -0.0589511106 0.1581 3.35 0
6 2 1 0 3 1 1 12.011 -0.0619927356 0.1581 3.35 0
6 2 1 0 3 1 1 12.011 -0.06224871479 0.1581 3.35 0
6 2 1 0 3 1 1 12.011 -0.0619927356 0.1581 3.35 0
6 2 1 0 3 1 1 12.011 -0.0589511106 0.1581 3.35 0
7 2 1 0 3 0 0 14.007 -0.3421844305 -0.7096 2.173 0
6 3 0 0 3 0 0 12.011 0.2430833907 -0.2783 5.007 0
8 1 0 0 3 0 0 15.999 -0.2726906395 -0.1526 0 0
6 3 1 0 4 0 0 12.011 0.1117578685 -0.2051 2.731 1
6 2 2 0 4 0 0 12.011 0.001671685071 -0.0516 2.488 0
6 3 0 0 3 1 1 12.011 -0.04544281377 0.136 3.509 0
6 2 1 0 3 1 1 12.011 -0.0589511106 0.1581 3.35 0
6 2 1 0 3 1 1 12.011 -0.0619927356 0.1581 3.35 0
6 2 1 0 3 1 1 12.011 -0.06224871479 0.1581 3.35 0
6 2 1 0 3 1 1 12.011 -0.0619927356 0.1581 3.35 0
6 2 1 0 3 1 1 12.011 -0.0589511106 0.1581 3.35 0
7 2 1 0 3 0 0 14.007 -0.3421844305 -0.7096 2.173 0
6 3 0 0 3 0 0 12.011 0.2430833907 -0.2783 5.007 0
8 1 0 0 3 0 0 15.999 -0.2726906395 -0.1526 0 0
6 3 1 0 4 0 0 12.011 0.1117578685 -0.2051 2.731 1
6 2 2 0 4 0 0 12.011 0.001671685071 -0.0516 2.488 0
6 3 0 0 3 1 1 12.011 -0.04544281377 0.136 3.509 0
6 2 1 0 3 1 1 12.011 -0.0589511106 0.1581 3.35 0
6 2 1 0 3 1 1 12.011 -0.0619927356 0.1581 3.35 0
6 2 1 0 3 1 1 12.011 -0.06224871479 0.1581 3.35 0
6 2 1 0 3 1 1 12.011 -0.0619927356 0.1581 3.35 0
6 2 1 0 3 1 1 12.011 -0.0589511106 0.1581 3.35 0
7 2 1 0 3 0 0 14.007 -0.3421844305 -0.7096 2.173 0
6 3 0 0 3 0 0 12.011 0.2430833907 -0.2783 5.007 0
8 1 0 0 3 0 0 15.999 -0.2726906395 -0.1526 0 0
6 3 1 0 4 0 0 12.011 0.1117578685 -0.2051 2.731 1
6 2 2 0 4 0 0 12.011 0.001671685071 -0.0516 2.488 0
6 3 0 0 3 1 1 12.011 -0.04544281377 0.136 3.509 0
6 2 1 0 3 1 1 12.011 -0.0589511106 0.1581 3.35 0
6 2 1 0 3 1 1 12.011 -0.0619927356 0.1581 3.35 0
6 2 1 0 3 1 1 12.011 -0.06224871479 0.1581 3.35 0
6 2 1 0 3 1 1 12.011 -0.0619927356 0.1581 3.35 0
6 2 1 0 3 1 1 12.011 -0.0589511106 0.1581 3.35 0
7 2 1 0 3 0 0 14.007 -0.3421844305 -0.7096 2.173 0
6 3 0 0 3 0 0 12.011 0.2430833907 -0.2783 5.007 0
8 1 0 0 3 0 0 15.999 -0.2726906395 -0.1526 0 0
6 3 1 0 4 0 0 12.011 0.1117578685 -0.2051 2.731 1
6 2 2 0 4 0 0 12.011 0.001671685071 -0.0516 2.488 0
6 3 0 0 3 1 1 12.011 -0.04544281377 0.136 3.509 0
6 2 1 0 3 1 1 12.011 -0.0589511106 0.1581 3.35 0
6 2 1 0 3 1 1 12.011 -0.0619927356 0.1581 3.35 0
6 2 1 0 3 1 1 12.011 -0.06224871479 0.1581 3.35 0
6 2 1 0 3 1 1 12.011 -0.0619927356 0.1581 3.35 0
6 2 1 0 3 1 1 12.011 -0.0589511106 0.1581 3.35 0
7 2 1 0 3 0 0 14.007 -0.3421844305 -0.7096 2.173 0
6 3 0 0 3 0 0 12.011 0.2430833907 -0.2783 5.007 0
8 1 0 0 3 0 0 15.999 -0.2726906395 -0.1526 0 0
6 3 1 0 4 0 0 12.011 0.1117578685 -0.2051 2.731 1
6 2 2 0 4 0 0 12.011 0.001671685071 -0.0516 2.488 0
6 3 0 0 3 1 1 12.011 -0.04544281377 0.136 3.509 0
6 2 1 0 3 1 1 12.011 -0.0589511106 0.1581 3.35 0
6 2 1 0 3 1 1 12.011 -0.0619927356 0.1581 3.35 0
6 2 1 0 3 1 1 12.011 -0.06224871479 0.1581 3.35 0
6 2 1 0 3 1 1 12.011 -0.0619927356 0.1581 3.35 0
6 2 1 0 3 1 1 12.011 -0.0589511106 0.1581 3.35 0
7 2 1 0 3 0 0 14.007 -0.3421844305 -0.7096 2.173 0
6 3 0 0 3 0 0 12.011 0.2430833907 -0.2783 5.007 0
8 1 0 0 3 0 0 15.999 -0.2726906395 -0.1526 0 0
6 3 1 0 4 0 0 12.011 0.1117578685 -0.2051 2.731 1
6 2 2 0 4 0 0 12.011 0.001671685071 -0.0516 2.488 0
6 3 0 0 3 1 1 12.011 -0.04544281377 0.136 3.509 0
6 2 1 0 3 1 1 12.011 -0.0589511106 0.1581 3.35 0
6 2 1 0 3 1 1 12.011 -0.0619927356 0.1581 3.35 0
6 2 1 0 3 1 1 12.011 -0.06224871479 0.1581 3.35 0
6 2 1 0 3 1 1 12.011 -0.0619927356 0.1581 3.35 0
6 2 1 0 3 1 1 12.011 -0.0589511106 0.1581 3.35 0
7 2 1 0 3 0 0 14.007 -0.3421844305 -0.7096 2.173 0
6 3 0 0 3 0 0 12.011 0.2430833907 -0.2783 5.007 0
8 1 0 0 3 0 0 15.999 -0.2726906395 -0.1526 0 0
6 3 1 0 4 0 0 12.011 0.1117578685 -0.2051 2.731 1
6 2 2 0 4 0 0 12.011 0.001671685071 -0.0516 2.488 0
6 3 0 0 3 1 1 12.011 -0.04544281377 0.136 3.509 0
6 2 1 0 3 1 1 12.011 -0.0589511106 0.1581 3.35 0
6 2 1 0 3 1 1 12.011 -0.0619927356 0.1581 3.35 0
6 2 1 0 3 1 1 12.011 -0.06224871479 0.1581 3.35 0
6 2 1 0 3 1 1 12.011 -0.0619927356 0.1581 3.35 0
6 2 1 0 3 1 1 12.011 -0.0589511106 0.1581 3.35 0
7 2 1 0 3 0 0 14.007 -0.3421844305 -0.7096 2.173 0
6 3 0 0 3 0 0 12.011 0.2430833907 -0.2783 5.007 0
8 1 0 0 3 0 0 15.999 -0.2726906395 -0.1526 0 0
6 3 1 0 4 0 0 12.011 0.1117578685 -0.2051 2.731 1
6 2 2 0 4 0 0 12.011 0.001671685071 -0.0516 2.488 0
6 3 0 0 3 1 1 12.011 -0.04544281377 0.136 3.509 0
6 2 1 0 3 1 1 12.011 -0.0589511106 0.1581 3.35 0
6 2 1 0 3 1 1 12.011 -0.0619927356 0.1581 3.35 0
6 2 1 0 3 1 1 12.011 -0.06224871479 0.1581 3.35 0
6 2 1 0 3 1 1 12.011 -0.0619927356 0.1581 3.35 0
6 2 1 0 3 1 1 12.011 -0.0589511106 0.1581 3.35 0
7 2 1 0 3 0 0 14.007 -0.3421844305 -0.7096 2.173 0
6 3 0 0 3 0 0 12.011 0.2430833907 -0.2783 5.007 0
8 1 0 0 3 0 0 15.999 -0.2726906395 -0.1526 0 0
6 3 1 0 4 0 0 12.011 0.1117578685 -0.2051 2.731 1
6 2 2 0 4 0 0 12.011 0.001671685071 -0.0516 2.488 0
6 3 0 0 3 1 1 12.011 -0.04544281377 0.136 3.509 0
6 2 1 0 3 1 1 12.011 -0.0589511106 0.1581 3.35 0
6 2 1 0 3 1 1 12.011 -0.0619927356 0.1581 3.35 0
6 2 1 0 3 1 1 12.011 -0.06224871479 0.1581 3.35 0
6 2 1 0 3 1 1 12.011 -0.0619927356 0.1581 3.35 0
6 2 1 0 3 1 1 12.011 -0.0589511106 0.1581 3.35 0
7 2 1 0 3 0 0 14.007 -0.3421844305 -0.7096 2.173 0
6 3 0 0 3 0 0 12.011 0.2430833907 -0.2783 5.007 0
8 1 0 0 3 0 0 15.999 -0.2726906395 -0.1526 0 0
6 3 1 0 4 0 0 12.011 0.1117578685 -0.2051 2.731 1
6 2 2 0 4 0 0 12.011 0.001671685071 -0.0516 2.488 0
6 3 0 0 3 1 1 12.011 -0.04544281377 0.136 3.509 0
6 2 1 0 3 1 1 12.011 -0.0589511106 0.1581 3.35 0
6 2 1 0 3 1 1 12.011 -0.0619927356 0.1581 3.35 0
6 2 1 0 3 1 1 12.011 -0.06224871479 0.1581 3.35 0
6 2 1 0 3 1 1 12.011 -0.0619927356 0.1581 3.35 0
6 2 1 0 3 1 1 12.011 -0.0589511106 0.1581 3.35 0
7 2 1 0 3 0 0 14.007 -0.3421844305 -0.7096 2.173 0
6 3 0 0 3 0 0 12.011 0.2430833907 -0.2783 5.007 0
8 1 0 0 3 0 0 15.999 -0.2726906395 -0.1526 0 0
6 3 1 0 4 0 0 12.011 0.1117578685 -0.2051 2.731 1
6 2 2 0 4 0 0 12.011 0.001671685071 -0.0516 2.488 0
6 3 0 0 3 1 1 12.011 -0.04544281377 0.136 3.509 0
6 2 1 0 3 1 1 12.011 -0.0589511106 0.1581 3.35 0
6 2 1 0 3 1 1 12.011 -0.0619927356 0.1581 3.35 0
6 2 1 0 3 1 1 12.011 -0.06224871479 0.1581 3.35 0
6 2 1 0 3 1 1 12.011 -0.0619927356 0.1581 3.35 0
6 2 1 0 3 1 1 12.011 -0.0589511106 0.1581 3.35 0
7 2 1 0 3 0 0 14.007 -0.3421844305 -0.7096 2.173 0
6 3 0 0 3 0 0 12.011 0.2430833907 -0.2783 5.007 0
8 1 0 0 3 0 0 15.999 -0.2726906395 -0.1526 0 0
6 3 1 0 4 0 0 12.011 0.1117578685 -0.2051 2.731 1
6 2 2 0 4 0 0 12.011 0.001671685071 -0.0516 2.488 0
6 3 0 0 3 1 1 12.011 -0.04544281377 0.136 3.509 0
6 2 1 0 3 1 1 12.011 -0.0589511106 0.1581 3.35 0
6 2 1 0 3 1 1 12.011 -0.0619927356 0.1581 3.35 0
6 2 1 0 3 1 1 12.011 -0.06224871479 0.1581 3.35 0
6 2 1 0 3 1 1 12.011 -0.0619927356 0.1581 3.35 0
6 2 1 0 3 1 1 12.011 -0.0589511106 0.1581 3.35 0
7 2 1 0 3 0 0 14.007 -0.3421844305 -0.7096 2.173 0
6 3 0 0 3 0 0 12.011 0.2430833907 -0.2783 5.007 0
8 1 0 0 3 0 0 15.999 -0.2726906395 -0.1526 0 0
6 3 1 0 4 0 0 12.011 0.1117578685 -0.2051 2.731 1
6 2 2 0 4 0 0 12.011 0.001671685071 -0.0516 2.488 0
6 3 0 0 3 1 1 12.011 -0.04544281377 0.136 3.509 0
6 2 1 0 3 1 1 12.011 -0.0589511106 0.1581 3.35 0
6 2 1 0 3 1 1 12.011 -0.0619927356 0.1581 3.35 0
6 2 1 0 3 1 1 12.011 -0.06224871479 0.1581 3.35 0
6 2 1 0 3 1 1 12.011 -0.0619927356 0.1581 3.35 0
6 2 1 0 3 1 1 12.011 -0.0589511106 0.1581 3.35 0
7 2 1 0 3 0 0 14.007 -0.3421844305 -0.7096 2.173 0
6 3 0 0 3 0 0 12.011 0.2430833907 -0.2783 5.007 0
8 1 0 0 3 0 0 15.999 -0.2726906395 -0.1526 0 0
6 3 1 0 4 0 0 12.011 0.1117578685 -0.2051 2.731 1
6 2 2 0 4 0 0 12.011 0.001671685071 -0.0516 2.488 0
6 3 0 0 3 1 1 12.011 -0.04544281377 0.136 3.509 0
6 2 1 0 3 1 1 12.011 -0.0589511106 0.1581 3.35 0
6 2 1 0 3 1 1 12.011 -0.0619927356 0.1581 3.35 0
6 2 1 0 3 1 1 12.011 -0.06224871479 0.1581 3.35 0
6 2 1 0 3 1 1 12.011 -0.0619927356 0.1581 3.35 0
6 2 1 0 3 1 1 12.011 -0.0589511106 0.1581 3.35 0
7 2 1 0 3 0 0 14.007 -0.3421844305 -0.7096 2.173 0
6 3 0 0 3 0 0 12.011 0.2430833907 -0.2783 5.007 0
8 1 0 0 3 0 0 15.999 -0.2726906395 -0.1526 0 0
6 3 1 0 4 0 0 12.011 0.1117578685 -0.2051 2.731 1
6 2 2 0 4 0 0 12.011 0.001671685071 -0.0516 2.488 0
6 3 0 0 3 1 1 12.011 -0.04544281377 0.136 3.509 0
6 2 1 0 3 1 1 12.011 -0.0589511106 0.1581 3.35 0
6 2 1 0 3 1 1 12.011 -0.0619927356 0.1581 3.35 0
6 2 1 0 3 1 1 12.011 -0.06224871479 0.1581 3.35 0
6 2 1 0 3 1 1 12.011 -0.0619927356 0.1581 3.35 0
6 2 1 0 3 1 1 12.011 -0.0589511106 0.1581 3.35 0
7 2 1 0 3 0 0 14.007 -0.3421844305 -0.7096 2.173 0
6 3 0 0 3 0 0 12.011 0.2430833907 -0.2783 5.007 0
8 1 0 0 3 0 0 15.999 -0.2726906395 -0.1526 0 0
6 3 1 0 4 0 0 12.011 0.1117578685 -0.2051 2.731 1
6 2 2 0 4 0 0 12.011 0.001671685071 -0.0516 2.488 0
6 3 0 0 3 1 1 12.011 -0.04544281377 0.136 3.509 0
6 2 1 0 3 1 1 12.011 -0.0589511106 0.1581 3.35 0
6 2 1 0 3 1 1 12.011 -0.0619927356 0.1581 3.35 0
6 2 1 0 3 1 1 12.011 -0.06224871479 0.1581 3.35 0
6 2 1 0 3 1 1 12.011 -0.0619927356 0.1581 3.35 0
6 2 1 0 3 1 1 12.011 -0.0589511106 0.1581 3.35 0
7 2 1 0 3 0 0 14.007 -0.3421844305 -0.7096 2.173 0
6 3 0 0 3 0 0 12.011 0.2430833907 -0.2783 5.007 0
8 1 0 0 3 0 0 15.999 -0.2726906395 -0.1526 0 0
6 3 1 0 4 0 0 12.011 0.1117578685 -0.2051 2.731 1
6 2 2 0 4 0 0 12.011 0.001671685071 -0.0516 2.488 0
6 3 0 0 3 1 1 12.011 -0.04544281377 0.136 3.509 0
6 2 1 0 3 1 1 12.011 -0.0589511106 0.1581 3.35 0
6 2 1 0 3 1 1 12.011 -0.0619927356 0.1581 3.35 0
6 2 1 0 3 1 1 12.011 -0.06224871479 0.1581 3.35 0
6 2 1 0 3 1 1 12.011 -0.0619927356 0.1581 3.35 0
6 2 1 0 3 1 1 12.011 -0.0589511106 0.1581 3.35 0
7 2 1 0 3 0 0 14.007 -0.3421844305 -0.7096 2.173 0
6 3 0 0 3 0 0 12.011 0.2430833907 -0.2783 5.007 0
8 1 0 0 3 0 0 15.999 -0.2726906395 -0.1526 0 0
6 3 1 0 4 0 0 12.011 0.1117578685 -0.2051 2.731 1
6 2 2 0 4 0 0 12.011 0.001671685071 -0.0516 2.488 0
6 3 0 0 3 1 1 12.011 -0.04544281377 0.136 3.509 0
6 2 1 0 3 1 1 12.011 -0.0589511106 0.1581 3.35 0
6 2 1 0 3 1 1 12.011 -0.0619927356 0.1581 3.35 0
6 2 1 0 3 1 1 12.011 -0.06224871479 0.1581 3.35 0
6 2 1 0 3 1 1 12.011 -0.0619927356 0.1581 3.35 0
6 2 1 0 3 1 1 12.011 -0.0589511106 0.1581 3.35 0
7 2 1 0 3 0 0 14.007 -0.3421844305 -0.7096 2.173 0
6 3 0 0 3 0 0 12.011 0.2430833907 -0.2783 5.007 0
8 1 0 0 3 0 0 15.999 -0.2726906395 -0.1526 0 0
6 3 1 0 4 0 0 12.011 0.1117578685 -0.2051 2.731 1
6 2 2 0 4 0 0 12.011 0.001671685071 -0.0516 2.488 0
6 3 0 0 3 1 1 12.011 -0.04544281377 0.136 3.509 0
6 2 1 0 3 1 1 12.011 -0.0589511106 0.1581 3.35 0
6 2 1 0 3 1 1 12.011 -0.0619927356 0.1581 3.35 0
6 2 1 0 3 1 1 12.011 -0.06224871479 0.1581 3.35 0
6 2 1 0 3 1 1 12.011 -0.0619927356 0.1581 3.35 0
6 2 1 0 3 1 1 12.011 -0.0589511106 0.1581 3.35 0
7 2 1 0 3 0 0 14.007 -0.3421844305 -0.7096 2.173 0
6 3 0 0 3 0 0 12.011 0.2430833907 -0.2783 5.007 0
8 1 0 0 3 0 0 15.999 -0.2726906395 -0.1526 0 0
6 3 1 0 4 0 0 12.011 0.1117578685 -0.2051 2.731 1
6 2 2 0 4 0 0 12.011 0.001671685071 -0.0516 2.488 0
6 3 0 0 3 1 1 12.011 -0.04544281377 0.136 3.509 0
6 2 1 0 3 1 1 12.011 -0.0589511106 0.1581 3.35 0
6 2 1 0 3 1 1 12.011 -0.0619927356 0.1581 3.35 0
6 2 1 0 3 1 1 12.011 -0.06224871479 0.1581 3.35 0
6 2 1 0 3 1 1 12.011 -0.0619927356 0.1581 3.35 0
6 2 1 0 3 1 1 12.011 -0.0589511106 0.1581 3.35 0
7 2 1 0 3 0 0 14.007 -0.3421844305 -0.7096 2.173 0
6 3 0 0 3 0 0 12.011 0.2430833907 -0.2783 5.007 0
8 1 0 0 3 0 0 15.999 -0.2726906395 -0.1526 0 0
6 3 1 0 4 0 0 12.011 0.1117578685 -0.2051 2.731 1
6 2 2 0 4 0 0 12.011 0.001671685071 -0.0516 2.488 0
6 3 0 0 3 1 1 12.011 -0.04544281377 0.136 3.509 0
6 2 1 0 3 1 1 12.011 -0.0589511106 0.1581 3.35 0
6 2 1 0 3 1 1 12.011 -0.0619927356 0.1581 3.35 0
6 2 1 0 3 1 1 12.011 -0.06224871479 0.1581 3.35 0
6 2 1 0 3 1 1 12.011 -0.0619927356 0.1581 3.35 0
6 2 1 0 3 1 1 12.011 -0.0589511106 0.1581 3.35 0
7 2 1 0 3 0 0 14.007 -0.3421844305 -0.7096 2.173 0
6 3 0 0 3 0 0 12.011 0.2430833907 -0.2783 5.007 0
8 1 0 0 3 0 0 15.999 -0.2726906395 -0.1526 0 0
6 3 1 0 4 0 0 12.011 0.1117578685 -0.2051 2.731 1
6 2 2 0 4 0 0 12.011 0.001671685071 -0.0516 2.488 0
6 3 0 0 3 1 1 12.011 -0.04544281377 0.136 3.509 0
6 2 1 0 3 1 1 12.011 -0.0589511106 0.1581 3.35 0
6 2 1 0 3 1 1 12.011 -0.0619927356 0.1581 3.35 0
6 2 1 0 3 1 1 12.011 -0.06224871479 0.1581 3.35 0
6 2 1 0 3 1 1 12.011 -0.0619927356 0.1581 3.35 0
6 2 1 0 3 1 1 12.011 -0.0589511106 0.1581 3.35 0
7 2 1 0 3 0 0 14.007 -0.3421844305 -0.7096 2.173 0
6 3 0 0 3 0 0 12.011 0.2430833907 -0.2783 5.007 0
8 1 0 0 3 0 0 15.999 -0.2726906395 -0.1526 0 0
6 3 1 0 4 0 0 12.011 0.1117578685 -0.2051 2.731 1
6 2 2 0 4 0 0 12.011 0.001671685071 -0.0516 2.488 0
6 3 0 0 3 1 1 12.011 -0.04544281377 0.136 3.509 0
6 2 1 0 3 1 1 12.011 -0.0589511106 0.1581 3.35 0
6 2 1 0 3 1 1 12.011 -0.0619927356 0.1581 3.35 0
6 2 1 0 3 1 1 12.011 -0.06224871479 0.1581 3.35 0
6 2 1 0 3 1 1 12.011 -0.0619927356 0.1581 3.35 0
6 2 1 0 3 1 1 12.011 -0.0589511106 0.1581 3.35 0
7 2 1 0 3 0 0 14.007 -0.3421844305 -0.7096 2.173 0
6 3 0 0 3 0 0 12.011 0.2430833907 -0.2783 5.007 0
8 1 0 0 3 0 0 15.999 -0.2726906395 -0.1526 0 0
6 3 1 0 4 0 0 12.011 0.1117578685 -0.2051 2.731 1
6 2 2 0 4 0 0 12.011 0.001671685071 -0.0516 2.488 0
6 3 0 0 3 1 1 12.011 -0.04544281377 0.136 3.509 0
6 2 1 0 3 1 1 12.011 -0.0589511106 0.1581 3.35 0
6 2 1 0 3 1 1 12.011 -0.0619927356 0.1581 3.35 0
6 2 1 0 3 1 1 12.011 -0.06224871479 0.1581 3.35 0
6 2 1 0 3 1 1 12.011 -0.0619927356 0.1581 3.35 0
6 2 1 0 3 1 1 12.011 -0.0589511106 0.1581 3.35 0
7 2 1 0 3 0 0 14.007 -0.3421844305 -0.7096 2.173 0
6 3 0 0 3 0 0 12.011 0.2430833907 -0.2783 5.007 0
8 1 0 0 3 0 0 15.999 -0.2726906395 -0.1526 0 0
6 3 1 0 4 0 0 12.011 0.1117578685 -0.2051 2.731 1
6 2 2 0 4 0 0 12.011 0.001671685071 -0.0516 2.488 0
6 3 0 0 3 1 1 12.011 -0.04544281377 0.136 3.509 0
6 2 1 0 3 1 1 12.011 -0.0589511106 0.1581 3.35 0
6 2 1 0 3 1 1 12.011 -0.0619927356 0.1581 3.35 0
6 2 1 0 3 1 1 12.011 -0.06224871479 0.1581 3.35 0
6 2 1 0 3 1 1 12.011 -0.0619927356 0.1581 3.35 0
6 2 1 0 3 1 1 12.011 -0.0589511106 0.1581 3.35 0
7 2 1 0 3 0 0 14.007 -0.3421844305 -0.7096 2.173 0
6 3 0 0 3 0 0 12.011 0.2430833907 -0.2783 5.007 0
8 1 0 0 3 0 0 15.999 -0.2726906395 -0.1526 0 0
6 3 1 0 4 0 0 12.011 0.1117578685 -0.2051 2.731 1
6 2 2 0 4 0 0 12.011 0.001671685071 -0.0516 2.488 0
6 3 0 0 3 1 1 12.011 -0.04544281377 0.136 3.509 0
6 2 1 0 3 1 1 12.011 -0.0589511106 0.1581 3.35 0
6 2 1 0 3 1 1 12.011 -0.0619927356 0.1581 3.35 0
6 2 1 0 3 1 1 12.011 -0.06224871479 0.1581 3.35 0
6 2 1 0 3 1 1 12.011 -0.0619927356 0.1581 3.35 0
6 2 1 0 3 1 1 12.011 -0.0589511106 0.1581 3.35 0
7 2 1 0 3 0 0 14.007 -0.3421844305 -0.7096 2.173 0
6 3 0 0 3 0 0 12.011 0.2430833907 -0.2783 5.007 0
8 1 0 0 3 0 0 15.999 -0.2726906395 -0.1526 0 0
6 3 1 0 4 0 0 12.011 0.1117578685 -0.2051 2.731 1
6 2 2 0 4 0 0 12.011 0.001671685071 -0.0516 2.488 0
6 3 0 0 3 1 1 12.011 -0.04544281377 0.136 3.509 0
6 2 1 0 3 1 1 12.011 -0.0589511106 0.1581 3.35 0
6 2 1 0 3 1 1 12.011 -0.0619927356 0.1581 3.35 0
6 2 1 0 3 1 1 12.011 -0.06224871479 0.1581 3.35 0
6 2 1 0 3 1 1 12.011 -0.0619927356 0.1581 3.35 0
6 2 1 0 3 1 1 12.011 -0.0589511106 0.1581 3.35 0
7 2 1 0 3 0 0 14.007 -0.3421844305 -0.7096 2.173 0
6 3 0 0 3 0 0 12.011 0.2430833907 -0.2783 5.007 0
8 1 0 0 3 0 0 15.999 -0.2726906395 -0.1526 0 0
6 3 1 0 4 0 0 12.011 0.1117578685 -0.2051 2.731 1
6 2 2 0 4 0 0 12.011 0.001671685071 -0.0516 2.488 0
6 3 0 0 3 1 1 12.011 -0.04544281377 0.136 3.509 0
6 2 1 0 3 1 1 12.011 -0.0589511106 0.1581 3.35 0
6 2 1 0 3 1 1 12.011 -0.0619927356 0.1581 3.35 0
6 2 1 0 3 1 1 12.011 -0.06224871479 0.1581 3.35 0
6 2 1 0 3 1 1 12.011 -0.0619927356 0.1581 3.35 0
6 2 1 0 3 1 1 12.011 -0.0589511106 0.1581 3.35 0
7 2 1 0 3 0 0 14.007 -0.3421844305 -0.7096 2.173 0
6 3 0 0 3 0 0 12.011 0.2430833907 -0.2783 5.007 0
8 1 0 0 3 0 0 15.999 -0.2726906395 -0.1526 0 0
6 3 1 0 4 0 0 12.011 0.1117578685 -0.2051 2.731 1
6 2 2 0 4 0 0 12.011 0.001671685071 -0.0516 2.488 0
6 3 0 0 3 1 1 12.011 -0.04544281377 0.136 3.509 0
6 2 1 0 3 1 1 12.011 -0.0589511106 0.1581 3.35 0
6 2 1 0 3 1 1 12.011 -0.0619927356 0.1581 3.35 0
6 2 1 0 3 1 1 12.011 -0.06224871479 0.1581 3.35 0
6 2 1 0 3 1 1 12.011 -0.0619927356 0.1581 3.35 0
6 2 1 0 3 1 1 12.011 -0.0589511106 0.1581 3.35 0
7 2 1 0 3 0 0 14.007 -0.3421844305 -0.7096 2.173 0
6 3 0 0 3 0 0 12.011 0.2430833907 -0.2783 5.007 0
8 1 0 0 3 0 0 15.999 -0.2726906395 -0.1526 0 0
6 3 1 0 4 0 0 12.011 0.1117578685 -0.2051 2.731 1
6 2 2 0 4 0 0 12.011 0.001671685071 -0.0516 2.488 0
6 3 0 0 3 1 1 12.011 -0.04544281377 0.136 3.509 0
6 2 1 0 3 1 1 12.011 -0.0589511106 0.1581 3.35 0
6 2 1 0 3 1 1 12.011 -0.0619927356 0.1581 3.35 0
6 2 1 0 3 1 1 12.011 -0.06224871479 0.1581 3.35 0
6 2 1 0 3 1 1 12.011 -0.0619927356 0.1581 3.35 0
6 2 1 0 3 1 1 12.011 -0.0589511106 0.1581 3.35 0
7 2 1 0 3 0 0 14.007 -0.3421844305 -0.7096 2.173 0
6 3 0 0 3 0 0 12.011 0.2430833907 -0.2783 5.007 0
8 1 0 0 3 0 0 15.999 -0.2726906395 -0.1526 0 0
6 3 1 0 4 0 0 12.011 0.1117578685 -0.2051 2.731 1
6 2 2 0 4 0 0 12.011 0.001671685071 -0.0516 2.488 0
6 3 0 0 3 1 1 12.011 -0.04544281377 0.136 3.509 0
6 2 1 0 3 1 1 12.011 -0.0589511106 0.1581 3.35 0
6 2 1 0 3 1 1 12.011 -0.0619927356 0.1581 3.35 0
6 2 1 0 3 1 1 12.011 -0.06224871479 0.1581 3.35 0
6 2 1 0 3 1 1 12.011 -0.0619927356 0.1581 3.35 0
6 2 1 0 3 1 1 12.011 -0.0589511106 0.1581 3.35 0
7 2 1 0 3 0 0 14.007 -0.3421844305 -0.7096 2.173 0
6 3 0 0 3 0 0 12.011 0.2430833907 -0.2783 5.007 0
8 1 0 0 3 0 0 15.999 -0.2726906395 -0.1526 0 0
6 3 1 0 4 0 0 12.011 0.1117578685 -0.2051 2.731 1
6 2 2 0 4 0 0 12.011 0.001671685071 -0.0516 2.488 0
6 3 0 0 3 1 1 12.011 -0.04544281377 0.136 3.509 0
6 2 1 0 3 1 1 12.011 -0.0589511106 0.1581 3.35 0
6 2 1 0 3 1 1 12.011 -0.0619927356 0.1581 3.35 0
6 2 1 0 3 1 1 12.011 -0.06224871479 0.1581 3.35 0
6 2 1 0 3 1 1 12.011 -0.0619927356 0.1581 3.35 0
6 2 1 0 3 1 1 12.011 -0.0589511106 0.1581 3.35 0
7 2 1 0 3 0 0 14.007 -0.3421844305 -0.7096 2.173 0
6 3 0 0 3 0 0 12.011 0.2430833907 -0.2783 5.007 0
8 1 0 0 3 0 0 15.999 -0.2726906395 -0.1526 0 0
6 3 1 0 4 0 0 12.011 0.1117578685 -0.2051 2.731 1
6 2 2 0 4 0 0 12.011 0.001671685071 -0.0516 2.488 0
6 3 0 0 3 1 1 12.011 -0.04544281377 0.136 3.509 0
6 2 1 0 3 1 1 12.011 -0.0589511106 0.1581 3.35 0
6 2 1 0 3 1 1 12.011 -0.0619927356 0.1581 3.35 0
6 2 1 0 3 1 1 12.011 -0.06224871479 0.1581 3.35 0
6 2 1 0 3 1 1 12.011 -0.0619927356 0.1581 3.35 0
6 2 1 0 3 1 1 12.011 -0.0589511106 0.1581 3.35 0
7 2 1 0 3 0 0 14.007 -0.3421844305 -0.7096 2.173 0
6 3 0 0 3 0 0 12.011 0.2430833907 -0.2783 5.007 0
8 1 0 0 3 0 0 15.999 -0.2726906395 -0.1526 0 0
6 3 1 0 4 0 0 12.011 0.1117578685 -0.2051 2.731 1
6 2 2 0 4 0 0 12.011 0.001671685071 -0.0516 2.488 0
6 3 0 0 3 1 1 12.011 -0.04544281377 0.136 3.509 0
6 2 1 0 3 1 1 12.011 -0.0589511106 0.1581 3.35 0
6 2 1 0 3 1 1 12.011 -0.0619927356 0.1581 3.35 0
6 2 1 0 3 1 1 12.011 -0.06224871479 0.1581 3.35 0
6 2 1 0 3 1 1 12.011 -0.0619927356 0.1581 3.35 0
6 2 1 0 3 1 1 12.011 -0.0589511106 0.1581 3.35 0
7 2 1 0 3 0 0 14.007 -0.3421844305 -0.7096 2.173 0
6 3 0 0 3 0 0 12.011 0.2430833907 -0.2783 5.007 0
8 1 0 0 3 0 0 15.999 -0.2726906395 -0.1526 0 0
6 3 1 0 4 0 0 12.011 0.1117578685 -0.2051 2.731 1
6 2 2 0 4 0 0 12.011 0.001671685071 -0.0516 2.488 0
6 3 0 0 3 1 1 12.011 -0.04544281377 0.136 3.509 0
6 2 1 0 3 1 1 12.011 -0.0589511106 0.1581 3.35 0
6 2 1 0 3 1 1 12.011 -0.0619927356 0.1581 3.35 0
6 2 1 0 3 1 1 12.011 -0.06224871479 0.1581 3.35 0
6 2 1 0 3 1 1 12.011 -0.0619927356 0.1581 3.35 0
6 2 1 0 3 1 1 12.011 -0.0589511106 0.1581 3.35 0
7 2 1 0 3 0 0 14.007 -0.3421844305 -0.7096 2.173 0
6 3 0 0 3 0 0 12.011 0.2430833907 -0.2783 5.007 0
8 1 0 0 3 0 0 15.999 -0.2726906395 -0.1526 0 0
6 3 1 0 4 0 0 12.011 0.1117578685 -0.2051 2.731 1
6 2 2 0 4 0 0 12.011 0.001671685071 -0.0516 2.488 0
6 3 0 0 3 1 1 12.011 -0.04544281377 0.136 3.509 0
6 2 1 0 3 1 1 12.011 -0.0589511106 0.1581 3.35 0
6 2 1 0 3 1 1 12.011 -0.0619927356 0.1581 3.35 0
6 2 1 0 3 1 1 12.011 -0.06224871479 0.1581 3.35 0
6 2 1 0 3 1 1 12.011 -0.0619927356 0.1581 3.35 0
6 2 1 0 3 1 1 12.011 -0.0589511106 0.1581 3.35 0
7 2 1 0 3 0 0 14.007 -0.3421844305 -0.7096 2.173 0
6 3 0 0 3 0 0 12.011 0.2430833907 -0.2783 5.007 0
8 1 0 0 3 0 0 15.999 -0.2726906395 -0.1526 0 0
6 3 1 0 4 0 0 12.011 0.1117578685 -0.2051 2.731 1
6 2 2 0 4 0 0 12.011 0.001671685071 -0.0516 2.488 0
6 3 0 0 3 1 1 12.011 -0.04544281377 0.136 3.509 0
6 2 1 0 3 1 1 12.011 -0.0589511106 0.1581 3.35 0
6 2 1 0 3 1 1 12.011 -0.0619927356 0.1581 3.35 0
6 2 1 0 3 1 1 12.011 -0.06224871479 0.1581 3.35 0
6 2 1 0 3 1 1 12.011 -0.0619927356 0.1581 3.35 0
6 2 1 0 3 1 1 12.011 -0.0589511106 0.1581 3.35 0
7 2 1 0 3 0 0 14.007 -0.3421844305 -0.7096 2.173 0
6 3 0 0 3 0 0 12.011 0.2430833907 -0.2783 5.007 0
8 1 0 0 3 0 0 15.999 -0.2726906395 -0.1526 0 0
6 3 1 0 4 0 0 12.011 0.1117578685 -0.2051 2.731 1
6 2 2 0 4 0 0 12.011 0.001671685071 -0.0516 2.488 0
6 3 0 0 3 1 1 12.011 -0.04544281377 0.136 3.509 0
6 2 1 0 3 1 1 12.011 -0.0589511106 0.1581 3.35 0
6 2 1 0 3 1 1 12.011 -0.0619927356 0.1581 3.35 0
6 2 1 0 3 1 1 12.011 -0.06224871479 0.1581 3.35 0
6 2 1 0 3 1 1 12.011 -0.0619927356 0.1581 3.35 0
6 2 1 0 3 1 1 12.011 -0.0589511106 0.1581 3.35 0
7 2 1 0 3 0 0 14.007 -0.3421844305 -0.7096 2.173 0
6 3 0 0 3 0 0 12.011 0.2430833907 -0.2783 5.007 0
8 1 0 0 3 0 0 15.999 -0.2726906395 -0.1526 0 0
6 3 1 0 4 0 0 12.011 0.1117578685 -0.2051 2.731 1
6 2 2 0 4 0 0 12.011 0.001671685071 -0.0516 2.488 0
6 3 0 0 3 1 1 12.011 -0.04544281377 0.136 3.509 0
6 2 1 0 3 1 1 12.011 -0.0589511106 0.1581 3.35 0
6 2 1 0 3 1 1 12.011 -0.0619927356 0.1581 3.35 0
6 2 1 0 3 1 1 12.011 -0.06224871479 0.1581 3.35 0
6 2 1 0 3 1 1 12.011 -0.0619927356 0.1581 3.35 0
6 2 1 0 3 1 1 12.011 -0.0589511106 0.1581 3.35 0
7 2 1 0 3 0 0 14.007 -0.3421844305 -0.7096 2.173 0
6 3 0 0 3 0 0 12.011 0.2430833907 -0.2783 5.007 0
8 1 0 0 3 0 0 15.999 -0.2726906395 -0.1526 0 0
6 3 1 0 4 0 0 12.011 0.1117578685 -0.2051 2.731 1
6 2 2 0 4 0 0 12.011 0.001671685071 -0.0516 2.488 0
6 3 0 0 3 1 1 12.011 -0.04544281377 0.136 3.509 0
6 2 1 0 3 1 1 12.011 -0.0589511106 0.1581 3.35 0
6 2 1 0 3 1 1 12.011 -0.0619927356 0.1581 3.35 0
6 2 1 0 3 1 1 12.011 -0.06224871479 0.1581 3.35 0
6 2 1 0 3 1 1 12.011 -0.0619927356 0.1581 3.35 0
6 2 1 0 3 1 1 12.011 -0.0589511106 0.1581 3.35 0
7 2 1 0 3 0 0 14.007 -0.3421844305 -0.7096 2.173 0
6 3 0 0 3 0 0 12.011 0.2430833907 -0.2783 5.007 0
8 1 0 0 3 0 0 15.999 -0.2726906395 -0.1526 0 0
6 3 1 0 4 0 0 12.011 0.1117578685 -0.2051 2.731 1
6 2 2 0 4 0 0 12.011 0.001671685071 -0.0516 2.488 0
6 3 0 0 3 1 1 12.011 -0.04544281377 0.136 3.509 0
6 2 1 0 3 1 1 12.011 -0.0589511106 0.1581 3.35 0
6 2 1 0 3 1 1 12.011 -0.0619927356 0.1581 3.35 0
6 2 1 0 3 1 1 12.011 -0.06224871479 0.1581 3.35 0
6 2 1 0 3 1 1 12.011 -0.0619927356 0.1581 3.35 0
6 2 1 0 3 1 1 12.011 -0.0589511106 0.1581 3.35 0
7 2 1 0 3 0 0 14.007 -0.3421844305 -0.7096 2.173 0
6 3 0 0 3 0 0 12.011 0.2430833907 -0.2783 5.007 0
8 1 0 0 3 0 0 15.999 -0.2726906395 -0.1526 0 0
6 3 1 0 4 0 0 12.011 0.1117578685 -0.2051 2.731 1
6 2 2 0 4 0 0 12.011 0.001671685071 -0.0516 2.488 0
6 3 0 0 3 1 1 12.011 -0.04544281377 0.136 3.509 0
6 2 1 0 3 1 1 12.011 -0.0589511106 0.1581 3.35 0
6 2 1 0 3 1 1 12.011 -0.0619927356 0.1581 3.35 0
6 2 1 0 3 1 1 12.011 -0.06224871479 0.1581 3.35 0
6 2 1 0 3 1 1 12.011 -0.0619927356 0.1581 3.35 0
6 2 1 0 3 1 1 12.011 -0.0589511106 0.1581 3.35 0
7 2 1 0 3 0 0 14.007 -0.3421844305 -0.7096 2.173 0
6 3 0 0 3 0 0 12.011 0.2430833907 -0.2783 5.007 0
8 1 0 0 3 0 0 15.999 -0.2726906395 -0.1526 0 0
6 3 1 0 4 0 0 12.011 0.1117578685 -0.2051 2.731 1
6 2 2 0 4 0 0 12.011 0.001671685071 -0.0516 2.488 0
6 3 0 0 3 1 1 12.011 -0.04544281377 0.136 3.509 0
6 2 1 0 3 1 1 12.011 -0.0589511106 0.1581 3.35 0
6 2 1 0 3 1 1 12.011 -0.0619927356 0.1581 3.35 0
6 2 1 0 3 1 1 12.011 -0.06224871479 0.1581 3.35 0
6 2 1 0 3 1 1 12.011 -0.0619927356 0.1581 3.35 0
6 2 1 0 3 1 1 12.011 -0.0589511106 0.1581 3.35 0
7 2 1 0 3 0 0 14.007 -0.3421844305 -0.7096 2.173 0
6 3 0 0 3 0 0 12.011 0.2430833907 -0.2783 5.007 0
8 1 0 0 3 0 0 15.999 -0.2726906395 -0.1526 0 0
6 3 1 0 4 0 0 12.011 0.1117578685 -0.2051 2.731 1
6 2 2 0 4 0 0 12.011 0.001671685071 -0.0516 2.488 0
6 3 0 0 3 1 1 12.011 -0.04544281377 0.136 3.509 0
6 2 1 0 3 1 1 12.011 -0.0589511106 0.1581 3.35 0
6 2 1 0 3 1 1 12.011 -0.0619927356 0.1581 3.35 0
6 2 1 0 3 1 1 12.011 -0.06224871479 0.1581 3.35 0
6 2 1 0 3 1 1 12.011 -0.0619927356 0.1581 3.35 0
6 2 1 0 3 1 1 12.011 -0.0589511106 0.1581 3.35 0
7 2 1 0 3 0 0 14.007 -0.3421844305 -0.7096 2.173 0
6 3 0 0 3 0 0 12.011 0.2430833907 -0.2783 5.007 0
8 1 0 0 3 0 0 15.999 -0.2726906395 -0.1526 0 0
6 3 1 0 4 0 0 12.011 0.1117578685 -0.2051 2.731 1
6 2 2 0 4 0 0 12.011 0.001671685071 -0.0516 2.488 0
6 3 0 0 3 1 1 12.011 -0.04544281377 0.136 3.509 0
6 2 1 0 3 1 1 12.011 -0.0589511106 0.1581 3.35 0
6 2 1 0 3 1 1 12.011 -0.0619927356 0.1581 3.35 0
6 2 1 0 3 1 1 12.011 -0.06224871479 0.1581 3.35 0
6 2 1 0 3 1 1 12.011 -0.0619927356 0.1581 3.35 0
6 2 1 0 3 1 1 12.011 -0.0589511106 0.1581 3.35 0
7 2 1 0 3 0 0 14.007 -0.3421844305 -0.7096 2.173 0
6 3 0 0 3 0 0 12.011 0.2430833907 -0.2783 5.007 0
8 1 0 0 3 0 0 15.999 -0.2726906395 -0.1526 0 0
6 3 1 0 4 0 0 12.011 0.1117578685 -0.2051 2.731 1
6 2 2 0 4 0 0 12.011 0.001671685071 -0.0516 2.488 0
6 3 0 0 3 1 1 12.011 -0.04544281377 0.136 3.509 0
6 2 1 0 3 1 1 12.011 -0.0589511106 0.1581 3.35 0
6 2 1 0 3 1 1 12.011 -0.0619927356 0.1581 3.35 0
6 2 1 0 3 1 1 12.011 -0.06224871479 0.1581 3.35 0
6 2 1 0 3 1 1 12.011 -0.0619927356 0.1581 3.35 0
6 2 1 0 3 1 1 12.011 -0.0589511106 0.1581 3.35 0
7 2 1 0 3 0 0 14.007 -0.3421844305 -0.7096 2.173 0
6 3 0 0 3 0 0 12.011 0.2430833907 -0.2783 5.007 0
8 1 0 0 3 0 0 15.999 -0.2726906395 -0.1526 0 0
6 3 1 0 4 0 0 12.011 0.1117578685 -0.2051 2.731 1
6 2 2 0 4 0 0 12.011 0.001671685071 -0.0516 2.488 0
6 3 0 0 3 1 1 12.011 -0.04544281377 0.136 3.509 0
6 2 1 0 3 1 1 12.011 -0.0589511106 0.1581 3.35 0
6 2 1 0 3 1 1 12.011 -0.0619927356 0.1581 3.35 0
6 2 1 0 3 1 1 12.011 -0.06224871479 0.1581 3.35 0
6 2 1 0 3 1 1 12.011 -0.0619927356 0.1581 3.35 0
6 2 1 0 3 1 1 12.011 -0.0589511106 0.1581 3.35 0
7 2 1 0 3 0 0 14.007 -0.3421844305 -0.7096 2.173 0
6 3 0 0 3 0 0 12.011 0.2430833907 -0.2783 5.007 0
8 1 0 0 3 0 0 15.999 -0.2726906395 -0.1526 0 0
6 3 1 0 4 0 0 12.011 0.1117578685 -0.2051 2.731 1
6 2 2 0 4 0 0 12.011 0.001671685071 -0.0516 2.488 0
6 3 0 0 3 1 1 12.011 -0.04544281377 0.136 3.509 0
6 2 1 0 3 1 1 12.011 -0.0589511106 0.1581 3.35 0
6 2 1 0 3 1 1 12.011 -0.0619927356 0.1581 3.35 0
6 2 1 0 3 1 1 12.011 -0.06224871479 0.1581 3.35 0
6 2 1 0 3 1 1 12.011 -0.0619927356 0.1581 3.35 0
6 2 1 0 3 1 1 12.011 -0.0589511106 0.1581 3.35 0
7 2 1 0 3 0 0 14.007 -0.3421844305 -0.7096 2.173 0
6 3 0 0 3 0 0 12.011 0.2430833907 -0.2783 5.007 0
8 1 0 0 3 0 0 15.999 -0.2726906395 -0.1526 0 0
6 3 1 0 4 0 0 12.011 0.1117578685 -0.2051 2.731 1
6 2 2 0 4 0 0 12.011 0.001671685071 -0.0516 2.488 0
6 3 0 0 3 1 1 12.011 -0.04544281377 0.136 3.509 0
6 2 1 0 3 1 1 12.011 -0.0589511106 0.1581 3.35 0
6 2 1 0 3 1 1 12.011 -0.0619927356 0.1581 3.35 0
6 2 1 0 3 1 1 12.011 -0.06224871479 0.1581 3.35 0
6 2 1 0 3 1 1 12.011 -0.0619927356 0.1581 3.35 0
6 2 1 0 3 1 1 12.011 -0.0589511106 0.1581 3.35 0
7 2 1 0 3 0 0 14.007 -0.3421844305 -0.7096 2.173 0
6 3 0 0 3 0 0 12.011 0.2430833907 -0.2783 5.007 0
8 1 0 0 3 0 0 15.999 -0.2726906395 -0.1526 0 0
6 3 1 0 4 0 0 12.011 0.1117578685 -0.2051 2.731 1
6 2 2 0 4 0 0 12.011 0.001671685071 -0.0516 2.488 0
6 3 0 0 3 1 1 12.011 -0.04544281377 0.136 3.509 0
6 2 1 0 3 1 1 12.011 -0.0589511106 0.1581 3.35 0
6 2 1 0 3 1 1 12.011 -0.0619927356 0.1581 3.35 0
6 2 1 0 3 1 1 12.011 -0.06224871479 0.1581 3.35 0
6 2 1 0 3 1 1 12.011 -0.0619927356 0.1581 3.35 0
6 2 1 0 3 1 1 12.011 -0.0589511106 0.1581 3.35 0
7 2 1 0 3 0 0 14.007 -0.3421844305 -0.7096 2.173 0
6 3 0 0 3 0 0 12.011 0.2430833907 -0.2783 5.007 0
8 1 0 0 3 0 0 15.999 -0.2726906395 -0.1526 0 0
6 3 1 0 4 0 0 12.011 0.1117578685 -0.2051 2.731 1
6 2 2 0 4 0 0 12.011 0.001671685071 -0.0516 2.488 0
6 3 0 0 3 1 1 12.011 -0.04544281377 0.136 3.509 0
6 2 1 0 3 1 1 12.011 -0.0589511106 0.1581 3.35 0
6 2 1 0 3 1 1 12.011 -0.0619927356 0.1581 3.35 0
6 2 1 0 3 1 1 12.011 -0.06224871479 0.1581 3.35 0
6 2 1 0 3 1 1 12.011 -0.0619927356 0.1581 3.35 0
6 2 1 0 3 1 1 12.011 -0.0589511106 0.1581 3.35 0
7 2 1 0 3 0 0 14.007 -0.3421844305 -0.7096 2.173 0
6 3 0 0 3 0 0 12.011 0.2430833907 -0.2783 5.007 0
8 1 0 0 3 0 0 15.999 -0.2726906395 -0.1526 0 0
6 3 1 0 4 0 0 12.011 0.1117578685 -0.2051 2.731 1
6 2 2 0 4 0 0 12.011 0.001671685071 -0.0516 2.488 0
6 3 0 0 3 1 1 12.011 -0.04544281377 0.136 3.509 0
6 2 1 0 3 1 1 12.011 -0.0589511106 0.1581 3.35 0
6 2 1 0 3 1 1 12.011 -0.0619927356 0.1581 3.35 0
6 2 1 0 3 1 1 12.011 -0.06224871479 0.1581 3.35 0
6 2 1 0 3 1 1 12.011 -0.0619927356 0.1581 3.35 0
6 2 1 0 3 1 1 12.011 -0.0589511106 0.1581 3.35 0
7 2 1 0 3 0 0 14.007 -0.3421844305 -0.7096 2.173 0
6 3 0 0 3 0 0 12.011 0.2430833907 -0.2783 5.007 0
8 1 0 0 3 0 0 15.999 -0.2726906395 -0.1526 0 0
6 3 1 0 4 0 0 12.011 0.1117578685 -0.2051 2.731 1
6 2 2 0 4 0 0 12.011 0.001671685071 -0.0516 2.488 0
6 3 0 0 3 1 1 12.011 -0.04544281377 0.136 3.509 0
6 2 1 0 3 1 1 12.011 -0.0589511106 0.1581 3.35 0
6 2 1 0 3 1 1 12.011 -0.0619927356 0.1581 3.35 0
6 2 1 0 3 1 1 12.011 -0.06224871479 0.1581 3.35 0
6 2 1 0 3 1 1 12.011 -0.0619927356 0.1581 3.35 0
6 2 1 0 3 1 1 12.011 -0.0589511106 0.1581 3.35 0
7 2 1 0 3 0 0 14.007 -0.3421844305 -0.7096 2.173 0
6 3 0 0 3 0 0 12.011 0.2430833907 -0.2783 5.007 0
8 1 0 0 3 0 0 15.999 -0.2726906395 -0.1526 0 0
6 3 1 0 4 0 0 12.011 0.1117578685 -0.2051 2.731 1
6 2 2 0 4 0 0 12.011 0.001671685071 -0.0516 2.488 0
6 3 0 0 3 1 1 12.011 -0.04544281377 0.136 3.509 0
6 2 1 0 3 1 1 12.011 -0.0589511106 0.1581 3.35 0
6 2 1 0 3 1 1 12.011 -0.0619927356 0.1581 3.35 0
6 2 1 0 3 1 1 12.011 -0.06224871479 0.1581 3.35 0
6 2 1 0 3 1 1 12.011 -0.0619927356 0.1581 3.35 0
6 2 1 0 3 1 1 12.011 -0.0589511106 0.1581 3.35 0
7 2 1 0 3 0 0 14.007 -0.3421844305 -0.7096 2.173 0
6 3 0 0 3 0 0 12.011 0.2430833907 -0.2783 5.007 0
8 1 0 0 3 0 0 15.999 -0.2726906395 -0.1526 0 0
6 3 1 0 4 0 0 12.011 0.1117578685 -0.2051 2.731 1
6 2 2 0 4 0 0 12.011 0.001671685071 -0.0516 2.488 0
6 3 0 0 3 1 1 12.011 -0.04544281377 0.136 3.509 0
6 2 1 0 3 1 1 12.011 -0.0589511106 0.1581 3.35 0
6 2 1 0 3 1 1 12.011 -0.0619927356 0.1581 3.35 0
6 2 1 0 3 1 1 12.011 -0.06224871479 0.1581 3.35 0
6 2 1 0 3 1 1 12.011 -0.0619927356 0.1581 3.35 0
6 2 1 0 3 1 1 12.011 -0.0589511106 0.1581 3.35 0
7 2 1 0 3 0 0 14.007 -0.3421844305 -0.7096 2.173 0
6 3 0 0 3 0 0 12.011 0.2430833907 -0.2783 5.007 0
8 1 0 0 3 0 0 15.999 -0.2726906395 -0.1526 0 0
6 3 1 0 4 0 0 12.011 0.1117578685 -0.2051 2.731 1
6 2 2 0 4 0 0 12.011 0.001671685071 -0.0516 2.488 0
6 3 0 0 3 1 1 12.011 -0.04544281377 0.136 3.509 0
6 2 1 0 3 1 1 12.011 -0.0589511106 0.1581 3.35 0
6 2 1 0 3 1 1 12.011 -0.0619927356 0.1581 3.35 0
6 2 1 0 3 1 1 12.011 -0.06224871479 0.1581 3.35 0
6 2 1 0 3 1 1 12.011 -0.0619927356 0.1581 3.35 0
6 2 1 0 3 1 1 12.011 -0.0589511106 0.1581 3.35 0
7 2 1 0 3 0 0 14.007 -0.3421844305 -0.7096 2.173 0
6 3 0 0 3 0 0 12.011 0.2430833907 -0.2783 5.007 0
8 1 0 0 3 0 0 15.999 -0.2726906395 -0.1526 0 0
6 3 1 0 4 0 0 12.011 0.1117578685 -0.2051 2.731 1
6 2 2 0 4 0 0 12.011 0.001671685071 -0.0516 2.488 0
6 3 0 0 3 1 1 12.011 -0.04544281377 0.136 3.509 0
6 2 1 0 3 1 1 12.011 -0.0589511106 0.1581 3.35 0
6 2 1 0 3 1 1 12.011 -0.0619927356 0.1581 3.35 0
6 2 1 0 3 1 1 12.011 -0.06224871479 0.1581 3.35 0
6 2 1 0 3 1 1 12.011 -0.0619927356 0.1581 3.35 0
6 2 1 0 3 1 1 12.011 -0.0589511106 0.1581 3.35 0
7 2 1 0 3 0 0 14.007 -0.3421844305 -0.7096 2.173 0
6 3 0 0 3 0 0 12.011 0.2430833907 -0.2783 5.007 0
8 1 0 0 3 0 0 15.999 -0.2726906395 -0.1526 0 0
6 3 1 0 4 0 0 12.011 0.1117578685 -0.2051 2.731 1
6 2 2 0 4 0 0 12.011 0.001671685071 -0.0516 2.488 0
6 3 0 0 3 1 1 12.011 -0.04544281377 0.136 3.509 0
6 2 1 0 3 1 1 12.011 -0.0589511106 0.1581 3.35 0
6 2 1 0 3 1 1 12.011 -0.0619927356 0.1581 3.35 0
6 2 1 0 3 1 1 12.011 -0.06224871479 0.1581 3.35 0
6 2 1 0 3 1 1 12.011 -0.0619927356 0.1581 3.35 0
6 2 1 0 3 1 1 12.011 -0.0589511106 0.1581 3.35 0
7 2 1 0 3 0 0 14.007 -0.3421844305 -0.7096 2.173 0
6 3 0 0 3 0 0 12.011 0.2430833907 -0.2783 5.007 0
8 1 0 0 3 0 0 15.999 -0.2726906395 -0.1526 0 0
6 3 1 0 4 0 0 12.011 0.1117578685 -0.2051 2.731 1
6 2 2 0 4 0 0 12.011 0.001671685071 -0.0516 2.488 0
6 3 0 0 3 1 1 12.011 -0.04544281377 0.136 3.509 0
6 2 1 0 3 1 1 12.011 -0.0589511106 0.1581 3.35 0
6 2 1 0 3 1 1 12.011 -0.0619927356 0.1581 3.35 0
6 2 1 0 3 1 1 12.011 -0.06224871479 0.1581 3.35 0
6 2 1 0 3 1 1 12.011 -0.0619927356 0.1581 3.35 0
6 2 1 0 3 1 1 12.011 -0.0589511106 0.1581 3.35 0
7 2 1 0 3 0 0 14.007 -0.3421844305 -0.7096 2.173 0
6 3 0 0 3 0 0 12.011 0.2430833907 -0.2783 5.007 0
8 1 0 0 3 0 0 15.999 -0.2726906395 -0.1526 0 0
6 3 1 0 4 0 0 12.011 0.1117578685 -0.2051 2.731 1
6 2 2 0 4 0 0 12.011 0.001671685071 -0.0516 2.488 0
6 3 0 0 3 1 1 12.011 -0.04544281377 0.136 3.509 0
6 2 1 0 3 1 1 12.011 -0.0589511106 0.1581 3.35 0
6 2 1 0 3 1 1 12.011 -0.0619927356 0.1581 3.35 0
6 2 1 0 3 1 1 12.011 -0.06224871479 0.1581 3.35 0
6 2 1 0 3 1 1 12.011 -0.0619927356 0.1581 3.35 0
6 2 1 0 3 1 1 12.011 -0.0589511106 0.1581 3.35 0
7 2 1 0 3 0 0 14.007 -0.3421844305 -0.7096 2.173 0
6 3 0 0 3 0 0 12.011 0.2430833907 -0.2783 5.007 0
8 1 0 0 3 0 0 15.999 -0.2726906395 -0.1526 0 0
6 3 1 0 4 0 0 12.011 0.1117578685 -0.2051 2.731 1
6 2 2 0 4 0 0 12.011 0.001671685071 -0.0516 2.488 0
6 3 0 0 3 1 1 12.011 -0.04544281377 0.136 3.509 0
6 2 1 0 3 1 1 12.011 -0.0589511106 0.1581 3.35 0
6 2 1 0 3 1 1 12.011 -0.0619927356 0.1581 3.35 0
6 2 1 0 3 1 1 12.011 -0.06224871479 0.1581 3.35 0
6 2 1 0 3 1 1 12.011 -0.0619927356 0.1581 3.35 0
6 2 1 0 3 1 1 12.011 -0.0589511106 0.1581 3.35 0
7 2 1 0 3 0 0 14.007 -0.3421844305 -0.7096 2.173 0
6 3 0 0 3 0 0 12.011 0.2430833907 -0.2783 5.007 0
8 1 0 0 3 0 0 15.999 -0.2726906395 -0.1526 0 0
6 3 1 0 4 0 0 12.011 0.1117578685 -0.2051 2.731 1
6 2 2 0 4 0 0 12.011 0.001671685071 -0.0516 2.488 0
6 3 0 0 3 1 1 12.011 -0.04544281377 0.136 3.509 0
6 2 1 0 3 1 1 12.011 -0.0589511106 0.1581 3.35 0
6 2 1 0 3 1 1 12.011 -0.0619927356 0.1581 3.35 0
6 2 1 0 3 1 1 12.011 -0.06224871479 0.1581 3.35 0
6 2 1 0 3 1 1 12.011 -0.0619927356 0.1581 3.35 0
6 2 1 0 3 1 1 12.011 -0.0589511106 0.1581 3.35 0
7 2 1 0 3 0 0 14.007 -0.3421844305 -0.7096 2.173 0
6 3 0 0 3 0 0 12.011 0.2430833907 -0.2783 5.007 0
8 1 0 0 3 0 0 15.999 -0.2726906395 -0.1526 0 0
6 3 1 0 4 0 0 12.011 0.1117578685 -0.2051 2.731 1
6 2 2 0 4 0 0 12.011 0.001671685071 -0.0516 2.488 0
6 3 0 0 3 1 1 12.011 -0.04544281377 0.136 3.509 0
6 2 1 0 3 1 1 12.011 -0.0589511106 0.1581 3.35 0
6 2 1 0 3 1 1 12.011 -0.0619927356 0.1581 3.35 0
6 2 1 0 3 1 1 12.011 -0.06224871479 0.1581 3.35 0
6 2 1 0 3 1 1 12.011 -0.0619927356 0.1581 3.35 0
6 2 1 0 3 1 1 12.011 -0.0589511106 0.1581 3.35 0
7 2 1 0 3 0 0 14.007 -0.3421844305 -0.7096 2.173 0
6 3 0 0 3 0 0 12.011 0.2430833907 -0.2783 5.007 0
8 1 0 0 3 0 0 15.999 -0.2726906395 -0.1526 0 0
6 3 1 0 4 0 0 12.011 0.1117578685 -0.2051 2.731 1
6 2 2 0 4 0 0 12.011 0.001671685071 -0.0516 2.488 0
6 3 0 0 3 1 1 12.011 -0.04544281377 0.136 3.509 0
6 2 1 0 3 1 1 12.011 -0.0589511106 0.1581 3.35 0
6 2 1 0 3 1 1 12.011 -0.0619927356 0.1581 3.35 0
6 2 1 0 3 1 1 12.011 -0.06224871479 0.1581 3.35 0
6 2 1 0 3 1 1 12.011 -0.0619927356 0.1581 3.35 0
6 2 1 0 3 1 1 12.011 -0.0589511106 0.1581 3.35 0
7 2 1 0 3 0 0 14.007 -0.3421844305 -0.7096 2.173 0
6 3 0 0 3 0 0 12.011 0.2430833907 -0.2783 5.007 0
8 1 0 0 3 0 0 15.999 -0.2726906395 -0.1526 0 0
6 3 1 0 4 0 0 12.011 0.1117578685 -0.2051 2.731 1
6 2 2 0 4 0 0 12.011 0.001671685071 -0.0516 2.488 0
6 3 0 0 3 1 1 12.011 -0.04544281377 0.136 3.509 0
6 2 1 0 3 1 1 12.011 -0.0589511106 0.1581 3.35 0
6 2 1 0 3 1 1 12.011 -0.0619927356 0.1581 3.35 0
6 2 1 0 3 1 1 12.011 -0.06224871479 0.1581 3.35 0
6 2 1 0 3 1 1 12.011 -0.0619927356 0.1581 3.35 0
6 2 1 0 3 1 1 12.011 -0.0589511106 0.1581 3.35 0
7 2 1 0 3 0 0 14.007 -0.3421844305 -0.7096 2.173 0
6 3 0 0 3 0 0 12.011 0.2430833907 -0.2783 5.007 0
8 1 0 0 3 0 0 15.999 -0.2726906395 -0.1526 0 0
6 3 1 0 4 0 0 12.011 0.1117578685 -0.2051 2.731 1
6 2 2 0 4 0 0 12.011 0.001671685071 -0.0516 2.488 0
6 3 0 0 3 1 1 12.011 -0.04544281377 0.136 3.509 0
6 2 1 0 3 1 1 12.011 -0.0589511106 0.1581 3.35 0
6 2 1 0 3 1 1 12.011 -0.0619927356 0.1581 3.35 0
6 2 1 0 3 1 1 12.011 -0.06224871479 0.1581 3.35 0
6 2 1 0 3 1 1 12.011 -0.0619927356 0.1581 3.35 0
6 2 1 0 3 1 1 12.011 -0.0589511106 0.1581 3.35 0
7 2 1 0 3 0 0 14.007 -0.3421844305 -0.7096 2.173 0
6 3 0 0 3 0 0 12.011 0.2430833907 -0.2783 5.007 0
8 1 0 0 3 0 0 15.999 -0.2726906395 -0.1526 0 0
6 3 1 0 4 0 0 12.011 0.1117578685 -0.2051 2.731 1
6 2 2 0 4 0 0 12.011 0.001671685071 -0.0516 2.488 0
6 3 0 0 3 1 1 12.011 -0.04544281377 0.136 3.509 0
6 2 1 0 3 1 1 12.011 -0.0589511106 0.1581 3.35 0
6 2 1 0 3 1 1 12.011 -0.0619927356 0.1581 3.35 0
6 2 1 0 3 1 1 12.011 -0.06224871479 0.1581 3.35 0
6 2 1 0 3 1 1 12.011 -0.0619927356 0.1581 3.35 0
6 2 1 0 3 1 1 12.011 -0.0589511106 0.1581 3.35 0
7 2 1 0 3 0 0 14.007 -0.3421844305 -0.7096 2.173 0
6 3 0 0 3 0 0 12.011 0.2430833907 -0.2783 5.007 0
8 1 0 0 3 0 0 15.999 -0.2726906395 -0.1526 0 0
6 3 1 0 4 0 0 12.011 0.1117578685 -0.2051 2.731 1
6 2 2 0 4 0 0 12.011 0.001671685071 -0.0516 2.488 0
6 3 0 0 3 1 1 12.011 -0.04544281377 0.136 3.509 0
6 2 1 0 3 1 1 12.011 -0.0589511106 0.1581 3.35 0
6 2 1 0 3 1 1 12.011 -0.0619927356 0.1581 3.35 0
6 2 1 0 3 1 1 12.011 -0.06224871479 0.1581 3.35 0
6 2 1 0 3 1 1 12.011 -0.0619927356 0.1581 3.35 0
6 2 1 0 3 1 1 12.011 -0.0589511106 0.1581 3.35 0
7 2 1 0 3 0 0 14.007 -0.3421844305 -0.7096 2.173 0
6 3 0 0 3 0 0 12.011 0.2430833907 -0.2783 5.007 0
8 1 0 0 3 0 0 15.999 -0.2726906395 -0.1526 0 0
6 3 1 0 4 0 0 12.011 0.1117578685 -0.2051 2.731 1
6 2 2 0 4 0 0 12.011 0.001671685071 -0.0516 2.488 0
6 3 0 0 3 1 1 12.011 -0.04544281377 0.136 3.509 0
6 2 1 0 3 1 1 12.011 -0.0589511106 0.1581 3.35 0
6 2 1 0 3 1 1 12.011 -0.0619927356 0.1581 3.35 0
6 2 1 0 3 1 1 12.011 -0.06224871479 0.1581 3.35 0
6 2 1 0 3 1 1 12.011 -0.0619927356 0.1581 3.35 0
6 2 1 0 3 1 1 12.011 -0.0589511106 0.1581 3.35 0
7 2 1 0 3 0 0 14.007 -0.3421844305 -0.7096 2.173 0
6 3 0 0 3 0 0 12.011 0.2430833907 -0.2783 5.007 0
8 1 0 0 3 0 0 15.999 -0.2726906395 -0.1526 0 0
6 3 1 0 4 0 0 12.011 0.1117578685 -0.2051 2.731 1
6 2 2 0 4 0 0 12.011 0.001671685071 -0.0516 2.488 0
6 3 0 0 3 1 1 12.011 -0.04544281377 0.136 3.509 0
6 2 1 0 3 1 1 12.011 -0.0589511106 0.1581 3.35 0
6 2 1 0 3 1 1 12.011 -0.0619927356 0.1581 3.35 0
6 2 1 0 3 1 1 12.011 -0.06224871479 0.1581 3.35 0
6 2 1 0 3 1 1 12.011 -0.0619927356 0.1581 3.35 0
6 2 1 0 3 1 1 12.011 -0.0589511106 0.1581 3.35 0
7 2 1 0 3 0 0 14.007 -0.3421844305 -0.7096 2.173 0
6 3 0 0 3 0 0 12.011 0.2430833907 -0.2783 5.007 0
8 1 0 0 3 0 0 15.999 -0.2726906395 -0.1526 0 0
6 3 1 0 4 0 0 12.011 0.1117578685 -0.2051 2.731 1
6 2 2 0 4 0 0 12.011 0.001671685071 -0.0516 2.488 0
6 3 0 0 3 1 1 12.011 -0.04544281377 0.136 3.509 0
6 2 1 0 3 1 1 12.011 -0.0589511106 0.1581 3.35 0
6 2 1 0 3 1 1 12.011 -0.0619927356 0.1581 3.35 0
6 2 1 0 3 1 1 12.011 -0.06224871479 0.1581 3.35 0
6 2 1 0 3 1 1 12.011 -0.0619927356 0.1581 3.35 0
6 2 1 0 3 1 1 12.011 -0.0589511106 0.1581 3.35 0
7 2 1 0 3 0 0 14.007 -0.3421844305 -0.7096 2.173 0
6 3 0 0 3 0 0 12.011 0.2430833907 -0.2783 5.007 0
8 1 0 0 3 0 0 15.999 -0.2726906395 -0.1526 0 0
6 3 1 0 4 0 0 12.011 0.1117578685 -0.2051 2.731 1
6 2 2 0 4 0 0 12.011 0.001671685071 -0.0516 2.488 0
6 3 0 0 3 1 1 12.011 -0.04544281377 0.136 3.509 0
6 2 1 0 3 1 1 12.011 -0.0589511106 0.1581 3.35 0
6 2 1 0 3 1 1 12.011 -0.0619927356 0.1581 3.35 0
6 2 1 0 3 1 1 12.011 -0.06224871479 0.1581 3.35 0
6 2 1 0 3 1 1 12.011 -0.0619927356 0.1581 3.35 0
6 2 1 0 3 1 1 12.011 -0.0589511106 0.1581 3.35 0
7 2 1 0 3 0 0 14.007 -0.3421844305 -0.7096 2.173 0
6 3 0 0 3 0 0 12.011 0.2430833907 -0.2783 5.007 0
8 1 0 0 3 0 0 15.999 -0.2726906395 -0.1526 0 0
6 3 1 0 4 0 0 12.011 0.1117578685 -0.2051 2.731 1
6 2 2 0 4 0 0 12.011 0.001671685071 -0.0516 2.488 0
6 3 0 0 3 1 1 12.011 -0.04544281377 0.136 3.509 0
6 2 1 0 3 1 1 12.011 -0.0589511106 0.1581 3.35 0
6 2 1 0 3 1 1 12.011 -0.0619927356 0.1581 3.35 0
6 2 1 0 3 1 1 12.011 -0.06224871479 0.1581 3.35 0
6 2 1 0 3 1 1 12.011 -0.0619927356 0.1581 3.35 0
6 2 1 0 3 1 1 12.011 -0.0589511106 0.1581 3.35 0
7 2 1 0 3 0 0 14.007 -0.3421844305 -0.7096 2.173 0
6 3 0 0 3 0 0 12.011 0.2430833907 -0.2783 5.007 0
8 1 0 0 3 0 0 15.999 -0.2726906395 -0.1526 0 0
6 3 1 0 4 0 0 12.011 0.1117578685 -0.2051 2.731 1
6 2 2 0 4 0 0 12.011 0.001671685071 -0.0516 2.488 0
6 3 0 0 3 1 1 12.011 -0.04544281377 0.136 3.509 0
6 2 1 0 3 1 1 12.011 -0.0589511106 0.1581 3.35 0
6 2 1 0 3 1 1 12.011 -0.0619927356 0.1581 3.35 0
6 2 1 0 3 1 1 12.011 -0.06224871479 0.1581 3.35 0
6 2 1 0 3 1 1 12.011 -0.0619927356 0.1581 3.35 0
6 2 1 0 3 1 1 12.011 -0.0589511106 0.1581 3.35 0
7 2 1 0 3 0 0 14.007 -0.3421844305 -0.7096 2.173 0
6 3 0 0 3 0 0 12.011 0.2430833907 -0.2783 5.007 0
8 1 0 0 3 0 0 15.999 -0.2726906395 -0.1526 0 0
6 3 1 0 4 0 0 12.011 0.1117578685 -0.2051 2.731 1
6 2 2 0 4 0 0 12.011 0.001671685071 -0.0516 2.488 0
6 3 0 0 3 1 1 12.011 -0.04544281377 0.136 3.509 0
6 2 1 0 3 1 1 12.011 -0.0589511106 0.1581 3.35 0
6 2 1 0 3 1 1 12.011 -0.0619927356 0.1581 3.35 0
6 2 1 0 3 1 1 12.011 -0.06224871479 0.1581 3.35 0
6 2 1 0 3 1 1 12.011 -0.0619927356 0.1581 3.35 0
6 2 1 0 3 1 1 12.011 -0.0589511106 0.1581 3.35 0
7 2 1 0 3 0 0 14.007 -0.3421844305 -0.7096 2.173 0
6 3 0 0 3 0 0 12.011 0.2430833907 -0.2783 5.007 0
8 1 0 0 3 0 0 15.999 -0.2726906395 -0.1526 0 0
6 3 1 0 4 0 0 12.011 0.1117578685 -0.2051 2.731 1
6 2 2 0 4 0 0 12.011 0.001671685071 -0.0516 2.488 0
6 3 0 0 3 1 1 12.011 -0.04544281377 0.136 3.509 0
6 2 1 0 3 1 1 12.011 -0.0589511106 0.1581 3.35 0
6 2 1 0 3 1 1 12.011 -0.0619927356 0.1581 3.35 0
6 2 1 0 3 1 1 12.011 -0.06224871479 0.1581 3.35 0
6 2 1 0 3 1 1 12.011 -0.0619927356 0.1581 3.35 0
6 2 1 0 3 1 1 12.011 -0.0589511106 0.1581 3.35 0
7 2 1 0 3 0 0 14.007 -0.3421844305 -0.7096 2.173 0
6 3 0 0 3 0 0 12.011 0.2430833907 -0.2783 5.007 0
8 1 0 0 3 0 0 15.999 -0.2726906395 -0.1526 0 0
6 3 1 0 4 0 0 12.011 0.1117578685 -0.2051 2.731 1
6 2 2 0 4 0 0 12.011 0.001671685071 -0.0516 2.488 0
6 3 0 0 3 1 1 12.011 -0.04544281377 0.136 3.509 0
6 2 1 0 3 1 1 12.011 -0.0589511106 0.1581 3.35 0
6 2 1 0 3 1 1 12.011 -0.0619927356 0.1581 3.35 0
6 2 1 0 3 1 1 12.011 -0.06224871479 0.1581 3.35 0
6 2 1 0 3 1 1 12.011 -0.0619927356 0.1581 3.35 0
6 2 1 0 3 1 1 12.011 -0.0589511106 0.1581 3.35 0
7 2 1 0 3 0 0 14.007 -0.3421844305 -0.7096 2.173 0
6 3 0 0 3 0 0 12.011 0.2430833907 -0.2783 5.007 0
8 1 0 0 3 0 0 15.999 -0.2726906395 -0.1526 0 0
6 3 1 0 4 0 0 12.011 0.1117578685 -0.2051 2.731 1
6 2 2 0 4 0 0 12.011 0.001671685071 -0.0516 2.488 0
6 3 0 0 3 1 1 12.011 -0.04544281377 0.136 3.509 0
6 2 1 0 3 1 1 12.011 -0.0589511106 0.1581 3.35 0
6 2 1 0 3 1 1 12.011 -0.0619927356 0.1581 3.35 0
6 2 1 0 3 1 1 12.011 -0.06224871479 0.1581 3.35 0
6 2 1 0 3 1 1 12.011 -0.0619927356 0.1581 3.35 0
6 2 1 0 3 1 1 12.011 -0.0589511106 0.1581 3.35 0
7 2 1 0 3 0 0 14.007 -0.3421844305 -0.7096 2.173 0
6 3 0 0 3 0 0 12.011 0.2430833907 -0.2783 5.007 0
8 1 0 0 3 0 0 15.999 -0.2726906395 -0.1526 0 0
6 3 1 0 4 0 0 12.011 0.1117578685 -0.2051 2.731 1
6 2 2 0 4 0 0 12.011 0.001671685071 -0.0516 2.488 0
6 3 0 0 3 1 1 12.011 -0.04544281377 0.136 3.509 0
6 2 1 0 3 1 1 12.011 -0.0589511106 0.1581 3.35 0
6 2 1 0 3 1 1 12.011 -0.0619927356 0.1581 3.35 0
6 2 1 0 3 1 1 12.011 -0.06224871479 0.1581 3.35 0
6 2 1 0 3 1 1 12.011 -0.0619927356 0.1581 3.35 0
6 2 1 0 3 1 1 12.011 -0.0589511106 0.1581 3.35 0
7 2 1 0 3 0 0 14.007 -0.3421844305 -0.7096 2.173 0
6 3 0 0 3 0 0 12.011 0.2430833907 -0.2783 5.007 0
8 1 0 0 3 0 0 15.999 -0.2726906395 -0.1526 0 0
6 3 1 0 4 0 0 12.011 0.1117578685 -0.2051 2.731 1
6 2 2 0 4 0 0 12.011 0.001671685071 -0.0516 2.488 0
6 3 0 0 3 1 1 12.011 -0.04544281377 0.136 3.509 0
6 2 1 0 3 1 1 12.011 -0.0589511106 0.1581 3.35 0
6 2 1 0 3 1 1 12.011 -0.0619927356 0.1581 3.35 0
6 2 1 0 3 1 1 12.011 -0.06224871479 0.1581 3.35 0
6 2 1 0 3 1 1 12.011 -0.0619927356 0.1581 3.35 0
6 2 1 0 3 1 1 12.011 -0.0589511106 0.1581 3.35 0
7 2 1 0 3 0 0 14.007 -0.3421844305 -0.7096 2.173 0
6 3 0 0 3 0 0 12.011 0.2430833907 -0.2783 5.007 0
8 1 0 0 3 0 0 15.999 -0.2726906395 -0.1526 0 0
6 3 1 0 4 0 0 12.011 0.1117578685 -0.2051 2.731 1
6 2 2 0 4 0 0 12.011 0.001671685071 -0.0516 2.488 0
6 3 0 0 3 1 1 12.011 -0.04544281377 0.136 3.509 0
6 2 1 0 3 1 1 12.011 -0.0589511106 0.1581 3.35 0
6 2 1 0 3 1 1 12.011 -0.0619927356 0.1581 3.35 0
6 2 1 0 3 1 1 12.011 -0.06224871479 0.1581 3.35 0
6 2 1 0 3 1 1 12.011 -0.0619927356 0.1581 3.35 0
6 2 1 0 3 1 1 12.011 -0.0589511106 0.1581 3.35 0
7 2 1 0 3 0 0 14.007 -0.3421844305 -0.7096 2.173 0
6 3 0 0 3 0 0 12.011 0.2430833907 -0.2783 5.007 0
8 1 0 0 3 0 0 15.999 -0.2726906395 -0.1526 0 0
6 3 1 0 4 0 0 12.011 0.1117578685 -0.2051 2.731 1
6 2 2 0 4 0 0 12.011 0.001671685071 -0.0516 2.488 0
6 3 0 0 3 1 1 12.011 -0.04544281377 0.136 3.509 0
6 2 1 0 3 1 1 12.011 -0.0589511106 0.1581 3.35 0
6 2 1 0 3 1 1 12.011 -0.0619927356 0.1581 3.35 0
6 2 1 0 3 1 1 12.011 -0.06224871479 0.1581 3.35 0
6 2 1 0 3 1 1 12.011 -0.0619927356 0.1581 3.35 0
6 2 1 0 3 1 1 12.011 -0.0589511106 0.1581 3.35 0
7 2 1 0 3 0 0 14.007 -0.3421844305 -0.7096 2.173 0
6 3 0 0 3 0 0 12.011 0.2430833907 -0.2783 5.007 0
8 1 0 0 3 0 0 15.999 -0.2726906395 -0.1526 0 0
6 3 1 0 4 0 0 12.011 0.1117578685 -0.2051 2.731 1
6 2 2 0 4 0 0 12.011 0.001671685071 -0.0516 2.488 0
6 3 0 0 3 1 1 12.011 -0.04544281377 0.136 3.509 0
6 2 1 0 3 1 1 12.011 -0.0589511106 0.1581 3.35 0
6 2 1 0 3 1 1 12.011 -0.0619927356 0.1581 3.35 0
6 2 1 0 3 1 1 12.011 -0.06224871479 0.1581 3.35 0
6 2 1 0 3 1 1 12.011 -0.0619927356 0.1581 3.35 0
6 2 1 0 3 1 1 12.011 -0.0589511106 0.1581 3.35 0
7 2 1 0 3 0 0 14.007 -0.3421844305 -0.7096 2.173 0
6 3 0 0 3 0 0 12.011 0.2430833907 -0.2783 5.007 0
8 1 0 0 3 0 0 15.999 -0.2726906395 -0.1526 0 0
6 3 1 0 4 0 0 12.011 0.1117578685 -0.2051 2.731 1
6 2 2 0 4 0 0 12.011 0.001671685071 -0.0516 2.488 0
6 3 0 0 3 1 1 12.011 -0.04544281377 0.136 3.509 0
6 2 1 0 3 1 1 12.011 -0.0589511106 0.1581 3.35 0
6 2 1 0 3 1 1 12.011 -0.0619927356 0.1581 3.35 0
6 2 1 0 3 1 1 12.011 -0.06224871479 0.1581 3.35 0
6 2 1 0 3 1 1 12.011 -0.0619927356 0.1581 3.35 0
6 2 1 0 3 1 1 12.011 -0.0589511106 0.1581 3.35 0
7 2 1 0 3 0 0 14.007 -0.3421844305 -0.7096 2.173 0
6 3 0 0 3 0 0 12.011 0.2430833907 -0.2783 5.007 0
8 1 0 0 3 0 0 15.999 -0.2726906395 -0.1526 0 0
6 3 1 0 4 0 0 12.011 0.1117578685 -0.2051 2.731 1
6 2 2 0 4 0 0 12.011 0.001671685071 -0.0516 2.488 0
6 3 0 0 3 1 1 12.011 -0.04544281377 0.136 3.509 0
6 2 1 0 3 1 1 12.011 -0.0589511106 0.1581 3.35 0
6 2 1 0 3 1 1 12.011 -0.0619927356 0.1581 3.35 0
6 2 1 0 3 1 1 12.011 -0.06224871479 0.1581 3.35 0
6 2 1 0 3 1 1 12.011 -0.0619927356 0.1581 3.35 0
6 2 1 0 3 1 1 12.011 -0.0589511106 0.1581 3.35 0
7 2 1 0 3 0 0 14.007 -0.3421844305 -0.7096 2.173 0
6 3 0 0 3 0 0 12.011 0.2430833907 -0.2783 5.007 0
8 1 0 0 3 0 0 15.999 -0.2726906395 -0.1526 0 0
6 3 1 0 4 0 0 12.011 0.1117578685 -0.2051 2.731 1
6 2 2 0 4 0 0 12.011 0.001671685071 -0.0516 2.488 0
6 3 0 0 3 1 1 12.011 -0.04544281377 0.136 3.509 0
6 2 1 0 3 1 1 12.011 -0.0589511106 0.1581 3.35 0
6 2 1 0 3 1 1 12.011 -0.0619927356 0.1581 3.35 0
6 2 1 0 3 1 1 12.011 -0.06224871479 0.1581 3.35 0
6 2 1 0 3 1 1 12.011 -0.0619927356 0.1581 3.35 0
6 2 1 0 3 1 1 12.011 -0.0589511106 0.1581 3.35 0
7 2 1 0 3 0 0 14.007 -0.3421844305 -0.7096 2.173 0
6 3 0 0 3 0 0 12.011 0.2430833907 -0.2783 5.007 0
8 1 0 0 3 0 0 15.999 -0.2726906395 -0.1526 0 0
6 3 1 0 4 0 0 12.011 0.1117578685 -0.2051 2.731 1
6 2 2 0 4 0 0 12.011 0.001671685071 -0.0516 2.488 0
6 3 0 0 3 1 1 12.011 -0.04544281377 0.136 3.509 0
6 2 1 0 3 1 1 12.011 -0.0589511106 0.1581 3.35 0
6 2 1 0 3 1 1 12.011 -0.0619927356 0.1581 3.35 0
6 2 1 0 3 1 1 12.011 -0.06224871479 0.1581 3.35 0
6 2 1 0 3 1 1 12.011 -0.0619927356 0.1581 3.35 0
6 2 1 0 3 1 1 12.011 -0.0589511106 0.1581 3.35 0
7 2 1 0 3 0 0 14.007 -0.3421844305 -0.7096 2.173 0
6 3 0 0 3 0 0 12.011 0.2430833907 -0.2783 5.007 0
8 1 0 0 3 0 0 15.999 -0.2726906395 -0.1526 0 0
6 3 1 0 4 0 0 12.011 0.1117578685 -0.2051 2.731 1
6 2 2 0 4 0 0 12.011 0.001671685071 -0.0516 2.488 0
6 3 0 0 3 1 1 12.011 -0.04544281377 0.136 3.509 0
6 2 1 0 3 1 1 12.011 -0.0589511106 0.1581 3.35 0
6 2 1 0 3 1 1 12.011 -0.0619927356 0.1581 3.35 0
6 2 1 0 3 1 1 12.011 -0.06224871479 0.1581 3.35 0
6 2 1 0 3 1 1 12.011 -0.0619927356 0.1581 3.35 0
6 2 1 0 3 1 1 12.011 -0.0589511106 0.1581 3.35 0
7 2 1 0 3 0 0 14.007 -0.3421844305 -0.7096 2.173 0
6 3 0 0 3 0 0 12.011 0.2430833907 -0.2783 5.007 0
8 1 0 0 3 0 0 15.999 -0.2726906395 -0.1526 0 0
6 3 1 0 4 0 0 12.011 0.1117578685 -0.2051 2.731 1
6 2 2 0 4 0 0 12.011 0.001671685071 -0.0516 2.488 0
6 3 0 0 3 1 1 12.011 -0.04544281377 0.136 3.509 0
6 2 1 0 3 1 1 12.011 -0.0589511106 0.1581 3.35 0
6 2 1 0 3 1 1 12.011 -0.0619927356 0.1581 3.35 0
6 2 1 0 3 1 1 12.011 -0.06224871479 0.1581 3.35 0
6 2 1 0 3 1 1 12.011 -0.0619927356 0.1581 3.35 0
6 2 1 0 3 1 1 12.011 -0.0589511106 0.1581 3.35 0
7 2 1 0 3 0 0 14.007 -0.3421844305 -0.7096 2.173 0
6 3 0 0 3 0 0 12.011 0.2430833907 -0.2783 5.007 0
8 1 0 0 3 0 0 15.999 -0.2726906395 -0.1526 0 0
6 3 1 0 4 0 0 12.011 0.1117578685 -0.2051 2.731 1
6 2 2 0 4 0 0 12.011 0.001671685071 -0.0516 2.488 0
6 3 0 0 3 1 1 12.011 -0.04544281377 0.136 3.509 0
6 2 1 0 3 1 1 12.011 -0.0589511106 0.1581 3.35 0
6 2 1 0 3 1 1 12.011 -0.0619927356 0.1581 3.35 0
6 2 1 0 3 1 1 12.011 -0.06224871479 0.1581 3.35 0
6 2 1 0 3 1 1 12.011 -0.0619927356 0.1581 3.35 0
6 2 1 0 3 1 1 12.011 -0.0589511106 0.1581 3.35 0
7 2 1 0 3 0 0 14.007 -0.3421844305 -0.7096 2.173 0
6 3 0 0 3 0 0 12.011 0.2430833907 -0.2783 5.007 0
8 1 0 0 3 0 0 15.999 -0.2726906395 -0.1526 0 0
6 3 1 0 4 0 0 12.011 0.1117578685 -0.2051 2.731 1
6 2 2 0 4 0 0 12.011 0.001671685071 -0.0516 2.488 0
6 3 0 0 3 1 1 12.011 -0.04544281377 0.136 3.509 0
6 2 1 0 3 1 1 12.011 -0.0589511106 0.1581 3.35 0
6 2 1 0 3 1 1 12.011 -0.0619927356 0.1581 3.35 0
6 2 1 0 3 1 1 12.011 -0.06224871479 0.1581 3.35 0
6 2 1 0 3 1 1 12.011 -0.0619927356 0.1581 3.35 0
6 2 1 0 3 1 1 12.011 -0.0589511106 0.1581 3.35 0
7 2 1 0 3 0 0 14.007 -0.3421844305 -0.7096 2.173 0
6 3 0 0 3 0 0 12.011 0.2430833907 -0.2783 5.007 0
8 1 0 0 3 0 0 15.999 -0.2726906395 -0.1526 0 0
6 3 1 0 4 0 0 12.011 0.1117578685 -0.2051 2.731 1
6 2 2 0 4 0 0 12.011 0.001671685071 -0.0516 2.488 0
6 3 0 0 3 1 1 12.011 -0.04544281377 0.136 3.509 0
6 2 1 0 3 1 1 12.011 -0.0589511106 0.1581 3.35 0
6 2 1 0 3 1 1 12.011 -0.0619927356 0.1581 3.35 0
6 2 1 0 3 1 1 12.011 -0.06224871479 0.1581 3.35 0
6 2 1 0 3 1 1 12.011 -0.0619927356 0.1581 3.35 0
6 2 1 0 3 1 1 12.011 -0.0589511106 0.1581 3.35 0
7 2 1 0 3 0 0 14.007 -0.3421844305 -0.7096 2.173 0
6 3 0 0 3 0 0 12.011 0.2430833907 -0.2783 5.007 0
8 1 0 0 3 0 0 15.999 -0.2726906395 -0.1526 0 0
6 3 1 0 4 0 0 12.011 0.1117578685 -0.2051 2.731 1
6 2 2 0 4 0 0 12.011 0.001671685071 -0.0516 2.488 0
6 3 0 0 3 1 1 12.011 -0.04544281377 0.136 3.509 0
6 2 1 0 3 1 1 12.011 -0.0589511106 0.1581 3.35 0
6 2 1 0 3 1 1 12.011 -0.0619927356 0.1581 3.35 0
6 2 1 0 3 1 1 12.011 -0.06224871479 0.1581 3.35 0
6 2 1 0 3 1 1 12.011 -0.0619927356 0.1581 3.35 0
6 2 1 0 3 1 1 12.011 -0.0589511106 0.1581 3.35 0
7 2 1 0 3 0 0 14.007 -0.3421844305 -0.7096 2.173 0
6 3 0 0 3 0 0 12.011 0.2430833907 -0.2783 5.007 0
8 1 0 0 3 0 0 15.999 -0.2726906395 -0.1526 0 0
6 3 1 0 4 0 0 12.011 0.1117578685 -0.2051 2.731 1
6 2 2 0 4 0 0 12.011 0.001671685071 -0.0516 2.488 0
6 3 0 0 3 1 1 12.011 -0.04544281377 0.136 3.509 0
6 2 1 0 3 1 1 12.011 -0.0589511106 0.1581 3.35 0
6 2 1 0 3 1 1 12.011 -0.0619927356 0.1581 3.35 0
6 2 1 0 3 1 1 12.011 -0.06224871479 0.1581 3.35 0
6 2 1 0 3 1 1 12.011 -0.0619927356 0.1581 3.35 0
6 2 1 0 3 1 1 12.011 -0.0589511106 0.1581 3.35 0
7 2 1 0 3 0 0 14.007 -0.3421844305 -0.7096 2.173 0
6 3 0 0 3 0 0 12.011 0.2430833907 -0.2783 5.007 0
8 1 0 0 3 0 0 15.999 -0.2726906395 -0.1526 0 0
6 3 1 0 4 0 0 12.011 0.1117578685 -0.2051 2.731 1
6 2 2 0 4 0 0 12.011 0.001671685071 -0.0516 2.488 0
6 3 0 0 3 1 1 12.011 -0.04544281377 0.136 3.509 0
6 2 1 0 3 1 1 12.011 -0.0589511106 0.1581 3.35 0
6 2 1 0 3 1 1 12.011 -0.0619927356 0.1581 3.35 0
6 2 1 0 3 1 1 12.011 -0.06224871479 0.1581 3.35 0
6 2 1 0 3 1 1 12.011 -0.0619927356 0.1581 3.35 0
6 2 1 0 3 1 1 12.011 -0.0589511106 0.1581 3.35 0
7 2 1 0 3 0 0 14.007 -0.3421844305 -0.7096 2.173 0
6 3 0 0 3 0 0 12.011 0.2430833907 -0.2783 5.007 0
8 1 0 0 3 0 0 15.999 -0.2726906395 -0.1526 0 0
6 3 1 0 4 0 0 12.011 0.1117578685 -0.2051 2.731 1
6 2 2 0 4 0 0 12.011 0.001671685071 -0.0516 2.488 0
6 3 0 0 3 1 1 12.011 -0.04544281377 0.136 3.509 0
6 2 1 0 3 1 1 12.011 -0.0589511106 0.1581 3.35 0
6 2 1 0 3 1 1 12.011 -0.0619927356 0.1581 3.35 0
6 2 1 0 3 1 1 12.011 -0.06224871479 0.1581 3.35 0
6 2 1 0 3 1 1 12.011 -0.0619927356 0.1581 3.35 0
6 2 1 0 3 1 1 12.011 -0.0589511106 0.1581 3.35 0
7 2 1 0 3 0 0 14.007 -0.3421844305 -0.7096 2.173 0
6 3 0 0 3 0 0 12.011 0.2430833907 -0.2783 5.007 0
8 1 0 0 3 0 0 15.999 -0.2726906395 -0.1526 0 0
6 3 1 0 4 0 0 12.011 0.1117578685 -0.2051 2.731 1
6 2 2 0 4 0 0 12.011 0.001671685071 -0.0516 2.488 0
6 3 0 0 3 1 1 12.011 -0.04544281377 0.136 3.509 0
6 2 1 0 3 1 1 12.011 -0.0589511106 0.1581 3.35 0
6 2 1 0 3 1 1 12.011 -0.0619927356 0.1581 3.35 0
6 2 1 0 3 1 1 12.011 -0.06224871479 0.1581 3.35 0
6 2 1 0 3 1 1 12.011 -0.0619927356 0.1581 3.35 0
6 2 1 0 3 1 1 12.011 -0.0589511106 0.1581 3.35 0
7 2 1 0 3 0 0 14.007 -0.3421844305 -0.7096 2.173 0
6 3 0 0 3 0 0 12.011 0.2430833907 -0.2783 5.007 0
8 1 0 0 3 0 0 15.999 -0.2726906395 -0.1526 0 0
6 3 1 0 4 0 0 12.011 0.1117578685 -0.2051 2.731 1
6 2 2 0 4 0 0 12.011 0.001671685071 -0.0516 2.488 0
6 3 0 0 3 1 1 12.011 -0.04544281377 0.136 3.509 0
6 2 1 0 3 1 1 12.011 -0.0589511106 0.1581 3.35 0
6 2 1 0 3 1 1 12.011 -0.0619927356 0.1581 3.35 0
6 2 1 0 3 1 1 12.011 -0.06224871479 0.1581 3.35 0
6 2 1 0 3 1 1 12.011 -0.0619927356 0.1581 3.35 0
6 2 1 0 3 1 1 12.011 -0.0589511106 0.1581 3.35 0
7 2 1 0 3 0 0 14.007 -0.3421844305 -0.7096 2.173 0
6 3 0 0 3 0 0 12.011 0.2430833907 -0.2783 5.007 0
8 1 0 0 3 0 0 15.999 -0.2726906395 -0.1526 0 0
6 3 1 0 4 0 0 12.011 0.1117578685 -0.2051 2.731 1
6 2 2 0 4 0 0 12.011 0.001671685071 -0.0516 2.488 0
6 3 0 0 3 1 1 12.011 -0.04544281377 0.136 3.509 0
6 2 1 0 3 1 1 12.011 -0.0589511106 0.1581 3.35 0
6 2 1 0 3 1 1 12.011 -0.0619927356 0.1581 3.35 0
6 2 1 0 3 1 1 12.011 -0.06224871479 0.1581 3.35 0
6 2 1 0 3 1 1 12.011 -0.0619927356 0.1581 3.35 0
6 2 1 0 3 1 1 12.011 -0.0589511106 0.1581 3.35 0
7 2 1 0 3 0 0 14.007 -0.3421844305 -0.7096 2.173 0
6 3 0 0 3 0 0 12.011 0.2430833907 -0.2783 5.007 0
8 1 0 0 3 0 0 15.999 -0.2726906395 -0.1526 0 0
6 3 1 0 4 0 0 12.011 0.1117578685 -0.2051 2.731 1
6 2 2 0 4 0 0 12.011 0.001671685071 -0.0516 2.488 0
6 3 0 0 3 1 1 12.011 -0.04544281377 0.136 3.509 0
6 2 1 0 3 1 1 12.011 -0.0589511106 0.1581 3.35 0
6 2 1 0 3 1 1 12.011 -0.0619927356 0.1581 3.35 0
6 2 1 0 3 1 1 12.011 -0.06224871479 0.1581 3.35 0
6 2 1 0 3 1 1 12.011 -0.0619927356 0.1581 3.35 0
6 2 1 0 3 1 1 12.011 -0.0589511106 0.1581 3.35 0
7 2 1 0 3 0 0 14.007 -0.3421844305 -0.7096 2.173 0
6 3 0 0 3 0 0 12.011 0.2430833907 -0.2783 5.007 0
8 1 0 0 3 0 0 15.999 -0.2726906395 -0.1526 0 0
6 3 1 0 4 0 0 12.011 0.1117578685 -0.2051 2.731 1
6 2 2 0 4 0 0 12.011 0.001671685071 -0.0516 2.488 0
6 3 0 0 3 1 1 12.011 -0.04544281377 0.136 3.509 0
6 2 1 0 3 1 1 12.011 -0.0589511106 0.1581 3.35 0
6 2 1 0 3 1 1 12.011 -0.0619927356 0.1581 3.35 0
6 2 1 0 3 1 1 12.011 -0.06224871479 0.1581 3.35 0
6 2 1 0 3 1 1 12.011 -0.0619927356 0.1581 3.35 0
6 2 1 0 3 1 1 12.011 -0.0589511106 0.1581 3.35 0
7 2 1 0 3 0 0 14.007 -0.3421844305 -0.7096 2.173 0
6 3 0 0 3 0 0 12.011 0.2430833907 -0.2783 5.007 0
8 1 0 0 3 0 0 15.999 -0.2726906395 -0.1526 0 0
6 3 1 0 4 0 0 12.011 0.1117578685 -0.2051 2.731 1
6 2 2 0 4 0 0 12.011 0.001671685071 -0.0516 2.488 0
6 3 0 0 3 1 1 12.011 -0.04544281377 0.136 3.509 0
6 2 1 0 3 1 1 12.011 -0.0589511106 0.1581 3.35 0
6 2 1 0 3 1 1 12.011 -0.0619927356 0.1581 3.35 0
6 2 1 0 3 1 1 12.011 -0.06224871479 0.1581 3.35 0
6 2 1 0 3 1 1 12.011 -0.0619927356 0.1581 3.35 0
6 2 1 0 3 1 1 12.011 -0.0589511106 0.1581 3.35 0
7 2 1 0 3 0 0 14.007 -0.3421844305 -0.7096 2.173 0
6 3 0 0 3 0 0 12.011 0.2430833907 -0.2783 5.007 0
8 1 0 0 3 0 0 15.999 -0.2726906395 -0.1526 0 0
6 3 1 0 4 0 0 12.011 0.1117578685 -0.2051 2.731 1
6 2 2 0 4 0 0 12.011 0.001671685071 -0.0516 2.488 0
6 3 0 0 3 1 1 12.011 -0.04544281377 0.136 3.509 0
6 2 1 0 3 1 1 12.011 -0.0589511106 0.1581 3.35 0
6 2 1 0 3 1 1 12.011 -0.0619927356 0.1581 3.35 0
6 2 1 0 3 1 1 12.011 -0.06224871479 0.1581 3.35 0
6 2 1 0 3 1 1 12.011 -0.0619927356 0.1581 3.35 0
6 2 1 0 3 1 1 12.011 -0.0589511106 0.1581 3.35 0
7 2 1 0 3 0 0 14.007 -0.3421844305 -0.7096 2.173 0
6 3 0 0 3 0 0 12.011 0.2430833907 -0.2783 5.007 0
8 1 0 0 3 0 0 15.999 -0.2726906395 -0.1526 0 0
6 3 1 0 4 0 0 12.011 0.1117578685 -0.2051 2.731 1
6 2 2 0 4 0 0 12.011 0.001671685071 -0.0516 2.488 0
6 3 0 0 3 1 1 12.011 -0.04544281377 0.136 3.509 0
6 2 1 0 3 1 1 12.011 -0.0589511106 0.1581 3.35 0
6 2 1 0 3 1 1 12.011 -0.0619927356 0.1581 3.35 0
6 2 1 0 3 1 1 12.011 -0.06224871479 0.1581 3.35 0
6 2 1 0 3 1 1 12.011 -0.0619927356 0.1581 3.35 0
6 2 1 0 3 1 1 12.011 -0.0589511106 0.1581 3.35 0
7 2 1 0 3 0 0 14.007 -0.3421844305 -0.7096 2.173 0
6 3 0 0 3 0 0 12.011 0.2430833907 -0.2783 5.007 0
8 1 0 0 3 0 0 15.999 -0.2726906395 -0.1526 0 0
6 3 1 0 4 0 0 12.011 0.1117578685 -0.2051 2.731 1
6 2 2 0 4 0 0 12.011 0.001671685071 -0.0516 2.488 0
6 3 0 0 3 1 1 12.011 -0.04544281377 0.136 3.509 0
6 2 1 0 3 1 1 12.011 -0.0589511106 0.1581 3.35 0
6 2 1 0 3 1 1 12.011 -0.0619927356 0.1581 3.35 0
6 2 1 0 3 1 1 12.011 -0.06224871479 0.1581 3.35 0
6 2 1 0 3 1 1 12.011 -0.0619927356 0.1581 3.35 0
6 2 1 0 3 1 1 12.011 -0.0589511106 0.1581 3.35 0
7 2 1 0 3 0 0 14.007 -0.3421844305 -0.7096 2.173 0
6 3 0 0 3 0 0 12.011 0.2430833907 -0.2783 5.007 0
8 1 0 0 3 0 0 15.999 -0.2726906395 -0.1526 0 0
6 3 1 0 4 0 0 12.011 0.1117578685 -0.2051 2.731 1
6 2 2 0 4 0 0 12.011 0.001671685071 -0.0516 2.488 0
6 3 0 0 3 1 1 12.011 -0.04544281377 0.136 3.509 0
6 2 1 0 3 1 1 12.011 -0.0589511106 0.1581 3.35 0
6 2 1 0 3 1 1 12.011 -0.0619927356 0.1581 3.35 0
6 2 1 0 3 1 1 12.011 -0.06224871479 0.1581 3.35 0
6 2 1 0 3 1 1 12.011 -0.0619927356 0.1581 3.35 0
6 2 1 0 3 1 1 12.011 -0.0589511106 0.1581 3.35 0
7 2 1 0 3 0 0 14.007 -0.3421844305 -0.7096 2.173 0
6 3 0 0 3 0 0 12.011 0.2430833907 -0.2783 5.007 0
8 1 0 0 3 0 0 15.999 -0.2726906395 -0.1526 0 0
6 3 1 0 4 0 0 12.011 0.1117578685 -0.2051 2.731 1
6 2 2 0 4 0 0 12.011 0.001671685071 -0.0516 2.488 0
6 3 0 0 3 1 1 12.011 -0.04544281377 0.136 3.509 0
6 2 1 0 3 1 1 12.011 -0.0589511106 0.1581 3.35 0
6 2 1 0 3 1 1 12.011 -0.0619927356 0.1581 3.35 0
6 2 1 0 3 1 1 12.011 -0.06224871479 0.1581 3.35 0
6 2 1 0 3 1 1 12.011 -0.0619927356 0.1581 3.35 0
6 2 1 0 3 1 1 12.011 -0.0589511106 0.1581 3.35 0
7 2 1 0 3 0 0 14.007 -0.3421844305 -0.7096 2.173 0
6 3 0 0 3 0 0 12.011 0.2430833907 -0.2783 5.007 0
8 1 0 0 3 0 0 15.999 -0.2726906395 -0.1526 0 0
6 3 1 0 4 0 0 12.011 0.1117578685 -0.2051 2.731 1
6 2 2 0 4 0 0 12.011 0.001671685071 -0.0516 2.488 0
6 3 0 0 3 1 1 12.011 -0.04544281377 0.136 3.509 0
6 2 1 0 3 1 1 12.011 -0.0589511106 0.1581 3.35 0
6 2 1 0 3 1 1 12.011 -0.0619927356 0.1581 3.35 0
6 2 1 0 3 1 1 12.011 -0.06224871479 0.1581 3.35 0
6 2 1 0 3 1 1 12.011 -0.0619927356 0.1581 3.35 0
6 2 1 0 3 1 1 12.011 -0.0589511106 0.1581 3.35 0
7 2 1 0 3 0 0 14.007 -0.3421844305 -0.7096 2.173 0
6 3 0 0 3 0 0 12.011 0.2430833907 -0.2783 5.007 0
8 1 0 0 3 0 0 15.999 -0.2726906395 -0.1526 0 0
6 3 1 0 4 0 0 12.011 0.1117578685 -0.2051 2.731 1
6 2 2 0 4 0 0 12.011 0.001671685071 -0.0516 2.488 0
6 3 0 0 3 1 1 12.011 -0.04544281377 0.136 3.509 0
6 2 1 0 3 1 1 12.011 -0.0589511106 0.1581 3.35 0
6 2 1 0 3 1 1 12.011 -0.0619927356 0.1581 3.35 0
6 2 1 0 3 1 1 12.011 -0.06224871479 0.1581 3.35 0
6 2 1 0 3 1 1 12.011 -0.0619927356 0.1581 3.35 0
6 2 1 0 3 1 1 12.011 -0.0589511106 0.1581 3.35 0
7 2 1 0 3 0 0 14.007 -0.3421844305 -0.7096 2.173 0
6 3 0 0 3 0 0 12.011 0.2430833907 -0.2783 5.007 0
8 1 0 0 3 0 0 15.999 -0.2726906395 -0.1526 0 0
6 3 1 0 4 0 0 12.011 0.1117578685 -0.2051 2.731 1
6 2 2 0 4 0 0 12.011 0.001671685071 -0.0516 2.488 0
6 3 0 0 3 1 1 12.011 -0.04544281377 0.136 3.509 0
6 2 1 0 3 1 1 12.011 -0.0589511106 0.1581 3.35 0
6 2 1 0 3 1 1 12.011 -0.0619927356 0.1581 3.35 0
6 2 1 0 3 1 1 12.011 -0.06224871479 0.1581 3.35 0
6 2 1 0 3 1 1 12.011 -0.0619927356 0.1581 3.35 0
6 2 1 0 3 1 1 12.011 -0.0589511106 0.1581 3.35 0
7 2 1 0 3 0 0 14.007 -0.3421844305 -0.7096 2.173 0
6 3 0 0 3 0 0 12.011 0.2430833907 -0.2783 5.007 0
8 1 0 0 3 0 0 15.999 -0.2726906395 -0.1526 0 0
6 3 1 0 4 0 0 12.011 0.1117578685 -0.2051 2.731 1
6 2 2 0 4 0 0 12.011 0.001671685071 -0.0516 2.488 0
6 3 0 0 3 1 1 12.011 -0.04544281377 0.136 3.509 0
6 2 1 0 3 1 1 12.011 -0.0589511106 0.1581 3.35 0
6 2 1 0 3 1 1 12.011 -0.0619927356 0.1581 3.35 0
6 2 1 0 3 1 1 12.011 -0.06224871479 0.1581 3.35 0
6 2 1 0 3 1 1 12.011 -0.0619927356 0.1581 3.35 0
6 2 1 0 3 1 1 12.011 -0.0589511106 0.1581 3.35 0
7 2 1 0 3 0 0 14.007 -0.3421844305 -0.7096 2.173 0
6 3 0 0 3 0 0 12.011 0.2430833907 -0.2783 5.007 0
8 1 0 0 3 0 0 15.999 -0.2726906395 -0.1526 0 0
6 3 1 0 4 0 0 12.011 0.1117578685 -0.2051 2.731 1
6 2 2 0 4 0 0 12.011 0.001671685071 -0.0516 2.488 0
6 3 0 0 3 1 1 12.011 -0.04544281377 0.136 3.509 0
6 2 1 0 3 1 1 12.011 -0.0589511106 0.1581 3.35 0
6 2 1 0 3 1 1 12.011 -0.0619927356 0.1581 3.35 0
6 2 1 0 3 1 1 12.011 -0.06224871479 0.1581 3.35 0
6 2 1 0 3 1 1 12.011 -0.0619927356 0.1581 3.35 0
6 2 1 0 3 1 1 12.011 -0.0589511106 0.1581 3.35 0
7 2 1 0 3 0 0 14.007 -0.3421844305 -0.7096 2.173 0
6 3 0 0 3 0 0 12.011 0.2430833907 -0.2783 5.007 0
8 1 0 0 3 0 0 15.999 -0.2726906395 -0.1526 0 0
6 3 1 0 4 0 0 12.011 0.1117578685 -0.2051 2.731 1
6 2 2 0 4 0 0 12.011 0.001671685071 -0.0516 2.488 0
6 3 0 0 3 1 1 12.011 -0.04544281377 0.136 3.509 0
6 2 1 0 3 1 1 12.011 -0.0589511106 0.1581 3.35 0
6 2 1 0 3 1 1 12.011 -0.0619927356 0.1581 3.35 0
6 2 1 0 3 1 1 12.011 -0.06224871479 0.1581 3.35 0
6 2 1 0 3 1 1 12.011 -0.0619927356 0.1581 3.35 0
6 2 1 0 3 1 1 12.011 -0.0589511106 0.1581 3.35 0
7 2 1 0 3 0 0 14.007 -0.3421844305 -0.7096 2.173 0
6 3 0 0 3 0 0 12.011 0.2430833907 -0.2783 5.007 0
8 1 0 0 3 0 0 15.999 -0.2726906395 -0.1526 0 0
6 3 1 0 4 0 0 12.011 0.1117578685 -0.2051 2.731 1
6 2 2 0 4 0 0 12.011 0.001671685071 -0.0516 2.488 0
6 3 0 0 3 1 1 12.011 -0.04544281377 0.136 3.509 0
6 2 1 0 3 1 1 12.011 -0.0589511106 0.1581 3.35 0
6 2 1 0 3 1 1 12.011 -0.0619927356 0.1581 3.35 0
6 2 1 0 3 1 1 12.011 -0.06224871479 0.1581 3.35 0
6 2 1 0 3 1 1 12.011 -0.0619927356 0.1581 3.35 0
6 2 1 0 3 1 1 12.011 -0.0589511106 0.1581 3.35 0
7 2 1 0 3 0 0 14.007 -0.3421844305 -0.7096 2.173 0
6 3 0 0 3 0 0 12.011 0.2430833907 -0.2783 5.007 0
8 1 0 0 3 0 0 15.999 -0.2726906395 -0.1526 0 0
6 3 1 0 4 0 0 12.011 0.1117578685 -0.2051 2.731 1
6 2 2 0 4 0 0 12.011 0.001671685071 -0.0516 2.488 0
6 3 0 0 3 1 1 12.011 -0.04544281377 0.136 3.509 0
6 2 1 0 3 1 1 12.011 -0.0589511106 0.1581 3.35 0
6 2 1 0 3 1 1 12.011 -0.0619927356 0.1581 3.35 0
6 2 1 0 3 1 1 12.011 -0.06224871479 0.1581 3.35 0
6 2 1 0 3 1 1 12.011 -0.0619927356 0.1581 3.35 0
6 2 1 0 3 1 1 12.011 -0.0589511106 0.1581 3.35 0
7 2 1 0 3 0 0 14.007 -0.3421844305 -0.7096 2.173 0
6 3 0 0 3 0 0 12.011 0.2430833907 -0.2783 5.007 0
8 1 0 0 3 0 0 15.999 -0.2726906395 -0.1526 0 0
6 3 1 0 4 0 0 12.011 0.1117578685 -0.2051 2.731 1
6 2 2 0 4 0 0 12.011 0.001671685071 -0.0516 2.488 0
6 3 0 0 3 1 1 12.011 -0.04544281377 0.136 3.509 0
6 2 1 0 3 1 1 12.011 -0.0589511106 0.1581 3.35 0
6 2 1 0 3 1 1 12.011 -0.0619927356 0.1581 3.35 0
6 2 1 0 3 1 1 12.011 -0.06224871479 0.1581 3.35 0
6 2 1 0 3 1 1 12.011 -0.0619927356 0.1581 3.35 0
6 2 1 0 3 1 1 12.011 -0.0589511106 0.1581 3.35 0
7 2 1 0 3 0 0 14.007 -0.3421844305 -0.7096 2.173 0
6 3 0 0 3 0 0 12.011 0.2430833907 -0.2783 5.007 0
8 1 0 0 3 0 0 15.999 -0.2726906395 -0.1526 0 0
6 3 1 0 4 0 0 12.011 0.1117578685 -0.2051 2.731 1
6 2 2 0 4 0 0 12.011 0.001671685071 -0.0516 2.488 0
6 3 0 0 3 1 1 12.011 -0.04544281377 0.136 3.509 0
6 2 1 0 3 1 1 12.011 -0.0589511106 0.1581 3.35 0
6 2 1 0 3 1 1 12.011 -0.0619927356 0.1581 3.35 0
6 2 1 0 3 1 1 12.011 -0.06224871479 0.1581 3.35 0
6 2 1 0 3 1 1 12.011 -0.0619927356 0.1581 3.35 0
6 2 1 0 3 1 1 12.011 -0.0589511106 0.1581 3.35 0
7 2 1 0 3 0 0 14.007 -0.3421844305 -0.7096 2.173 0
6 3 0 0 3 0 0 12.011 0.2430833907 -0.2783 5.007 0
8 1 0 0 3 0 0 15.999 -0.2726906395 -0.1526 0 0
6 3 1 0 4 0 0 12.011 0.1117578685 -0.2051 2.731 1
6 2 2 0 4 0 0 12.011 0.001671685071 -0.0516 2.488 0
6 3 0 0 3 1 1 12.011 -0.04544281377 0.136 3.509 0
6 2 1 0 3 1 1 12.011 -0.0589511106 0.1581 3.35 0
6 2 1 0 3 1 1 12.011 -0.0619927356 0.1581 3.35 0
6 2 1 0 3 1 1 12.011 -0.06224871479 0.1581 3.35 0
6 2 1 0 3 1 1 12.011 -0.0619927356 0.1581 3.35 0
6 2 1 0 3 1 1 12.011 -0.0589511106 0.1581 3.35 0
7 2 1 0 3 0 0 14.007 -0.3421844305 -0.7096 2.173 0
6 3 0 0 3 0 0 12.011 0.2430833907 -0.2783 5.007 0
8 1 0 0 3 0 0 15.999 -0.2726906395 -0.1526 0 0
6 3 1 0 4 0 0 12.011 0.1117578685 -0.2051 2.731 1
6 2 2 0 4 0 0 12.011 0.001671685071 -0.0516 2.488 0
6 3 0 0 3 1 1 12.011 -0.04544281377 0.136 3.509 0
6 2 1 0 3 1 1 12.011 -0.0589511106 0.1581 3.35 0
6 2 1 0 3 1 1 12.011 -0.0619927356 0.1581 3.35 0
6 2 1 0 3 1 1 12.011 -0.06224871479 0.1581 3.35 0
6 2 1 0 3 1 1 12.011 -0.0619927356 0.1581 3.35 0
6 2 1 0 3 1 1 12.011 -0.0589511106 0.1581 3.35 0
7 2 1 0 3 0 0 14.007 -0.3421844305 -0.7096 2.173 0
6 3 0 0 3 0 0 12.011 0.2430833907 -0.2783 5.007 0
8 1 0 0 3 0 0 15.999 -0.2726906395 -0.1526 0 0
6 3 1 0 4 0 0 12.011 0.1117578685 -0.2051 2.731 1
6 2 2 0 4 0 0 12.011 0.001671685071 -0.0516 2.488 0
6 3 0 0 3 1 1 12.011 -0.04544281377 0.136 3.509 0
6 2 1 0 3 1 1 12.011 -0.0589511106 0.1581 3.35 0
6 2 1 0 3 1 1 12.011 -0.0619927356 0.1581 3.35 0
6 2 1 0 3 1 1 12.011 -0.06224871479 0.1581 3.35 0
6 2 1 0 3 1 1 12.011 -0.0619927356 0.1581 3.35 0
6 2 1 0 3 1 1 12.011 -0.0589511106 0.1581 3.35 0
7 2 1 0 3 0 0 14.007 -0.3421844305 -0.7096 2.173 0
6 3 0 0 3 0 0 12.011 0.2430833907 -0.2783 5.007 0
8 1 0 0 3 0 0 15.999 -0.2726906395 -0.1526 0 0
6 3 1 0 4 0 0 12.011 0.1117578685 -0.2051 2.731 1
6 2 2 0 4 0 0 12.011 0.001671685071 -0.0516 2.488 0
6 3 0 0 3 1 1 12.011 -0.04544281377 0.136 3.509 0
6 2 1 0 3 1 1 12.011 -0.0589511106 0.1581 3.35 0
6 2 1 0 3 1 1 12.011 -0.0619927356 0.1581 3.35 0
6 2 1 0 3 1 1 12.011 -0.06224871479 0.1581 3.35 0
6 2 1 0 3 1 1 12.011 -0.0619927356 0.1581 3.35 0
6 2 1 0 3 1 1 12.011 -0.0589511106 0.1581 3.35 0
7 2 1 0 3 0 0 14.007 -0.3421844305 -0.7096 2.173 0
6 3 0 0 3 0 0 12.011 0.2430833907 -0.2783 5.007 0
8 1 0 0 3 0 0 15.999 -0.2726906395 -0.1526 0 0
6 3 1 0 4 0 0 12.011 0.1117578685 -0.2051 2.731 1
6 2 2 0 4 0 0 12.011 0.001671685071 -0.0516 2.488 0
6 3 0 0 3 1 1 12.011 -0.04544281377 0.136 3.509 0
6 2 1 0 3 1 1 12.011 -0.0589511106 0.1581 3.35 0
6 2 1 0 3 1 1 12.011 -0.0619927356 0.1581 3.35 0
6 2 1 0 3 1 1 12.011 -0.06224871479 0.1581 3.35 0
6 2 1 0 3 1 1 12.011 -0.0619927356 0.1581 3.35 0
6 2 1 0 3 1 1 12.011 -0.0589511106 0.1581 3.35 0
7 2 1 0 3 0 0 14.007 -0.3421844305 -0.7096 2.173 0
6 3 0 0 3 0 0 12.011 0.2430833907 -0.2783 5.007 0
8 1 0 0 3 0 0 15.999 -0.2726906395 -0.1526 0 0
6 3 1 0 4 0 0 12.011 0.1117578685 -0.2051 2.731 1
6 2 2 0 4 0 0 12.011 0.001671685071 -0.0516 2.488 0
6 3 0 0 3 1 1 12.011 -0.04544281377 0.136 3.509 0
6 2 1 0 3 1 1 12.011 -0.0589511106 0.1581 3.35 0
6 2 1 0 3 1 1 12.011 -0.0619927356 0.1581 3.35 0
6 2 1 0 3 1 1 12.011 -0.06224871479 0.1581 3.35 0
6 2 1 0 3 1 1 12.011 -0.0619927356 0.1581 3.35 0
6 2 1 0 3 1 1 12.011 -0.0589511106 0.1581 3.35 0
7 2 1 0 3 0 0 14.007 -0.3421844305 -0.7096 2.173 0
6 3 0 0 3 0 0 12.011 0.2430833907 -0.2783 5.007 0
8 1 0 0 3 0 0 15.999 -0.2726906395 -0.1526 0 0
6 3 1 0 4 0 0 12.011 0.1117578685 -0.2051 2.731 1
6 2 2 0 4 0 0 12.011 0.001671685071 -0.0516 2.488 0
6 3 0 0 3 1 1 12.011 -0.04544281377 0.136 3.509 0
6 2 1 0 3 1 1 12.011 -0.0589511106 0.1581 3.35 0
6 2 1 0 3 1 1 12.011 -0.0619927356 0.1581 3.35 0
6 2 1 0 3 1 1 12.011 -0.06224871479 0.1581 3.35 0
6 2 1 0 3 1 1 12.011 -0.0619927356 0.1581 3.35 0
6 2 1 0 3 1 1 12.011 -0.0589511106 0.1581 3.35 0
7 2 1 0 3 0 0 14.007 -0.3421844305 -0.7096 2.173 0
6 3 0 0 3 0 0 12.011 0.2430833907 -0.2783 5.007 0
8 1 0 0 3 0 0 15.999 -0.2726906395 -0.1526 0 0
6 3 1 0 4 0 0 12.011 0.1117578685 -0.2051 2.731 1
6 2 2 0 4 0 0 12.011 0.001671685071 -0.0516 2.488 0
6 3 0 0 3 1 1 12.011 -0.04544281377 0.136 3.509 0
6 2 1 0 3 1 1 12.011 -0.0589511106 0.1581 3.35 0
6 2 1 0 3 1 1 12.011 -0.0619927356 0.1581 3.35 0
6 2 1 0 3 1 1 12.011 -0.06224871479 0.1581 3.35 0
6 2 1 0 3 1 1 12.011 -0.0619927356 0.1581 3.35 0
6 2 1 0 3 1 1 12.011 -0.0589511106 0.1581 3.35 0
7 2 1 0 3 0 0 14.007 -0.3421844305 -0.7096 2.173 0
6 3 0 0 3 0 0 12.011 0.2430833907 -0.2783 5.007 0
8 1 0 0 3 0 0 15.999 -0.2726906395 -0.1526 0 0
6 3 1 0 4 0 0 12.011 0.1117578685 -0.2051 2.731 1
6 2 2 0 4 0 0 12.011 0.001671685071 -0.0516 2.488 0
6 3 0 0 3 1 1 12.011 -0.04544281377 0.136 3.509 0
6 2 1 0 3 1 1 12.011 -0.0589511106 0.1581 3.35 0
6 2 1 0 3 1 1 12.011 -0.0619927356 0.1581 3.35 0
6 2 1 0 3 1 1 12.011 -0.06224871479 0.1581 3.35 0
6 2 1 0 3 1 1 12.011 -0.0619927356 0.1581 3.35 0
6 2 1 0 3 1 1 12.011 -0.0589511106 0.1581 3.35 0
7 2 1 0 3 0 0 14.007 -0.3421844305 -0.7096 2.173 0
6 3 0 0 3 0 0 12.011 0.2430833907 -0.2783 5.007 0
8 1 0 0 3 0 0 15.999 -0.2726906395 -0.1526 0 0
6 3 1 0 4 0 0 12.011 0.1117578685 -0.2051 2.731 1
6 2 2 0 4 0 0 12.011 0.001671685071 -0.0516 2.488 0
6 3 0 0 3 1 1 12.011 -0.04544281377 0.136 3.509 0
6 2 1 0 3 1 1 12.011 -0.0589511106 0.1581 3.35 0
6 2 1 0 3 1 1 12.011 -0.0619927356 0.1581 3.35 0
6 2 1 0 3 1 1 12.011 -0.06224871479 0.1581 3.35 0
6 2 1 0 3 1 1 12.011 -0.0619927356 0.1581 3.35 0
6 2 1 0 3 1 1 12.011 -0.0589511106 0.1581 3.35 0
7 2 1 0 3 0 0 14.007 -0.3421844305 -0.7096 2.173 0
6 3 0 0 3 0 0 12.011 0.2430833907 -0.2783 5.007 0
8 1 0 0 3 0 0 15.999 -0.2726906395 -0.1526 0 0
6 3 1 0 4 0 0 12.011 0.1117578685 -0.2051 2.731 1
6 2 2 0 4 0 0 12.011 0.001671685071 -0.0516 2.488 0
6 3 0 0 3 1 1 12.011 -0.04544281377 0.136 3.509 0
6 2 1 0 3 1 1 12.011 -0.0589511106 0.1581 3.35 0
6 2 1 0 3 1 1 12.011 -0.0619927356 0.1581 3.35 0
6 2 1 0 3 1 1 12.011 -0.06224871479 0.1581 3.35 0
6 2 1 0 3 1 1 12.011 -0.0619927356 0.1581 3.35 0
6 2 1 0 3 1 1 12.011 -0.0589511106 0.1581 3.35 0
7 2 1 0 3 0 0 14.007 -0.3421844305 -0.7096 2.173 0
6 3 0 0 3 0 0 12.011 0.2430833907 -0.2783 5.007 0
8 1 0 0 3 0 0 15.999 -0.2726906395 -0.1526 0 0
6 3 1 0 4 0 0 12.011 0.1117578685 -0.2051 2.731 1
6 2 2 0 4 0 0 12.011 0.001671685071 -0.0516 2.488 0
6 3 0 0 3 1 1 12.011 -0.04544281377 0.136 3.509 0
6 2 1 0 3 1 1 12.011 -0.0589511106 0.1581 3.35 0
6 2 1 0 3 1 1 12.011 -0.0619927356 0.1581 3.35 0
6 2 1 0 3 1 1 12.011 -0.06224871479 0.1581 3.35 0
6 2 1 0 3 1 1 12.011 -0.0619927356 0.1581 3.35 0
6 2 1 0 3 1 1 12.011 -0.0589511106 0.1581 3.35 0
7 2 1 0 3 0 0 14.007 -0.3421844305 -0.7096 2.173 0
6 3 0 0 3 0 0 12.011 0.2430833907 -0.2783 5.007 0
8 1 0 0 3 0 0 15.999 -0.2726906395 -0.1526 0 0
6 3 1 0 4 0 0 12.011 0.1117578685 -0.2051 2.731 1
6 2 2 0 4 0 0 12.011 0.001671685071 -0.0516 2.488 0
6 3 0 0 3 1 1 12.011 -0.04544281377 0.136 3.509 0
6 2 1 0 3 1 1 12.011 -0.0589511106 0.1581 3.35 0
6 2 1 0 3 1 1 12.011 -0.0619927356 0.1581 3.35 0
6 2 1 0 3 1 1 12.011 -0.06224871479 0.1581 3.35 0
6 2 1 0 3 1 1 12.011 -0.0619927356 0.1581 3.35 0
6 2 1 0 3 1 1 12.011 -0.0589511106 0.1581 3.35 0
7 2 1 0 3 0 0 14.007 -0.3421844305 -0.7096 2.173 0
6 3 0 0 3 0 0 12.011 0.2430833907 -0.2783 5.007 0
8 1 0 0 3 0 0 15.999 -0.2726906395 -0.1526 0 0
6 3 1 0 4 0 0 12.011 0.1117578685 -0.2051 2.731 1
6 2 2 0 4 0 0 12.011 0.001671685071 -0.0516 2.488 0
6 3 0 0 3 1 1 12.011 -0.04544281377 0.136 3.509 0
6 2 1 0 3 1 1 12.011 -0.0589511106 0.1581 3.35 0
6 2 1 0 3 1 1 12.011 -0.0619927356 0.1581 3.35 0
6 2 1 0 3 1 1 12.011 -0.06224871479 0.1581 3.35 0
6 2 1 0 3 1 1 12.011 -0.0619927356 0.1581 3.35 0
6 2 1 0 3 1 1 12.011 -0.0589511106 0.1581 3.35 0
7 2 1 0 3 0 0 14.007 -0.3421844305 -0.7096 2.173 0
6 3 0 0 3 0 0 12.011 0.2430833907 -0.2783 5.007 0
8 1 0 0 3 0 0 15.999 -0.2726906395 -0.1526 0 0
6 3 1 0 4 0 0 12.011 0.1117578685 -0.2051 2.731 1
6 2 2 0 4 0 0 12.011 0.001671685071 -0.0516 2.488 0
6 3 0 0 3 1 1 12.011 -0.04544281377 0.136 3.509 0
6 2 1 0 3 1 1 12.011 -0.0589511106 0.1581 3.35 0
6 2 1 0 3 1 1 12.011 -0.0619927356 0.1581 3.35 0
6 2 1 0 3 1 1 12.011 -0.06224871479 0.1581 3.35 0
6 2 1 0 3 1 1 12.011 -0.0619927356 0.1581 3.35 0
6 2 1 0 3 1 1 12.011 -0.0589511106 0.1581 3.35 0
7 2 1 0 3 0 0 14.007 -0.3421844305 -0.7096 2.173 0
6 3 0 0 3 0 0 12.011 0.2430833907 -0.2783 5.007 0
8 1 0 0 3 0 0 15.999 -0.2726906395 -0.1526 0 0
6 3 1 0 4 0 0 12.011 0.1117578685 -0.2051 2.731 1
6 2 2 0 4 0 0 12.011 0.001671685071 -0.0516 2.488 0
6 3 0 0 3 1 1 12.011 -0.04544281377 0.136 3.509 0
6 2 1 0 3 1 1 12.011 -0.0589511106 0.1581 3.35 0
6 2 1 0 3 1 1 12.011 -0.0619927356 0.1581 3.35 0
6 2 1 0 3 1 1 12.011 -0.06224871479 0.1581 3.35 0
6 2 1 0 3 1 1 12.011 -0.0619927356 0.1581 3.35 0
6 2 1 0 3 1 1 12.011 -0.0589511106 0.1581 3.35 0
7 2 1 0 3 0 0 14.007 -0.3421844305 -0.7096 2.173 0
6 3 0 0 3 0 0 12.011 0.2430833907 -0.2783 5.007 0
8 1 0 0 3 0 0 15.999 -0.2726906395 -0.1526 0 0
6 3 1 0 4 0 0 12.011 0.1117578685 -0.2051 2.731 1
6 2 2 0 4 0 0 12.011 0.001671685071 -0.0516 2.488 0
6 3 0 0 3 1 1 12.011 -0.04544281377 0.136 3.509 0
6 2 1 0 3 1 1 12.011 -0.0589511106 0.1581 3.35 0
6 2 1 0 3 1 1 12.011 -0.0619927356 0.1581 3.35 0
6 2 1 0 3 1 1 12.011 -0.06224871479 0.1581 3.35 0
6 2 1 0 3 1 1 12.011 -0.0619927356 0.1581 3.35 0
6 2 1 0 3 1 1 12.011 -0.0589511106 0.1581 3.35 0
7 2 1 0 3 0 0 14.007 -0.3421844305 -0.7096 2.173 0
6 3 0 0 3 0 0 12.011 0.2430833907 -0.2783 5.007 0
8 1 0 0 3 0 0 15.999 -0.2726906395 -0.1526 0 0
6 3 1 0 4 0 0 12.011 0.1117578685 -0.2051 2.731 1
6 2 2 0 4 0 0 12.011 0.001671685071 -0.0516 2.488 0
6 3 0 0 3 1 1 12.011 -0.04544281377 0.136 3.509 0
6 2 1 0 3 1 1 12.011 -0.0589511106 0.1581 3.35 0
6 2 1 0 3 1 1 12.011 -0.0619927356 0.1581 3.35 0
6 2 1 0 3 1 1 12.011 -0.06224871479 0.1581 3.35 0
6 2 1 0 3 1 1 12.011 -0.0619927356 0.1581 3.35 0
6 2 1 0 3 1 1 12.011 -0.0589511106 0.1581 3.35 0
7 2 1 0 3 0 0 14.007 -0.3421844305 -0.7096 2.173 0
6 3 0 0 3 0 0 12.011 0.2430833907 -0.2783 5.007 0
8 1 0 0 3 0 0 15.999 -0.2726906395 -0.1526 0 0
6 3 1 0 4 0 0 12.011 0.1117578685 -0.2051 2.731 1
6 2 2 0 4 0 0 12.011 0.001671685071 -0.0516 2.488 0
6 3 0 0 3 1 1 12.011 -0.04544281377 0.136 3.509 0
6 2 1 0 3 1 1 12.011 -0.0589511106 0.1581 3.35 0
6 2 1 0 3 1 1 12.011 -0.0619927356 0.1581 3.35 0
6 2 1 0 3 1 1 12.011 -0.06224871479 0.1581 3.35 0
6 2 1 0 3 1 1 12.011 -0.0619927356 0.1581 3.35 0
6 2 1 0 3 1 1 12.011 -0.0589511106 0.1581 3.35 0
7 2 1 0 3 0 0 14.007 -0.3421844305 -0.7096 2.173 0
6 3 0 0 3 0 0 12.011 0.2430833907 -0.2783 5.007 0
8 1 0 0 3 0 0 15.999 -0.2726906395 -0.1526 0 0
6 3 1 0 4 0 0 12.011 0.1117578685 -0.2051 2.731 1
6 2 2 0 4 0 0 12.011 0.001671685071 -0.0516 2.488 0
6 3 0 0 3 1 1 12.011 -0.04544281377 0.136 3.509 0
6 2 1 0 3 1 1 12.011 -0.0589511106 0.1581 3.35 0
6 2 1 0 3 1 1 12.011 -0.0619927356 0.1581 3.35 0
6 2 1 0 3 1 1 12.011 -0.06224871479 0.1581 3.35 0
6 2 1 0 3 1 1 12.011 -0.0619927356 0.1581 3.35 0
6 2 1 0 3 1 1 12.011 -0.0589511106 0.1581 3.35 0
7 2 1 0 3 0 0 14.007 -0.3421844305 -0.7096 2.173 0
6 3 0 0 3 0 0 12.011 0.2430833907 -0.2783 5.007 0
8 1 0 0 3 0 0 15.999 -0.2726906395 -0.1526 0 0
6 3 1 0 4 0 0 12.011 0.1117578685 -0.2051 2.731 1
6 2 2 0 4 0 0 12.011 0.001671685071 -0.0516 2.488 0
6 3 0 0 3 1 1 12.011 -0.04544281377 0.136 3.509 0
6 2 1 0 3 1 1 12.011 -0.0589511106 0.1581 3.35 0
6 2 1 0 3 1 1 12.011 -0.0619927356 0.1581 3.35 0
6 2 1 0 3 1 1 12.011 -0.06224871479 0.1581 3.35 0
6 2 1 0 3 1 1 12.011 -0.0619927356 0.1581 3.35 0
6 2 1 0 3 1 1 12.011 -0.0589511106 0.1581 3.35 0
7 2 1 0 3 0 0 14.007 -0.3421844305 -0.7096 2.173 0
6 3 0 0 3 0 0 12.011 0.2430833907 -0.2783 5.007 0
8 1 0 0 3 0 0 15.999 -0.2726906395 -0.1526 0 0
6 3 1 0 4 0 0 12.011 0.1117578685 -0.2051 2.731 1
6 2 2 0 4 0 0 12.011 0.001671685071 -0.0516 2.488 0
6 3 0 0 3 1 1 12.011 -0.04544281377 0.136 3.509 0
6 2 1 0 3 1 1 12.011 -0.0589511106 0.1581 3.35 0
6 2 1 0 3 1 1 12.011 -0.0619927356 0.1581 3.35 0
6 2 1 0 3 1 1 12.011 -0.06224871479 0.1581 3.35 0
6 2 1 0 3 1 1 12.011 -0.0619927356 0.1581 3.35 0
6 2 1 0 3 1 1 12.011 -0.0589511106 0.1581 3.35 0
7 2 1 0 3 0 0 14.007 -0.3421844305 -0.7096 2.173 0
6 3 0 0 3 0 0 12.011 0.2430833907 -0.2783 5.007 0
8 1 0 0 3 0 0 15.999 -0.2726906395 -0.1526 0 0
6 3 1 0 4 0 0 12.011 0.1117578685 -0.2051 2.731 1
6 2 2 0 4 0 0 12.011 0.001671685071 -0.0516 2.488 0
6 3 0 0 3 1 1 12.011 -0.04544281377 0.136 3.509 0
6 2 1 0 3 1 1 12.011 -0.0589511106 0.1581 3.35 0
6 2 1 0 3 1 1 12.011 -0.0619927356 0.1581 3.35 0
6 2 1 0 3 1 1 12.011 -0.06224871479 0.1581 3.35 0
6 2 1 0 3 1 1 12.011 -0.0619927356 0.1581 3.35 0
6 2 1 0 3 1 1 12.011 -0.0589511106 0.1581 3.35 0
7 2 1 0 3 0 0 14.007 -0.3421844305 -0.7096 2.173 0
6 3 0 0 3 0 0 12.011 0.2430833907 -0.2783 5.007 0
8 1 0 0 3 0 0 15.999 -0.2726906395 -0.1526 0 0
6 3 1 0 4 0 0 12.011 0.1117578685 -0.2051 2.731 1
6 2 2 0 4 0 0 12.011 0.001671685071 -0.0516 2.488 0
6 3 0 0 3 1 1 12.011 -0.04544281377 0.136 3.509 0
6 2 1 0 3 1 1 12.011 -0.0589511106 0.1581 3.35 0
6 2 1 0 3 1 1 12.011 -0.0619927356 0.1581 3.35 0
6 2 1 0 3 1 1 12.011 -0.06224871479 0.1581 3.35 0
6 2 1 0 3 1 1 12.011 -0.0619927356 0.1581 3.35 0
6 2 1 0 3 1 1 12.011 -0.0589511106 0.1581 3.35 0
7 2 1 0 3 0 0 14.007 -0.3421844305 -0.7096 2.173 0
6 3 0 0 3 0 0 12.011 0.2430833907 -0.2783 5.007 0
8 1 0 0 3 0 0 15.999 -0.2726906395 -0.1526 0 0
6 3 1 0 4 0 0 12.011 0.1117578685 -0.2051 2.731 1
6 2 2 0 4 0 0 12.011 0.001671685071 -0.0516 2.488 0
6 3 0 0 3 1 1 12.011 -0.04544281377 0.136 3.509 0
6 2 1 0 3 1 1 12.011 -0.0589511106 0.1581 3.35 0
6 2 1 0 3 1 1 12.011 -0.0619927356 0.1581 3.35 0
6 2 1 0 3 1 1 12.011 -0.06224871479 0.1581 3.35 0
6 2 1 0 3 1 1 12.011 -0.0619927356 0.1581 3.35 0
6 2 1 0 3 1 1 12.011 -0.0589511106 0.1581 3.35 0
7 2 1 0 3 0 0 14.007 -0.3421844305 -0.7096 2.173 0
6 3 0 0 3 0 0 12.011 0.2430833907 -0.2783 5.007 0
8 1 0 0 3 0 0 15.999 -0.2726906395 -0.1526 0 0
6 3 1 0 4 0 0 12.011 0.1117578685 -0.2051 2.731 1
6 2 2 0 4 0 0 12.011 0.001671685071 -0.0516 2.488 0
6 3 0 0 3 1 1 12.011 -0.04544281377 0.136 3.509 0
6 2 1 0 3 1 1 12.011 -0.0589511106 0.1581 3.35 0
6 2 1 0 3 1 1 12.011 -0.0619927356 0.1581 3.35 0
6 2 1 0 3 1 1 12.011 -0.06224871479 0.1581 3.35 0
6 2 1 0 3 1 1 12.011 -0.0619927356 0.1581 3.35 0
6 2 1 0 3 1 1 12.011 -0.0589511106 0.1581 3.35 0
7 2 1 0 3 0 0 14.007 -0.3421844305 -0.7096 2.173 0
6 3 0 0 3 0 0 12.011 0.2430833907 -0.2783 5.007 0
8 1 0 0 3 0 0 15.999 -0.2726906395 -0.1526 0 0
6 3 1 0 4 0 0 12.011 0.1117578685 -0.2051 2.731 1
6 2 2 0 4 0 0 12.011 0.001671685071 -0.0516 2.488 0
6 3 0 0 3 1 1 12.011 -0.04544281377 0.136 3.509 0
6 2 1 0 3 1 1 12.011 -0.0589511106 0.1581 3.35 0
6 2 1 0 3 1 1 12.011 -0.0619927356 0.1581 3.35 0
6 2 1 0 3 1 1 12.011 -0.06224871479 0.1581 3.35 0
6 2 1 0 3 1 1 12.011 -0.0619927356 0.1581 3.35 0
6 2 1 0 3 1 1 12.011 -0.0589511106 0.1581 3.35 0
7 2 1 0 3 0 0 14.007 -0.3421844305 -0.7096 2.173 0
6 3 0 0 3 0 0 12.011 0.2430833907 -0.2783 5.007 0
8 1 0 0 3 0 0 15.999 -0.2726906395 -0.1526 0 0
6 3 1 0 4 0 0 12.011 0.1117578685 -0.2051 2.731 1
6 2 2 0 4 0 0 12.011 0.001671685071 -0.0516 2.488 0
6 3 0 0 3 1 1 12.011 -0.04544281377 0.136 3.509 0
6 2 1 0 3 1 1 12.011 -0.0589511106 0.1581 3.35 0
6 2 1 0 3 1 1 12.011 -0.0619927356 0.1581 3.35 0
6 2 1 0 3 1 1 12.011 -0.06224871479 0.1581 3.35 0
6 2 1 0 3 1 1 12.011 -0.0619927356 0.1581 3.35 0
6 2 1 0 3 1 1 12.011 -0.0589511106 0.1581 3.35 0
7 2 1 0 3 0 0 14.007 -0.3421844305 -0.7096 2.173 0
6 3 0 0 3 0 0 12.011 0.2430833907 -0.2783 5.007 0
8 1 0 0 3 0 0 15.999 -0.2726906395 -0.1526 0 0
6 3 1 0 4 0 0 12.011 0.1117578685 -0.2051 2.731 1
6 2 2 0 4 0 0 12.011 0.001671685071 -0.0516 2.488 0
6 3 0 0 3 1 1 12.011 -0.04544281377 0.136 3.509 0
6 2 1 0 3 1 1 12.011 -0.0589511106 0.1581 3.35 0
6 2 1 0 3 1 1 12.011 -0.0619927356 0.1581 3.35 0
6 2 1 0 3 1 1 12.011 -0.06224871479 0.1581 3.35 0
6 2 1 0 3 1 1 12.011 -0.0619927356 0.1581 3.35 0
6 2 1 0 3 1 1 12.011 -0.0589511106 0.1581 3.35 0
7 2 1 0 3 0 0 14.007 -0.3421844305 -0.7096 2.173 0
6 3 0 0 3 0 0 12.011 0.2430833907 -0.2783 5.007 0
8 1 0 0 3 0 0 15.999 -0.2726906395 -0.1526 0 0
6 3 1 0 4 0 0 12.011 0.1117578685 -0.2051 2.731 1
6 2 2 0 4 0 0 12.011 0.001671685071 -0.0516 2.488 0
6 3 0 0 3 1 1 12.011 -0.04544281377 0.136 3.509 0
6 2 1 0 3 1 1 12.011 -0.0589511106 0.1581 3.35 0
6 2 1 0 3 1 1 12.011 -0.0619927356 0.1581 3.35 0
6 2 1 0 3 1 1 12.011 -0.06224871479 0.1581 3.35 0
6 2 1 0 3 1 1 12.011 -0.0619927356 0.1581 3.35 0
6 2 1 0 3 1 1 12.011 -0.0589511106 0.1581 3.35 0
7 2 1 0 3 0 0 14.007 -0.3421844305 -0.7096 2.173 0
6 3 0 0 3 0 0 12.011 0.2430833907 -0.2783 5.007 0
8 1 0 0 3 0 0 15.999 -0.2726906395 -0.1526 0 0
6 3 1 0 4 0 0 12.011 0.1117578685 -0.2051 2.731 1
6 2 2 0 4 0 0 12.011 0.001671685071 -0.0516 2.488 0
6 3 0 0 3 1 1 12.011 -0.04544281377 0.136 3.509 0
6 2 1 0 3 1 1 12.011 -0.0589511106 0.1581 3.35 0
6 2 1 0 3 1 1 12.011 -0.0619927356 0.1581 3.35 0
6 2 1 0 3 1 1 12.011 -0.06224871479 0.1581 3.35 0
6 2 1 0 3 1 1 12.011 -0.0619927356 0.1581 3.35 0
6 2 1 0 3 1 1 12.011 -0.0589511106 0.1581 3.35 0
7 2 1 0 3 0 0 14.007 -0.3421844305 -0.7096 2.173 0
6 3 0 0 3 0 0 12.011 0.2430833907 -0.2783 5.007 0
8 1 0 0 3 0 0 15.999 -0.2726906395 -0.1526 0 0
6 3 1 0 4 0 0 12.011 0.1117578685 -0.2051 2.731 1
6 2 2 0 4 0 0 12.011 0.001671685071 -0.0516 2.488 0
6 3 0 0 3 1 1 12.011 -0.04544281377 0.136 3.509 0
6 2 1 0 3 1 1 12.011 -0.0589511106 0.1581 3.35 0
6 2 1 0 3 1 1 12.011 -0.0619927356 0.1581 3.35 0
6 2 1 0 3 1 1 12.011 -0.06224871479 0.1581 3.35 0
6 2 1 0 3 1 1 12.011 -0.0619927356 0.1581 3.35 0
6 2 1 0 3 1 1 12.011 -0.0589511106 0.1581 3.35 0
7 2 1 0 3 0 0 14.007 -0.3421844305 -0.7096 2.173 0
6 3 0 0 3 0 0 12.011 0.2430833907 -0.2783 5.007 0
8 1 0 0 3 0 0 15.999 -0.2726906395 -0.1526 0 0
6 3 1 0 4 0 0 12.011 0.1117578685 -0.2051 2.731 1
6 2 2 0 4 0 0 12.011 0.001671685071 -0.0516 2.488 0
6 3 0 0 3 1 1 12.011 -0.04544281377 0.136 3.509 0
6 2 1 0 3 1 1 12.011 -0.0589511106 0.1581 3.35 0
6 2 1 0 3 1 1 12.011 -0.0619927356 0.1581 3.35 0
6 2 1 0 3 1 1 12.011 -0.06224871479 0.1581 3.35 0
6 2 1 0 3 1 1 12.011 -0.0619927356 0.1581 3.35 0
6 2 1 0 3 1 1 12.011 -0.0589511106 0.1581 3.35 0
7 2 1 0 3 0 0 14.007 -0.3421844305 -0.7096 2.173 0
6 3 0 0 3 0 0 12.011 0.2430833907 -0.2783 5.007 0
8 1 0 0 3 0 0 15.999 -0.2726906395 -0.1526 0 0
6 3 1 0 4 0 0 12.011 0.1117578685 -0.2051 2.731 1
6 2 2 0 4 0 0 12.011 0.001671685071 -0.0516 2.488 0
6 3 0 0 3 1 1 12.011 -0.04544281377 0.136 3.509 0
6 2 1 0 3 1 1 12.011 -0.0589511106 0.1581 3.35 0
6 2 1 0 3 1 1 12.011 -0.0619927356 0.1581 3.35 0
6 2 1 0 3 1 1 12.011 -0.06224871479 0.1581 3.35 0
6 2 1 0 3 1 1 12.011 -0.0619927356 0.1581 3.35 0
6 2 1 0 3 1 1 12.011 -0.0589511106 0.1581 3.35 0
7 2 1 0 3 0 0 14.007 -0.3421844305 -0.7096 2.173 0
6 3 0 0 3 0 0 12.011 0.2430833907 -0.2783 5.007 0
8 1 0 0 3 0 0 15.999 -0.2726906395 -0.1526 0 0
6 3 1 0 4 0 0 12.011 0.1117578685 -0.2051 2.731 1
6 2 2 0 4 0 0 12.011 0.001671685071 -0.0516 2.488 0
6 3 0 0 3 1 1 12.011 -0.04544281377 0.136 3.509 0
6 2 1 0 3 1 1 12.011 -0.0589511106 0.1581 3.35 0
6 2 1 0 3 1 1 12.011 -0.0619927356 0.1581 3.35 0
6 2 1 0 3 1 1 12.011 -0.06224871479 0.1581 3.35 0
6 2 1 0 3 1 1 12.011 -0.0619927356 0.1581 3.35 0
6 2 1 0 3 1 1 12.011 -0.0589511106 0.1581 3.35 0
7 2 1 0 3 0 0 14.007 -0.3421844305 -0.7096 2.173 0
6 3 0 0 3 0 0 12.011 0.2430833907 -0.2783 5.007 0
8 1 0 0 3 0 0 15.999 -0.2726906395 -0.1526 0 0
6 3 1 0 4 0 0 12.011 0.1117578685 -0.2051 2.731 1
6 2 2 0 4 0 0 12.011 0.001671685071 -0.0516 2.488 0
6 3 0 0 3 1 1 12.011 -0.04544281377 0.136 3.509 0
6 2 1 0 3 1 1 12.011 -0.0589511106 0.1581 3.35 0
6 2 1 0 3 1 1 12.011 -0.0619927356 0.1581 3.35 0
6 2 1 0 3 1 1 12.011 -0.06224871479 0.1581 3.35 0
6 2 1 0 3 1 1 12.011 -0.0619927356 0.1581 3.35 0
6 2 1 0 3 1 1 12.011 -0.0589511106 0.1581 3.35 0
7 2 1 0 3 0 0 14.007 -0.3421844305 -0.7096 2.173 0
6 3 0 0 3 0 0 12.011 0.2430833907 -0.2783 5.007 0
8 1 0 0 3 0 0 15.999 -0.2726906395 -0.1526 0 0
6 3 1 0 4 0 0 12.011 0.1117578685 -0.2051 2.731 1
6 2 2 0 4 0 0 12.011 0.001671685071 -0.0516 2.488 0
6 3 0 0 3 1 1 12.011 -0.04544281377 0.136 3.509 0
6 2 1 0 3 1 1 12.011 -0.0589511106 0.1581 3.35 0
6 2 1 0 3 1 1 12.011 -0.0619927356 0.1581 3.35 0
6 2 1 0 3 1 1 12.011 -0.06224871479 0.1581 3.35 0
6 2 1 0 3 1 1 12.011 -0.0619927356 0.1581 3.35 0
6 2 1 0 3 1 1 12.011 -0.0589511106 0.1581 3.35 0
7 2 1 0 3 0 0 14.007 -0.3421844305 -0.7096 2.173 0
6 3 0 0 3 0 0 12.011 0.2430833907 -0.2783 5.007 0
8 1 0 0 3 0 0 15.999 -0.2726906395 -0.1526 0 0
6 3 1 0 4 0 0 12.011 0.1117578685 -0.2051 2.731 1
6 2 2 0 4 0 0 12.011 0.001671685071 -0.0516 2.488 0
6 3 0 0 3 1 1 12.011 -0.04544281377 0.136 3.509 0
6 2 1 0 3 1 1 12.011 -0.0589511106 0.1581 3.35 0
6 2 1 0 3 1 1 12.011 -0.0619927356 0.1581 3.35 0
6 2 1 0 3 1 1 12.011 -0.06224871479 0.1581 3.35 0
6 2 1 0 3 1 1 12.011 -0.0619927356 0.1581 3.35 0
6 2 1 0 3 1 1 12.011 -0.0589511106 0.1581 3.35 0
7 2 1 0 3 0 0 14.007 -0.3421844305 -0.7096 2.173 0
6 3 0 0 3 0 0 12.011 0.2430833907 -0.2783 5.007 0
8 1 0 0 3 0 0 15.999 -0.2726906395 -0.1526 0 0
6 3 1 0 4 0 0 12.011 0.1117578685 -0.2051 2.731 1
6 2 2 0 4 0 0 12.011 0.001671685071 -0.0516 2.488 0
6 3 0 0 3 1 1 12.011 -0.04544281377 0.136 3.509 0
6 2 1 0 3 1 1 12.011 -0.0589511106 0.1581 3.35 0
6 2 1 0 3 1 1 12.011 -0.0619927356 0.1581 3.35 0
6 2 1 0 3 1 1 12.011 -0.06224871479 0.1581 3.35 0
6 2 1 0 3 1 1 12.011 -0.0619927356 0.1581 3.35 0
6 2 1 0 3 1 1 12.011 -0.0589511106 0.1581 3.35 0
7 2 1 0 3 0 0 14.007 -0.3421844305 -0.7096 2.173 0
6 3 0 0 3 0 0 12.011 0.2430833908 -0.2783 5.007 0
8 1 0 0 3 0 0 15.999 -0.2726906395 -0.1526 0 0
6 3 1 0 4 0 0 12.011 0.1117578865 -0.2051 2.731 1
6 2 2 0 4 0 0 12.011 0.001671685144 -0.0516 2.488 0
6 3 0 0 3 1 1 12.011 -0.04544281377 0.136 3.509 0
6 2 1 0 3 1 1 12.011 -0.0589511106 0.1581 3.35 0
6 2 1 0 3 1 1 12.011 -0.0619927356 0.1581 3.35 0
6 2 1 0 3 1 1 12.011 -0.06224871479 0.1581 3.35 0
6 2 1 0 3 1 1 12.011 -0.0619927356 0.1581 3.35 0
6 2 1 0 3 1 1 12.011 -0.0589511106 0.1581 3.35 0
7 2 1 0 3 0 0 14.007 -0.342182499 -0.7096 2.173 0
6 3 0 0 3 0 0 12.011 0.2432163917 -0.2783 5.007 0
8 1 0 0 3 0 0 15.999 -0.2726881574 -0.1526 0 0
6 3 1 0 4 0 0 12.011 0.1150277616 -0.2051 2.731 1
6 2 2 0 4 0 0 12.011 0.001802615093 -0.0516 2.488 0
6 3 0 0 3 1 1 12.011 -0.0454405242 0.136 3.509 0
6 2 1 0 3 1 1 12.011 -0.05895109252 0.1581 3.35 0
6 2 1 0 3 1 1 12.011 -0.06199273553 0.1581 3.35 0
6 2 1 0 3 1 1 12.011 -0.06224871479 0.1581 3.35 0
6 2 1 0 3 1 1 12.011 -0.06199273553 0.1581 3.35 0
6 2 1 0 3 1 1 12.011 -0.05895109252 0.1581 3.35 0
7 2 1 0 3 0 0 14.007 -0.3094990652 -0.7096 2.173 0
6 3 0 0 3 0 0 12.011 0.4048269836 -0.2783 5.007 0
8 1 0 0 3 0 0 15.999 -0.2247766221 0.4833 0.389 0
8 1 1 0 3 0 0 15.999 -0.4650365083 -0.2893 0.8238 0
0 1 1 1 0 0
1 2 2 1 0 0
1 3 1 0 0 0
3 4 1 0 0 0
4 5 1 0 0 0
5 6 1.5 1 1 0
6 7 1.5 1 1 0
7 8 1.5 1 1 0
8 9 1.5 1 1 0
9 10 1.5 1 1 0
3 11 1 0 0 0
11 12 1 1 0 0
12 13 2 1 0 0
12 14 1 0 0 0
14 15 1 0 0 0
15 16 1 0 0 0
16 17 1.5 1 1 0
17 18 1.5 1 1 0
18 19 1.5 1 1 0
19 20 1.5 1 1 0
20 21 1.5 1 1 0
14 22 1 0 0 0
22 23 1 1 0 0
23 24 2 1 0 0
23 25 1 0 0 0
25 26 1 0 0 0
26 27 1 0 0 0
27 28 1.5 1 1 0
28 29 1.5 1 1 0
29 30 1.5 1 1 0
30 31 1.5 1 1 0
31 32 1.5 1 1 0
25 33 1 0 0 0
33 34 1 1 0 0
34 35 2 1 0 0
34 36 1 0 0 0
36 37 1 0 0 0
37 38 1 0 0 0
38 39 1.5 1 1 0
39 40 1.5 1 1 0
40 41 1.5 1 1 0
41 42 1.5 1 1 0
42 43 1.5 1 1 0
36 44 1 0 0 0
44 45 1 1 0 0
45 46 2 1 0 0
45 47 1 0 0 0
47 48 1 0 0 0
48 49 1 0 0 0
49 50 1.5 1 1 0
50 51 1.5 1 1 0
51 52 1.5 1 1 0
52 53 1.5 1 1 0
53 54 1.5 1 1 0
47 55 1 0 0 0
55 56 1 1 0 0
56 57 2 1 0 0
56 58 1 0 0 0
58 59 1 0 0 0
59 60 1 0 0 0
60 61 1.5 1 1 0
61 62 1.5 1 1 0
62 63 1.5 1 1 0
63 64 1.5 1 1 0
64 65 1.5 1 1 0
58 66 1 0 0 0
66 67 1 1 0 0
67 68 2 1 0 0
67 69 1 0 0 0
69 70 1 0 0 0
70 71 1 0 0 0
71 72 1.5 1 1 0
72 73 1.5 1 1 0
73 74 1.5 1 1 0
74 75 1.5 1 1 0
75 76 1.5 1 1 0
69 77 1 0 0 0
77 78 1 1 0 0
78 79 2 1 0 0
78 80 1 0 0 0
80 81 1 0 0 0
81 82 1 0 0 0
82 83 1.5 1 1 0
83 84 1.5 1 1 0
84 85 1.5 1 1 0
85 86 1.5 1 1 0
86 87 1.5 1 1 0
80 88 1 0 0 0
88 89 1 1 0 0
89 90 2 1 0 0
89 91 1 0 0 0
91 92 1 0 0 0
92 93 1 0 0 0
93 94 1.5 1 1 0
94 95 1.5 1 1 0
95 96 1.5 1 1 0
96 97 1.5 1 1 0
97 98 1.5 1 1 0
91 99 1 0 0 0
99 100 1 1 0 0
100 101 2 1 0 0
100 102 1 0 0 0
102 103 1 0 0 0
103 104 1 0 0 0
104 105 1.5 1 1 0
105 106 1.5 1 1 0
106 107 1.5 1 1 0
107 108 1.5 1 1 0
108 109 1.5 1 1 0
102 110 1 0 0 0
110 111 1 1 0 0
111 112 2 1 0 0
111 113 1 0 0 0
113 114 1 0 0 0
114 115 1 0 0 0
115 116 1.5 1 1 0
116 117 1.5 1 1 0
117 118 1.5 1 1 0
118 119 1.5 1 1 0
119 120 1.5 1 1 0
113 121 1 0 0 0
121 122 1 1 0 0
122 123 2 1 0 0
122 124 1 0 0 0
124 125 1 0 0 0
125 126 1 0 0 0
126 127 1.5 1 1 0
127 128 1.5 1 1 0
128 129 1.5 1 1 0
129 130 1.5 1 1 0
130 131 1.5 1 1 0
124 132 1 0 0 0
132 133 1 1 0 0
133 134 2 1 0 0
133 135 1 0 0 0
135 136 1 0 0 0
136 137 1 0 0 0
137 138 1.5 1 1 0
138 139 1.5 1 1 0
139 140 1.5 1 1 0
140 141 1.5 1 1 0
141 142 1.5 1 1 0
135 143 1 0 0 0
143 144 1 1 0 0
144 145 2 1 0 0
144 146 1 0 0 0
146 147 1 0 0 0
147 148 1 0 0 0
148 149 1.5 1 1 0
149 150 1.5 1 1 0
150 151 1.5 1 1 0
151 152 1.5 1 1 0
152 153 1.5 1 1 0
146 154 1 0 0 0
154 155 1 1 0 0
155 156 2 1 0 0
155 157 1 0 0 0
157 158 1 0 0 0
158 159 1 0 0 0
159 160 1.5 1 1 0
160 161 1.5 1 1 0
161 162 1.5 1 1 0
162 163 1.5 1 1 0
163 164 1.5 1 1 0
157 165 1 0 0 0
165 166 1 1 0 0
166 167 2 1 0 0
166 168 1 0 0 0
168 169 1 0 0 0
169 170 1 0 0 0
170 171 1.5 1 1 0
171 172 1.5 1 1 0
172 173 1.5 1 1 0
173 174 1.5 1 1 0
174 175 1.5 1 1 0
168 176 1 0 0 0
176 177 1 1 0 0
177 178 2 1 0 0
177 179 1 0 0 0
179 180 1 0 0 0
180 181 1 0 0 0
181 182 1.5 1 1 0
182 183 1.5 1 1 0
183 184 1.5 1 1 0
184 185 1.5 1 1 0
185 186 1.5 1 1 0
179 187 1 0 0 0
187 188 1 1 0 0
188 189 2 1 0 0
188 190 1 0 0 0
190 191 1 0 0 0
191 192 1 0 0 0
192 193 1.5 1 1 0
193 194 1.5 1 1 0
194 195 1.5 1 1 0
195 196 1.5 1 1 0
196 197 1.5 1 1 0
190 198 1 0 0 0
198 199 1 1 0 0
199 200 2 1 0 0
199 201 1 0 0 0
201 202 1 0 0 0
202 203 1 0 0 0
203 204 1.5 1 1 0
204 205 1.5 1 1 0
205 206 1.5 1 1 0
206 207 1.5 1 1 0
207 208 1.5 1 1 0
201 209 1 0 0 0
209 210 1 1 0 0
210 211 2 1 0 0
210 212 1 0 0 0
212 213 1 0 0 0
213 214 1 0 0 0
214 215 1.5 1 1 0
215 216 1.5 1 1 0
216 217 1.5 1 1 0
217 218 1.5 1 1 0
218 219 1.5 1 1 0
212 220 1 0 0 0
220 221 1 1 0 0
221 222 2 1 0 0
221 223 1 0 0 0
223 224 1 0 0 0
224 225 1 0 0 0
225 226 1.5 1 1 0
226 227 1.5 1 1 0
227 228 1.5 1 1 0
228 229 1.5 1 1 0
229 230 1.5 1 1 0
223 231 1 0 0 0
231 232 1 1 0 0
232 233 2 1 0 0
232 234 1 0 0 0
234 235 1 0 0 0
235 236 1 0 0 0
236 237 1.5 1 1 0
237 238 1.5 1 1 0
238 239 1.5 1 1 0
239 240 1.5 1 1 0
240 241 1.5 1 1 0
234 242 1 0 0 0
242 243 1 1 0 0
243 244 2 1 0 0
243 245 1 0 0 0
245 246 1 0 0 0
246 247 1 0 0 0
247 248 1.5 1 1 0
248 249 1.5 1 1 0
249 250 1.5 1 1 0
250 251 1.5 1 1 0
251 252 1.5 1 1 0
245 253 1 0 0 0
253 254 1 1 0 0
254 255 2 1 0 0
254 256 1 0 0 0
256 257 1 0 0 0
257 258 1 0 0 0
258 259 1.5 1 1 0
259 260 1.5 1 1 0
260 261 1.5 1 1 0
261 262 1.5 1 1 0
262 263 1.5 1 1 0
256 264 1 0 0 0
264 265 1 1 0 0
265 266 2 1 0 0
265 267 1 0 0 0
267 268 1 0 0 0
268 269 1 0 0 0
269 270 1.5 1 1 0
270 271 1.5 1 1 0
271 272 1.5 1 1 0
272 273 1.5 1 1 0
273 274 1.5 1 1 0
267 275 1 0 0 0
275 276 1 1 0 0
276 277 2 1 0 0
276 278 1 0 0 0
278 279 1 0 0 0
279 280 1 0 0 0
280 281 1.5 1 1 0
281 282 1.5 1 1 0
282 283 1.5 1 1 0
283 284 1.5 1 1 0
284 285 1.5 1 1 0
278 286 1 0 0 0
286 287 1 1 0 0
287 288 2 1 0 0
287 289 1 0 0 0
289 290 1 0 0 0
290 291 1 0 0 0
291 292 1.5 1 1 0
292 293 1.5 1 1 0
293 294 1.5 1 1 0
294 295 1.5 1 1 0
295 296 1.5 1 1 0
289 297 1 0 0 0
297 298 1 1 0 0
298 299 2 1 0 0
298 300 1 0 0 0
300 301 1 0 0 0
301 302 1 0 0 0
302 303 1.5 1 1 0
303 304 1.5 1 1 0
304 305 1.5 1 1 0
305 306 1.5 1 1 0
306 307 1.5 1 1 0
300 308 1 0 0 0
308 309 1 1 0 0
309 310 2 1 0 0
309 311 1 0 0 0
311 312 1 0 0 0
312 313 1 0 0 0
313 314 1.5 1 1 0
314 315 1.5 1 1 0
315 316 1.5 1 1 0
316 317 1.5 1 1 0
317 318 1.5 1 1 0
311 319 1 0 0 0
319 320 1 1 0 0
320 321 2 1 0 0
320 322 1 0 0 0
322 323 1 0 0 0
323 324 1 0 0 0
324 325 1.5 1 1 0
325 326 1.5 1 1 0
326 327 1.5 1 1 0
327 328 1.5 1 1 0
328 329 1.5 1 1 0
322 330 1 0 0 0
330 331 1 1 0 0
331 332 2 1 0 0
331 333 1 0 0 0
333 334 1 0 0 0
334 335 1 0 0 0
335 336 1.5 1 1 0
336 337 1.5 1 1 0
337 338 1.5 1 1 0
338 339 1.5 1 1 0
339 340 1.5 1 1 0
333 341 1 0 0 0
341 342 1 1 0 0
342 343 2 1 0 0
342 344 1 0 0 0
344 345 1 0 0 0
345 346 1 0 0 0
346 347 1.5 1 1 0
347 348 1.5 1 1 0
348 349 1.5 1 1 0
349 350 1.5 1 1 0
350 351 1.5 1 1 0
344 352 1 0 0 0
352 353 1 1 0 0
353 354 2 1 0 0
353 355 1 0 0 0
355 356 1 0 0 0
356 357 1 0 0 0
357 358 1.5 1 1 0
358 359 1.5 1 1 0
359 360 1.5 1 1 0
360 361 1.5 1 1 0
361 362 1.5 1 1 0
355 363 1 0 0 0
363 364 1 1 0 0
364 365 2 1 0 0
364 366 1 0 0 0
366 367 1 0 0 0
367 368 1 0 0 0
368 369 1.5 1 1 0
369 370 1.5 1 1 0
370 371 1.5 1 1 0
371 372 1.5 1 1 0
372 373 1.5 1 1 0
366 374 1 0 0 0
374 375 1 1 0 0
375 376 2 1 0 0
375 377 1 0 0 0
377 378 1 0 0 0
378 379 1 0 0 0
379 380 1.5 1 1 0
380 381 1.5 1 1 0
381 382 1.5 1 1 0
382 383 1.5 1 1 0
383 384 1.5 1 1 0
377 385 1 0 0 0
385 386 1 1 0 0
386 387 2 1 0 0
386 388 1 0 0 0
388 389 1 0 0 0
389 390 1 0 0 0
390 391 1.5 1 1 0
391 392 1.5 1 1 0
392 393 1.5 1 1 0
393 394 1.5 1 1 0
394 395 1.5 1 1 0
388 396 1 0 0 0
396 397 1 1 0 0
397 398 2 1 0 0
397 399 1 0 0 0
399 400 1 0 0 0
400 401 1 0 0 0
401 402 1.5 1 1 0
402 403 1.5 1 1 0
403 404 1.5 1 1 0
404 405 1.5 1 1 0
405 406 1.5 1 1 0
399 407 1 0 0 0
407 408 1 1 0 0
408 409 2 1 0 0
408 410 1 0 0 0
410 411 1 0 0 0
411 412 1 0 0 0
412 413 1.5 1 1 0
413 414 1.5 1 1 0
414 415 1.5 1 1 0
415 416 1.5 1 1 0
416 417 1.5 1 1 0
410 418 1 0 0 0
418 419 1 1 0 0
419 420 2 1 0 0
419 421 1 0 0 0
421 422 1 0 0 0
422 423 1 0 0 0
423 424 1.5 1 1 0
424 425 1.5 1 1 0
425 426 1.5 1 1 0
426 427 1.5 1 1 0
427 428 1.5 1 1 0
421 429 1 0 0 0
429 430 1 1 0 0
430 431 2 1 0 0
430 432 1 0 0 0
432 433 1 0 0 0
433 434 1 0 0 0
434 435 1.5 1 1 0
435 436 1.5 1 1 0
436 437 1.5 1 1 0
437 438 1.5 1 1 0
438 439 1.5 1 1 0
432 440 1 0 0 0
440 441 1 1 0 0
441 442 2 1 0 0
441 443 1 0 0 0
443 444 1 0 0 0
444 445 1 0 0 0
445 446 1.5 1 1 0
446 447 1.5 1 1 0
447 448 1.5 1 1 0
448 449 1.5 1 1 0
449 450 1.5 1 1 0
443 451 1 0 0 0
451 452 1 1 0 0
452 453 2 1 0 0
452 454 1 0 0 0
454 455 1 0 0 0
455 456 1 0 0 0
456 457 1.5 1 1 0
457 458 1.5 1 1 0
458 459 1.5 1 1 0
459 460 1.5 1 1 0
460 461 1.5 1 1 0
454 462 1 0 0 0
462 463 1 1 0 0
463 464 2 1 0 0
463 465 1 0 0 0
465 466 1 0 0 0
466 467 1 0 0 0
467 468 1.5 1 1 0
468 469 1.5 1 1 0
469 470 1.5 1 1 0
470 471 1.5 1 1 0
471 472 1.5 1 1 0
465 473 1 0 0 0
473 474 1 1 0 0
474 475 2 1 0 0
474 476 1 0 0 0
476 477 1 0 0 0
477 478 1 0 0 0
478 479 1.5 1 1 0
479 480 1.5 1 1 0
480 481 1.5 1 1 0
481 482 1.5 1 1 0
482 483 1.5 1 1 0
476 484 1 0 0 0
484 485 1 1 0 0
485 486 2 1 0 0
485 487 1 0 0 0
487 488 1 0 0 0
488 489 1 0 0 0
489 490 1.5 1 1 0
490 491 1.5 1 1 0
491 492 1.5 1 1 0
492 493 1.5 1 1 0
493 494 1.5 1 1 0
487 495 1 0 0 0
495 496 1 1 0 0
496 497 2 1 0 0
496 498 1 0 0 0
498 499 1 0 0 0
499 500 1 0 0 0
500 501 1.5 1 1 0
501 502 1.5 1 1 0
502 503 1.5 1 1 0
503 504 1.5 1 1 0
504 505 1.5 1 1 0
498 506 1 0 0 0
506 507 1 1 0 0
507 508 2 1 0 0
507 509 1 0 0 0
509 510 1 0 0 0
510 511 1 0 0 0
511 512 1.5 1 1 0
512 513 1.5 1 1 0
513 514 1.5 1 1 0
514 515 1.5 1 1 0
515 516 1.5 1 1 0
509 517 1 0 0 0
517 518 1 1 0 0
518 519 2 1 0 0
518 520 1 0 0 0
520 521 1 0 0 0
521 522 1 0 0 0
522 523 1.5 1 1 0
523 524 1.5 1 1 0
524 525 1.5 1 1 0
525 526 1.5 1 1 0
526 527 1.5 1 1 0
520 528 1 0 0 0
528 529 1 1 0 0
529 530 2 1 0 0
529 531 1 0 0 0
531 532 1 0 0 0
532 533 1 0 0 0
533 534 1.5 1 1 0
534 535 1.5 1 1 0
535 536 1.5 1 1 0
536 537 1.5 1 1 0
537 538 1.5 1 1 0
531 539 1 0 0 0
539 540 1 1 0 0
540 541 2 1 0 0
540 542 1 0 0 0
542 543 1 0 0 0
543 544 1 0 0 0
544 545 1.5 1 1 0
545 546 1.5 1 1 0
546 547 1.5 1 1 0
547 548 1.5 1 1 0
548 549 1.5 1 1 0
542 550 1 0 0 0
550 551 1 1 0 0
551 552 2 1 0 0
551 553 1 0 0 0
553 554 1 0 0 0
554 555 1 0 0 0
555 556 1.5 1 1 0
556 557 1.5 1 1 0
557 558 1.5 1 1 0
558 559 1.5 1 1 0
559 560 1.5 1 1 0
553 561 1 0 0 0
561 562 1 1 0 0
562 563 2 1 0 0
562 564 1 0 0 0
564 565 1 0 0 0
565 566 1 0 0 0
566 567 1.5 1 1 0
567 568 1.5 1 1 0
568 569 1.5 1 1 0
569 570 1.5 1 1 0
570 571 1.5 1 1 0
564 572 1 0 0 0
572 573 1 1 0 0
573 574 2 1 0 0
573 575 1 0 0 0
575 576 1 0 0 0
576 577 1 0 0 0
577 578 1.5 1 1 0
578 579 1.5 1 1 0
579 580 1.5 1 1 0
580 581 1.5 1 1 0
581 582 1.5 1 1 0
575 583 1 0 0 0
583 584 1 1 0 0
584 585 2 1 0 0
584 586 1 0 0 0
586 587 1 0 0 0
587 588 1 0 0 0
588 589 1.5 1 1 0
589 590 1.5 1 1 0
590 591 1.5 1 1 0
591 592 1.5 1 1 0
592 593 1.5 1 1 0
586 594 1 0 0 0
594 595 1 1 0 0
595 596 2 1 0 0
595 597 1 0 0 0
597 598 1 0 0 0
598 599 1 0 0 0
599 600 1.5 1 1 0
600 601 1.5 1 1 0
601 602 1.5 1 1 0
602 603 1.5 1 1 0
603 604 1.5 1 1 0
597 605 1 0 0 0
605 606 1 1 0 0
606 607 2 1 0 0
606 608 1 0 0 0
608 609 1 0 0 0
609 610 1 0 0 0
610 611 1.5 1 1 0
611 612 1.5 1 1 0
612 613 1.5 1 1 0
613 614 1.5 1 1 0
614 615 1.5 1 1 0
608 616 1 0 0 0
616 617 1 1 0 0
617 618 2 1 0 0
617 619 1 0 0 0
619 620 1 0 0 0
620 621 1 0 0 0
621 622 1.5 1 1 0
622 623 1.5 1 1 0
623 624 1.5 1 1 0
624 625 1.5 1 1 0
625 626 1.5 1 1 0
619 627 1 0 0 0
627 628 1 1 0 0
628 629 2 1 0 0
628 630 1 0 0 0
630 631 1 0 0 0
631 632 1 0 0 0
632 633 1.5 1 1 0
633 634 1.5 1 1 0
634 635 1.5 1 1 0
635 636 1.5 1 1 0
636 637 1.5 1 1 0
630 638 1 0 0 0
638 639 1 1 0 0
639 640 2 1 0 0
639 641 1 0 0 0
641 642 1 0 0 0
642 643 1 0 0 0
643 644 1.5 1 1 0
644 645 1.5 1 1 0
645 646 1.5 1 1 0
646 647 1.5 1 1 0
647 648 1.5 1 1 0
641 649 1 0 0 0
649 650 1 1 0 0
650 651 2 1 0 0
650 652 1 0 0 0
652 653 1 0 0 0
653 654 1 0 0 0
654 655 1.5 1 1 0
655 656 1.5 1 1 0
656 657 1.5 1 1 0
657 658 1.5 1 1 0
658 659 1.5 1 1 0
652 660 1 0 0 0
660 661 1 1 0 0
661 662 2 1 0 0
661 663 1 0 0 0
663 664 1 0 0 0
664 665 1 0 0 0
665 666 1.5 1 1 0
666 667 1.5 1 1 0
667 668 1.5 1 1 0
668 669 1.5 1 1 0
669 670 1.5 1 1 0
663 671 1 0 0 0
671 672 1 1 0 0
672 673 2 1 0 0
672 674 1 0 0 0
674 675 1 0 0 0
675 676 1 0 0 0
676 677 1.5 1 1 0
677 678 1.5 1 1 0
678 679 1.5 1 1 0
679 680 1.5 1 1 0
680 681 1.5 1 1 0
674 682 1 0 0 0
682 683 1 1 0 0
683 684 2 1 0 0
683 685 1 0 0 0
685 686 1 0 0 0
686 687 1 0 0 0
687 688 1.5 1 1 0
688 689 1.5 1 1 0
689 690 1.5 1 1 0
690 691 1.5 1 1 0
691 692 1.5 1 1 0
685 693 1 0 0 0
693 694 1 1 0 0
694 695 2 1 0 0
694 696 1 0 0 0
696 697 1 0 0 0
697 698 1 0 0 0
698 699 1.5 1 1 0
699 700 1.5 1 1 0
700 701 1.5 1 1 0
701 702 1.5 1 1 0
702 703 1.5 1 1 0
696 704 1 0 0 0
704 705 1 1 0 0
705 706 2 1 0 0
705 707 1 0 0 0
707 708 1 0 0 0
708 709 1 0 0 0
709 710 1.5 1 1 0
710 711 1.5 1 1 0
711 712 1.5 1 1 0
712 713 1.5 1 1 0
713 714 1.5 1 1 0
707 715 1 0 0 0
715 716 1 1 0 0
716 717 2 1 0 0
716 718 1 0 0 0
718 719 1 0 0 0
719 720 1 0 0 0
720 721 1.5 1 1 0
721 722 1.5 1 1 0
722 723 1.5 1 1 0
723 724 1.5 1 1 0
724 725 1.5 1 1 0
718 726 1 0 0 0
726 727 1 1 0 0
727 728 2 1 0 0
727 729 1 0 0 0
729 730 1 0 0 0
730 731 1 0 0 0
731 732 1.5 1 1 0
732 733 1.5 1 1 0
733 734 1.5 1 1 0
734 735 1.5 1 1 0
735 736 1.5 1 1 0
729 737 1 0 0 0
737 738 1 1 0 0
738 739 2 1 0 0
738 740 1 0 0 0
740 741 1 0 0 0
741 742 1 0 0 0
742 743 1.5 1 1 0
743 744 1.5 1 1 0
744 745 1.5 1 1 0
745 746 1.5 1 1 0
746 747 1.5 1 1 0
740 748 1 0 0 0
748 749 1 1 0 0
749 750 2 1 0 0
749 751 1 0 0 0
751 752 1 0 0 0
752 753 1 0 0 0
753 754 1.5 1 1 0
754 755 1.5 1 1 0
755 756 1.5 1 1 0
756 757 1.5 1 1 0
757 758 1.5 1 1 0
751 759 1 0 0 0
759 760 1 1 0 0
760 761 2 1 0 0
760 762 1 0 0 0
762 763 1 0 0 0
763 764 1 0 0 0
764 765 1.5 1 1 0
765 766 1.5 1 1 0
766 767 1.5 1 1 0
767 768 1.5 1 1 0
768 769 1.5 1 1 0
762 770 1 0 0 0
770 771 1 1 0 0
771 772 2 1 0 0
771 773 1 0 0 0
773 774 1 0 0 0
774 775 1 0 0 0
775 776 1.5 1 1 0
776 777 1.5 1 1 0
777 778 1.5 1 1 0
778 779 1.5 1 1 0
779 780 1.5 1 1 0
773 781 1 0 0 0
781 782 1 1 0 0
782 783 2 1 0 0
782 784 1 0 0 0
784 785 1 0 0 0
785 786 1 0 0 0
786 787 1.5 1 1 0
787 788 1.5 1 1 0
788 789 1.5 1 1 0
789 790 1.5 1 1 0
790 791 1.5 1 1 0
784 792 1 0 0 0
792 793 1 1 0 0
793 794 2 1 0 0
793 795 1 0 0 0
795 796 1 0 0 0
796 797 1 0 0 0
797 798 1.5 1 1 0
798 799 1.5 1 1 0
799 800 1.5 1 1 0
800 801 1.5 1 1 0
801 802 1.5 1 1 0
795 803 1 0 0 0
803 804 1 1 0 0
804 805 2 1 0 0
804 806 1 0 0 0
806 807 1 0 0 0
807 808 1 0 0 0
808 809 1.5 1 1 0
809 810 1.5 1 1 0
810 811 1.5 1 1 0
811 812 1.5 1 1 0
812 813 1.5 1 1 0
806 814 1 0 0 0
814 815 1 1 0 0
815 816 2 1 0 0
815 817 1 0 0 0
817 818 1 0 0 0
818 819 1 0 0 0
819 820 1.5 1 1 0
820 821 1.5 1 1 0
821 822 1.5 1 1 0
822 823 1.5 1 1 0
823 824 1.5 1 1 0
817 825 1 0 0 0
825 826 1 1 0 0
826 827 2 1 0 0
826 828 1 0 0 0
828 829 1 0 0 0
829 830 1 0 0 0
830 831 1.5 1 1 0
831 832 1.5 1 1 0
832 833 1.5 1 1 0
833 834 1.5 1 1 0
834 835 1.5 1 1 0
828 836 1 0 0 0
836 837 1 1 0 0
837 838 2 1 0 0
837 839 1 0 0 0
839 840 1 0 0 0
840 841 1 0 0 0
841 842 1.5 1 1 0
842 843 1.5 1 1 0
843 844 1.5 1 1 0
844 845 1.5 1 1 0
845 846 1.5 1 1 0
839 847 1 0 0 0
847 848 1 1 0 0
848 849 2 1 0 0
848 850 1 0 0 0
850 851 1 0 0 0
851 852 1 0 0 0
852 853 1.5 1 1 0
853 854 1.5 1 1 0
854 855 1.5 1 1 0
855 856 1.5 1 1 0
856 857 1.5 1 1 0
850 858 1 0 0 0
858 859 1 1 0 0
859 860 2 1 0 0
859 861 1 0 0 0
861 862 1 0 0 0
862 863 1 0 0 0
863 864 1.5 1 1 0
864 865 1.5 1 1 0
865 866 1.5 1 1 0
866 867 1.5 1 1 0
867 868 1.5 1 1 0
861 869 1 0 0 0
869 870 1 1 0 0
870 871 2 1 0 0
870 872 1 0 0 0
872 873 1 0 0 0
873 874 1 0 0 0
874 875 1.5 1 1 0
875 876 1.5 1 1 0
876 877 1.5 1 1 0
877 878 1.5 1 1 0
878 879 1.5 1 1 0
872 880 1 0 0 0
880 881 1 1 0 0
881 882 2 1 0 0
881 883 1 0 0 0
883 884 1 0 0 0
884 885 1 0 0 0
885 886 1.5 1 1 0
886 887 1.5 1 1 0
887 888 1.5 1 1 0
888 889 1.5 1 1 0
889 890 1.5 1 1 0
883 891 1 0 0 0
891 892 1 1 0 0
892 893 2 1 0 0
892 894 1 0 0 0
894 895 1 0 0 0
895 896 1 0 0 0
896 897 1.5 1 1 0
897 898 1.5 1 1 0
898 899 1.5 1 1 0
899 900 1.5 1 1 0
900 901 1.5 1 1 0
894 902 1 0 0 0
902 903 1 1 0 0
903 904 2 1 0 0
903 905 1 0 0 0
905 906 1 0 0 0
906 907 1 0 0 0
907 908 1.5 1 1 0
908 909 1.5 1 1 0
909 910 1.5 1 1 0
910 911 1.5 1 1 0
911 912 1.5 1 1 0
905 913 1 0 0 0
913 914 1 1 0 0
914 915 2 1 0 0
914 916 1 0 0 0
916 917 1 0 0 0
917 918 1 0 0 0
918 919 1.5 1 1 0
919 920 1.5 1 1 0
920 921 1.5 1 1 0
921 922 1.5 1 1 0
922 923 1.5 1 1 0
916 924 1 0 0 0
924 925 1 1 0 0
925 926 2 1 0 0
925 927 1 0 0 0
927 928 1 0 0 0
928 929 1 0 0 0
929 930 1.5 1 1 0
930 931 1.5 1 1 0
931 932 1.5 1 1 0
932 933 1.5 1 1 0
933 934 1.5 1 1 0
927 935 1 0 0 0
935 936 1 1 0 0
936 937 2 1 0 0
936 938 1 0 0 0
938 939 1 0 0 0
939 940 1 0 0 0
940 941 1.5 1 1 0
941 942 1.5 1 1 0
942 943 1.5 1 1 0
943 944 1.5 1 1 0
944 945 1.5 1 1 0
938 946 1 0 0 0
946 947 1 1 0 0
947 948 2 1 0 0
947 949 1 0 0 0
949 950 1 0 0 0
950 951 1 0 0 0
951 952 1.5 1 1 0
952 953 1.5 1 1 0
953 954 1.5 1 1 0
954 955 1.5 1 1 0
955 956 1.5 1 1 0
949 957 1 0 0 0
957 958 1 1 0 0
958 959 2 1 0 0
958 960 1 0 0 0
960 961 1 0 0 0
961 962 1 0 0 0
962 963 1.5 1 1 0
963 964 1.5 1 1 0
964 965 1.5 1 1 0
965 966 1.5 1 1 0
966 967 1.5 1 1 0
960 968 1 0 0 0
968 969 1 1 0 0
969 970 2 1 0 0
969 971 1 0 0 0
971 972 1 0 0 0
972 973 1 0 0 0
973 974 1.5 1 1 0
974 975 1.5 1 1 0
975 976 1.5 1 1 0
976 977 1.5 1 1 0
977 978 1.5 1 1 0
971 979 1 0 0 0
979 980 1 1 0 0
980 981 2 1 0 0
980 982 1 0 0 0
982 983 1 0 0 0
983 984 1 0 0 0
984 985 1.5 1 1 0
985 986 1.5 1 1 0
986 987 1.5 1 1 0
987 988 1.5 1 1 0
988 989 1.5 1 1 0
982 990 1 0 0 0
990 991 1 1 0 0
991 992 2 1 0 0
991 993 1 0 0 0
993 994 1 0 0 0
994 995 1 0 0 0
995 996 1.5 1 1 0
996 997 1.5 1 1 0
997 998 1.5 1 1 0
998 999 1.5 1 1 0
999 1000 1.5 1 1 0
993 1001 1 0 0 0
1001 1002 1 1 0 0
1002 1003 2 1 0 0
1002 1004 1 0 0 0
1004 1005 1 0 0 0
1005 1006 1 0 0 0
1006 1007 1.5 1 1 0
1007 1008 1.5 1 1 0
1008 1009 1.5 1 1 0
1009 1010 1.5 1 1 0
1010 1011 1.5 1 1 0
1004 1012 1 0 0 0
1012 1013 1 1 0 0
1013 1014 2 1 0 0
1013 1015 1 0 0 0
1015 1016 1 0 0 0
1016 1017 1 0 0 0
1017 1018 1.5 1 1 0
1018 1019 1.5 1 1 0
1019 1020 1.5 1 1 0
1020 1021 1.5 1 1 0
1021 1022 1.5 1 1 0
1015 1023 1 0 0 0
1023 1024 1 1 0 0
1024 1025 2 1 0 0
1024 1026 1 0 0 0
1026 1027 1 0 0 0
1027 1028 1 0 0 0
1028 1029 1.5 1 1 0
1029 1030 1.5 1 1 0
1030 1031 1.5 1 1 0
1031 1032 1.5 1 1 0
1032 1033 1.5 1 1 0
1026 1034 1 0 0 0
1034 1035 1 1 0 0
1035 1036 2 1 0 0
1035 1037 1 0 0 0
1037 1038 1 0 0 0
1038 1039 1 0 0 0
1039 1040 1.5 1 1 0
1040 1041 1.5 1 1 0
1041 1042 1.5 1 1 0
1042 1043 1.5 1 1 0
1043 1044 1.5 1 1 0
1037 1045 1 0 0 0
1045 1046 1 1 0 0
1046 1047 2 1 0 0
1046 1048 1 0 0 0
1048 1049 1 0 0 0
1049 1050 1 0 0 0
1050 1051 1.5 1 1 0
1051 1052 1.5 1 1 0
1052 1053 1.5 1 1 0
1053 1054 1.5 1 1 0
1054 1055 1.5 1 1 0
1048 1056 1 0 0 0
1056 1057 1 1 0 0
1057 1058 2 1 0 0
1057 1059 1 0 0 0
1059 1060 1 0 0 0
1060 1061 1 0 0 0
1061 1062 1.5 1 1 0
1062 1063 1.5 1 1 0
1063 1064 1.5 1 1 0
1064 1065 1.5 1 1 0
1065 1066 1.5 1 1 0
1059 1067 1 0 0 0
1067 1068 1 1 0 0
1068 1069 2 1 0 0
1068 1070 1 0 0 0
1070 1071 1 0 0 0
1071 1072 1 0 0 0
1072 1073 1.5 1 1 0
1073 1074 1.5 1 1 0
1074 1075 1.5 1 1 0
1075 1076 1.5 1 1 0
1076 1077 1.5 1 1 0
1070 1078 1 0 0 0
1078 1079 1 1 0 0
1079 1080 2 1 0 0
1079 1081 1 0 0 0
1081 1082 1 0 0 0
1082 1083 1 0 0 0
1083 1084 1.5 1 1 0
1084 1085 1.5 1 1 0
1085 1086 1.5 1 1 0
1086 1087 1.5 1 1 0
1087 1088 1.5 1 1 0
1081 1089 1 0 0 0
1089 1090 1 1 0 0
1090 1091 2 1 0 0
1090 1092 1 0 0 0
1092 1093 1 0 0 0
1093 1094 1 0 0 0
1094 1095 1.5 1 1 0
1095 1096 1.5 1 1 0
1096 1097 1.5 1 1 0
1097 1098 1.5 1 1 0
1098 1099 1.5 1 1 0
1092 1100 1 0 0 0
1100 1101 1 1 0 0
1101 1102 2 1 0 0
1101 1103 1 0 0 0
1103 1104 1 0 0 0
1104 1105 1 0 0 0
1105 1106 1.5 1 1 0
1106 1107 1.5 1 1 0
1107 1108 1.5 1 1 0
1108 1109 1.5 1 1 0
1109 1110 1.5 1 1 0
1103 1111 1 0 0 0
1111 1112 1 1 0 0
1112 1113 2 1 0 0
1112 1114 1 0 0 0
1114 1115 1 0 0 0
1115 1116 1 0 0 0
1116 1117 1.5 1 1 0
1117 1118 1.5 1 1 0
1118 1119 1.5 1 1 0
1119 1120 1.5 1 1 0
1120 1121 1.5 1 1 0
1114 1122 1 0 0 0
1122 1123 1 1 0 0
1123 1124 2 1 0 0
1123 1125 1 0 0 0
1125 1126 1 0 0 0
1126 1127 1 0 0 0
1127 1128 1.5 1 1 0
1128 1129 1.5 1 1 0
1129 1130 1.5 1 1 0
1130 1131 1.5 1 1 0
1131 1132 1.5 1 1 0
1125 1133 1 0 0 0
1133 1134 1 1 0 0
1134 1135 2 1 0 0
1134 1136 1 0 0 0
1136 1137 1 0 0 0
1137 1138 1 0 0 0
1138 1139 1.5 1 1 0
1139 1140 1.5 1 1 0
1140 1141 1.5 1 1 0
1141 1142 1.5 1 1 0
1142 1143 1.5 1 1 0
1136 1144 1 0 0 0
1144 1145 1 1 0 0
1145 1146 2 1 0 0
1145 1147 1 0 0 0
1147 1148 1 0 0 0
1148 1149 1 0 0 0
1149 1150 1.5 1 1 0
1150 1151 1.5 1 1 0
1151 1152 1.5 1 1 0
1152 1153 1.5 1 1 0
1153 1154 1.5 1 1 0
1147 1155 1 0 0 0
1155 1156 1 1 0 0
1156 1157 2 1 0 0
1156 1158 1 0 0 0
1158 1159 1 0 0 0
1159 1160 1 0 0 0
1160 1161 1.5 1 1 0
1161 1162 1.5 1 1 0
1162 1163 1.5 1 1 0
1163 1164 1.5 1 1 0
1164 1165 1.5 1 1 0
1158 1166 1 0 0 0
1166 1167 1 1 0 0
1167 1168 2 1 0 0
1167 1169 1 0 0 0
1169 1170 1 0 0 0
1170 1171 1 0 0 0
1171 1172 1.5 1 1 0
1172 1173 1.5 1 1 0
1173 1174 1.5 1 1 0
1174 1175 1.5 1 1 0
1175 1176 1.5 1 1 0
1169 1177 1 0 0 0
1177 1178 1 1 0 0
1178 1179 2 1 0 0
1178 1180 1 0 0 0
1180 1181 1 0 0 0
1181 1182 1 0 0 0
1182 1183 1.5 1 1 0
1183 1184 1.5 1 1 0
1184 1185 1.5 1 1 0
1185 1186 1.5 1 1 0
1186 1187 1.5 1 1 0
1180 1188 1 0 0 0
1188 1189 1 1 0 0
1189 1190 2 1 0 0
1189 1191 1 0 0 0
1191 1192 1 0 0 0
1192 1193 1 0 0 0
1193 1194 1.5 1 1 0
1194 1195 1.5 1 1 0
1195 1196 1.5 1 1 0
1196 1197 1.5 1 1 0
1197 1198 1.5 1 1 0
1191 1199 1 0 0 0
1199 1200 1 1 0 0
1200 1201 2 1 0 0
1200 1202 1 0 0 0
1202 1203 1 0 0 0
1203 1204 1 0 0 0
1204 1205 1.5 1 1 0
1205 1206 1.5 1 1 0
1206 1207 1.5 1 1 0
1207 1208 1.5 1 1 0
1208 1209 1.5 1 1 0
1202 1210 1 0 0 0
1210 1211 1 1 0 0
1211 1212 2 1 0 0
1211 1213 1 0 0 0
1213 1214 1 0 0 0
1214 1215 1 0 0 0
1215 1216 1.5 1 1 0
1216 1217 1.5 1 1 0
1217 1218 1.5 1 1 0
1218 1219 1.5 1 1 0
1219 1220 1.5 1 1 0
1213 1221 1 0 0 0
1221 1222 1 1 0 0
1222 1223 2 1 0 0
1222 1224 1 0 0 0
1224 1225 1 0 0 0
1225 1226 1 0 0 0
1226 1227 1.5 1 1 0
1227 1228 1.5 1 1 0
1228 1229 1.5 1 1 0
1229 1230 1.5 1 1 0
1230 1231 1.5 1 1 0
1224 1232 1 0 0 0
1232 1233 1 1 0 0
1233 1234 2 1 0 0
1233 1235 1 0 0 0
1235 1236 1 0 0 0
1236 1237 1 0 0 0
1237 1238 1.5 1 1 0
1238 1239 1.5 1 1 0
1239 1240 1.5 1 1 0
1240 1241 1.5 1 1 0
1241 1242 1.5 1 1 0
1235 1243 1 0 0 0
1243 1244 1 1 0 0
1244 1245 2 1 0 0
1244 1246 1 0 0 0
1246 1247 1 0 0 0
1247 1248 1 0 0 0
1248 1249 1.5 1 1 0
1249 1250 1.5 1 1 0
1250 1251 1.5 1 1 0
1251 1252 1.5 1 1 0
1252 1253 1.5 1 1 0
1246 1254 1 0 0 0
1254 1255 1 1 0 0
1255 1256 2 1 0 0
1255 1257 1 0 0 0
1257 1258 1 0 0 0
1258 1259 1 0 0 0
1259 1260 1.5 1 1 0
1260 1261 1.5 1 1 0
1261 1262 1.5 1 1 0
1262 1263 1.5 1 1 0
1263 1264 1.5 1 1 0
1257 1265 1 0 0 0
1265 1266 1 1 0 0
1266 1267 2 1 0 0
1266 1268 1 0 0 0
1268 1269 1 0 0 0
1269 1270 1 0 0 0
1270 1271 1.5 1 1 0
1271 1272 1.5 1 1 0
1272 1273 1.5 1 1 0
1273 1274 1.5 1 1 0
1274 1275 1.5 1 1 0
1268 1276 1 0 0 0
1276 1277 1 1 0 0
1277 1278 2 1 0 0
1277 1279 1 0 0 0
1279 1280 1 0 0 0
1280 1281 1 0 0 0
1281 1282 1.5 1 1 0
1282 1283 1.5 1 1 0
1283 1284 1.5 1 1 0
1284 1285 1.5 1 1 0
1285 1286 1.5 1 1 0
1279 1287 1 0 0 0
1287 1288 1 1 0 0
1288 1289 2 1 0 0
1288 1290 1 0 0 0
1290 1291 1 0 0 0
1291 1292 1 0 0 0
1292 1293 1.5 1 1 0
1293 1294 1.5 1 1 0
1294 1295 1.5 1 1 0
1295 1296 1.5 1 1 0
1296 1297 1.5 1 1 0
1290 1298 1 0 0 0
1298 1299 1 1 0 0
1299 1300 2 1 0 0
1299 1301 1 0 0 0
1301 1302 1 0 0 0
1302 1303 1 0 0 0
1303 1304 1.5 1 1 0
1304 1305 1.5 1 1 0
1305 1306 1.5 1 1 0
1306 1307 1.5 1 1 0
1307 1308 1.5 1 1 0
1301 1309 1 0 0 0
1309 1310 1 1 0 0
1310 1311 2 1 0 0
1310 1312 1 0 0 0
1312 1313 1 0 0 0
1313 1314 1 0 0 0
1314 1315 1.5 1 1 0
1315 1316 1.5 1 1 0
1316 1317 1.5 1 1 0
1317 1318 1.5 1 1 0
1318 1319 1.5 1 1 0
1312 1320 1 0 0 0
1320 1321 1 1 0 0
1321 1322 2 1 0 0
1321 1323 1 0 0 0
1323 1324 1 0 0 0
1324 1325 1 0 0 0
1325 1326 1.5 1 1 0
1326 1327 1.5 1 1 0
1327 1328 1.5 1 1 0
1328 1329 1.5 1 1 0
1329 1330 1.5 1 1 0
1323 1331 1 0 0 0
1331 1332 1 1 0 0
1332 1333 2 1 0 0
1332 1334 1 0 0 0
1334 1335 1 0 0 0
1335 1336 1 0 0 0
1336 1337 1.5 1 1 0
1337 1338 1.5 1 1 0
1338 1339 1.5 1 1 0
1339 1340 1.5 1 1 0
1340 1341 1.5 1 1 0
1334 1342 1 0 0 0
1342 1343 1 1 0 0
1343 1344 2 1 0 0
1343 1345 1 0 0 0
1345 1346 1 0 0 0
1346 1347 1 0 0 0
1347 1348 1.5 1 1 0
1348 1349 1.5 1 1 0
1349 1350 1.5 1 1 0
1350 1351 1.5 1 1 0
1351 1352 1.5 1 1 0
1345 1353 1 0 0 0
1353 1354 1 1 0 0
1354 1355 2 1 0 0
1354 1356 1 0 0 0
1356 1357 1 0 0 0
1357 1358 1 0 0 0
1358 1359 1.5 1 1 0
1359 1360 1.5 1 1 0
1360 1361 1.5 1 1 0
1361 1362 1.5 1 1 0
1362 1363 1.5 1 1 0
1356 1364 1 0 0 0
1364 1365 1 1 0 0
1365 1366 2 1 0 0
1365 1367 1 0 0 0
1367 1368 1 0 0 0
1368 1369 1 0 0 0
1369 1370 1.5 1 1 0
1370 1371 1.5 1 1 0
1371 1372 1.5 1 1 0
1372 1373 1.5 1 1 0
1373 1374 1.5 1 1 0
1367 1375 1 0 0 0
1375 1376 1 1 0 0
1376 1377 2 1 0 0
1376 1378 1 0 0 0
1378 1379 1 0 0 0
1379 1380 1 0 0 0
1380 1381 1.5 1 1 0
1381 1382 1.5 1 1 0
1382 1383 1.5 1 1 0
1383 1384 1.5 1 1 0
1384 1385 1.5 1 1 0
1378 1386 1 0 0 0
1386 1387 1 1 0 0
1387 1388 2 1 0 0
1387 1389 1 0 0 0
1389 1390 1 0 0 0
1390 1391 1 0 0 0
1391 1392 1.5 1 1 0
1392 1393 1.5 1 1 0
1393 1394 1.5 1 1 0
1394 1395 1.5 1 1 0
1395 1396 1.5 1 1 0
1389 1397 1 0 0 0
1397 1398 1 1 0 0
1398 1399 2 1 0 0
1398 1400 1 0 0 0
1400 1401 1 0 0 0
1401 1402 1 0 0 0
1402 1403 1.5 1 1 0
1403 1404 1.5 1 1 0
1404 1405 1.5 1 1 0
1405 1406 1.5 1 1 0
1406 1407 1.5 1 1 0
1400 1408 1 0 0 0
1408 1409 1 1 0 0
1409 1410 2 1 0 0
1409 1411 1 0 0 0
1411 1412 1 0 0 0
1412 1413 1 0 0 0
1413 1414 1.5 1 1 0
1414 1415 1.5 1 1 0
1415 1416 1.5 1 1 0
1416 1417 1.5 1 1 0
1417 1418 1.5 1 1 0
1411 1419 1 0 0 0
1419 1420 1 1 0 0
1420 1421 2 1 0 0
1420 1422 1 0 0 0
1422 1423 1 0 0 0
1423 1424 1 0 0 0
1424 1425 1.5 1 1 0
1425 1426 1.5 1 1 0
1426 1427 1.5 1 1 0
1427 1428 1.5 1 1 0
1428 1429 1.5 1 1 0
1422 1430 1 0 0 0
1430 1431 1 1 0 0
1431 1432 2 1 0 0
1431 1433 1 0 0 0
1433 1434 1 0 0 0
1434 1435 1 0 0 0
1435 1436 1.5 1 1 0
1436 1437 1.5 1 1 0
1437 1438 1.5 1 1 0
1438 1439 1.5 1 1 0
1439 1440 1.5 1 1 0
1433 1441 1 0 0 0
1441 1442 1 1 0 0
1442 1443 2 1 0 0
1442 1444 1 0 0 0
1444 1445 1 0 0 0
1445 1446 1 0 0 0
1446 1447 1.5 1 1 0
1447 1448 1.5 1 1 0
1448 1449 1.5 1 1 0
1449 1450 1.5 1 1 0
1450 1451 1.5 1 1 0
1444 1452 1 0 0 0
1452 1453 1 1 0 0
1453 1454 2 1 0 0
1453 1455 1 0 0 0
1455 1456 1 0 0 0
1456 1457 1 0 0 0
1457 1458 1.5 1 1 0
1458 1459 1.5 1 1 0
1459 1460 1.5 1 1 0
1460 1461 1.5 1 1 0
1461 1462 1.5 1 1 0
1455 1463 1 0 0 0
1463 1464 1 1 0 0
1464 1465 2 1 0 0
1464 1466 1 0 0 0
1466 1467 1 0 0 0
1467 1468 1 0 0 0
1468 1469 1.5 1 1 0
1469 1470 1.5 1 1 0
1470 1471 1.5 1 1 0
1471 1472 1.5 1 1 0
1472 1473 1.5 1 1 0
1466 1474 1 0 0 0
1474 1475 1 1 0 0
1475 1476 2 1 0 0
1475 1477 1 0 0 0
1477 1478 1 0 0 0
1478 1479 1 0 0 0
1479 1480 1.5 1 1 0
1480 1481 1.5 1 1 0
1481 1482 1.5 1 1 0
1482 1483 1.5 1 1 0
1483 1484 1.5 1 1 0
1477 1485 1 0 0 0
1485 1486 1 1 0 0
1486 1487 2 1 0 0
1486 1488 1 0 0 0
1488 1489 1 0 0 0
1489 1490 1 0 0 0
1490 1491 1.5 1 1 0
1491 1492 1.5 1 1 0
1492 1493 1.5 1 1 0
1493 1494 1.5 1 1 0
1494 1495 1.5 1 1 0
1488 1496 1 0 0 0
1496 1497 1 1 0 0
1497 1498 2 1 0 0
1497 1499 1 0 0 0
1499 1500 1 0 0 0
1500 1501 1 0 0 0
1501 1502 1.5 1 1 0
1502 1503 1.5 1 1 0
1503 1504 1.5 1 1 0
1504 1505 1.5 1 1 0
1505 1506 1.5 1 1 0
1499 1507 1 0 0 0
1507 1508 1 1 0 0
1508 1509 2 1 0 0
1508 1510 1 0 0 0
1510 1511 1 0 0 0
1511 1512 1 0 0 0
1512 1513 1.5 1 1 0
1513 1514 1.5 1 1 0
1514 1515 1.5 1 1 0
1515 1516 1.5 1 1 0
1516 1517 1.5 1 1 0
1510 1518 1 0 0 0
1518 1519 1 1 0 0
1519 1520 2 1 0 0
1519 1521 1 0 0 0
1521 1522 1 0 0 0
1522 1523 1 0 0 0
1523 1524 1.5 1 1 0
1524 1525 1.5 1 1 0
1525 1526 1.5 1 1 0
1526 1527 1.5 1 1 0
1527 1528 1.5 1 1 0
1521 1529 1 0 0 0
1529 1530 1 1 0 0
1530 1531 2 1 0 0
1530 1532 1 0 0 0
1532 1533 1 0 0 0
1533 1534 1 0 0 0
1534 1535 1.5 1 1 0
1535 1536 1.5 1 1 0
1536 1537 1.5 1 1 0
1537 1538 1.5 1 1 0
1538 1539 1.5 1 1 0
1532 1540 1 0 0 0
1540 1541 1 1 0 0
1541 1542 2 1 0 0
1541 1543 1 0 0 0
1543 1544 1 0 0 0
1544 1545 1 0 0 0
1545 1546 1.5 1 1 0
1546 1547 1.5 1 1 0
1547 1548 1.5 1 1 0
1548 1549 1.5 1 1 0
1549 1550 1.5 1 1 0
1543 1551 1 0 0 0
1551 1552 1 1 0 0
1552 1553 2 1 0 0
1552 1554 1 0 0 0
1554 1555 1 0 0 0
1555 1556 1 0 0 0
1556 1557 1.5 1 1 0
1557 1558 1.5 1 1 0
1558 1559 1.5 1 1 0
1559 1560 1.5 1 1 0
1560 1561 1.5 1 1 0
1554 1562 1 0 0 0
1562 1563 1 1 0 0
1563 1564 2 1 0 0
1563 1565 1 0 0 0
1565 1566 1 0 0 0
1566 1567 1 0 0 0
1567 1568 1.5 1 1 0
1568 1569 1.5 1 1 0
1569 1570 1.5 1 1 0
1570 1571 1.5 1 1 0
1571 1572 1.5 1 1 0
1565 1573 1 0 0 0
1573 1574 1 1 0 0
1574 1575 2 1 0 0
1574 1576 1 0 0 0
1576 1577 1 0 0 0
1577 1578 1 0 0 0
1578 1579 1.5 1 1 0
1579 1580 1.5 1 1 0
1580 1581 1.5 1 1 0
1581 1582 1.5 1 1 0
1582 1583 1.5 1 1 0
1576 1584 1 0 0 0
1584 1585 1 1 0 0
1585 1586 2 1 0 0
1585 1587 1 0 0 0
1587 1588 1 0 0 0
1588 1589 1 0 0 0
1589 1590 1.5 1 1 0
1590 1591 1.5 1 1 0
1591 1592 1.5 1 1 0
1592 1593 1.5 1 1 0
1593 1594 1.5 1 1 0
1587 1595 1 0 0 0
1595 1596 1 1 0 0
1596 1597 2 1 0 0
1596 1598 1 0 0 0
1598 1599 1 0 0 0
1599 1600 1 0 0 0
1600 1601 1.5 1 1 0
1601 1602 1.5 1 1 0
1602 1603 1.5 1 1 0
1603 1604 1.5 1 1 0
1604 1605 1.5 1 1 0
1598 1606 1 0 0 0
1606 1607 1 1 0 0
1607 1608 2 1 0 0
1607 1609 1 0 0 0
1609 1610 1 0 0 0
1610 1611 1 0 0 0
1611 1612 1.5 1 1 0
1612 1613 1.5 1 1 0
1613 1614 1.5 1 1 0
1614 1615 1.5 1 1 0
1615 1616 1.5 1 1 0
1609 1617 1 0 0 0
1617 1618 1 1 0 0
1618 1619 2 1 0 0
1618 1620 1 0 0 0
1620 1621 1 0 0 0
1621 1622 1 0 0 0
1622 1623 1.5 1 1 0
1623 1624 1.5 1 1 0
1624 1625 1.5 1 1 0
1625 1626 1.5 1 1 0
1626 1627 1.5 1 1 0
1620 1628 1 0 0 0
1628 1629 1 1 0 0
1629 1630 2 1 0 0
1629 1631 1 0 0 0
1631 1632 1 0 0 0
1632 1633 1 0 0 0
1633 1634 1.5 1 1 0
1634 1635 1.5 1 1 0
1635 1636 1.5 1 1 0
1636 1637 1.5 1 1 0
1637 1638 1.5 1 1 0
1631 1639 1 0 0 0
1639 1640 1 1 0 0
1640 1641 2 1 0 0
1640 1642 1 0 0 0
1642 1643 1 0 0 0
1643 1644 1 0 0 0
1644 1645 1.5 1 1 0
1645 1646 1.5 1 1 0
1646 1647 1.5 1 1 0
1647 1648 1.5 1 1 0
1648 1649 1.5 1 1 0
1642 1650 1 0 0 0
1650 1651 1 1 0 0
1651 1652 2 1 0 0
1651 1653 1 0 0 0
1653 1654 1 0 0 0
1654 1655 1 0 0 0
1655 1656 1.5 1 1 0
1656 1657 1.5 1 1 0
1657 1658 1.5 1 1 0
1658 1659 1.5 1 1 0
1659 1660 1.5 1 1 0
1653 1661 1 0 0 0
1661 1662 1 1 0 0
1662 1663 2 1 0 0
1662 1664 1 0 0 0
1664 1665 1 0 0 0
1665 1666 1 0 0 0
1666 1667 1.5 1 1 0
1667 1668 1.5 1 1 0
1668 1669 1.5 1 1 0
1669 1670 1.5 1 1 0
1670 1671 1.5 1 1 0
1664 1672 1 0 0 0
1672 1673 1 1 0 0
1673 1674 2 1 0 0
1673 1675 1 0 0 0
1675 1676 1 0 0 0
1676 1677 1 0 0 0
1677 1678 1.5 1 1 0
1678 1679 1.5 1 1 0
1679 1680 1.5 1 1 0
1680 1681 1.5 1 1 0
1681 1682 1.5 1 1 0
1675 1683 1 0 0 0
1683 1684 1 1 0 0
1684 1685 2 1 0 0
1684 1686 1 0 0 0
1686 1687 1 0 0 0
1687 1688 1 0 0 0
1688 1689 1.5 1 1 0
1689 1690 1.5 1 1 0
1690 1691 1.5 1 1 0
1691 1692 1.5 1 1 0
1692 1693 1.5 1 1 0
1686 1694 1 0 0 0
1694 1695 1 1 0 0
1695 1696 2 1 0 0
1695 1697 1 0 0 0
1697 1698 1 0 0 0
1698 1699 1 0 0 0
1699 1700 1.5 1 1 0
1700 1701 1.5 1 1 0
1701 1702 1.5 1 1 0
1702 1703 1.5 1 1 0
1703 1704 1.5 1 1 0
1697 1705 1 0 0 0
1705 1706 1 1 0 0
1706 1707 2 1 0 0
1706 1708 1 0 0 0
1708 1709 1 0 0 0
1709 1710 1 0 0 0
1710 1711 1.5 1 1 0
1711 1712 1.5 1 1 0
1712 1713 1.5 1 1 0
1713 1714 1.5 1 1 0
1714 1715 1.5 1 1 0
1708 1716 1 0 0 0
1716 1717 1 1 0 0
1717 1718 2 1 0 0
1717 1719 1 0 0 0
1719 1720 1 0 0 0
1720 1721 1 0 0 0
1721 1722 1.5 1 1 0
1722 1723 1.5 1 1 0
1723 1724 1.5 1 1 0
1724 1725 1.5 1 1 0
1725 1726 1.5 1 1 0
1719 1727 1 0 0 0
1727 1728 1 1 0 0
1728 1729 2 1 0 0
1728 1730 1 0 0 0
1730 1731 1 0 0 0
1731 1732 1 0 0 0
1732 1733 1.5 1 1 0
1733 1734 1.5 1 1 0
1734 1735 1.5 1 1 0
1735 1736 1.5 1 1 0
1736 1737 1.5 1 1 0
1730 1738 1 0 0 0
1738 1739 1 1 0 0
1739 1740 2 1 0 0
1739 1741 1 0 0 0
1741 1742 1 0 0 0
1742 1743 1 0 0 0
1743 1744 1.5 1 1 0
1744 1745 1.5 1 1 0
1745 1746 1.5 1 1 0
1746 1747 1.5 1 1 0
1747 1748 1.5 1 1 0
1741 1749 1 0 0 0
1749 1750 1 1 0 0
1750 1751 2 1 0 0
1750 1752 1 0 0 0
1752 1753 1 0 0 0
1753 1754 1 0 0 0
1754 1755 1.5 1 1 0
1755 1756 1.5 1 1 0
1756 1757 1.5 1 1 0
1757 1758 1.5 1 1 0
1758 1759 1.5 1 1 0
1752 1760 1 0 0 0
1760 1761 1 1 0 0
1761 1762 2 1 0 0
1761 1763 1 1 0 0
10 5 1.5 1 1 0
21 16 1.5 1 1 0
32 27 1.5 1 1 0
43 38 1.5 1 1 0
54 49 1.5 1 1 0
65 60 1.5 1 1 0
76 71 1.5 1 1 0
87 82 1.5 1 1 0
98 93 1.5 1 1 0
109 104 1.5 1 1 0
120 115 1.5 1 1 0
131 126 1.5 1 1 0
142 137 1.5 1 1 0
153 148 1.5 1 1 0
164 159 1.5 1 1 0
175 170 1.5 1 1 0
186 181 1.5 1 1 0
197 192 1.5 1 1 0
208 203 1.5 1 1 0
219 214 1.5 1 1 0
230 225 1.5 1 1 0
241 236 1.5 1 1 0
252 247 1.5 1 1 0
263 258 1.5 1 1 0
274 269 1.5 1 1 0
285 280 1.5 1 1 0
296 291 1.5 1 1 0
307 302 1.5 1 1 0
318 313 1.5 1 1 0
329 324 1.5 1 1 0
340 335 1.5 1 1 0
351 346 1.5 1 1 0
362 357 1.5 1 1 0
373 368 1.5 1 1 0
384 379 1.5 1 1 0
395 390 1.5 1 1 0
406 401 1.5 1 1 0
417 412 1.5 1 1 0
428 423 1.5 1 1 0
439 434 1.5 1 1 0
450 445 1.5 1 1 0
461 456 1.5 1 1 0
472 467 1.5 1 1 0
483 478 1.5 1 1 0
494 489 1.5 1 1 0
505 500 1.5 1 1 0
516 511 1.5 1 1 0
527 522 1.5 1 1 0
538 533 1.5 1 1 0
549 544 1.5 1 1 0
560 555 1.5 1 1 0
571 566 1.5 1 1 0
582 577 1.5 1 1 0
593 588 1.5 1 1 0
604 599 1.5 1 1 0
615 610 1.5 1 1 0
626 621 1.5 1 1 0
637 632 1.5 1 1 0
648 643 1.5 1 1 0
659 654 1.5 1 1 0
670 665 1.5 1 1 0
681 676 1.5 1 1 0
692 687 1.5 1 1 0
703 698 1.5 1 1 0
714 709 1.5 1 1 0
725 720 1.5 1 1 0
736 731 1.5 1 1 0
747 742 1.5 1 1 0
758 753 1.5 1 1 0
769 764 1.5 1 1 0
780 775 1.5 1 1 0
791 786 1.5 1 1 0
802 797 1.5 1 1 0
813 808 1.5 1 1 0
824 819 1.5 1 1 0
835 830 1.5 1 1 0
846 841 1.5 1 1 0
857 852 1.5 1 1 0
868 863 1.5 1 1 0
879 874 1.5 1 1 0
890 885 1.5 1 1 0
901 896 1.5 1 1 0
912 907 1.5 1 1 0
923 918 1.5 1 1 0
934 929 1.5 1 1 0
945 940 1.5 1 1 0
956 951 1.5 1 1 0
967 962 1.5 1 1 0
978 973 1.5 1 1 0
989 984 1.5 1 1 0
1000 995 1.5 1 1 0
1011 1006 1.5 1 1 0
1022 1017 1.5 1 1 0
1033 1028 1.5 1 1 0
1044 1039 1.5 1 1 0
1055 1050 1.5 1 1 0
1066 1061 1.5 1 1 0
1077 1072 1.5 1 1 0
1088 1083 1.5 1 1 0
1099 1094 1.5 1 1 0
1110 1105 1.5 1 1 0
1121 1116 1.5 1 1 0
1132 1127 1.5 1 1 0
1143 1138 1.5 1 1 0
1154 1149 1.5 1 1 0
1165 1160 1.5 1 1 0
1176 1171 1.5 1 1 0
1187 1182 1.5 1 1 0
1198 1193 1.5 1 1 0
1209 1204 1.5 1 1 0
1220 1215 1.5 1 1 0
1231 1226 1.5 1 1 0
1242 1237 1.5 1 1 0
1253 1248 1.5 1 1 0
1264 1259 1.5 1 1 0
1275 1270 1.5 1 1 0
1286 1281 1.5 1 1 0
1297 1292 1.5 1 1 0
1308 1303 1.5 1 1 0
1319 1314 1.5 1 1 0
1330 1325 1.5 1 1 0
1341 1336 1.5 1 1 0
1352 1347 1.5 1 1 0
1363 1358 1.5 1 1 0
1374 1369 1.5 1 1 0
1385 1380 1.5 1 1 0
1396 1391 1.5 1 1 0
1407 1402 1.5 1 1 0
1418 1413 1.5 1 1 0
1429 1424 1.5 1 1 0
1440 1435 1.5 1 1 0
1451 1446 1.5 1 1 0
1462 1457 1.5 1 1 0
1473 1468 1.5 1 1 0
1484 1479 1.5 1 1 0
1495 1490 1.5 1 1 0
1506 1501 1.5 1 1 0
1517 1512 1.5 1 1 0
1528 1523 1.5 1 1 0
1539 1534 1.5 1 1 0
1550 1545 1.5 1 1 0
1561 1556 1.5 1 1 0
1572 1567 1.5 1 1 0
1583 1578 1.5 1 1 0
1594 1589 1.5 1 1 0
1605 1600 1.5 1 1 0
1616 1611 1.5 1 1 0
1627 1622 1.5 1 1 0
1638 1633 1.5 1 1 0
1649 1644 1.5 1 1 0
1660 1655 1.5 1 1 0
1671 1666 1.5 1 1 0
1682 1677 1.5 1 1 0
1693 1688 1.5 1 1 0
1704 1699 1.5 1 1 0
1715 1710 1.5 1 1 0
1726 1721 1.5 1 1 0
1737 1732 1.5 1 1 0
1748 1743 1.5 1 1 0
1759 1754 1.5 1 1 0
182 181 1
8 1 1 0 4 0 0 15.999 -0.3939803249 -0.2893 0.8238 0
6 2 2 0 4 0 0 12.011 0.06650314573 -0.2035 2.753 0
6 2 2 0 4 0 0 12.011 0.06983792634 -0.2035 2.753 0
8 2 0 0 4 0 0 15.999 -0.3766778536 -0.0684 1.085 0
6 2 2 0 4 0 0 12.011 0.07011417814 -0.2035 2.753 0
6 2 2 0 4 0 0 12.011 0.07011439369 -0.2035 2.753 0
8 2 0 0 4 0 0 15.999 -0.3766676361 -0.0684 1.085 0
6 2 2 0 4 0 0 12.011 0.07011439547 -0.2035 2.753 0
6 2 2 0 4 0 0 12.011 0.07011439547 -0.2035 2.753 0
8 2 0 0 4 0 0 15.999 -0.3766676361 -0.0684 1.085 0
6 2 2 0 4 0 0 12.011 0.07011439547 -0.2035 2.753 0
6 2 2 0 4 0 0 12.011 0.07011439547 -0.2035 2.753 0
8 2 0 0 4 0 0 15.999 -0.3766676361 -0.0684 1.085 0
6 2 2 0 4 0 0 12.011 0.07011439547 -0.2035 2.753 0
6 2 2 0 4 0 0 12.011 0.07011439547 -0.2035 2.753 0
8 2 0 0 4 0 0 15.999 -0.3766676361 -0.0684 1.085 0
6 2 2 0 4 0 0 12.011 0.07011439547 -0.2035 2.753 0
6 2 2 0 4 0 0 12.011 0.07011439547 -0.2035 2.753 0
8 2 0 0 4 0 0 15.999 -0.3766676361 -0.0684 1.085 0
6 2 2 0 4 0 0 12.011 0.07011439547 -0.2035 2.753 0
6 2 2 0 4 0 0 12.011 0.07011439547 -0.2035 2.753 0
8 2 0 0 4 0 0 15.999 -0.3766676361 -0.0684 1.085 0
6 2 2 0 4 0 0 12.011 0.07011439547 -0.2035 2.753 0
6 2 2 0 4 0 0 12.011 0.07011439547 -0.2035 2.753 0
8 2 0 0 4 0 0 15.999 -0.3766676361 -0.0684 1.085 0
6 2 2 0 4 0 0 12.011 0.07011439547 -0.2035 2.753 0
6 2 2 0 4 0 0 12.011 0.07011439547 -0.2035 2.753 0
8 2 0 0 4 0 0 15.999 -0.3766676361 -0.0684 1.085 0
6 2 2 0 4 0 0 12.011 0.07011439547 -0.2035 2.753 0
6 2 2 0 4 0 0 12.011 0.07011439547 -0.2035 2.753 0
8 2 0 0 4 0 0 15.999 -0.3766676361 -0.0684 1.085 0
6 2 2 0 4 0 0 12.011 0.07011439547 -0.2035 2.753 0
6 2 2 0 4 0 0 12.011 0.07011439547 -0.2035 2.753 0
8 2 0 0 4 0 0 15.999 -0.3766676361 -0.0684 1.085 0
6 2 2 0 4 0 0 12.011 0.07011439547 -0.2035 2.753 0
6 2 2 0 4 0 0 12.011 0.07011439547 -0.2035 2.753 0
8 2 0 0 4 0 0 15.999 -0.3766676361 -0.0684 1.085 0
6 2 2 0 4 0 0 12.011 0.07011439547 -0.2035 2.753 0
6 2 2 0 4 0 0 12.011 0.07011439547 -0.2035 2.753 0
8 2 0 0 4 0 0 15.999 -0.3766676361 -0.0684 1.085 0
6 2 2 0 4 0 0 12.011 0.07011439547 -0.2035 2.753 0
6 2 2 0 4 0 0 12.011 0.07011439547 -0.2035 2.753 0
8 2 0 0 4 0 0 15.999 -0.3766676361 -0.0684 1.085 0
6 2 2 0 4 0 0 12.011 0.07011439547 -0.2035 2.753 0
6 2 2 0 4 0 0 12.011 0.07011439547 -0.2035 2.753 0
8 2 0 0 4 0 0 15.999 -0.3766676361 -0.0684 1.085 0
6 2 2 0 4 0 0 12.011 0.07011439547 -0.2035 2.753 0
6 2 2 0 4 0 0 12.011 0.07011439547 -0.2035 2.753 0
8 2 0 0 4 0 0 15.999 -0.3766676361 -0.0684 1.085 0
6 2 2 0 4 0 0 12.011 0.07011439547 -0.2035 2.753 0
6 2 2 0 4 0 0 12.011 0.07011439547 -0.2035 2.753 0
8 2 0 0 4 0 0 15.999 -0.3766676361 -0.0684 1.085 0
6 2 2 0 4 0 0 12.011 0.07011439547 -0.2035 2.753 0
6 2 2 0 4 0 0 12.011 0.07011439547 -0.2035 2.753 0
8 2 0 0 4 0 0 15.999 -0.3766676361 -0.0684 1.085 0
6 2 2 0 4 0 0 12.011 0.07011439547 -0.2035 2.753 0
6 2 2 0 4 0 0 12.011 0.07011439547 -0.2035 2.753 0
8 2 0 0 4 0 0 15.999 -0.3766676361 -0.0684 1.085 0
6 2 2 0 4 0 0 12.011 0.07011439547 -0.2035 2.753 0
6 2 2 0 4 0 0 12.011 0.07011439547 -0.2035 2.753 0
8 2 0 0 4 0 0 15.999 -0.3766676361 -0.0684 1.085 0
6 2 2 0 4 0 0 12.011 0.07011439547 -0.2035 2.753 0
6 2 2 0 4 0 0 12.011 0.07011439547 -0.2035 2.753 0
8 2 0 0 4 0 0 15.999 -0.3766676361 -0.0684 1.085 0
6 2 2 0 4 0 0 12.011 0.07011439547 -0.2035 2.753 0
6 2 2 0 4 0 0 12.011 0.07011439547 -0.2035 2.753 0
8 2 0 0 4 0 0 15.999 -0.3766676361 -0.0684 1.085 0
6 2 2 0 4 0 0 12.011 0.07011439547 -0.2035 2.753 0
6 2 2 0 4 0 0 12.011 0.07011439547 -0.2035 2.753 0
8 2 0 0 4 0 0 15.999 -0.3766676361 -0.0684 1.085 0
6 2 2 0 4 0 0 12.011 0.07011439547 -0.2035 2.753 0
6 2 2 0 4 0 0 12.011 0.07011439547 -0.2035 2.753 0
8 2 0 0 4 0 0 15.999 -0.3766676361 -0.0684 1.085 0
6 2 2 0 4 0 0 12.011 0.07011439547 -0.2035 2.753 0
6 2 2 0 4 0 0 12.011 0.07011439547 -0.2035 2.753 0
8 2 0 0 4 0 0 15.999 -0.3766676361 -0.0684 1.085 0
6 2 2 0 4 0 0 12.011 0.07011439547 -0.2035 2.753 0
6 2 2 0 4 0 0 12.011 0.07011439547 -0.2035 2.753 0
8 2 0 0 4 0 0 15.999 -0.3766676361 -0.0684 1.085 0
6 2 2 0 4 0 0 12.011 0.07011439547 -0.2035 2.753 0
6 2 2 0 4 0 0 12.011 0.07011439547 -0.2035 2.753 0
8 2 0 0 4 0 0 15.999 -0.3766676361 -0.0684 1.085 0
6 2 2 0 4 0 0 12.011 0.07011439547 -0.2035 2.753 0
6 2 2 0 4 0 0 12.011 0.07011439547 -0.2035 2.753 0
8 2 0 0 4 0 0 15.999 -0.3766676361 -0.0684 1.085 0
6 2 2 0 4 0 0 12.011 0.07011439547 -0.2035 2.753 0
6 2 2 0 4 0 0 12.011 0.07011439547 -0.2035 2.753 0
8 2 0 0 4 0 0 15.999 -0.3766676361 -0.0684 1.085 0
6 2 2 0 4 0 0 12.011 0.07011439547 -0.2035 2.753 0
6 2 2 0 4 0 0 12.011 0.07011439547 -0.2035 2.753 0
8 2 0 0 4 0 0 15.999 -0.3766676361 -0.0684 1.085 0
6 2 2 0 4 0 0 12.011 0.07011439547 -0.2035 2.753 0
6 2 2 0 4 0 0 12.011 0.07011439547 -0.2035 2.753 0
8 2 0 0 4 0 0 15.999 -0.3766676361 -0.0684 1.085 0
6 2 2 0 4 0 0 12.011 0.07011439547 -0.2035 2.753 0
6 2 2 0 4 0 0 12.011 0.07011439547 -0.2035 2.753 0
8 2 0 0 4 0 0 15.999 -0.3766676361 -0.0684 1.085 0
6 2 2 0 4 0 0 12.011 0.07011439547 -0.2035 2.753 0
6 2 2 0 4 0 0 12.011 0.07011439547 -0.2035 2.753 0
8 2 0 0 4 0 0 15.999 -0.3766676361 -0.0684 1.085 0
6 2 2 0 4 0 0 12.011 0.07011439547 -0.2035 2.753 0
6 2 2 0 4 0 0 12.011 0.07011439547 -0.2035 2.753 0
8 2 0 0 4 0 0 15.999 -0.3766676361 -0.0684 1.085 0
6 2 2 0 4 0 0 12.011 0.07011439547 -0.2035 2.753 0
6 2 2 0 4 0 0 12.011 0.07011439547 -0.2035 2.753 0
8 2 0 0 4 0 0 15.999 -0.3766676361 -0.0684 1.085 0
6 2 2 0 4 0 0 12.011 0.07011439547 -0.2035 2.753 0
6 2 2 0 4 0 0 12.011 0.07011439547 -0.2035 2.753 0
8 2 0 0 4 0 0 15.999 -0.3766676361 -0.0684 1.085 0
6 2 2 0 4 0 0 12.011 0.07011439547 -0.2035 2.753 0
6 2 2 0 4 0 0 12.011 0.07011439547 -0.2035 2.753 0
8 2 0 0 4 0 0 15.999 -0.3766676361 -0.0684 1.085 0
6 2 2 0 4 0 0 12.011 0.07011439547 -0.2035 2.753 0
6 2 2 0 4 0 0 12.011 0.07011439547 -0.2035 2.753 0
8 2 0 0 4 0 0 15.999 -0.3766676361 -0.0684 1.085 0
6 2 2 0 4 0 0 12.011 0.07011439547 -0.2035 2.753 0
6 2 2 0 4 0 0 12.011 0.07011439547 -0.2035 2.753 0
8 2 0 0 4 0 0 15.999 -0.3766676361 -0.0684 1.085 0
6 2 2 0 4 0 0 12.011 0.07011439547 -0.2035 2.753 0
6 2 2 0 4 0 0 12.011 0.07011439547 -0.2035 2.753 0
8 2 0 0 4 0 0 15.999 -0.3766676361 -0.0684 1.085 0
6 2 2 0 4 0 0 12.011 0.07011439547 -0.2035 2.753 0
6 2 2 0 4 0 0 12.011 0.07011439547 -0.2035 2.753 0
8 2 0 0 4 0 0 15.999 -0.3766676361 -0.0684 1.085 0
6 2 2 0 4 0 0 12.011 0.07011439547 -0.2035 2.753 0
6 2 2 0 4 0 0 12.011 0.07011439547 -0.2035 2.753 0
8 2 0 0 4 0 0 15.999 -0.3766676361 -0.0684 1.085 0
6 2 2 0 4 0 0 12.011 0.07011439547 -0.2035 2.753 0
6 2 2 0 4 0 0 12.011 0.07011439547 -0.2035 2.753 0
8 2 0 0 4 0 0 15.999 -0.3766676361 -0.0684 1.085 0
6 2 2 0 4 0 0 12.011 0.07011439547 -0.2035 2.753 0
6 2 2 0 4 0 0 12.011 0.07011439547 -0.2035 2.753 0
8 2 0 0 4 0 0 15.999 -0.3766676361 -0.0684 1.085 0
6 2 2 0 4 0 0 12.011 0.07011439547 -0.2035 2.753 0
6 2 2 0 4 0 0 12.011 0.07011439547 -0.2035 2.753 0
8 2 0 0 4 0 0 15.999 -0.3766676361 -0.0684 1.085 0
6 2 2 0 4 0 0 12.011 0.07011439547 -0.2035 2.753 0
6 2 2 0 4 0 0 12.011 0.07011439547 -0.2035 2.753 0
8 2 0 0 4 0 0 15.999 -0.3766676361 -0.0684 1.085 0
6 2 2 0 4 0 0 12.011 0.07011439547 -0.2035 2.753 0
6 2 2 0 4 0 0 12.011 0.07011439547 -0.2035 2.753 0
8 2 0 0 4 0 0 15.999 -0.3766676361 -0.0684 1.085 0
6 2 2 0 4 0 0 12.011 0.07011439547 -0.2035 2.753 0
6 2 2 0 4 0 0 12.011 0.07011439547 -0.2035 2.753 0
8 2 0 0 4 0 0 15.999 -0.3766676361 -0.0684 1.085 0
6 2 2 0 4 0 0 12.011 0.07011439547 -0.2035 2.753 0
6 2 2 0 4 0 0 12.011 0.07011439547 -0.2035 2.753 0
8 2 0 0 4 0 0 15.999 -0.3766676361 -0.0684 1.085 0
6 2 2 0 4 0 0 12.011 0.07011439547 -0.2035 2.753 0
6 2 2 0 4 0 0 12.011 0.07011439547 -0.2035 2.753 0
8 2 0 0 4 0 0 15.999 -0.3766676361 -0.0684 1.085 0
6 2 2 0 4 0 0 12.011 0.07011439547 -0.2035 2.753 0
6 2 2 0 4 0 0 12.011 0.07011439547 -0.2035 2.753 0
8 2 0 0 4 0 0 15.999 -0.3766676361 -0.0684 1.085 0
6 2 2 0 4 0 0 12.011 0.07011439547 -0.2035 2.753 0
6 2 2 0 4 0 0 12.011 0.07011439547 -0.2035 2.753 0
8 2 0 0 4 0 0 15.999 -0.3766676361 -0.0684 1.085 0
6 2 2 0 4 0 0 12.011 0.07011439547 -0.2035 2.753 0
6 2 2 0 4 0 0 12.011 0.07011439547 -0.2035 2.753 0
8 2 0 0 4 0 0 15.999 -0.3766676361 -0.0684 1.085 0
6 2 2 0 4 0 0 12.011 0.07011439547 -0.2035 2.753 0
6 2 2 0 4 0 0 12.011 0.07011439547 -0.2035 2.753 0
8 2 0 0 4 0 0 15.999 -0.3766676361 -0.0684 1.085 0
6 2 2 0 4 0 0 12.011 0.07011439547 -0.2035 2.753 0
6 2 2 0 4 0 0 12.011 0.07011439547 -0.2035 2.753 0
8 2 0 0 4 0 0 15.999 -0.3766676361 -0.0684 1.085 0
6 2 2 0 4 0 0 12.011 0.07011439547 -0.2035 2.753 0
6 2 2 0 4 0 0 12.011 0.07011439547 -0.2035 2.753 0
8 2 0 0 4 0 0 15.999 -0.3766676361 -0.0684 1.085 0
6 2 2 0 4 0 0 12.011 0.07011439547 -0.2035 2.753 0
6 2 2 0 4 0 0 12.011 0.07011439547 -0.2035 2.753 0
8 2 0 0 4 0 0 15.999 -0.3766676361 -0.0684 1.085 0
6 2 2 0 4 0 0 12.011 0.07011439547 -0.2035 2.753 0
6 2 2 0 4 0 0 12.011 0.07011439547 -0.2035 2.753 0
8 2 0 0 4 0 0 15.999 -0.3766676361 -0.0684 1.085 0
6 2 2 0 4 0 0 12.011 0.07011439545 -0.2035 2.753 0
6 2 2 0 4 0 0 12.011 0.0701143925 -0.2035 2.753 0
8 2 0 0 4 0 0 15.999 -0.3766679277 -0.0684 1.085 0
6 2 2 0 4 0 0 12.011 0.07009723773 -0.2035 2.753 0
6 2 2 0 4 0 0 12.011 0.0696191257 -0.2035 2.753 0
8 2 0 0 4 0 0 15.999 -0.3822977262 -0.0684 1.085 0
6 1 3 0 4 0 0 12.011 0.0355748225 -0.2035 2.753 0
0 1 1 0 0 0
1 2 1 0 0 0
2 3 1 0 0 0
3 4 1 0 0 0
4 5 1 0 0 0
5 6 1 0 0 0
6 7 1 0 0 0
7 8 1 0 0 0
8 9 1 0 0 0
9 10 1 0 0 0
10 11 1 0 0 0
11 12 1 0 0 0
12 13 1 0 0 0
13 14 1 0 0 0
14 15 1 0 0 0
15 16 1 0 0 0
16 17 1 0 0 0
17 18 1 0 0 0
18 19 1 0 0 0
19 20 1 0 0 0
20 21 1 0 0 0
21 22 1 0 0 0
22 23 1 0 0 0
23 24 1 0 0 0
24 25 1 0 0 0
25 26 1 0 0 0
26 27 1 0 0 0
27 28 1 0 0 0
28 29 1 0 0 0
29 30 1 0 0 0
30 31 1 0 0 0
31 32 1 0 0 0
32 33 1 0 0 0
33 34 1 0 0 0
34 35 1 0 0 0
35 36 1 0 0 0
36 37 1 0 0 0
37 38 1 0 0 0
38 39 1 0 0 0
39 40 1 0 0 0
40 41 1 0 0 0
41 42 1 0 0 0
42 43 1 0 0 0
43 44 1 0 0 0
44 45 1 0 0 0
45 46 1 0 0 0
46 47 1 0 0 0
47 48 1 0 0 0
48 49 1 0 0 0
49 50 1 0 0 0
50 51 1 0 0 0
51 52 1 0 0 0
52 53 1 0 0 0
53 54 1 0 0 0
54 55 1 0 0 0
55 56 1 0 0 0
56 57 1 0 0 0
57 58 1 0 0 0
58 59 1 0 0 0
59 60 1 0 0 0
60 61 1 0 0 0
61 62 1 0 0 0
62 63 1 0 0 0
63 64 1 0 0 0
64 65 1 0 0 0
65 66 1 0 0 0
66 67 1 0 0 0
67 68 1 0 0 0
68 69 1 0 0 0
69 70 1 0 0 0
70 71 1 0 0 0
71 72 1 0 0 0
72 73 1 0 0 0
73 74 1 0 0 0
74 75 1 0 0 0
75 76 1 0 0 0
76 77 1 0 0 0
77 78 1 0 0 0
78 79 1 0 0 0
79 80 1 0 0 0
80 81 1 0 0 0
81 82 1 0 0 0
82 83 1 0 0 0
83 84 1 0 0 0
84 85 1 0 0 0
85 86 1 0 0 0
86 87 1 0 0 0
87 88 1 0 0 0
88 89 1 0 0 0
89 90 1 0 0 0
90 91 1 0 0 0
91 92 1 0 0 0
92 93 1 0 0 0
93 94 1 0 0 0
94 95 1 0 0 0
95 96 1 0 0 0
96 97 1 0 0 0
97 98 1 0 0 0
98 99 1 0 0 0
99 100 1 0 0 0
100 101 1 0 0 0
101 102 1 0 0 0
102 103 1 0 0 0
103 104 1 0 0 0
104 105 1 0 0 0
105 106 1 0 0 0
106 107 1 0 0 0
107 108 1 0 0 0
108 109 1 0 0 0
109 110 1 0 0 0
110 111 1 0 0 0
111 112 1 0 0 0
112 113 1 0 0 0
113 114 1 0 0 0
114 115 1 0 0 0
115 116 1 0 0 0
116 117 1 0 0 0
117 118 1 0 0 0
118 119 1 0 0 0
119 120 1 0 0 0
120 121 1 0 0 0
121 122 1 0 0 0
122 123 1 0 0 0
123 124 1 0 0 0
124 125 1 0 0 0
125 126 1 0 0 0
126 127 1 0 0 0
127 128 1 0 0 0
128 129 1 0 0 0
129 130 1 0 0 0
130 131 1 0 0 0
131 132 1 0 0 0
132 133 1 0 0 0
133 134 1 0 0 0
134 135 1 0 0 0
135 136 1 0 0 0
136 137 1 0 0 0
137 138 1 0 0 0
138 139 1 0 0 0
139 140 1 0 0 0
140 141 1 0 0 0
141 142 1 0 0 0
142 143 1 0 0 0
143 144 1 0 0 0
144 145 1 0 0 0
145 146 1 0 0 0
146 147 1 0 0 0
147 148 1 0 0 0
148 149 1 0 0 0
149 150 1 0 0 0
150 151 1 0 0 0
151 152 1 0 0 0
152 153 1 0 0 0
153 154 1 0 0 0
154 155 1 0 0 0
155 156 1 0 0 0
156 157 1 0 0 0
157 158 1 0 0 0
158 159 1 0 0 0
159 160 1 0 0 0
160 161 1 0 0 0
161 162 1 0 0 0
162 163 1 0 0 0
163 164 1 0 0 0
164 165 1 0 0 0
165 166 1 0 0 0
166 167 1 0 0 0
167 168 1 0 0 0
168 169 1 0 0 0
169 170 1 0 0 0
170 171 1 0 0 0
171 172 1 0 0 0
172 173 1 0 0 0
173 174 1 0 0 0
174 175 1 0 0 0
175 176 1 0 0 0
176 177 1 0 0 0
177 178 1 0 0 0
178 179 1 0 0 0
179 180 1 0 0 0
180 181 1 0 0 0
362 361 1
8 1 1 0 4 0 0 15.999 -0.3939803249 -0.2893 0.8238 0
6 2 2 0 4 0 0 12.011 0.06650314573 -0.2035 2.753 0
6 2 2 0 4 0 0 12.011 0.06983792634 -0.2035 2.753 0
8 2 0 0 4 0 0 15.999 -0.3766778536 -0.0684 1.085 0
6 2 2 0 4 0 0 12.011 0.07011417814 -0.2035 2.753 0
6 2 2 0 4 0 0 12.011 0.07011439369 -0.2035 2.753 0
8 2 0 0 4 0 0 15.999 -0.3766676361 -0.0684 1.085 0
6 2 2 0 4 0 0 12.011 0.07011439547 -0.2035 2.753 0
6 2 2 0 4 0 0 12.011 0.07011439547 -0.2035 2.753 0
8 2 0 0 4 0 0 15.999 -0.3766676361 -0.0684 1.085 0
6 2 2 0 4 0 0 12.011 0.07011439547 -0.2035 2.753 0
6 2 2 0 4 0 0 12.011 0.07011439547 -0.2035 2.753 0
8 2 0 0 4 0 0 15.999 -0.3766676361 -0.0684 1.085 0
6 2 2 0 4 0 0 12.011 0.07011439547 -0.2035 2.753 0
6 2 2 0 4 0 0 12.011 0.07011439547 -0.2035 2.753 0
8 2 0 0 4 0 0 15.999 -0.3766676361 -0.0684 1.085 0
6 2 2 0 4 0 0 12.011 0.07011439547 -0.2035 2.753 0
6 2 2 0 4 0 0 12.011 0.07011439547 -0.2035 2.753 0
8 2 0 0 4 0 0 15.999 -0.3766676361 -0.0684 1.085 0
6 2 2 0 4 0 0 12.011 0.07011439547 -0.2035 2.753 0
6 2 2 0 4 0 0 12.011 0.07011439547 -0.2035 2.753 0
8 2 0 0 4 0 0 15.999 -0.3766676361 -0.0684 1.085 0
6 2 2 0 4 0 0 12.011 0.07011439547 -0.2035 2.753 0
6 2 2 0 4 0 0 12.011 0.07011439547 -0.2035 2.753 0
8 2 0 0 4 0 0 15.999 -0.3766676361 -0.0684 1.085 0
6 2 2 0 4 0 0 12.011 0.07011439547 -0.2035 2.753 0
6 2 2 0 4 0 0 12.011 0.07011439547 -0.2035 2.753 0
8 2 0 0 4 0 0 15.999 -0.3766676361 -0.0684 1.085 0
6 2 2 0 4 0 0 12.011 0.07011439547 -0.2035 2.753 0
6 2 2 0 4 0 0 12.011 0.07011439547 -0.2035 2.753 0
8 2 0 0 4 0 0 15.999 -0.3766676361 -0.0684 1.085 0
6 2 2 0 4 0 0 12.011 0.07011439547 -0.2035 2.753 0
6 2 2 0 4 0 0 12.011 0.07011439547 -0.2035 2.753 0
8 2 0 0 4 0 0 15.999 -0.3766676361 -0.0684 1.085 0
6 2 2 0 4 0 0 12.011 0.07011439547 -0.2035 2.753 0
6 2 2 0 4 0 0 12.011 0.07011439547 -0.2035 2.753 0
8 2 0 0 4 0 0 15.999 -0.3766676361 -0.0684 1.085 0
6 2 2 0 4 0 0 12.011 0.07011439547 -0.2035 2.753 0
6 2 2 0 4 0 0 12.011 0.07011439547 -0.2035 2.753 0
8 2 0 0 4 0 0 15.999 -0.3766676361 -0.0684 1.085 0
6 2 2 0 4 0 0 12.011 0.07011439547 -0.2035 2.753 0
6 2 2 0 4 0 0 12.011 0.07011439547 -0.2035 2.753 0
8 2 0 0 4 0 0 15.999 -0.3766676361 -0.0684 1.085 0
6 2 2 0 4 0 0 12.011 0.07011439547 -0.2035 2.753 0
6 2 2 0 4 0 0 12.011 0.07011439547 -0.2035 2.753 0
8 2 0 0 4 0 0 15.999 -0.3766676361 -0.0684 1.085 0
6 2 2 0 4 0 0 12.011 0.07011439547 -0.2035 2.753 0
6 2 2 0 4 0 0 12.011 0.07011439547 -0.2035 2.753 0
8 2 0 0 4 0 0 15.999 -0.3766676361 -0.0684 1.085 0
6 2 2 0 4 0 0 12.011 0.07011439547 -0.2035 2.753 0
6 2 2 0 4 0 0 12.011 0.07011439547 -0.2035 2.753 0
8 2 0 0 4 0 0 15.999 -0.3766676361 -0.0684 1.085 0
6 2 2 0 4 0 0 12.011 0.07011439547 -0.2035 2.753 0
6 2 2 0 4 0 0 12.011 0.07011439547 -0.2035 2.753 0
8 2 0 0 4 0 0 15.999 -0.3766676361 -0.0684 1.085 0
6 2 2 0 4 0 0 12.011 0.07011439547 -0.2035 2.753 0
6 2 2 0 4 0 0 12.011 0.07011439547 -0.2035 2.753 0
8 2 0 0 4 0 0 15.999 -0.3766676361 -0.0684 1.085 0
6 2 2 0 4 0 0 12.011 0.07011439547 -0.2035 2.753 0
6 2 2 0 4 0 0 12.011 0.07011439547 -0.2035 2.753 0
8 2 0 0 4 0 0 15.999 -0.3766676361 -0.0684 1.085 0
6 2 2 0 4 0 0 12.011 0.07011439547 -0.2035 2.753 0
6 2 2 0 4 0 0 12.011 0.07011439547 -0.2035 2.753 0
8 2 0 0 4 0 0 15.999 -0.3766676361 -0.0684 1.085 0
6 2 2 0 4 0 0 12.011 0.07011439547 -0.2035 2.753 0
6 2 2 0 4 0 0 12.011 0.07011439547 -0.2035 2.753 0
8 2 0 0 4 0 0 15.999 -0.3766676361 -0.0684 1.085 0
6 2 2 0 4 0 0 12.011 0.07011439547 -0.2035 2.753 0
6 2 2 0 4 0 0 12.011 0.07011439547 -0.2035 2.753 0
8 2 0 0 4 0 0 15.999 -0.3766676361 -0.0684 1.085 0
6 2 2 0 4 0 0 12.011 0.07011439547 -0.2035 2.753 0
6 2 2 0 4 0 0 12.011 0.07011439547 -0.2035 2.753 0
8 2 0 0 4 0 0 15.999 -0.3766676361 -0.0684 1.085 0
6 2 2 0 4 0 0 12.011 0.07011439547 -0.2035 2.753 0
6 2 2 0 4 0 0 12.011 0.07011439547 -0.2035 2.753 0
8 2 0 0 4 0 0 15.999 -0.3766676361 -0.0684 1.085 0
6 2 2 0 4 0 0 12.011 0.07011439547 -0.2035 2.753 0
6 2 2 0 4 0 0 12.011 0.07011439547 -0.2035 2.753 0
8 2 0 0 4 0 0 15.999 -0.3766676361 -0.0684 1.085 0
6 2 2 0 4 0 0 12.011 0.07011439547 -0.2035 2.753 0
6 2 2 0 4 0 0 12.011 0.07011439547 -0.2035 2.753 0
8 2 0 0 4 0 0 15.999 -0.3766676361 -0.0684 1.085 0
6 2 2 0 4 0 0 12.011 0.07011439547 -0.2035 2.753 0
6 2 2 0 4 0 0 12.011 0.07011439547 -0.2035 2.753 0
8 2 0 0 4 0 0 15.999 -0.3766676361 -0.0684 1.085 0
6 2 2 0 4 0 0 12.011 0.07011439547 -0.2035 2.753 0
6 2 2 0 4 0 0 12.011 0.07011439547 -0.2035 2.753 0
8 2 0 0 4 0 0 15.999 -0.3766676361 -0.0684 1.085 0
6 2 2 0 4 0 0 12.011 0.07011439547 -0.2035 2.753 0
6 2 2 0 4 0 0 12.011 0.07011439547 -0.2035 2.753 0
8 2 0 0 4 0 0 15.999 -0.3766676361 -0.0684 1.085 0
6 2 2 0 4 0 0 12.011 0.07011439547 -0.2035 2.753 0
6 2 2 0 4 0 0 12.011 0.07011439547 -0.2035 2.753 0
8 2 0 0 4 0 0 15.999 -0.3766676361 -0.0684 1.085 0
6 2 2 0 4 0 0 12.011 0.07011439547 -0.2035 2.753 0
6 2 2 0 4 0 0 12.011 0.07011439547 -0.2035 2.753 0
8 2 0 0 4 0 0 15.999 -0.3766676361 -0.0684 1.085 0
6 2 2 0 4 0 0 12.011 0.07011439547 -0.2035 2.753 0
6 2 2 0 4 0 0 12.011 0.07011439547 -0.2035 2.753 0
8 2 0 0 4 0 0 15.999 -0.3766676361 -0.0684 1.085 0
6 2 2 0 4 0 0 12.011 0.07011439547 -0.2035 2.753 0
6 2 2 0 4 0 0 12.011 0.07011439547 -0.2035 2.753 0
8 2 0 0 4 0 0 15.999 -0.3766676361 -0.0684 1.085 0
6 2 2 0 4 0 0 12.011 0.07011439547 -0.2035 2.753 0
6 2 2 0 4 0 0 12.011 0.07011439547 -0.2035 2.753 0
8 2 0 0 4 0 0 15.999 -0.3766676361 -0.0684 1.085 0
6 2 2 0 4 0 0 12.011 0.07011439547 -0.2035 2.753 0
6 2 2 0 4 0 0 12.011 0.07011439547 -0.2035 2.753 0
8 2 0 0 4 0 0 15.999 -0.3766676361 -0.0684 1.085 0
6 2 2 0 4 0 0 12.011 0.07011439547 -0.2035 2.753 0
6 2 2 0 4 0 0 12.011 0.07011439547 -0.2035 2.753 0
8 2 0 0 4 0 0 15.999 -0.3766676361 -0.0684 1.085 0
6 2 2 0 4 0 0 12.011 0.07011439547 -0.2035 2.753 0
6 2 2 0 4 0 0 12.011 0.07011439547 -0.2035 2.753 0
8 2 0 0 4 0 0 15.999 -0.3766676361 -0.0684 1.085 0
6 2 2 0 4 0 0 12.011 0.07011439547 -0.2035 2.753 0
6 2 2 0 4 0 0 12.011 0.07011439547 -0.2035 2.753 0
8 2 0 0 4 0 0 15.999 -0.3766676361 -0.0684 1.085 0
6 2 2 0 4 0 0 12.011 0.07011439547 -0.2035 2.753 0
6 2 2 0 4 0 0 12.011 0.07011439547 -0.2035 2.753 0
8 2 0 0 4 0 0 15.999 -0.3766676361 -0.0684 1.085 0
6 2 2 0 4 0 0 12.011 0.07011439547 -0.2035 2.753 0
6 2 2 0 4 0 0 12.011 0.07011439547 -0.2035 2.753 0
8 2 0 0 4 0 0 15.999 -0.3766676361 -0.0684 1.085 0
6 2 2 0 4 0 0 12.011 0.07011439547 -0.2035 2.753 0
6 2 2 0 4 0 0 12.011 0.07011439547 -0.2035 2.753 0
8 2 0 0 4 0 0 15.999 -0.3766676361 -0.0684 1.085 0
6 2 2 0 4 0 0 12.011 0.07011439547 -0.2035 2.753 0
6 2 2 0 4 0 0 12.011 0.07011439547 -0.2035 2.753 0
8 2 0 0 4 0 0 15.999 -0.3766676361 -0.0684 1.085 0
6 2 2 0 4 0 0 12.011 0.07011439547 -0.2035 2.753 0
6 2 2 0 4 0 0 12.011 0.07011439547 -0.2035 2.753 0
8 2 0 0 4 0 0 15.999 -0.3766676361 -0.0684 1.085 0
6 2 2 0 4 0 0 12.011 0.07011439547 -0.2035 2.753 0
6 2 2 0 4 0 0 12.011 0.07011439547 -0.2035 2.753 0
8 2 0 0 4 0 0 15.999 -0.3766676361 -0.0684 1.085 0
6 2 2 0 4 0 0 12.011 0.07011439547 -0.2035 2.753 0
6 2 2 0 4 0 0 12.011 0.07011439547 -0.2035 2.753 0
8 2 0 0 4 0 0 15.999 -0.3766676361 -0.0684 1.085 0
6 2 2 0 4 0 0 12.011 0.07011439547 -0.2035 2.753 0
6 2 2 0 4 0 0 12.011 0.07011439547 -0.2035 2.753 0
8 2 0 0 4 0 0 15.999 -0.3766676361 -0.0684 1.085 0
6 2 2 0 4 0 0 12.011 0.07011439547 -0.2035 2.753 0
6 2 2 0 4 0 0 12.011 0.07011439547 -0.2035 2.753 0
8 2 0 0 4 0 0 15.999 -0.3766676361 -0.0684 1.085 0
6 2 2 0 4 0 0 12.011 0.07011439547 -0.2035 2.753 0
6 2 2 0 4 0 0 12.011 0.07011439547 -0.2035 2.753 0
8 2 0 0 4 0 0 15.999 -0.3766676361 -0.0684 1.085 0
6 2 2 0 4 0 0 12.011 0.07011439547 -0.2035 2.753 0
6 2 2 0 4 0 0 12.011 0.07011439547 -0.2035 2.753 0
8 2 0 0 4 0 0 15.999 -0.3766676361 -0.0684 1.085 0
6 2 2 0 4 0 0 12.011 0.07011439547 -0.2035 2.753 0
6 2 2 0 4 0 0 12.011 0.07011439547 -0.2035 2.753 0
8 2 0 0 4 0 0 15.999 -0.3766676361 -0.0684 1.085 0
6 2 2 0 4 0 0 12.011 0.07011439547 -0.2035 2.753 0
6 2 2 0 4 0 0 12.011 0.07011439547 -0.2035 2.753 0
8 2 0 0 4 0 0 15.999 -0.3766676361 -0.0684 1.085 0
6 2 2 0 4 0 0 12.011 0.07011439547 -0.2035 2.753 0
6 2 2 0 4 0 0 12.011 0.07011439547 -0.2035 2.753 0
8 2 0 0 4 0 0 15.999 -0.3766676361 -0.0684 1.085 0
6 2 2 0 4 0 0 12.011 0.07011439547 -0.2035 2.753 0
6 2 2 0 4 0 0 12.011 0.07011439547 -0.2035 2.753 0
8 2 0 0 4 0 0 15.999 -0.3766676361 -0.0684 1.085 0
6 2 2 0 4 0 0 12.011 0.07011439547 -0.2035 2.753 0
6 2 2 0 4 0 0 12.011 0.07011439547 -0.2035 2.753 0
8 2 0 0 4 0 0 15.999 -0.3766676361 -0.0684 1.085 0
6 2 2 0 4 0 0 12.011 0.07011439547 -0.2035 2.753 0
6 2 2 0 4 0 0 12.011 0.07011439547 -0.2035 2.753 0
8 2 0 0 4 0 0 15.999 -0.3766676361 -0.0684 1.085 0
6 2 2 0 4 0 0 12.011 0.07011439547 -0.2035 2.753 0
6 2 2 0 4 0 0 12.011 0.07011439547 -0.2035 2.753 0
8 2 0 0 4 0 0 15.999 -0.3766676361 -0.0684 1.085 0
6 2 2 0 4 0 0 12.011 0.07011439547 -0.2035 2.753 0
6 2 2 0 4 0 0 12.011 0.07011439547 -0.2035 2.753 0
8 2 0 0 4 0 0 15.999 -0.3766676361 -0.0684 1.085 0
6 2 2 0 4 0 0 12.011 0.07011439547 -0.2035 2.753 0
6 2 2 0 4 0 0 12.011 0.07011439547 -0.2035 2.753 0
8 2 0 0 4 0 0 15.999 -0.3766676361 -0.0684 1.085 0
6 2 2 0 4 0 0 12.011 0.07011439547 -0.2035 2.753 0
6 2 2 0 4 0 0 12.011 0.07011439547 -0.2035 2.753 0
8 2 0 0 4 0 0 15.999 -0.3766676361 -0.0684 1.085 0
6 2 2 0 4 0 0 12.011 0.07011439547 -0.2035 2.753 0
6 2 2 0 4 0 0 12.011 0.07011439547 -0.2035 2.753 0
8 2 0 0 4 0 0 15.999 -0.3766676361 -0.0684 1.085 0
6 2 2 0 4 0 0 12.011 0.07011439547 -0.2035 2.753 0
6 2 2 0 4 0 0 12.011 0.07011439547 -0.2035 2.753 0
8 2 0 0 4 0 0 15.999 -0.3766676361 -0.0684 1.085 0
6 2 2 0 4 0 0 12.011 0.07011439547 -0.2035 2.753 0
6 2 2 0 4 0 0 12.011 0.07011439547 -0.2035 2.753 0
8 2 0 0 4 0 0 15.999 -0.3766676361 -0.0684 1.085 0
6 2 2 0 4 0 0 12.011 0.07011439547 -0.2035 2.753 0
6 2 2 0 4 0 0 12.011 0.07011439547 -0.2035 2.753 0
8 2 0 0 4 0 0 15.999 -0.3766676361 -0.0684 1.085 0
6 2 2 0 4 0 0 12.011 0.07011439547 -0.2035 2.753 0
6 2 2 0 4 0 0 12.011 0.07011439547 -0.2035 2.753 0
8 2 0 0 4 0 0 15.999 -0.3766676361 -0.0684 1.085 0
6 2 2 0 4 0 0 12.011 0.07011439547 -0.2035 2.753 0
6 2 2 0 4 0 0 12.011 0.07011439547 -0.2035 2.753 0
8 2 0 0 4 0 0 15.999 -0.3766676361 -0.0684 1.085 0
6 2 2 0 4 0 0 12.011 0.07011439547 -0.2035 2.753 0
6 2 2 0 4 0 0 12.011 0.07011439547 -0.2035 2.753 0
8 2 0 0 4 0 0 15.999 -0.3766676361 -0.0684 1.085 0
6 2 2 0 4 0 0 12.011 0.07011439547 -0.2035 2.753 0
6 2 2 0 4 0 0 12.011 0.07011439547 -0.2035 2.753 0
8 2 0 0 4 0 0 15.999 -0.3766676361 -0.0684 1.085 0
6 2 2 0 4 0 0 12.011 0.07011439547 -0.2035 2.753 0
6 2 2 0 4 0 0 12.011 0.07011439547 -0.2035 2.753 0
8 2 0 0 4 0 0 15.999 -0.3766676361 -0.0684 1.085 0
6 2 2 0 4 0 0 12.011 0.07011439547 -0.2035 2.753 0
6 2 2 0 4 0 0 12.011 0.07011439547 -0.2035 2.753 0
8 2 0 0 4 0 0 15.999 -0.3766676361 -0.0684 1.085 0
6 2 2 0 4 0 0 12.011 0.07011439547 -0.2035 2.753 0
6 2 2 0 4 0 0 12.011 0.07011439547 -0.2035 2.753 0
8 2 0 0 4 0 0 15.999 -0.3766676361 -0.0684 1.085 0
6 2 2 0 4 0 0 12.011 0.07011439547 -0.2035 2.753 0
6 2 2 0 4 0 0 12.011 0.07011439547 -0.2035 2.753 0
8 2 0 0 4 0 0 15.999 -0.3766676361 -0.0684 1.085 0
6 2 2 0 4 0 0 12.011 0.07011439547 -0.2035 2.753 0
6 2 2 0 4 0 0 12.011 0.07011439547 -0.2035 2.753 0
8 2 0 0 4 0 0 15.999 -0.3766676361 -0.0684 1.085 0
6 2 2 0 4 0 0 12.011 0.07011439547 -0.2035 2.753 0
6 2 2 0 4 0 0 12.011 0.07011439547 -0.2035 2.753 0
8 2 0 0 4 0 0 15.999 -0.3766676361 -0.0684 1.085 0
6 2 2 0 4 0 0 12.011 0.07011439547 -0.2035 2.753 0
6 2 2 0 4 0 0 12.011 0.07011439547 -0.2035 2.753 0
8 2 0 0 4 0 0 15.999 -0.3766676361 -0.0684 1.085 0
6 2 2 0 4 0 0 12.011 0.07011439547 -0.2035 2.753 0
6 2 2 0 4 0 0 12.011 0.07011439547 -0.2035 2.753 0
8 2 0 0 4 0 0 15.999 -0.3766676361 -0.0684 1.085 0
6 2 2 0 4 0 0 12.011 0.07011439547 -0.2035 2.753 0
6 2 2 0 4 0 0 12.011 0.07011439547 -0.2035 2.753 0
8 2 0 0 4 0 0 15.999 -0.3766676361 -0.0684 1.085 0
6 2 2 0 4 0 0 12.011 0.07011439547 -0.2035 2.753 0
6 2 2 0 4 0 0 12.011 0.07011439547 -0.2035 2.753 0
8 2 0 0 4 0 0 15.999 -0.3766676361 -0.0684 1.085 0
6 2 2 0 4 0 0 12.011 0.07011439547 -0.2035 2.753 0
6 2 2 0 4 0 0 12.011 0.07011439547 -0.2035 2.753 0
8 2 0 0 4 0 0 15.999 -0.3766676361 -0.0684 1.085 0
6 2 2 0 4 0 0 12.011 0.07011439547 -0.2035 2.753 0
6 2 2 0 4 0 0 12.011 0.07011439547 -0.2035 2.753 0
8 2 0 0 4 0 0 15.999 -0.3766676361 -0.0684 1.085 0
6 2 2 0 4 0 0 12.011 0.07011439547 -0.2035 2.753 0
6 2 2 0 4 0 0 12.011 0.07011439547 -0.2035 2.753 0
8 2 0 0 4 0 0 15.999 -0.3766676361 -0.0684 1.085 0
6 2 2 0 4 0 0 12.011 0.07011439547 -0.2035 2.753 0
6 2 2 0 4 0 0 12.011 0.07011439547 -0.2035 2.753 0
8 2 0 0 4 0 0 15.999 -0.3766676361 -0.0684 1.085 0
6 2 2 0 4 0 0 12.011 0.07011439547 -0.2035 2.753 0
6 2 2 0 4 0 0 12.011 0.07011439547 -0.2035 2.753 0
8 2 0 0 4 0 0 15.999 -0.3766676361 -0.0684 1.085 0
6 2 2 0 4 0 0 12.011 0.07011439547 -0.2035 2.753 0
6 2 2 0 4 0 0 12.011 0.07011439547 -0.2035 2.753 0
8 2 0 0 4 0 0 15.999 -0.3766676361 -0.0684 1.085 0
6 2 2 0 4 0 0 12.011 0.07011439547 -0.2035 2.753 0
6 2 2 0 4 0 0 12.011 0.07011439547 -0.2035 2.753 0
8 2 0 0 4 0 0 15.999 -0.3766676361 -0.0684 1.085 0
6 2 2 0 4 0 0 12.011 0.07011439547 -0.2035 2.753 0
6 2 2 0 4 0 0 12.011 0.07011439547 -0.2035 2.753 0
8 2 0 0 4 0 0 15.999 -0.3766676361 -0.0684 1.085 0
6 2 2 0 4 0 0 12.011 0.07011439547 -0.2035 2.753 0
6 2 2 0 4 0 0 12.011 0.07011439547 -0.2035 2.753 0
8 2 0 0 4 0 0 15.999 -0.3766676361 -0.0684 1.085 0
6 2 2 0 4 0 0 12.011 0.07011439547 -0.2035 2.753 0
6 2 2 0 4 0 0 12.011 0.07011439547 -0.2035 2.753 0
8 2 0 0 4 0 0 15.999 -0.3766676361 -0.0684 1.085 0
6 2 2 0 4 0 0 12.011 0.07011439547 -0.2035 2.753 0
6 2 2 0 4 0 0 12.011 0.07011439547 -0.2035 2.753 0
8 2 0 0 4 0 0 15.999 -0.3766676361 -0.0684 1.085 0
6 2 2 0 4 0 0 12.011 0.07011439547 -0.2035 2.753 0
6 2 2 0 4 0 0 12.011 0.07011439547 -0.2035 2.753 0
8 2 0 0 4 0 0 15.999 -0.3766676361 -0.0684 1.085 0
6 2 2 0 4 0 0 12.011 0.07011439547 -0.2035 2.753 0
6 2 2 0 4 0 0 12.011 0.07011439547 -0.2035 2.753 0
8 2 0 0 4 0 0 15.999 -0.3766676361 -0.0684 1.085 0
6 2 2 0 4 0 0 12.011 0.07011439547 -0.2035 2.753 0
6 2 2 0 4 0 0 12.011 0.07011439547 -0.2035 2.753 0
8 2 0 0 4 0 0 15.999 -0.3766676361 -0.0684 1.085 0
6 2 2 0 4 0 0 12.011 0.07011439547 -0.2035 2.753 0
6 2 2 0 4 0 0 12.011 0.07011439547 -0.2035 2.753 0
8 2 0 0 4 0 0 15.999 -0.3766676361 -0.0684 1.085 0
6 2 2 0 4 0 0 12.011 0.07011439547 -0.2035 2.753 0
6 2 2 0 4 0 0 12.011 0.07011439547 -0.2035 2.753 0
8 2 0 0 4 0 0 15.999 -0.3766676361 -0.0684 1.085 0
6 2 2 0 4 0 0 12.011 0.07011439547 -0.2035 2.753 0
6 2 2 0 4 0 0 12.011 0.07011439547 -0.2035 2.753 0
8 2 0 0 4 0 0 15.999 -0.3766676361 -0.0684 1.085 0
6 2 2 0 4 0 0 12.011 0.07011439547 -0.2035 2.753 0
6 2 2 0 4 0 0 12.011 0.07011439547 -0.2035 2.753 0
8 2 0 0 4 0 0 15.999 -0.3766676361 -0.0684 1.085 0
6 2 2 0 4 0 0 12.011 0.07011439547 -0.2035 2.753 0
6 2 2 0 4 0 0 12.011 0.07011439547 -0.2035 2.753 0
8 2 0 0 4 0 0 15.999 -0.3766676361 -0.0684 1.085 0
6 2 2 0 4 0 0 12.011 0.07011439547 -0.2035 2.753 0
6 2 2 0 4 0 0 12.011 0.07011439547 -0.2035 2.753 0
8 2 0 0 4 0 0 15.999 -0.3766676361 -0.0684 1.085 0
6 2 2 0 4 0 0 12.011 0.07011439547 -0.2035 2.753 0
6 2 2 0 4 0 0 12.011 0.07011439547 -0.2035 2.753 0
8 2 0 0 4 0 0 15.999 -0.3766676361 -0.0684 1.085 0
6 2 2 0 4 0 0 12.011 0.07011439547 -0.2035 2.753 0
6 2 2 0 4 0 0 12.011 0.07011439547 -0.2035 2.753 0
8 2 0 0 4 0 0 15.999 -0.3766676361 -0.0684 1.085 0
6 2 2 0 4 0 0 12.011 0.07011439547 -0.2035 2.753 0
6 2 2 0 4 0 0 12.011 0.07011439547 -0.2035 2.753 0
8 2 0 0 4 0 0 15.999 -0.3766676361 -0.0684 1.085 0
6 2 2 0 4 0 0 12.011 0.07011439547 -0.2035 2.753 0
6 2 2 0 4 0 0 12.011 0.07011439547 -0.2035 2.753 0
8 2 0 0 4 0 0 15.999 -0.3766676361 -0.0684 1.085 0
6 2 2 0 4 0 0 12.011 0.07011439547 -0.2035 2.753 0
6 2 2 0 4 0 0 12.011 0.07011439547 -0.2035 2.753 0
8 2 0 0 4 0 0 15.999 -0.3766676361 -0.0684 1.085 0
6 2 2 0 4 0 0 12.011 0.07011439547 -0.2035 2.753 0
6 2 2 0 4 0 0 12.011 0.07011439547 -0.2035 2.753 0
8 2 0 0 4 0 0 15.999 -0.3766676361 -0.0684 1.085 0
6 2 2 0 4 0 0 12.011 0.07011439547 -0.2035 2.753 0
6 2 2 0 4 0 0 12.011 0.07011439547 -0.2035 2.753 0
8 2 0 0 4 0 0 15.999 -0.3766676361 -0.0684 1.085 0
6 2 2 0 4 0 0 12.011 0.07011439547 -0.2035 2.753 0
6 2 2 0 4 0 0 12.011 0.07011439547 -0.2035 2.753 0
8 2 0 0 4 0 0 15.999 -0.3766676361 -0.0684 1.085 0
6 2 2 0 4 0 0 12.011 0.07011439547 -0.2035 2.753 0
6 2 2 0 4 0 0 12.011 0.07011439547 -0.2035 2.753 0
8 2 0 0 4 0 0 15.999 -0.3766676361 -0.0684 1.085 0
6 2 2 0 4 0 0 12.011 0.07011439547 -0.2035 2.753 0
6 2 2 0 4 0 0 12.011 0.07011439547 -0.2035 2.753 0
8 2 0 0 4 0 0 15.999 -0.3766676361 -0.0684 1.085 0
6 2 2 0 4 0 0 12.011 0.07011439547 -0.2035 2.753 0
6 2 2 0 4 0 0 12.011 0.07011439547 -0.2035 2.753 0
8 2 0 0 4 0 0 15.999 -0.3766676361 -0.0684 1.085 0
6 2 2 0 4 0 0 12.011 0.07011439547 -0.2035 2.753 0
6 2 2 0 4 0 0 12.011 0.07011439547 -0.2035 2.753 0
8 2 0 0 4 0 0 15.999 -0.3766676361 -0.0684 1.085 0
6 2 2 0 4 0 0 12.011 0.07011439547 -0.2035 2.753 0
6 2 2 0 4 0 0 12.011 0.07011439547 -0.2035 2.753 0
8 2 0 0 4 0 0 15.999 -0.3766676361 -0.0684 1.085 0
6 2 2 0 4 0 0 12.011 0.07011439547 -0.2035 2.753 0
6 2 2 0 4 0 0 12.011 0.07011439547 -0.2035 2.753 0
8 2 0 0 4 0 0 15.999 -0.3766676361 -0.0684 1.085 0
6 2 2 0 4 0 0 12.011 0.07011439547 -0.2035 2.753 0
6 2 2 0 4 0 0 12.011 0.07011439547 -0.2035 2.753 0
8 2 0 0 4 0 0 15.999 -0.3766676361 -0.0684 1.085 0
6 2 2 0 4 0 0 12.011 0.07011439547 -0.2035 2.753 0
6 2 2 0 4 0 0 12.011 0.07011439547 -0.2035 2.753 0
8 2 0 0 4 0 0 15.999 -0.3766676361 -0.0684 1.085 0
6 2 2 0 4 0 0 12.011 0.07011439547 -0.2035 2.753 0
6 2 2 0 4 0 0 12.011 0.07011439547 -0.2035 2.753 0
8 2 0 0 4 0 0 15.999 -0.3766676361 -0.0684 1.085 0
6 2 2 0 4 0 0 12.011 0.07011439547 -0.2035 2.753 0
6 2 2 0 4 0 0 12.011 0.07011439547 -0.2035 2.753 0
8 2 0 0 4 0 0 15.999 -0.3766676361 -0.0684 1.085 0
6 2 2 0 4 0 0 12.011 0.07011439547 -0.2035 2.753 0
6 2 2 0 4 0 0 12.011 0.07011439547 -0.2035 2.753 0
8 2 0 0 4 0 0 15.999 -0.3766676361 -0.0684 1.085 0
6 2 2 0 4 0 0 12.011 0.07011439547 -0.2035 2.753 0
6 2 2 0 4 0 0 12.011 0.07011439547 -0.2035 2.753 0
8 2 0 0 4 0 0 15.999 -0.3766676361 -0.0684 1.085 0
6 2 2 0 4 0 0 12.011 0.07011439545 -0.2035 2.753 0
6 2 2 0 4 0 0 12.011 0.0701143925 -0.2035 2.753 0
8 2 0 0 4 0 0 15.999 -0.3766679277 -0.0684 1.085 0
6 2 2 0 4 0 0 12.011 0.07009723773 -0.2035 2.753 0
6 2 2 0 4 0 0 12.011 0.0696191257 -0.2035 2.753 0
8 2 0 0 4 0 0 15.999 -0.3822977262 -0.0684 1.085 0
6 1 3 0 4 0 0 12.011 0.0355748225 -0.2035 2.753 0
0 1 1 0 0 0
1 2 1 0 0 0
2 3 1 0 0 0
3 4 1 0 0 0
4 5 1 0 0 0
5 6 1 0 0 0
6 7 1 0 0 0
7 8 1 0 0 0
8 9 1 0 0 0
9 10 1 0 0 0
10 11 1 0 0 0
11 12 1 0 0 0
12 13 1 0 0 0
13 14 1 0 0 0
14 15 1 0 0 0
15 16 1 0 0 0
16 17 1 0 0 0
17 18 1 0 0 0
18 19 1 0 0 0
19 20 1 0 0 0
20 21 1 0 0 0
21 22 1 0 0 0
22 23 1 0 0 0
23 24 1 0 0 0
24 25 1 0 0 0
25 26 1 0 0 0
26 27 1 0 0 0
27 28 1 0 0 0
28 29 1 0 0 0
29 30 1 0 0 0
30 31 1 0 0 0
31 32 1 0 0 0
32 33 1 0 0 0
33 34 1 0 0 0
34 35 1 0 0 0
35 36 1 0 0 0
36 37 1 0 0 0
37 38 1 0 0 0
38 39 1 0 0 0
39 40 1 0 0 0
40 41 1 0 0 0
41 42 1 0 0 0
42 43 1 0 0 0
43 44 1 0 0 0
44 45 1 0 0 0
45 46 1 0 0 0
46 47 1 0 0 0
47 48 1 0 0 0
48 49 1 0 0 0
49 50 1 0 0 0
50 51 1 0 0 0
51 52 1 0 0 0
52 53 1 0 0 0
53 54 1 0 0 0
54 55 1 0 0 0
55 56 1 0 0 0
56 57 1 0 0 0
57 58 1 0 0 0
58 59 1 0 0 0
59 60 1 0 0 0
60 61 1 0 0 0
61 62 1 0 0 0
62 63 1 0 0 0
63 64 1 0 0 0
64 65 1 0 0 0
65 66 1 0 0 0
66 67 1 0 0 0
67 68 1 0 0 0
68 69 1 0 0 0
69 70 1 0 0 0
70 71 1 0 0 0
71 72 1 0 0 0
72 73 1 0 0 0
73 74 1 0 0 0
74 75 1 0 0 0
75 76 1 0 0 0
76 77 1 0 0 0
77 78 1 0 0 0
78 79 1 0 0 0
79 80 1 0 0 0
80 81 1 0 0 0
81 82 1 0 0 0
82 83 1 0 0 0
83 84 1 0 0 0
84 85 1 0 0 0
85 86 1 0 0 0
86 87 1 0 0 0
87 88 1 0 0 0
88 89 1 0 0 0
89 90 1 0 0 0
90 91 1 0 0 0
91 92 1 0 0 0
92 93 1 0 0 0
93 94 1 0 0 0
94 95 1 0 0 0
95 96 1 0 0 0
96 97 1 0 0 0
97 98 1 0 0 0
98 99 1 0 0 0
99 100 1 0 0 0
100 101 1 0 0 0
101 102 1 0 0 0
102 103 1 0 0 0
103 104 1 0 0 0
104 105 1 0 0 0
105 106 1 0 0 0
106 107 1 0 0 0
107 108 1 0 0 0
108 109 1 0 0 0
109 110 1 0 0 0
110 111 1 0 0 0
111 112 1 0 0 0
112 113 1 0 0 0
113 114 1 0 0 0
114 115 1 0 0 0
115 116 1 0 0 0
116 117 1 0 0 0
117 118 1 0 0 0
118 119 1 0 0 0
119 120 1 0 0 0
120 121 1 0 0 0
121 122 1 0 0 0
122 123 1 0 0 0
123 124 1 0 0 0
124 125 1 0 0 0
125 126 1 0 0 0
126 127 1 0 0 0
127 128 1 0 0 0
128 129 1 0 0 0
129 130 1 0 0 0
130 131 1 0 0 0
131 132 1 0 0 0
132 133 1 0 0 0
133 134 1 0 0 0
134 135 1 0 0 0
135 136 1 0 0 0
136 137 1 0 0 0
137 138 1 0 0 0
138 139 1 0 0 0
139 140 1 0 0 0
140 141 1 0 0 0
141 142 1 0 0 0
142 143 1 0 0 0
143 144 1 0 0 0
144 145 1 0 0 0
145 146 1 0 0 0
146 147 1 0 0 0
147 148 1 0 0 0
148 149 1 0 0 0
149 150 1 0 0 0
150 151 1 0 0 0
151 152 1 0 0 0
152 153 1 0 0 0
153 154 1 0 0 0
154 155 1 0 0 0
155 156 1 0 0 0
156 157 1 0 0 0
157 158 1 0 0 0
158 159 1 0 0 0
159 160 1 0 0 0
160 161 1 0 0 0
161 162 1 0 0 0
162 163 1 0 0 0
163 164 1 0 0 0
164 165 1 0 0 0
165 166 1 0 0 0
166 167 1 0 0 0
167 168 1 0 0 0
168 169 1 0 0 0
169 170 1 0 0 0
170 171 1 0 0 0
171 172 1 0 0 0
172 173 1 0 0 0
173 174 1 0 0 0
174 175 1 0 0 0
175 176 1 0 0 0
176 177 1 0 0 0
177 178 1 0 0 0
178 179 1 0 0 0
179 180 1 0 0 0
180 181 1 0 0 0
181 182 1 0 0 0
182 183 1 0 0 0
183 184 1 0 0 0
184 185 1 0 0 0
185 186 1 0 0 0
186 187 1 0 0 0
187 188 1 0 0 0
188 189 1 0 0 0
189 190 1 0 0 0
190 191 1 0 0 0
191 192 1 0 0 0
192 193 1 0 0 0
193 194 1 0 0 0
194 195 1 0 0 0
195 196 1 0 0 0
196 197 1 0 0 0
197 198 1 0 0 0
198 199 1 0 0 0
199 200 1 0 0 0
200 201 1 0 0 0
201 202 1 0 0 0
202 203 1 0 0 0
203 204 1 0 0 0
204 205 1 0 0 0
205 206 1 0 0 0
206 207 1 0 0 0
207 208 1 0 0 0
208 209 1 0 0 0
209 210 1 0 0 0
210 211 1 0 0 0
211 212 1 0 0 0
212 213 1 0 0 0
213 214 1 0 0 0
214 215 1 0 0 0
215 216 1 0 0 0
216 217 1 0 0 0
217 218 1 0 0 0
218 219 1 0 0 0
219 220 1 0 0 0
220 221 1 0 0 0
221 222 1 0 0 0
222 223 1 0 0 0
223 224 1 0 0 0
224 225 1 0 0 0
225 226 1 0 0 0
226 227 1 0 0 0
227 228 1 0 0 0
228 229 1 0 0 0
229 230 1 0 0 0
230 231 1 0 0 0
231 232 1 0 0 0
232 233 1 0 0 0
233 234 1 0 0 0
234 235 1 0 0 0
235 236 1 0 0 0
236 237 1 0 0 0
237 238 1 0 0 0
238 239 1 0 0 0
239 240 1 0 0 0
240 241 1 0 0 0
241 242 1 0 0 0
242 243 1 0 0 0
243 244 1 0 0 0
244 245 1 0 0 0
245 246 1 0 0 0
246 247 1 0 0 0
247 248 1 0 0 0
248 249 1 0 0 0
249 250 1 0 0 0
250 251 1 0 0 0
251 252 1 0 0 0
252 253 1 0 0 0
253 254 1 0 0 0
254 255 1 0 0 0
255 256 1 0 0 0
256 257 1 0 0 0
257 258 1 0 0 0
258 259 1 0 0 0
259 260 1 0 0 0
260 261 1 0 0 0
261 262 1 0 0 0
262 263 1 0 0 0
263 264 1 0 0 0
264 265 1 0 0 0
265 266 1 0 0 0
266 267 1 0 0 0
267 268 1 0 0 0
268 269 1 0 0 0
269 270 1 0 0 0
270 271 1 0 0 0
271 272 1 0 0 0
272 273 1 0 0 0
273 274 1 0 0 0
274 275 1 0 0 0
275 276 1 0 0 0
276 277 1 0 0 0
277 278 1 0 0 0
278 279 1 0 0 0
279 280 1 0 0 0
280 281 1 0 0 0
281 282 1 0 0 0
282 283 1 0 0 0
283 284 1 0 0 0
284 285 1 0 0 0
285 286 1 0 0 0
286 287 1 0 0 0
287 288 1 0 0 0
288 289 1 0 0 0
289 290 1 0 0 0
290 291 1 0 0 0
291 292 1 0 0 0
292 293 1 0 0 0
293 294 1 0 0 0
294 295 1 0 0 0
295 296 1 0 0 0
296 297 1 0 0 0
297 298 1 0 0 0
298 299 1 0 0 0
299 300 1 0 0 0
300 301 1 0 0 0
301 302 1 0 0 0
302 303 1 0 0 0
303 304 1 0 0 0
304 305 1 0 0 0
305 306 1 0 0 0
306 307 1 0 0 0
307 308 1 0 0 0
308 309 1 0 0 0
309 310 1 0 0 0
310 311 1 0 0 0
311 312 1 0 0 0
312 313 1 0 0 0
313 314 1 0 0 0
314 315 1 0 0 0
315 316 1 0 0 0
316 317 1 0 0 0
317 318 1 0 0 0
318 319 1 0 0 0
319 320 1 0 0 0
320 321 1 0 0 0
321 322 1 0 0 0
322 323 1 0 0 0
323 324 1 0 0 0
324 325 1 0 0 0
325 326 1 0 0 0
326 327 1 0 0 0
327 328 1 0 0 0
328 329 1 0 0 0
329 330 1 0 0 0
330 331 1 0 0 0
331 332 1 0 0 0
332 333 1 0 0 0
333 334 1 0 0 0
334 335 1 0 0 0
335 336 1 0 0 0
336 337 1 0 0 0
337 338 1 0 0 0
338 339 1 0 0 0
339 340 1 0 0 0
340 341 1 0 0 0
341 342 1 0 0 0
342 343 1 0 0 0
343 344 1 0 0 0
344 345 1 0 0 0
345 346 1 0 0 0
346 347 1 0 0 0
347 348 1 0 0 0
348 349 1 0 0 0
349 350 1 0 0 0
350 351 1 0 0 0
351 352 1 0 0 0
352 353 1 0 0 0
353 354 1 0 0 0
354 355 1 0 0 0
355 356 1 0 0 0
356 357 1 0 0 0
357 358 1 0 0 0
358 359 1 0 0 0
359 360 1 0 0 0
360 361 1 0 0 0
602 601 1
8 1 1 0 4 0 0 15.999 -0.3939803249 -0.2893 0.8238 0
6 2 2 0 4 0 0 12.011 0.06650314573 -0.2035 2.753 0
6 2 2 0 4 0 0 12.011 0.06983792634 -0.2035 2.753 0
8 2 0 0 4 0 0 15.999 -0.3766778536 -0.0684 1.085 0
6 2 2 0 4 0 0 12.011 0.07011417814 -0.2035 2.753 0
6 2 2 0 4 0 0 12.011 0.07011439369 -0.2035 2.753 0
8 2 0 0 4 0 0 15.999 -0.3766676361 -0.0684 1.085 0
6 2 2 0 4 0 0 12.011 0.07011439547 -0.2035 2.753 0
6 2 2 0 4 0 0 12.011 0.07011439547 -0.2035 2.753 0
8 2 0 0 4 0 0 15.999 -0.3766676361 -0.0684 1.085 0
6 2 2 0 4 0 0 12.011 0.07011439547 -0.2035 2.753 0
6 2 2 0 4 0 0 12.011 0.07011439547 -0.2035 2.753 0
8 2 0 0 4 0 0 15.999 -0.3766676361 -0.0684 1.085 0
6 2 2 0 4 0 0 12.011 0.07011439547 -0.2035 2.753 0
6 2 2 0 4 0 0 12.011 0.07011439547 -0.2035 2.753 0
8 2 0 0 4 0 0 15.999 -0.3766676361 -0.0684 1.085 0
6 2 2 0 4 0 0 12.011 0.07011439547 -0.2035 2.753 0
6 2 2 0 4 0 0 12.011 0.07011439547 -0.2035 2.753 0
8 2 0 0 4 0 0 15.999 -0.3766676361 -0.0684 1.085 0
6 2 2 0 4 0 0 12.011 0.07011439547 -0.2035 2.753 0
6 2 2 0 4 0 0 12.011 0.07011439547 -0.2035 2.753 0
8 2 0 0 4 0 0 15.999 -0.3766676361 -0.0684 1.085 0
6 2 2 0 4 0 0 12.011 0.07011439547 -0.2035 2.753 0
6 2 2 0 4 0 0 12.011 0.07011439547 -0.2035 2.753 0
8 2 0 0 4 0 0 15.999 -0.3766676361 -0.0684 1.085 0
6 2 2 0 4 0 0 12.011 0.07011439547 -0.2035 2.753 0
6 2 2 0 4 0 0 12.011 0.07011439547 -0.2035 2.753 0
8 2 0 0 4 0 0 15.999 -0.3766676361 -0.0684 1.085 0
6 2 2 0 4 0 0 12.011 0.07011439547 -0.2035 2.753 0
6 2 2 0 4 0 0 12.011 0.07011439547 -0.2035 2.753 0
8 2 0 0 4 0 0 15.999 -0.3766676361 -0.0684 1.085 0
6 2 2 0 4 0 0 12.011 0.07011439547 -0.2035 2.753 0
6 2 2 0 4 0 0 12.011 0.07011439547 -0.2035 2.753 0
8 2 0 0 4 0 0 15.999 -0.3766676361 -0.0684 1.085 0
6 2 2 0 4 0 0 12.011 0.07011439547 -0.2035 2.753 0
6 2 2 0 4 0 0 12.011 0.07011439547 -0.2035 2.753 0
8 2 0 0 4 0 0 15.999 -0.3766676361 -0.0684 1.085 0
6 2 2 0 4 0 0 12.011 0.07011439547 -0.2035 2.753 0
6 2 2 0 4 0 0 12.011 0.07011439547 -0.2035 2.753 0
8 2 0 0 4 0 0 15.999 -0.3766676361 -0.0684 1.085 0
6 2 2 0 4 0 0 12.011 0.07011439547 -0.2035 2.753 0
6 2 2 0 4 0 0 12.011 0.07011439547 -0.2035 2.753 0
8 2 0 0 4 0 0 15.999 -0.3766676361 -0.0684 1.085 0
6 2 2 0 4 0 0 12.011 0.07011439547 -0.2035 2.753 0
6 2 2 0 4 0 0 12.011 0.07011439547 -0.2035 2.753 0
8 2 0 0 4 0 0 15.999 -0.3766676361 -0.0684 1.085 0
6 2 2 0 4 0 0 12.011 0.07011439547 -0.2035 2.753 0
6 2 2 0 4 0 0 12.011 0.07011439547 -0.2035 2.753 0
8 2 0 0 4 0 0 15.999 -0.3766676361 -0.0684 1.085 0
6 2 2 0 4 0 0 12.011 0.07011439547 -0.2035 2.753 0
6 2 2 0 4 0 0 12.011 0.07011439547 -0.2035 2.753 0
8 2 0 0 4 0 0 15.999 -0.3766676361 -0.0684 1.085 0
6 2 2 0 4 0 0 12.011 0.07011439547 -0.2035 2.753 0
6 2 2 0 4 0 0 12.011 0.07011439547 -0.2035 2.753 0
8 2 0 0 4 0 0 15.999 -0.3766676361 -0.0684 1.085 0
6 2 2 0 4 0 0 12.011 0.07011439547 -0.2035 2.753 0
6 2 2 0 4 0 0 12.011 0.07011439547 -0.2035 2.753 0
8 2 0 0 4 0 0 15.999 -0.3766676361 -0.0684 1.085 0
6 2 2 0 4 0 0 12.011 0.07011439547 -0.2035 2.753 0
6 2 2 0 4 0 0 12.011 0.07011439547 -0.2035 2.753 0
8 2 0 0 4 0 0 15.999 -0.3766676361 -0.0684 1.085 0
6 2 2 0 4 0 0 12.011 0.07011439547 -0.2035 2.753 0
6 2 2 0 4 0 0 12.011 0.07011439547 -0.2035 2.753 0
8 2 0 0 4 0 0 15.999 -0.3766676361 -0.0684 1.085 0
6 2 2 0 4 0 0 12.011 0.07011439547 -0.2035 2.753 0
6 2 2 0 4 0 0 12.011 0.07011439547 -0.2035 2.753 0
8 2 0 0 4 0 0 15.999 -0.3766676361 -0.0684 1.085 0
6 2 2 0 4 0 0 12.011 0.07011439547 -0.2035 2.753 0
6 2 2 0 4 0 0 12.011 0.07011439547 -0.2035 2.753 0
8 2 0 0 4 0 0 15.999 -0.3766676361 -0.0684 1.085 0
6 2 2 0 4 0 0 12.011 0.07011439547 -0.2035 2.753 0
6 2 2 0 4 0 0 12.011 0.07011439547 -0.2035 2.753 0
8 2 0 0 4 0 0 15.999 -0.3766676361 -0.0684 1.085 0
6 2 2 0 4 0 0 12.011 0.07011439547 -0.2035 2.753 0
6 2 2 0 4 0 0 12.011 0.07011439547 -0.2035 2.753 0
8 2 0 0 4 0 0 15.999 -0.3766676361 -0.0684 1.085 0
6 2 2 0 4 0 0 12.011 0.07011439547 -0.2035 2.753 0
6 2 2 0 4 0 0 12.011 0.07011439547 -0.2035 2.753 0
8 2 0 0 4 0 0 15.999 -0.3766676361 -0.0684 1.085 0
6 2 2 0 4 0 0 12.011 0.07011439547 -0.2035 2.753 0
6 2 2 0 4 0 0 12.011 0.07011439547 -0.2035 2.753 0
8 2 0 0 4 0 0 15.999 -0.3766676361 -0.0684 1.085 0
6 2 2 0 4 0 0 12.011 0.07011439547 -0.2035 2.753 0
6 2 2 0 4 0 0 12.011 0.07011439547 -0.2035 2.753 0
8 2 0 0 4 0 0 15.999 -0.3766676361 -0.0684 1.085 0
6 2 2 0 4 0 0 12.011 0.07011439547 -0.2035 2.753 0
6 2 2 0 4 0 0 12.011 0.07011439547 -0.2035 2.753 0
8 2 0 0 4 0 0 15.999 -0.3766676361 -0.0684 1.085 0
6 2 2 0 4 0 0 12.011 0.07011439547 -0.2035 2.753 0
6 2 2 0 4 0 0 12.011 0.07011439547 -0.2035 2.753 0
8 2 0 0 4 0 0 15.999 -0.3766676361 -0.0684 1.085 0
6 2 2 0 4 0 0 12.011 0.07011439547 -0.2035 2.753 0
6 2 2 0 4 0 0 12.011 0.07011439547 -0.2035 2.753 0
8 2 0 0 4 0 0 15.999 -0.3766676361 -0.0684 1.085 0
6 2 2 0 4 0 0 12.011 0.07011439547 -0.2035 2.753 0
6 2 2 0 4 0 0 12.011 0.07011439547 -0.2035 2.753 0
8 2 0 0 4 0 0 15.999 -0.3766676361 -0.0684 1.085 0
6 2 2 0 4 0 0 12.011 0.07011439547 -0.2035 2.753 0
6 2 2 0 4 0 0 12.011 0.07011439547 -0.2035 2.753 0
8 2 0 0 4 0 0 15.999 -0.3766676361 -0.0684 1.085 0
6 2 2 0 4 0 0 12.011 0.07011439547 -0.2035 2.753 0
6 2 2 0 4 0 0 12.011 0.07011439547 -0.2035 2.753 0
8 2 0 0 4 0 0 15.999 -0.3766676361 -0.0684 1.085 0
6 2 2 0 4 0 0 12.011 0.07011439547 -0.2035 2.753 0
6 2 2 0 4 0 0 12.011 0.07011439547 -0.2035 2.753 0
8 2 0 0 4 0 0 15.999 -0.3766676361 -0.0684 1.085 0
6 2 2 0 4 0 0 12.011 0.07011439547 -0.2035 2.753 0
6 2 2 0 4 0 0 12.011 0.07011439547 -0.2035 2.753 0
8 2 0 0 4 0 0 15.999 -0.3766676361 -0.0684 1.085 0
6 2 2 0 4 0 0 12.011 0.07011439547 -0.2035 2.753 0
6 2 2 0 4 0 0 12.011 0.07011439547 -0.2035 2.753 0
8 2 0 0 4 0 0 15.999 -0.3766676361 -0.0684 1.085 0
6 2 2 0 4 0 0 12.011 0.07011439547 -0.2035 2.753 0
6 2 2 0 4 0 0 12.011 0.07011439547 -0.2035 2.753 0
8 2 0 0 4 0 0 15.999 -0.3766676361 -0.0684 1.085 0
6 2 2 0 4 0 0 12.011 0.07011439547 -0.2035 2.753 0
6 2 2 0 4 0 0 12.011 0.07011439547 -0.2035 2.753 0
8 2 0 0 4 0 0 15.999 -0.3766676361 -0.0684 1.085 0
6 2 2 0 4 0 0 12.011 0.07011439547 -0.2035 2.753 0
6 2 2 0 4 0 0 12.011 0.07011439547 -0.2035 2.753 0
8 2 0 0 4 0 0 15.999 -0.3766676361 -0.0684 1.085 0
6 2 2 0 4 0 0 12.011 0.07011439547 -0.2035 2.753 0
6 2 2 0 4 0 0 12.011 0.07011439547 -0.2035 2.753 0
8 2 0 0 4 0 0 15.999 -0.3766676361 -0.0684 1.085 0
6 2 2 0 4 0 0 12.011 0.07011439547 -0.2035 2.753 0
6 2 2 0 4 0 0 12.011 0.07011439547 -0.2035 2.753 0
8 2 0 0 4 0 0 15.999 -0.3766676361 -0.0684 1.085 0
6 2 2 0 4 0 0 12.011 0.07011439547 -0.2035 2.753 0
6 2 2 0 4 0 0 12.011 0.07011439547 -0.2035 2.753 0
8 2 0 0 4 0 0 15.999 -0.3766676361 -0.0684 1.085 0
6 2 2 0 4 0 0 12.011 0.07011439547 -0.2035 2.753 0
6 2 2 0 4 0 0 12.011 0.07011439547 -0.2035 2.753 0
8 2 0 0 4 0 0 15.999 -0.3766676361 -0.0684 1.085 0
6 2 2 0 4 0 0 12.011 0.07011439547 -0.2035 2.753 0
6 2 2 0 4 0 0 12.011 0.07011439547 -0.2035 2.753 0
8 2 0 0 4 0 0 15.999 -0.3766676361 -0.0684 1.085 0
6 2 2 0 4 0 0 12.011 0.07011439547 -0.2035 2.753 0
6 2 2 0 4 0 0 12.011 0.07011439547 -0.2035 2.753 0
8 2 0 0 4 0 0 15.999 -0.3766676361 -0.0684 1.085 0
6 2 2 0 4 0 0 12.011 0.07011439547 -0.2035 2.753 0
6 2 2 0 4 0 0 12.011 0.07011439547 -0.2035 2.753 0
8 2 0 0 4 0 0 15.999 -0.3766676361 -0.0684 1.085 0
6 2 2 0 4 0 0 12.011 0.07011439547 -0.2035 2.753 0
6 2 2 0 4 0 0 12.011 0.07011439547 -0.2035 2.753 0
8 2 0 0 4 0 0 15.999 -0.3766676361 -0.0684 1.085 0
6 2 2 0 4 0 0 12.011 0.07011439547 -0.2035 2.753 0
6 2 2 0 4 0 0 12.011 0.07011439547 -0.2035 2.753 0
8 2 0 0 4 0 0 15.999 -0.3766676361 -0.0684 1.085 0
6 2 2 0 4 0 0 12.011 0.07011439547 -0.2035 2.753 0
6 2 2 0 4 0 0 12.011 0.07011439547 -0.2035 2.753 0
8 2 0 0 4 0 0 15.999 -0.3766676361 -0.0684 1.085 0
6 2 2 0 4 0 0 12.011 0.07011439547 -0.2035 2.753 0
6 2 2 0 4 0 0 12.011 0.07011439547 -0.2035 2.753 0
8 2 0 0 4 0 0 15.999 -0.3766676361 -0.0684 1.085 0
6 2 2 0 4 0 0 12.011 0.07011439547 -0.2035 2.753 0
6 2 2 0 4 0 0 12.011 0.07011439547 -0.2035 2.753 0
8 2 0 0 4 0 0 15.999 -0.3766676361 -0.0684 1.085 0
6 2 2 0 4 0 0 12.011 0.07011439547 -0.2035 2.753 0
6 2 2 0 4 0 0 12.011 0.07011439547 -0.2035 2.753 0
8 2 0 0 4 0 0 15.999 -0.3766676361 -0.0684 1.085 0
6 2 2 0 4 0 0 12.011 0.07011439547 -0.2035 2.753 0
6 2 2 0 4 0 0 12.011 0.07011439547 -0.2035 2.753 0
8 2 0 0 4 0 0 15.999 -0.3766676361 -0.0684 1.085 0
6 2 2 0 4 0 0 12.011 0.07011439547 -0.2035 2.753 0
6 2 2 0 4 0 0 12.011 0.07011439547 -0.2035 2.753 0
8 2 0 0 4 0 0 15.999 -0.3766676361 -0.0684 1.085 0
6 2 2 0 4 0 0 12.011 0.07011439547 -0.2035 2.753 0
6 2 2 0 4 0 0 12.011 0.07011439547 -0.2035 2.753 0
8 2 0 0 4 0 0 15.999 -0.3766676361 -0.0684 1.085 0
6 2 2 0 4 0 0 12.011 0.07011439547 -0.2035 2.753 0
6 2 2 0 4 0 0 12.011 0.07011439547 -0.2035 2.753 0
8 2 0 0 4 0 0 15.999 -0.3766676361 -0.0684 1.085 0
6 2 2 0 4 0 0 12.011 0.07011439547 -0.2035 2.753 0
6 2 2 0 4 0 0 12.011 0.07011439547 -0.2035 2.753 0
8 2 0 0 4 0 0 15.999 -0.3766676361 -0.0684 1.085 0
6 2 2 0 4 0 0 12.011 0.07011439547 -0.2035 2.753 0
6 2 2 0 4 0 0 12.011 0.07011439547 -0.2035 2.753 0
8 2 0 0 4 0 0 15.999 -0.3766676361 -0.0684 1.085 0
6 2 2 0 4 0 0 12.011 0.07011439547 -0.2035 2.753 0
6 2 2 0 4 0 0 12.011 0.07011439547 -0.2035 2.753 0
8 2 0 0 4 0 0 15.999 -0.3766676361 -0.0684 1.085 0
6 2 2 0 4 0 0 12.011 0.07011439547 -0.2035 2.753 0
6 2 2 0 4 0 0 12.011 0.07011439547 -0.2035 2.753 0
8 2 0 0 4 0 0 15.999 -0.3766676361 -0.0684 1.085 0
6 2 2 0 4 0 0 12.011 0.07011439547 -0.2035 2.753 0
6 2 2 0 4 0 0 12.011 0.07011439547 -0.2035 2.753 0
8 2 0 0 4 0 0 15.999 -0.3766676361 -0.0684 1.085 0
6 2 2 0 4 0 0 12.011 0.07011439547 -0.2035 2.753 0
6 2 2 0 4 0 0 12.011 0.07011439547 -0.2035 2.753 0
8 2 0 0 4 0 0 15.999 -0.3766676361 -0.0684 1.085 0
6 2 2 0 4 0 0 12.011 0.07011439547 -0.2035 2.753 0
6 2 2 0 4 0 0 12.011 0.07011439547 -0.2035 2.753 0
8 2 0 0 4 0 0 15.999 -0.3766676361 -0.0684 1.085 0
6 2 2 0 4 0 0 12.011 0.07011439547 -0.2035 2.753 0
6 2 2 0 4 0 0 12.011 0.07011439547 -0.2035 2.753 0
8 2 0 0 4 0 0 15.999 -0.3766676361 -0.0684 1.085 0
6 2 2 0 4 0 0 12.011 0.07011439547 -0.2035 2.753 0
6 2 2 0 4 0 0 12.011 0.07011439547 -0.2035 2.753 0
8 2 0 0 4 0 0 15.999 -0.3766676361 -0.0684 1.085 0
6 2 2 0 4 0 0 12.011 0.07011439547 -0.2035 2.753 0
6 2 2 0 4 0 0 12.011 0.07011439547 -0.2035 2.753 0
8 2 0 0 4 0 0 15.999 -0.3766676361 -0.0684 1.085 0
6 2 2 0 4 0 0 12.011 0.07011439547 -0.2035 2.753 0
6 2 2 0 4 0 0 12.011 0.07011439547 -0.2035 2.753 0
8 2 0 0 4 0 0 15.999 -0.3766676361 -0.0684 1.085 0
6 2 2 0 4 0 0 12.011 0.07011439547 -0.2035 2.753 0
6 2 2 0 4 0 0 12.011 0.07011439547 -0.2035 2.753 0
8 2 0 0 4 0 0 15.999 -0.3766676361 -0.0684 1.085 0
6 2 2 0 4 0 0 12.011 0.07011439547 -0.2035 2.753 0
6 2 2 0 4 0 0 12.011 0.07011439547 -0.2035 2.753 0
8 2 0 0 4 0 0 15.999 -0.3766676361 -0.0684 1.085 0
6 2 2 0 4 0 0 12.011 0.07011439547 -0.2035 2.753 0
6 2 2 0 4 0 0 12.011 0.07011439547 -0.2035 2.753 0
8 2 0 0 4 0 0 15.999 -0.3766676361 -0.0684 1.085 0
6 2 2 0 4 0 0 12.011 0.07011439547 -0.2035 2.753 0
6 2 2 0 4 0 0 12.011 0.07011439547 -0.2035 2.753 0
8 2 0 0 4 0 0 15.999 -0.3766676361 -0.0684 1.085 0
6 2 2 0 4 0 0 12.011 0.07011439547 -0.2035 2.753 0
6 2 2 0 4 0 0 12.011 0.07011439547 -0.2035 2.753 0
8 2 0 0 4 0 0 15.999 -0.3766676361 -0.0684 1.085 0
6 2 2 0 4 0 0 12.011 0.07011439547 -0.2035 2.753 0
6 2 2 0 4 0 0 12.011 0.07011439547 -0.2035 2.753 0
8 2 0 0 4 0 0 15.999 -0.3766676361 -0.0684 1.085 0
6 2 2 0 4 0 0 12.011 0.07011439547 -0.2035 2.753 0
6 2 2 0 4 0 0 12.011 0.07011439547 -0.2035 2.753 0
8 2 0 0 4 0 0 15.999 -0.3766676361 -0.0684 1.085 0
6 2 2 0 4 0 0 12.011 0.07011439547 -0.2035 2.753 0
6 2 2 0 4 0 0 12.011 0.07011439547 -0.2035 2.753 0
8 2 0 0 4 0 0 15.999 -0.3766676361 -0.0684 1.085 0
6 2 2 0 4 0 0 12.011 0.07011439547 -0.2035 2.753 0
6 2 2 0 4 0 0 12.011 0.07011439547 -0.2035 2.753 0
8 2 0 0 4 0 0 15.999 -0.3766676361 -0.0684 1.085 0
6 2 2 0 4 0 0 12.011 0.07011439547 -0.2035 2.753 0
6 2 2 0 4 0 0 12.011 0.07011439547 -0.2035 2.753 0
8 2 0 0 4 0 0 15.999 -0.3766676361 -0.0684 1.085 0
6 2 2 0 4 0 0 12.011 0.07011439547 -0.2035 2.753 0
6 2 2 0 4 0 0 12.011 0.07011439547 -0.2035 2.753 0
8 2 0 0 4 0 0 15.999 -0.3766676361 -0.0684 1.085 0
6 2 2 0 4 0 0 12.011 0.07011439547 -0.2035 2.753 0
6 2 2 0 4 0 0 12.011 0.07011439547 -0.2035 2.753 0
8 2 0 0 4 0 0 15.999 -0.3766676361 -0.0684 1.085 0
6 2 2 0 4 0 0 12.011 0.07011439547 -0.2035 2.753 0
6 2 2 0 4 0 0 12.011 0.07011439547 -0.2035 2.753 0
8 2 0 0 4 0 0 15.999 -0.3766676361 -0.0684 1.085 0
6 2 2 0 4 0 0 12.011 0.07011439547 -0.2035 2.753 0
6 2 2 0 4 0 0 12.011 0.07011439547 -0.2035 2.753 0
8 2 0 0 4 0 0 15.999 -0.3766676361 -0.0684 1.085 0
6 2 2 0 4 0 0 12.011 0.07011439547 -0.2035 2.753 0
6 2 2 0 4 0 0 12.011 0.07011439547 -0.2035 2.753 0
8 2 0 0 4 0 0 15.999 -0.3766676361 -0.0684 1.085 0
6 2 2 0 4 0 0 12.011 0.07011439547 -0.2035 2.753 0
6 2 2 0 4 0 0 12.011 0.07011439547 -0.2035 2.753 0
8 2 0 0 4 0 0 15.999 -0.3766676361 -0.0684 1.085 0
6 2 2 0 4 0 0 12.011 0.07011439547 -0.2035 2.753 0
6 2 2 0 4 0 0 12.011 0.07011439547 -0.2035 2.753 0
8 2 0 0 4 0 0 15.999 -0.3766676361 -0.0684 1.085 0
6 2 2 0 4 0 0 12.011 0.07011439547 -0.2035 2.753 0
6 2 2 0 4 0 0 12.011 0.07011439547 -0.2035 2.753 0
8 2 0 0 4 0 0 15.999 -0.3766676361 -0.0684 1.085 0
6 2 2 0 4 0 0 12.011 0.07011439547 -0.2035 2.753 0
6 2 2 0 4 0 0 12.011 0.07011439547 -0.2035 2.753 0
8 2 0 0 4 0 0 15.999 -0.3766676361 -0.0684 1.085 0
6 2 2 0 4 0 0 12.011 0.07011439547 -0.2035 2.753 0
6 2 2 0 4 0 0 12.011 0.07011439547 -0.2035 2.753 0
8 2 0 0 4 0 0 15.999 -0.3766676361 -0.0684 1.085 0
6 2 2 0 4 0 0 12.011 0.07011439547 -0.2035 2.753 0
6 2 2 0 4 0 0 12.011 0.07011439547 -0.2035 2.753 0
8 2 0 0 4 0 0 15.999 -0.3766676361 -0.0684 1.085 0
6 2 2 0 4 0 0 12.011 0.07011439547 -0.2035 2.753 0
6 2 2 0 4 0 0 12.011 0.07011439547 -0.2035 2.753 0
8 2 0 0 4 0 0 15.999 -0.3766676361 -0.0684 1.085 0
6 2 2 0 4 0 0 12.011 0.07011439547 -0.2035 2.753 0
6 2 2 0 4 0 0 12.011 0.07011439547 -0.2035 2.753 0
8 2 0 0 4 0 0 15.999 -0.3766676361 -0.0684 1.085 0
6 2 2 0 4 0 0 12.011 0.07011439547 -0.2035 2.753 0
6 2 2 0 4 0 0 12.011 0.07011439547 -0.2035 2.753 0
8 2 0 0 4 0 0 15.999 -0.3766676361 -0.0684 1.085 0
6 2 2 0 4 0 0 12.011 0.07011439547 -0.2035 2.753 0
6 2 2 0 4 0 0 12.011 0.07011439547 -0.2035 2.753 0
8 2 0 0 4 0 0 15.999 -0.3766676361 -0.0684 1.085 0
6 2 2 0 4 0 0 12.011 0.07011439547 -0.2035 2.753 0
6 2 2 0 4 0 0 12.011 0.07011439547 -0.2035 2.753 0
8 2 0 0 4 0 0 15.999 -0.3766676361 -0.0684 1.085 0
6 2 2 0 4 0 0 12.011 0.07011439547 -0.2035 2.753 0
6 2 2 0 4 0 0 12.011 0.07011439547 -0.2035 2.753 0
8 2 0 0 4 0 0 15.999 -0.3766676361 -0.0684 1.085 0
6 2 2 0 4 0 0 12.011 0.07011439547 -0.2035 2.753 0
6 2 2 0 4 0 0 12.011 0.07011439547 -0.2035 2.753 0
8 2 0 0 4 0 0 15.999 -0.3766676361 -0.0684 1.085 0
6 2 2 0 4 0 0 12.011 0.07011439547 -0.2035 2.753 0
6 2 2 0 4 0 0 12.011 0.07011439547 -0.2035 2.753 0
8 2 0 0 4 0 0 15.999 -0.3766676361 -0.0684 1.085 0
6 2 2 0 4 0 0 12.011 0.07011439547 -0.2035 2.753 0
6 2 2 0 4 0 0 12.011 0.07011439547 -0.2035 2.753 0
8 2 0 0 4 0 0 15.999 -0.3766676361 -0.0684 1.085 0
6 2 2 0 4 0 0 12.011 0.07011439547 -0.2035 2.753 0
6 2 2 0 4 0 0 12.011 0.07011439547 -0.2035 2.753 0
8 2 0 0 4 0 0 15.999 -0.3766676361 -0.0684 1.085 0
6 2 2 0 4 0 0 12.011 0.07011439547 -0.2035 2.753 0
6 2 2 0 4 0 0 12.011 0.07011439547 -0.2035 2.753 0
8 2 0 0 4 0 0 15.999 -0.3766676361 -0.0684 1.085 0
6 2 2 0 4 0 0 12.011 0.07011439547 -0.2035 2.753 0
6 2 2 0 4 0 0 12.011 0.07011439547 -0.2035 2.753 0
8 2 0 0 4 0 0 15.999 -0.3766676361 -0.0684 1.085 0
6 2 2 0 4 0 0 12.011 0.07011439547 -0.2035 2.753 0
6 2 2 0 4 0 0 12.011 0.07011439547 -0.2035 2.753 0
8 2 0 0 4 0 0 15.999 -0.3766676361 -0.0684 1.085 0
6 2 2 0 4 0 0 12.011 0.07011439547 -0.2035 2.753 0
6 2 2 0 4 0 0 12.011 0.07011439547 -0.2035 2.753 0
8 2 0 0 4 0 0 15.999 -0.3766676361 -0.0684 1.085 0
6 2 2 0 4 0 0 12.011 0.07011439547 -0.2035 2.753 0
6 2 2 0 4 0 0 12.011 0.07011439547 -0.2035 2.753 0
8 2 0 0 4 0 0 15.999 -0.3766676361 -0.0684 1.085 0
6 2 2 0 4 0 0 12.011 0.07011439547 -0.2035 2.753 0
6 2 2 0 4 0 0 12.011 0.07011439547 -0.2035 2.753 0
8 2 0 0 4 0 0 15.999 -0.3766676361 -0.0684 1.085 0
6 2 2 0 4 0 0 12.011 0.07011439547 -0.2035 2.753 0
6 2 2 0 4 0 0 12.011 0.07011439547 -0.2035 2.753 0
8 2 0 0 4 0 0 15.999 -0.3766676361 -0.0684 1.085 0
6 2 2 0 4 0 0 12.011 0.07011439547 -0.2035 2.753 0
6 2 2 0 4 0 0 12.011 0.07011439547 -0.2035 2.753 0
8 2 0 0 4 0 0 15.999 -0.3766676361 -0.0684 1.085 0
6 2 2 0 4 0 0 12.011 0.07011439547 -0.2035 2.753 0
6 2 2 0 4 0 0 12.011 0.07011439547 -0.2035 2.753 0
8 2 0 0 4 0 0 15.999 -0.3766676361 -0.0684 1.085 0
6 2 2 0 4 0 0 12.011 0.07011439547 -0.2035 2.753 0
6 2 2 0 4 0 0 12.011 0.07011439547 -0.2035 2.753 0
8 2 0 0 4 0 0 15.999 -0.3766676361 -0.0684 1.085 0
6 2 2 0 4 0 0 12.011 0.07011439547 -0.2035 2.753 0
6 2 2 0 4 0 0 12.011 0.07011439547 -0.2035 2.753 0
8 2 0 0 4 0 0 15.999 -0.3766676361 -0.0684 1.085 0
6 2 2 0 4 0 0 12.011 0.07011439547 -0.2035 2.753 0
6 2 2 0 4 0 0 12.011 0.07011439547 -0.2035 2.753 0
8 2 0 0 4 0 0 15.999 -0.3766676361 -0.0684 1.085 0
6 2 2 0 4 0 0 12.011 0.07011439547 -0.2035 2.753 0
6 2 2 0 4 0 0 12.011 0.07011439547 -0.2035 2.753 0
8 2 0 0 4 0 0 15.999 -0.3766676361 -0.0684 1.085 0
6 2 2 0 4 0 0 12.011 0.07011439547 -0.2035 2.753 0
6 2 2 0 4 0 0 12.011 0.07011439547 -0.2035 2.753 0
8 2 0 0 4 0 0 15.999 -0.3766676361 -0.0684 1.085 0
6 2 2 0 4 0 0 12.011 0.07011439547 -0.2035 2.753 0
6 2 2 0 4 0 0 12.011 0.07011439547 -0.2035 2.753 0
8 2 0 0 4 0 0 15.999 -0.3766676361 -0.0684 1.085 0
6 2 2 0 4 0 0 12.011 0.07011439547 -0.2035 2.753 0
6 2 2 0 4 0 0 12.011 0.07011439547 -0.2035 2.753 0
8 2 0 0 4 0 0 15.999 -0.3766676361 -0.0684 1.085 0
6 2 2 0 4 0 0 12.011 0.07011439547 -0.2035 2.753 0
6 2 2 0 4 0 0 12.011 0.07011439547 -0.2035 2.753 0
8 2 0 0 4 0 0 15.999 -0.3766676361 -0.0684 1.085 0
6 2 2 0 4 0 0 12.011 0.07011439547 -0.2035 2.753 0
6 2 2 0 4 0 0 12.011 0.07011439547 -0.2035 2.753 0
8 2 0 0 4 0 0 15.999 -0.3766676361 -0.0684 1.085 0
6 2 2 0 4 0 0 12.011 0.07011439547 -0.2035 2.753 0
6 2 2 0 4 0 0 12.011 0.07011439547 -0.2035 2.753 0
8 2 0 0 4 0 0 15.999 -0.3766676361 -0.0684 1.085 0
6 2 2 0 4 0 0 12.011 0.07011439547 -0.2035 2.753 0
6 2 2 0 4 0 0 12.011 0.07011439547 -0.2035 2.753 0
8 2 0 0 4 0 0 15.999 -0.3766676361 -0.0684 1.085 0
6 2 2 0 4 0 0 12.011 0.07011439547 -0.2035 2.753 0
6 2 2 0 4 0 0 12.011 0.07011439547 -0.2035 2.753 0
8 2 0 0 4 0 0 15.999 -0.3766676361 -0.0684 1.085 0
6 2 2 0 4 0 0 12.011 0.07011439547 -0.2035 2.753 0
6 2 2 0 4 0 0 12.011 0.07011439547 -0.2035 2.753 0
8 2 0 0 4 0 0 15.999 -0.3766676361 -0.0684 1.085 0
6 2 2 0 4 0 0 12.011 0.07011439547 -0.2035 2.753 0
6 2 2 0 4 0 0 12.011 0.07011439547 -0.2035 2.753 0
8 2 0 0 4 0 0 15.999 -0.3766676361 -0.0684 1.085 0
6 2 2 0 4 0 0 12.011 0.07011439547 -0.2035 2.753 0
6 2 2 0 4 0 0 12.011 0.07011439547 -0.2035 2.753 0
8 2 0 0 4 0 0 15.999 -0.3766676361 -0.0684 1.085 0
6 2 2 0 4 0 0 12.011 0.07011439547 -0.2035 2.753 0
6 2 2 0 4 0 0 12.011 0.07011439547 -0.2035 2.753 0
8 2 0 0 4 0 0 15.999 -0.3766676361 -0.0684 1.085 0
6 2 2 0 4 0 0 12.011 0.07011439547 -0.2035 2.753 0
6 2 2 0 4 0 0 12.011 0.07011439547 -0.2035 2.753 0
8 2 0 0 4 0 0 15.999 -0.3766676361 -0.0684 1.085 0
6 2 2 0 4 0 0 12.011 0.07011439547 -0.2035 2.753 0
6 2 2 0 4 0 0 12.011 0.07011439547 -0.2035 2.753 0
8 2 0 0 4 0 0 15.999 -0.3766676361 -0.0684 1.085 0
6 2 2 0 4 0 0 12.011 0.07011439547 -0.2035 2.753 0
6 2 2 0 4 0 0 12.011 0.07011439547 -0.2035 2.753 0
8 2 0 0 4 0 0 15.999 -0.3766676361 -0.0684 1.085 0
6 2 2 0 4 0 0 12.011 0.07011439547 -0.2035 2.753 0
6 2 2 0 4 0 0 12.011 0.07011439547 -0.2035 2.753 0
8 2 0 0 4 0 0 15.999 -0.3766676361 -0.0684 1.085 0
6 2 2 0 4 0 0 12.011 0.07011439547 -0.2035 2.753 0
6 2 2 0 4 0 0 12.011 0.07011439547 -0.2035 2.753 0
8 2 0 0 4 0 0 15.999 -0.3766676361 -0.0684 1.085 0
6 2 2 0 4 0 0 12.011 0.07011439547 -0.2035 2.753 0
6 2 2 0 4 0 0 12.011 0.07011439547 -0.2035 2.753 0
8 2 0 0 4 0 0 15.999 -0.3766676361 -0.0684 1.085 0
6 2 2 0 4 0 0 12.011 0.07011439547 -0.2035 2.753 0
6 2 2 0 4 0 0 12.011 0.07011439547 -0.2035 2.753 0
8 2 0 0 4 0 0 15.999 -0.3766676361 -0.0684 1.085 0
6 2 2 0 4 0 0 12.011 0.07011439547 -0.2035 2.753 0
6 2 2 0 4 0 0 12.011 0.07011439547 -0.2035 2.753 0
8 2 0 0 4 0 0 15.999 -0.3766676361 -0.0684 1.085 0
6 2 2 0 4 0 0 12.011 0.07011439547 -0.2035 2.753 0
6 2 2 0 4 0 0 12.011 0.07011439547 -0.2035 2.753 0
8 2 0 0 4 0 0 15.999 -0.3766676361 -0.0684 1.085 0
6 2 2 0 4 0 0 12.011 0.07011439547 -0.2035 2.753 0
6 2 2 0 4 0 0 12.011 0.07011439547 -0.2035 2.753 0
8 2 0 0 4 0 0 15.999 -0.3766676361 -0.0684 1.085 0
6 2 2 0 4 0 0 12.011 0.07011439547 -0.2035 2.753 0
6 2 2 0 4 0 0 12.011 0.07011439547 -0.2035 2.753 0
8 2 0 0 4 0 0 15.999 -0.3766676361 -0.0684 1.085 0
6 2 2 0 4 0 0 12.011 0.07011439547 -0.2035 2.753 0
6 2 2 0 4 0 0 12.011 0.07011439547 -0.2035 2.753 0
8 2 0 0 4 0 0 15.999 -0.3766676361 -0.0684 1.085 0
6 2 2 0 4 0 0 12.011 0.07011439547 -0.2035 2.753 0
6 2 2 0 4 0 0 12.011 0.07011439547 -0.2035 2.753 0
8 2 0 0 4 0 0 15.999 -0.3766676361 -0.0684 1.085 0
6 2 2 0 4 0 0 12.011 0.07011439547 -0.2035 2.753 0
6 2 2 0 4 0 0 12.011 0.07011439547 -0.2035 2.753 0
8 2 0 0 4 0 0 15.999 -0.3766676361 -0.0684 1.085 0
6 2 2 0 4 0 0 12.011 0.07011439547 -0.2035 2.753 0
6 2 2 0 4 0 0 12.011 0.07011439547 -0.2035 2.753 0
8 2 0 0 4 0 0 15.999 -0.3766676361 -0.0684 1.085 0
6 2 2 0 4 0 0 12.011 0.07011439547 -0.2035 2.753 0
6 2 2 0 4 0 0 12.011 0.07011439547 -0.2035 2.753 0
8 2 0 0 4 0 0 15.999 -0.3766676361 -0.0684 1.085 0
6 2 2 0 4 0 0 12.011 0.07011439547 -0.2035 2.753 0
6 2 2 0 4 0 0 12.011 0.07011439547 -0.2035 2.753 0
8 2 0 0 4 0 0 15.999 -0.3766676361 -0.0684 1.085 0
6 2 2 0 4 0 0 12.011 0.07011439547 -0.2035 2.753 0
6 2 2 0 4 0 0 12.011 0.07011439547 -0.2035 2.753 0
8 2 0 0 4 0 0 15.999 -0.3766676361 -0.0684 1.085 0
6 2 2 0 4 0 0 12.011 0.07011439547 -0.2035 2.753 0
6 2 2 0 4 0 0 12.011 0.07011439547 -0.2035 2.753 0
8 2 0 0 4 0 0 15.999 -0.3766676361 -0.0684 1.085 0
6 2 2 0 4 0 0 12.011 0.07011439547 -0.2035 2.753 0
6 2 2 0 4 0 0 12.011 0.07011439547 -0.2035 2.753 0
8 2 0 0 4 0 0 15.999 -0.3766676361 -0.0684 1.085 0
6 2 2 0 4 0 0 12.011 0.07011439547 -0.2035 2.753 0
6 2 2 0 4 0 0 12.011 0.07011439547 -0.2035 2.753 0
8 2 0 0 4 0 0 15.999 -0.3766676361 -0.0684 1.085 0
6 2 2 0 4 0 0 12.011 0.07011439547 -0.2035 2.753 0
6 2 2 0 4 0 0 12.011 0.07011439547 -0.2035 2.753 0
8 2 0 0 4 0 0 15.999 -0.3766676361 -0.0684 1.085 0
6 2 2 0 4 0 0 12.011 0.07011439547 -0.2035 2.753 0
6 2 2 0 4 0 0 12.011 0.07011439547 -0.2035 2.753 0
8 2 0 0 4 0 0 15.999 -0.3766676361 -0.0684 1.085 0
6 2 2 0 4 0 0 12.011 0.07011439547 -0.2035 2.753 0
6 2 2 0 4 0 0 12.011 0.07011439547 -0.2035 2.753 0
8 2 0 0 4 0 0 15.999 -0.3766676361 -0.0684 1.085 0
6 2 2 0 4 0 0 12.011 0.07011439547 -0.2035 2.753 0
6 2 2 0 4 0 0 12.011 0.07011439547 -0.2035 2.753 0
8 2 0 0 4 0 0 15.999 -0.3766676361 -0.0684 1.085 0
6 2 2 0 4 0 0 12.011 0.07011439547 -0.2035 2.753 0
6 2 2 0 4 0 0 12.011 0.07011439547 -0.2035 2.753 0
8 2 0 0 4 0 0 15.999 -0.3766676361 -0.0684 1.085 0
6 2 2 0 4 0 0 12.011 0.07011439547 -0.2035 2.753 0
6 2 2 0 4 0 0 12.011 0.07011439547 -0.2035 2.753 0
8 2 0 0 4 0 0 15.999 -0.3766676361 -0.0684 1.085 0
6 2 2 0 4 0 0 12.011 0.07011439547 -0.2035 2.753 0
6 2 2 0 4 0 0 12.011 0.07011439547 -0.2035 2.753 0
8 2 0 0 4 0 0 15.999 -0.3766676361 -0.0684 1.085 0
6 2 2 0 4 0 0 12.011 0.07011439547 -0.2035 2.753 0
6 2 2 0 4 0 0 12.011 0.07011439547 -0.2035 2.753 0
8 2 0 0 4 0 0 15.999 -0.3766676361 -0.0684 1.085 0
6 2 2 0 4 0 0 12.011 0.07011439547 -0.2035 2.753 0
6 2 2 0 4 0 0 12.011 0.07011439547 -0.2035 2.753 0
8 2 0 0 4 0 0 15.999 -0.3766676361 -0.0684 1.085 0
6 2 2 0 4 0 0 12.011 0.07011439547 -0.2035 2.753 0
6 2 2 0 4 0 0 12.011 0.07011439547 -0.2035 2.753 0
8 2 0 0 4 0 0 15.999 -0.3766676361 -0.0684 1.085 0
6 2 2 0 4 0 0 12.011 0.07011439547 -0.2035 2.753 0
6 2 2 0 4 0 0 12.011 0.07011439547 -0.2035 2.753 0
8 2 0 0 4 0 0 15.999 -0.3766676361 -0.0684 1.085 0
6 2 2 0 4 0 0 12.011 0.07011439547 -0.2035 2.753 0
6 2 2 0 4 0 0 12.011 0.07011439547 -0.2035 2.753 0
8 2 0 0 4 0 0 15.999 -0.3766676361 -0.0684 1.085 0
6 2 2 0 4 0 0 12.011 0.07011439547 -0.2035 2.753 0
6 2 2 0 4 0 0 12.011 0.07011439547 -0.2035 2.753 0
8 2 0 0 4 0 0 15.999 -0.3766676361 -0.0684 1.085 0
6 2 2 0 4 0 0 12.011 0.07011439547 -0.2035 2.753 0
6 2 2 0 4 0 0 12.011 0.07011439547 -0.2035 2.753 0
8 2 0 0 4 0 0 15.999 -0.3766676361 -0.0684 1.085 0
6 2 2 0 4 0 0 12.011 0.07011439547 -0.2035 2.753 0
6 2 2 0 4 0 0 12.011 0.07011439547 -0.2035 2.753 0
8 2 0 0 4 0 0 15.999 -0.3766676361 -0.0684 1.085 0
6 2 2 0 4 0 0 12.011 0.07011439547 -0.2035 2.753 0
6 2 2 0 4 0 0 12.011 0.07011439547 -0.2035 2.753 0
8 2 0 0 4 0 0 15.999 -0.3766676361 -0.0684 1.085 0
6 2 2 0 4 0 0 12.011 0.07011439547 -0.2035 2.753 0
6 2 2 0 4 0 0 12.011 0.07011439547 -0.2035 2.753 0
8 2 0 0 4 0 0 15.999 -0.3766676361 -0.0684 1.085 0
6 2 2 0 4 0 0 12.011 0.07011439547 -0.2035 2.753 0
6 2 2 0 4 0 0 12.011 0.07011439547 -0.2035 2.753 0
8 2 0 0 4 0 0 15.999 -0.3766676361 -0.0684 1.085 0
6 2 2 0 4 0 0 12.011 0.07011439547 -0.2035 2.753 0
6 2 2 0 4 0 0 12.011 0.07011439547 -0.2035 2.753 0
8 2 0 0 4 0 0 15.999 -0.3766676361 -0.0684 1.085 0
6 2 2 0 4 0 0 12.011 0.07011439547 -0.2035 2.753 0
6 2 2 0 4 0 0 12.011 0.07011439547 -0.2035 2.753 0
8 2 0 0 4 0 0 15.999 -0.3766676361 -0.0684 1.085 0
6 2 2 0 4 0 0 12.011 0.07011439547 -0.2035 2.753 0
6 2 2 0 4 0 0 12.011 0.07011439547 -0.2035 2.753 0
8 2 0 0 4 0 0 15.999 -0.3766676361 -0.0684 1.085 0
6 2 2 0 4 0 0 12.011 0.07011439547 -0.2035 2.753 0
6 2 2 0 4 0 0 12.011 0.07011439547 -0.2035 2.753 0
8 2 0 0 4 0 0 15.999 -0.3766676361 -0.0684 1.085 0
6 2 2 0 4 0 0 12.011 0.07011439547 -0.2035 2.753 0
6 2 2 0 4 0 0 12.011 0.07011439547 -0.2035 2.753 0
8 2 0 0 4 0 0 15.999 -0.3766676361 -0.0684 1.085 0
6 2 2 0 4 0 0 12.011 0.07011439547 -0.2035 2.753 0
6 2 2 0 4 0 0 12.011 0.07011439547 -0.2035 2.753 0
8 2 0 0 4 0 0 15.999 -0.3766676361 -0.0684 1.085 0
6 2 2 0 4 0 0 12.011 0.07011439547 -0.2035 2.753 0
6 2 2 0 4 0 0 12.011 0.07011439547 -0.2035 2.753 0
8 2 0 0 4 0 0 15.999 -0.3766676361 -0.0684 1.085 0
6 2 2 0 4 0 0 12.011 0.07011439547 -0.2035 2.753 0
6 2 2 0 4 0 0 12.011 0.07011439547 -0.2035 2.753 0
8 2 0 0 4 0 0 15.999 -0.3766676361 -0.0684 1.085 0
6 2 2 0 4 0 0 12.011 0.07011439547 -0.2035 2.753 0
6 2 2 0 4 0 0 12.011 0.07011439547 -0.2035 2.753 0
8 2 0 0 4 0 0 15.999 -0.3766676361 -0.0684 1.085 0
6 2 2 0 4 0 0 12.011 0.07011439547 -0.2035 2.753 0
6 2 2 0 4 0 0 12.011 0.07011439547 -0.2035 2.753 0
8 2 0 0 4 0 0 15.999 -0.3766676361 -0.0684 1.085 0
6 2 2 0 4 0 0 12.011 0.07011439547 -0.2035 2.753 0
6 2 2 0 4 0 0 12.011 0.07011439547 -0.2035 2.753 0
8 2 0 0 4 0 0 15.999 -0.3766676361 -0.0684 1.085 0
6 2 2 0 4 0 0 12.011 0.07011439547 -0.2035 2.753 0
6 2 2 0 4 0 0 12.011 0.07011439547 -0.2035 2.753 0
8 2 0 0 4 0 0 15.999 -0.3766676361 -0.0684 1.085 0
6 2 2 0 4 0 0 12.011 0.07011439547 -0.2035 2.753 0
6 2 2 0 4 0 0 12.011 0.07011439547 -0.2035 2.753 0
8 2 0 0 4 0 0 15.999 -0.3766676361 -0.0684 1.085 0
6 2 2 0 4 0 0 12.011 0.07011439547 -0.2035 2.753 0
6 2 2 0 4 0 0 12.011 0.07011439547 -0.2035 2.753 0
8 2 0 0 4 0 0 15.999 -0.3766676361 -0.0684 1.085 0
6 2 2 0 4 0 0 12.011 0.07011439547 -0.2035 2.753 0
6 2 2 0 4 0 0 12.011 0.07011439547 -0.2035 2.753 0
8 2 0 0 4 0 0 15.999 -0.3766676361 -0.0684 1.085 0
6 2 2 0 4 0 0 12.011 0.07011439547 -0.2035 2.753 0
6 2 2 0 4 0 0 12.011 0.07011439547 -0.2035 2.753 0
8 2 0 0 4 0 0 15.999 -0.3766676361 -0.0684 1.085 0
6 2 2 0 4 0 0 12.011 0.07011439547 -0.2035 2.753 0
6 2 2 0 4 0 0 12.011 0.07011439547 -0.2035 2.753 0
8 2 0 0 4 0 0 15.999 -0.3766676361 -0.0684 1.085 0
6 2 2 0 4 0 0 12.011 0.07011439547 -0.2035 2.753 0
6 2 2 0 4 0 0 12.011 0.07011439547 -0.2035 2.753 0
8 2 0 0 4 0 0 15.999 -0.3766676361 -0.0684 1.085 0
6 2 2 0 4 0 0 12.011 0.07011439547 -0.2035 2.753 0
6 2 2 0 4 0 0 12.011 0.07011439547 -0.2035 2.753 0
8 2 0 0 4 0 0 15.999 -0.3766676361 -0.0684 1.085 0
6 2 2 0 4 0 0 12.011 0.07011439547 -0.2035 2.753 0
6 2 2 0 4 0 0 12.011 0.07011439547 -0.2035 2.753 0
8 2 0 0 4 0 0 15.999 -0.3766676361 -0.0684 1.085 0
6 2 2 0 4 0 0 12.011 0.07011439547 -0.2035 2.753 0
6 2 2 0 4 0 0 12.011 0.07011439547 -0.2035 2.753 0
8 2 0 0 4 0 0 15.999 -0.3766676361 -0.0684 1.085 0
6 2 2 0 4 0 0 12.011 0.07011439547 -0.2035 2.753 0
6 2 2 0 4 0 0 12.011 0.07011439547 -0.2035 2.753 0
8 2 0 0 4 0 0 15.999 -0.3766676361 -0.0684 1.085 0
6 2 2 0 4 0 0 12.011 0.07011439547 -0.2035 2.753 0
6 2 2 0 4 0 0 12.011 0.07011439547 -0.2035 2.753 0
8 2 0 0 4 0 0 15.999 -0.3766676361 -0.0684 1.085 0
6 2 2 0 4 0 0 12.011 0.07011439547 -0.2035 2.753 0
6 2 2 0 4 0 0 12.011 0.07011439547 -0.2035 2.753 0
8 2 0 0 4 0 0 15.999 -0.3766676361 -0.0684 1.085 0
6 2 2 0 4 0 0 12.011 0.07011439547 -0.2035 2.753 0
6 2 2 0 4 0 0 12.011 0.07011439547 -0.2035 2.753 0
8 2 0 0 4 0 0 15.999 -0.3766676361 -0.0684 1.085 0
6 2 2 0 4 0 0 12.011 0.07011439547 -0.2035 2.753 0
6 2 2 0 4 0 0 12.011 0.07011439547 -0.2035 2.753 0
8 2 0 0 4 0 0 15.999 -0.3766676361 -0.0684 1.085 0
6 2 2 0 4 0 0 12.011 0.07011439547 -0.2035 2.753 0
6 2 2 0 4 0 0 12.011 0.07011439547 -0.2035 2.753 0
8 2 0 0 4 0 0 15.999 -0.3766676361 -0.0684 1.085 0
6 2 2 0 4 0 0 12.011 0.07011439547 -0.2035 2.753 0
6 2 2 0 4 0 0 12.011 0.07011439547 -0.2035 2.753 0
8 2 0 0 4 0 0 15.999 -0.3766676361 -0.0684 1.085 0
6 2 2 0 4 0 0 12.011 0.07011439547 -0.2035 2.753 0
6 2 2 0 4 0 0 12.011 0.07011439547 -0.2035 2.753 0
8 2 0 0 4 0 0 15.999 -0.3766676361 -0.0684 1.085 0
6 2 2 0 4 0 0 12.011 0.07011439547 -0.2035 2.753 0
6 2 2 0 4 0 0 12.011 0.07011439547 -0.2035 2.753 0
8 2 0 0 4 0 0 15.999 -0.3766676361 -0.0684 1.085 0
6 2 2 0 4 0 0 12.011 0.07011439547 -0.2035 2.753 0
6 2 2 0 4 0 0 12.011 0.07011439547 -0.2035 2.753 0
8 2 0 0 4 0 0 15.999 -0.3766676361 -0.0684 1.085 0
6 2 2 0 4 0 0 12.011 0.07011439547 -0.2035 2.753 0
6 2 2 0 4 0 0 12.011 0.07011439547 -0.2035 2.753 0
8 2 0 0 4 0 0 15.999 -0.3766676361 -0.0684 1.085 0
6 2 2 0 4 0 0 12.011 0.07011439547 -0.2035 2.753 0
6 2 2 0 4 0 0 12.011 0.07011439547 -0.2035 2.753 0
8 2 0 0 4 0 0 15.999 -0.3766676361 -0.0684 1.085 0
6 2 2 0 4 0 0 12.011 0.07011439547 -0.2035 2.753 0
6 2 2 0 4 0 0 12.011 0.07011439547 -0.2035 2.753 0
8 2 0 0 4 0 0 15.999 -0.3766676361 -0.0684 1.085 0
6 2 2 0 4 0 0 12.011 0.07011439547 -0.2035 2.753 0
6 2 2 0 4 0 0 12.011 0.07011439547 -0.2035 2.753 0
8 2 0 0 4 0 0 15.999 -0.3766676361 -0.0684 1.085 0
6 2 2 0 4 0 0 12.011 0.07011439545 -0.2035 2.753 0
6 2 2 0 4 0 0 12.011 0.0701143925 -0.2035 2.753 0
8 2 0 0 4 0 0 15.999 -0.3766679277 -0.0684 1.085 0
6 2 2 0 4 0 0 12.011 0.07009723773 -0.2035 2.753 0
6 2 2 0 4 0 0 12.011 0.0696191257 -0.2035 2.753 0
8 2 0 0 4 0 0 15.999 -0.3822977262 -0.0684 1.085 0
6 1 3 0 4 0 0 12.011 0.0355748225 -0.2035 2.753 0
0 1 1 0 0 0
1 2 1 0 0 0
2 3 1 0 0 0
3 4 1 0 0 0
4 5 1 0 0 0
5 6 1 0 0 0
6 7 1 0 0 0
7 8 1 0 0 0
8 9 1 0 0 0
9 10 1 0 0 0
10 11 1 0 0 0
11 12 1 0 0 0
12 13 1 0 0 0
13 14 1 0 0 0
14 15 1 0 0 0
15 16 1 0 0 0
16 17 1 0 0 0
17 18 1 0 0 0
18 19 1 0 0 0
19 20 1 0 0 0
20 21 1 0 0 0
21 22 1 0 0 0
22 23 1 0 0 0
23 24 1 0 0 0
24 25 1 0 0 0
25 26 1 0 0 0
26 27 1 0 0 0
27 28 1 0 0 0
28 29 1 0 0 0
29 30 1 0 0 0
30 31 1 0 0 0
31 32 1 0 0 0
32 33 1 0 0 0
33 34 1 0 0 0
34 35 1 0 0 0
35 36 1 0 0 0
36 37 1 0 0 0
37 38 1 0 0 0
38 39 1 0 0 0
39 40 1 0 0 0
40 41 1 0 0 0
41 42 1 0 0 0
42 43 1 0 0 0
43 44 1 0 0 0
44 45 1 0 0 0
45 46 1 0 0 0
46 47 1 0 0 0
47 48 1 0 0 0
48 49 1 0 0 0
49 50 1 0 0 0
50 51 1 0 0 0
51 52 1 0 0 0
52 53 1 0 0 0
53 54 1 0 0 0
54 55 1 0 0 0
55 56 1 0 0 0
56 57 1 0 0 0
57 58 1 0 0 0
58 59 1 0 0 0
59 60 1 0 0 0
60 61 1 0 0 0
61 62 1 0 0 0
62 63 1 0 0 0
63 64 1 0 0 0
64 65 1 0 0 0
65 66 1 0 0 0
66 67 1 0 0 0
67 68 1 0 0 0
68 69 1 0 0 0
69 70 1 0 0 0
70 71 1 0 0 0
71 72 1 0 0 0
72 73 1 0 0 0
73 74 1 0 0 0
74 75 1 0 0 0
75 76 1 0 0 0
76 77 1 0 0 0
77 78 1 0 0 0
78 79 1 0 0 0
79 80 1 0 0 0
80 81 1 0 0 0
81 82 1 0 0 0
82 83 1 0 0 0
83 84 1 0 0 0
84 85 1 0 0 0
85 86 1 0 0 0
86 87 1 0 0 0
87 88 1 0 0 0
88 89 1 0 0 0
89 90 1 0 0 0
90 91 1 0 0 0
91 92 1 0 0 0
92 93 1 0 0 0
93 94 1 0 0 0
94 95 1 0 0 0
95 96 1 0 0 0
96 97 1 0 0 0
97 98 1 0 0 0
98 99 1 0 0 0
99 100 1 0 0 0
100 101 1 0 0 0
101 102 1 0 0 0
102 103 1 0 0 0
103 104 1 0 0 0
104 105 1 0 0 0
105 106 1 0 0 0
106 107 1 0 0 0
107 108 1 0 0 0
108 109 1 0 0 0
109 110 1 0 0 0
110 111 1 0 0 0
111 112 1 0 0 0
112 113 1 0 0 0
113 114 1 0 0 0
114 115 1 0 0 0
115 116 1 0 0 0
116 117 1 0 0 0
117 118 1 0 0 0
118 119 1 0 0 0
119 120 1 0 0 0
120 121 1 0 0 0
121 122 1 0 0 0
122 123 1 0 0 0
123 124 1 0 0 0
124 125 1 0 0 0
125 126 1 0 0 0
126 127 1 0 0 0
127 128 1 0 0 0
128 129 1 0 0 0
129 130 1 0 0 0
130 131 1 0 0 0
131 132 1 0 0 0
132 133 1 0 0 0
133 134 1 0 0 0
134 135 1 0 0 0
135 136 1 0 0 0
136 137 1 0 0 0
137 138 1 0 0 0
138 139 1 0 0 0
139 140 1 0 0 0
140 141 1 0 0 0
141 142 1 0 0 0
142 143 1 0 0 0
143 144 1 0 0 0
144 145 1 0 0 0
145 146 1 0 0 0
146 147 1 0 0 0
147 148 1 0 0 0
148 149 1 0 0 0
149 150 1 0 0 0
150 151 1 0 0 0
151 152 1 0 0 0
152 153 1 0 0 0
153 154 1 0 0 0
154 155 1 0 0 0
155 156 1 0 0 0
156 157 1 0 0 0
157 158 1 0 0 0
158 159 1 0 0 0
159 160 1 0 0 0
160 161 1 0 0 0
161 162 1 0 0 0
162 163 1 0 0 0
163 164 1 0 0 0
164 165 1 0 0 0
165 166 1 0 0 0
166 167 1 0 0 0
167 168 1 0 0 0
168 169 1 0 0 0
169 170 1 0 0 0
170 171 1 0 0 0
171 172 1 0 0 0
172 173 1 0 0 0
173 174 1 0 0 0
174 175 1 0 0 0
175 176 1 0 0 0
176 177 1 0 0 0
177 178 1 0 0 0
178 179 1 0 0 0
179 180 1 0 0 0
180 181 1 0 0 0
181 182 1 0 0 0
182 183 1 0 0 0
183 184 1 0 0 0
184 185 1 0 0 0
185 186 1 0 0 0
186 187 1 0 0 0
187 188 1 0 0 0
188 189 1 0 0 0
189 190 1 0 0 0
190 191 1 0 0 0
191 192 1 0 0 0
192 193 1 0 0 0
193 194 1 0 0 0
194 195 1 0 0 0
195 196 1 0 0 0
196 197 1 0 0 0
197 198 1 0 0 0
198 199 1 0 0 0
199 200 1 0 0 0
200 201 1 0 0 0
201 202 1 0 0 0
202 203 1 0 0 0
203 204 1 0 0 0
204 205 1 0 0 0
205 206 1 0 0 0
206 207 1 0 0 0
207 208 1 0 0 0
208 209 1 0 0 0
209 210 1 0 0 0
210 211 1 0 0 0
211 212 1 0 0 0
212 213 1 0 0 0
213 214 1 0 0 0
214 215 1 0 0 0
215 216 1 0 0 0
216 217 1 0 0 0
217 218 1 0 0 0
218 219 1 0 0 0
219 220 1 0 0 0
220 221 1 0 0 0
221 222 1 0 0 0
222 223 1 0 0 0
223 224 1 0 0 0
224 225 1 0 0 0
225 226 1 0 0 0
226 227 1 0 0 0
227 228 1 0 0 0
228 229 1 0 0 0
229 230 1 0 0 0
230 231 1 0 0 0
231 232 1 0 0 0
232 233 1 0 0 0
233 234 1 0 0 0
234 235 1 0 0 0
235 236 1 0 0 0
236 237 1 0 0 0
237 238 1 0 0 0
238 239 1 0 0 0
239 240 1 0 0 0
240 241 1 0 0 0
241 242 1 0 0 0
242 243 1 0 0 0
243 244 1 0 0 0
244 245 1 0 0 0
245 246 1 0 0 0
246 247 1 0 0 0
247 248 1 0 0 0
248 249 1 0 0 0
249 250 1 0 0 0
250 251 1 0 0 0
251 252 1 0 0 0
252 253 1 0 0 0
253 254 1 0 0 0
254 255 1 0 0 0
255 256 1 0 0 0
256 257 1 0 0 0
257 258 1 0 0 0
258 259 1 0 0 0
259 260 1 0 0 0
260 261 1 0 0 0
261 262 1 0 0 0
262 263 1 0 0 0
263 264 1 0 0 0
264 265 1 0 0 0
265 266 1 0 0 0
266 267 1 0 0 0
267 268 1 0 0 0
268 269 1 0 0 0
269 270 1 0 0 0
270 271 1 0 0 0
271 272 1 0 0 0
272 273 1 0 0 0
273 274 1 0 0 0
274 275 1 0 0 0
275 276 1 0 0 0
276 277 1 0 0 0
277 278 1 0 0 0
278 279 1 0 0 0
279 280 1 0 0 0
280 281 1 0 0 0
281 282 1 0 0 0
282 283 1 0 0 0
283 284 1 0 0 0
284 285 1 0 0 0
285 286 1 0 0 0
286 287 1 0 0 0
287 288 1 0 0 0
288 289 1 0 0 0
289 290 1 0 0 0
290 291 1 0 0 0
291 292 1 0 0 0
292 293 1 0 0 0
293 294 1 0 0 0
294 295 1 0 0 0
295 296 1 0 0 0
296 297 1 0 0 0
297 298 1 0 0 0
298 299 1 0 0 0
299 300 1 0 0 0
300 301 1 0 0 0
301 302 1 0 0 0
302 303 1 0 0 0
303 304 1 0 0 0
304 305 1 0 0 0
305 306 1 0 0 0
306 307 1 0 0 0
307 308 1 0 0 0
308 309 1 0 0 0
309 310 1 0 0 0
310 311 1 0 0 0
311 312 1 0 0 0
312 313 1 0 0 0
313 314 1 0 0 0
314 315 1 0 0 0
315 316 1 0 0 0
316 317 1 0 0 0
317 318 1 0 0 0
318 319 1 0 0 0
319 320 1 0 0 0
320 321 1 0 0 0
321 322 1 0 0 0
322 323 1 0 0 0
323 324 1 0 0 0
324 325 1 0 0 0
325 326 1 0 0 0
326 327 1 0 0 0
327 328 1 0 0 0
328 329 1 0 0 0
329 330 1 0 0 0
330 331 1 0 0 0
331 332 1 0 0 0
332 333 1 0 0 0
333 334 1 0 0 0
334 335 1 0 0 0
335 336 1 0 0 0
336 337 1 0 0 0
337 338 1 0 0 0
338 339 1 0 0 0
339 340 1 0 0 0
340 341 1 0 0 0
341 342 1 0 0 0
342 343 1 0 0 0
343 344 1 0 0 0
344 345 1 0 0 0
345 346 1 0 0 0
346 347 1 0 0 0
347 348 1 0 0 0
348 349 1 0 0 0
349 350 1 0 0 0
350 351 1 0 0 0
351 352 1 0 0 0
352 353 1 0 0 0
353 354 1 0 0 0
354 355 1 0 0 0
355 356 1 0 0 0
356 357 1 0 0 0
357 358 1 0 0 0
358 359 1 0 0 0
359 360 1 0 0 0
360 361 1 0 0 0
361 362 1 0 0 0
362 363 1 0 0 0
363 364 1 0 0 0
364 365 1 0 0 0
365 366 1 0 0 0
366 367 1 0 0 0
367 368 1 0 0 0
368 369 1 0 0 0
369 370 1 0 0 0
370 371 1 0 0 0
371 372 1 0 0 0
372 373 1 0 0 0
373 374 1 0 0 0
374 375 1 0 0 0
375 376 1 0 0 0
376 377 1 0 0 0
377 378 1 0 0 0
378 379 1 0 0 0
379 380 1 0 0 0
380 381 1 0 0 0
381 382 1 0 0 0
382 383 1 0 0 0
383 384 1 0 0 0
384 385 1 0 0 0
385 386 1 0 0 0
386 387 1 0 0 0
387 388 1 0 0 0
388 389 1 0 0 0
389 390 1 0 0 0
390 391 1 0 0 0
391 392 1 0 0 0
392 393 1 0 0 0
393 394 1 0 0 0
394 395 1 0 0 0
395 396 1 0 0 0
396 397 1 0 0 0
397 398 1 0 0 0
398 399 1 0 0 0
399 400 1 0 0 0
400 401 1 0 0 0
401 402 1 0 0 0
402 403 1 0 0 0
403 404 1 0 0 0
404 405 1 0 0 0
405 406 1 0 0 0
406 407 1 0 0 0
407 408 1 0 0 0
408 409 1 0 0 0
409 410 1 0 0 0
410 411 1 0 0 0
411 412 1 0 0 0
412 413 1 0 0 0
413 414 1 0 0 0
414 415 1 0 0 0
415 416 1 0 0 0
416 417 1 0 0 0
417 418 1 0 0 0
418 419 1 0 0 0
419 420 1 0 0 0
420 421 1 0 0 0
421 422 1 0 0 0
422 423 1 0 0 0
423 424 1 0 0 0
424 425 1 0 0 0
425 426 1 0 0 0
426 427 1 0 0 0
427 428 1 0 0 0
428 429 1 0 0 0
429 430 1 0 0 0
430 431 1 0 0 0
431 432 1 0 0 0
432 433 1 0 0 0
433 434 1 0 0 0
434 435 1 0 0 0
435 436 1 0 0 0
436 437 1 0 0 0
437 438 1 0 0 0
438 439 1 0 0 0
439 440 1 0 0 0
440 441 1 0 0 0
441 442 1 0 0 0
442 443 1 0 0 0
443 444 1 0 0 0
444 445 1 0 0 0
445 446 1 0 0 0
446 447 1 0 0 0
447 448 1 0 0 0
448 449 1 0 0 0
449 450 1 0 0 0
450 451 1 0 0 0
451 452 1 0 0 0
452 453 1 0 0 0
453 454 1 0 0 0
454 455 1 0 0 0
455 456 1 0 0 0
456 457 1 0 0 0
457 458 1 0 0 0
458 459 1 0 0 0
459 460 1 0 0 0
460 461 1 0 0 0
461 462 1 0 0 0
462 463 1 0 0 0
463 464 1 0 0 0
464 465 1 0 0 0
465 466 1 0 0 0
466 467 1 0 0 0
467 468 1 0 0 0
468 469 1 0 0 0
469 470 1 0 0 0
470 471 1 0 0 0
471 472 1 0 0 0
472 473 1 0 0 0
473 474 1 0 0 0
474 475 1 0 0 0
475 476 1 0 0 0
476 477 1 0 0 0
477 478 1 0 0 0
478 479 1 0 0 0
479 480 1 0 0 0
480 481 1 0 0 0
481 482 1 0 0 0
482 483 1 0 0 0
483 484 1 0 0 0
484 485 1 0 0 0
485 486 1 0 0 0
486 487 1 0 0 0
487 488 1 0 0 0
488 489 1 0 0 0
489 490 1 0 0 0
490 491 1 0 0 0
491 492 1 0 0 0
492 493 1 0 0 0
493 494 1 0 0 0
494 495 1 0 0 0
495 496 1 0 0 0
496 497 1 0 0 0
497 498 1 0 0 0
498 499 1 0 0 0
499 500 1 0 0 0
500 501 1 0 0 0
501 502 1 0 0 0
502 503 1 0 0 0
503 504 1 0 0 0
504 505 1 0 0 0
505 506 1 0 0 0
506 507 1 0 0 0
507 508 1 0 0 0
508 509 1 0 0 0
509 510 1 0 0 0
510 511 1 0 0 0
511 512 1 0 0 0
512 513 1 0 0 0
513 514 1 0 0 0
514 515 1 0 0 0
515 516 1 0 0 0
516 517 1 0 0 0
517 518 1 0 0 0
518 519 1 0 0 0
519 520 1 0 0 0
520 521 1 0 0 0
521 522 1 0 0 0
522 523 1 0 0 0
523 524 1 0 0 0
524 525 1 0 0 0
525 526 1 0 0 0
526 527 1 0 0 0
527 528 1 0 0 0
528 529 1 0 0 0
529 530 1 0 0 0
530 531 1 0 0 0
531 532 1 0 0 0
532 533 1 0 0 0
533 534 1 0 0 0
534 535 1 0 0 0
535 536 1 0 0 0
536 537 1 0 0 0
537 538 1 0 0 0
538 539 1 0 0 0
539 540 1 0 0 0
540 541 1 0 0 0
541 542 1 0 0 0
542 543 1 0 0 0
543 544 1 0 0 0
544 545 1 0 0 0
545 546 1 0 0 0
546 547 1 0 0 0
547 548 1 0 0 0
548 549 1 0 0 0
549 550 1 0 0 0
550 551 1 0 0 0
551 552 1 0 0 0
552 553 1 0 0 0
553 554 1 0 0 0
554 555 1 0 0 0
555 556 1 0 0 0
556 557 1 0 0 0
557 558 1 0 0 0
558 559 1 0 0 0
559 560 1 0 0 0
560 561 1 0 0 0
561 562 1 0 0 0
562 563 1 0 0 0
563 564 1 0 0 0
564 565 1 0 0 0
565 566 1 0 0 0
566 567 1 0 0 0
567 568 1 0 0 0
568 569 1 0 0 0
569 570 1 0 0 0
570 571 1 0 0 0
571 572 1 0 0 0
572 573 1 0 0 0
573 574 1 0 0 0
574 575 1 0 0 0
575 576 1 0 0 0
576 577 1 0 0 0
577 578 1 0 0 0
578 579 1 0 0 0
579 580 1 0 0 0
580 581 1 0 0 0
581 582 1 0 0 0
582 583 1 0 0 0
583 584 1 0 0 0
584 585 1 0 0 0
585 586 1 0 0 0
586 587 1 0 0 0
587 588 1 0 0 0
588 589 1 0 0 0
589 590 1 0 0 0
590 591 1 0 0 0
591 592 1 0 0 0
592 593 1 0 0 0
593 594 1 0 0 0
594 595 1 0 0 0
595 596 1 0 0 0
596 597 1 0 0 0
597 598 1 0 0 0
598 599 1 0 0 0
599 600 1 0 0 0
600 601 1 0 0 0
5 5 0
34 2 0 0 4 0 1 78.96 0 -0.3808 5.754 0
6 2 2 0 4 0 1 12.011 0 0.2148 2.693 0
6 2 2 0 4 0 1 12.011 0 0.1441 2.503 0
6 2 2 0 4 0 1 12.011 0 0.1441 2.503 0
6 2 2 0 4 0 1 12.011 0 0.2148 2.693 0
0 1 1 0 1 0
1 2 1 0 1 0
2 3 1 0 1 0
3 4 1 0 1 0
4 0 1 0 1 0
3 2 0
52 2 0 0 4 0 0 127.6 0 -0.3808 5.754 0
6 1 3 0 4 0 0 12.011 0 0.2148 2.693 0
6 1 3 0 4 0 0 12.011 0 0.2148 2.693 0
0 1 1 0 0 0
0 2 1 0 0 0
4 3 0
33 3 0 0 4 0 0 74.922 0 -0.3808 5.754 0
6 1 3 0 4 0 0 12.011 0 0.2148 2.693 0
6 1 3 0 4 0 0 12.011 0 0.2148 2.693 0
6 1 3 0 4 0 0 12.011 0 0.2148 2.693 0
0 1 1 0 0 0
0 2 1 0 0 0
0 3 1 0 0 0
6 5 0
6 1 3 0 4 0 0 12.011 0 0.1441 2.503 0
6 2 2 0 4 0 0 12.011 0 0.2148 2.693 0
32 4 0 0 4 0 0 72.61 0 -0.3808 5.754 0
6 1 3 0 4 0 0 12.011 0 0.2148 2.693 0
6 1 3 0 4 0 0 12.011 0 0.2148 2.693 0
6 1 3 0 4 0 0 12.011 0 0.2148 2.693 0
0 1 1 0 0 0
1 2 1 0 0 0
2 3 1 0 0 0
2 4 1 0 0 0
2 5 1 0 0 0
5 4 0
6 1 3 0 4 0 0 12.011 0 0.2148 2.693 0
50 4 0 0 4 0 0 118.711 0 -0.3808 5.754 0
6 1 3 0 4 0 0 12.011 0 0.2148 2.693 0
6 1 3 0 4 0 0 12.011 0 0.2148 2.693 0
6 1 3 0 4 0 0 12.011 0 0.2148 2.693 0
0 1 1 0 0 0
1 2 1 0 0 0
1 3 1 0 0 0
1 4 1 0 0 0
11 11 1
14 3 0 0 4 0 1 28.086 0.3617425435 -0.3808 5.754 0
6 1 3 0 4 0 0 12.011 -0.02067452324 0.2148 2.693 0
8 2 0 0 4 0 1 15.999 -0.4149388699 -0.0684 1.085 0
14 4 0 0 4 0 1 28.086 0.3135733986 -0.3808 5.754 0
6 1 3 0 4 0 0 12.011 -0.02227443932 0.2148 2.693 0
6 1 3 0 4 0 0 12.011 -0.02227443932 0.2148 2.693 0
8 2 0 0 4 0 1 15.999 -0.4158765311 -0.0684 1.085 0
14 4 0 0 4 0 1 28.086 0.3135733986 -0.3808 5.754 0
6 1 3 0 4 0 0 12.011 -0.02227443932 0.2148 2.693 0
6 1 3 0 4 0 0 12.011 -0.02227443932 0.2148 2.693 0
8 2 0 0 4 0 1 15.999 -0.4149388699 -0.0684 1.085 0
0 1 1 0 0 0
0 2 1 0 1 0
2 3 1 0 1 0
3 4 1 0 0 0
3 5 1 0 0 0
3 6 1 0 1 0
6 7 1 0 1 0
7 8 1 0 0 0
7 9 1 0 0 0
7 10 1 0 1 0
10 0 1 0 1 0
8 8 1
5 2 0 0 3 0 1 10.812 0.4617046399 -0.3808 5.754 0
8 2 0 0 4 0 1 15.999 -0.4288112611 -0.0684 1.085 0
5 3 0 0 3 0 1 10.812 0.609933049 -0.3808 5.754 0
8 1 1 0 4 0 0 15.999 -0.4031833215 -0.2893 0.8238 0
8 2 0 0 4 0 1 15.999 -0.4006552205 -0.0684 1.085 0
5 3 0 0 3 0 1 10.812 0.609933049 -0.3808 5.754 0
8 1 1 0 4 0 0 15.999 -0.4031833215 -0.2893 0.8238 0
8 2 0 0 4 0 1 15.999 -0.4288112611 -0.0684 1.085 0
0 1 1 0 1 0
1 2 1 0 1 0
2 3 1 0 0 0
2 4 1 0 1 0
4 5 1 0 1 0
5 6 1 0 0 0
5 7 1 0 1 0
7 0 1 0 1 0
13 14 0
6 2 1 0 3 1 1 12.011 0 0.1581 3.35 0
6 2 1 0 3 1 1 12.011 0 0.1581 3.35 0
6 2 1 0 3 1 1 12.011 0 0.1581 3.35 0
6 3 0 0 3 1 1 12.011 0 -0.5443 4.041 0
34 2 0 0 4 0 0 78.96 0 -0.3808 5.754 0
6 3 0 0 3 1 1 12.011 0 -0.5443 4.041 0
6 2 1 0 3 1 1 12.011 0 0.1581 3.35 0
6 2 1 0 3 1 1 12.011 0 0.1581 3.35 0
6 2 1 0 3 1 1 12.011 0 0.1581 3.35 0
6 2 1 0 3 1 1 12.011 0 0.1581 3.35 0
6 2 1 0 3 1 1 12.011 0 0.1581 3.35 0
6 2 1 0 3 1 1 12.011 0 0.1581 3.35 0
6 2 1 0 3 1 1 12.011 0 0.1581 3.35 0
0 1 1.5 1 1 0
1 2 1.5 1 1 0
2 3 1.5 1 1 0
3 4 1 0 0 0
4 5 1 0 0 0
5 6 1.5 1 1 0
6 7 1.5 1 1 0
7 8 1.5 1 1 0
8 9 1.5 1 1 0
9 10 1.5 1 1 0
3 11 1.5 1 1 0
11 12 1.5 1 1 0
12 0 1.5 1 1 0
10 5 1.5 1 1 0
5 4 0
78 4 0 0 0 0 0 195.078 0 -0.0025 0 0
17 1 0 0 4 0 0 35.453 0 0.6895 5.853 0
17 1 0 0 4 0 0 35.453 0 0.6895 5.853 0
7 1 2 0 4 0 0 14.007 0 -1.019 2.262 0
7 1 2 0 4 0 0 14.007 0 -1.019 2.262 0
0 1 1 0 0 0
0 2 1 0 0 0
0 3 1 0 0 0
0 4 1 0 0 0
3 2 0
92 2 0 0 2 0 0 238.029 0 0 0 0
8 1 0 0 3 0 0 15.999 0 -0.1188 0.6865 0
8 1 0 0 3 0 0 15.999 0 -0.1188 0.6865 0
0 1 2 0 0 0
0 2 2 0 0 0
10 15 1
6 3 1 0 4 0 1 12.011 -0.03118647729 0 2.433 0
6 3 1 0 4 0 1 12.011 -0.03118647729 0 2.433 0
6 3 1 0 4 0 1 12.011 -0.03118647729 0 2.433 0
6 3 1 0 4 0 1 12.011 -0.03118647729 0 2.433 0
6 3 1 0 4 0 1 12.011 -0.03118647729 0 2.433 0
6 3 1 0 4 0 1 12.011 -0.03118647729 0 2.433 0
6 3 1 0 4 0 1 12.011 -0.03118647729 0 2.433 0
6 3 1 0 4 0 1 12.011 -0.03118647729 0 2.433 0
6 3 1 0 4 0 1 12.011 -0.03118647729 0 2.433 0
6 3 1 0 4 0 1 12.011 -0.03118647729 0 2.433 0
0 1 1 0 1 0
1 2 1 0 1 0
2 3 1 0 1 0
3 4 1 0 1 0
4 5 1 0 1 0
5 6 1 0 1 0
6 7 1 0 1 0
7 8 1 0 1 0
8 9 1 0 1 0
3 0 1 0 1 0
9 4 1 0 1 0
5 0 1 0 1 0
9 6 1 0 1 0
7 1 1 0 1 0
8 2 1 0 1 0
