300
43 51 1
6 1 3 0 4 0 0 12.011 0.07771754552 -0.2035 2.753 0
8 2 0 0 3 0 0 15.999 -0.492857481 -0.4195 1.182 0
6 3 0 0 3 1 1 12.011 0.1605875166 0.5437 3.853 0
6 2 1 0 3 1 1 12.011 -0.01579507139 0.1581 3.35 0
6 2 1 0 3 1 1 12.011 -0.05472234145 0.1581 3.35 0
6 3 0 0 3 1 1 12.011 -0.03852144242 0.136 3.509 0
6 3 0 0 3 1 1 12.011 0.01195107253 0.136 3.509 0
6 3 0 0 3 1 1 12.011 0.1654792098 0.5437 3.853 0
8 2 0 0 3 0 1 15.999 -0.4821880896 -0.4195 1.182 0
6 3 1 0 4 0 1 12.011 0.13911391 -0.2051 2.731 1
6 4 0 0 4 0 1 12.011 0.04761547317 -0.0967 2.576 -1
6 2 2 0 4 0 1 12.011 -0.02618175386 0.1441 2.503 0
6 2 2 0 4 0 1 12.011 -0.0005142658714 -0.2035 2.753 0
7 3 0 0 4 0 1 14.007 -0.2991568658 -0.3187 1.839 0
6 2 2 0 4 0 0 12.011 0.001297752071 -0.2035 2.753 0
6 3 1 0 4 0 1 12.011 -0.02856940702 0 2.433 0
6 2 2 0 4 0 1 12.011 -0.04891446058 0.1441 2.503 0
6 2 2 0 4 0 1 12.011 -0.04891446058 0.1441 2.503 0
6 3 1 0 4 0 1 12.011 0.02026441372 -0.2051 2.731 1
6 2 2 0 4 0 1 12.011 -0.01115381295 -0.0516 2.488 0
6 4 0 0 4 0 1 12.011 0.0009234197447 0 2.433 -1
6 2 2 0 4 0 1 12.011 -0.04211933383 0.1441 2.503 0
6 2 2 0 4 0 1 12.011 -0.01854280644 0.1441 2.503 0
6 4 0 0 4 0 1 12.011 0.1179779509 -0.2051 2.731 1
8 2 0 0 4 0 0 15.999 -0.3732778748 -0.0684 1.085 0
6 1 3 0 4 0 0 12.011 0.03645849675 -0.2035 2.753 0
6 4 0 0 4 0 1 12.011 0.0640958336 0 2.433 -1
6 1 3 0 4 0 0 12.011 -0.04930817195 0.1441 2.503 0
6 3 0 0 3 0 0 12.011 0.1712874637 -0.2783 5.007 0
8 1 0 0 3 0 0 15.999 -0.2934466618 0.1129 0.2215 0
6 3 0 0 3 1 1 12.011 0.01824089205 0.136 3.509 0
6 2 1 0 3 1 1 12.011 -0.05077668919 0.1581 3.35 0
6 2 1 0 3 1 1 12.011 -0.05365966463 0.1581 3.35 0
6 3 0 0 3 1 1 12.011 -0.01835756218 0.2713 3.904 0
6 3 0 0 3 1 1 12.011 -0.01840351834 0.2713 3.904 0
6 2 1 0 3 1 1 12.011 -0.05438322714 0.1581 3.35 0
6 2 1 0 3 1 1 12.011 -0.06165094948 0.1581 3.35 0
6 2 1 0 3 1 1 12.011 -0.06222539489 0.1581 3.35 0
6 2 1 0 3 1 1 12.011 -0.06165094948 0.1581 3.35 0
6 2 1 0 3 1 1 12.011 -0.05438322714 0.1581 3.35 0
6 2 1 0 3 1 1 12.011 -0.05365966463 0.1581 3.35 0
6 2 1 0 3 1 1 12.011 -0.05077668919 0.1581 3.35 0
6 2 2 0 4 0 1 12.011 -0.02936412924 0.1441 2.503 0
0 1 1 0 0 0
1 2 1 1 0 0
2 3 1.5 1 1 0
3 4 1.5 1 1 0
4 5 1.5 1 1 0
5 6 1.5 1 1 0
6 7 1.5 1 1 0
7 8 1 1 1 0
8 9 1 0 1 0
9 10 1 0 1 0
10 11 1 0 1 0
11 12 1 0 1 0
12 13 1 0 1 0
13 14 1 0 0 0
14 15 1 0 0 0
15 16 1 0 1 0
16 17 1 0 1 0
13 18 1 0 1 0
18 19 1 0 1 0
18 20 1 0 1 0
20 21 1 0 1 0
21 22 1 0 1 0
22 23 1 0 1 0
23 24 1 0 0 0
24 25 1 0 0 0
23 26 1 0 1 0
26 27 1 0 0 0
26 28 1 0 0 0
28 29 2 1 0 0
28 30 1 1 0 0
30 31 1.5 1 1 0
31 32 1.5 1 1 0
32 33 1.5 1 1 0
33 34 1 1 0 0
34 35 1.5 1 1 0
35 36 1.5 1 1 0
36 37 1.5 1 1 0
37 38 1.5 1 1 0
38 39 1.5 1 1 0
33 40 1.5 1 1 0
40 41 1.5 1 1 0
26 42 1 0 1 0
7 2 1.5 1 1 0
23 9 1 0 1 0
41 30 1.5 1 1 0
19 5 1 0 1 0
42 20 1 0 1 0
10 6 1 0 1 0
17 15 1 0 1 0
39 34 1.5 1 1 0
20 10 1 0 1 0
20 22 1
9 1 0 0 4 0 0 18.998 -0.2069993733 0.4202 1.108 0
6 3 0 0 3 1 1 12.011 0.1231102049 0 3.257 0
6 2 1 0 3 1 1 12.011 -0.02629902839 0.1581 3.35 0
6 2 1 0 3 1 1 12.011 -0.05895799871 0.1581 3.35 0
6 2 1 0 3 1 1 12.011 -0.0554244282 0.1581 3.35 0
6 3 0 0 3 1 1 12.011 -0.007861853479 0.136 3.509 0
6 2 2 0 4 0 0 12.011 0.1134093265 -0.0516 2.488 0
8 2 0 0 3 0 0 15.999 -0.4887709878 -0.4195 1.182 0
6 3 0 0 3 1 1 12.011 0.123055848 0.5437 3.853 0
6 2 1 0 3 1 1 12.011 -0.01894445116 0.1581 3.35 0
6 2 1 0 3 1 1 12.011 -0.04397416977 0.1581 3.35 0
6 3 0 0 3 1 1 12.011 0.05997505007 0.136 3.509 0
6 3 0 0 3 0 1 12.011 0.1694953214 -0.2783 5.007 0
8 1 0 0 3 0 0 15.999 -0.2939026758 0.1129 0.2215 0
6 2 2 0 4 0 1 12.011 0.04527549338 0.1441 2.503 0
6 2 2 0 4 0 1 12.011 0.09549221824 -0.2035 2.753 0
8 2 0 0 3 0 1 15.999 -0.4922147445 -0.4195 1.182 0
6 3 0 0 3 1 1 12.011 0.1333025273 0.5437 3.853 0
6 2 1 0 3 1 1 12.011 0.0230088975 0.1581 3.35 0
6 2 1 0 3 1 1 12.011 -0.01969672606 0.1581 3.35 0
0 1 1 0 0 0
1 2 1.5 1 1 0
2 3 1.5 1 1 0
3 4 1.5 1 1 0
4 5 1.5 1 1 0
5 6 1 0 0 0
6 7 1 0 0 0
7 8 1 1 0 0
8 9 1.5 1 1 0
9 10 1.5 1 1 0
10 11 1.5 1 1 0
11 12 1 1 1 0
12 13 2 1 0 0
12 14 1 0 1 0
14 15 1 0 1 0
15 16 1 0 1 0
16 17 1 1 1 0
17 18 1.5 1 1 0
5 19 1.5 1 1 0
19 1 1.5 1 1 0
18 8 1.5 1 1 0
17 11 1.5 1 1 0
35 39 1
6 1 3 0 4 0 0 12.011 -0.06186461717 0.1441 2.503 0
6 2 2 0 4 0 0 12.011 -0.03733745158 0.1441 2.503 0
6 2 1 0 3 0 0 12.011 -0.08122411512 0.1551 3.513 0
6 3 0 0 3 0 0 12.011 -0.04643102244 0.264 4.305 0
6 1 3 0 4 0 0 12.011 -0.03944494641 0.1441 2.503 0
6 3 0 0 3 1 1 12.011 -0.004845502254 0.136 3.509 0
6 2 1 0 3 1 1 12.011 -0.04333800675 0.1581 3.35 0
6 2 1 0 3 1 1 12.011 -0.008063002176 0.1581 3.35 0
16 2 0 0 3 1 1 32.067 -0.1436699918 0.6237 6.691 0
6 3 0 0 3 1 1 12.011 0.03820338582 0.136 3.509 0
6 2 1 0 3 0 0 12.011 -0.0007322552339 0.264 4.305 0
6 3 0 0 3 0 1 12.011 0.136935668 0.264 4.305 0
8 2 0 0 3 0 1 15.999 -0.4558408682 -0.4195 1.182 0
6 3 0 0 3 1 1 12.011 0.1388316266 0.5437 3.853 0
6 2 1 0 3 1 1 12.011 -0.01469295958 0.1581 3.35 0
6 2 1 0 3 1 1 12.011 -0.01258057775 0.1581 3.35 0
6 3 0 0 3 1 1 12.011 0.1580745938 0.5437 3.853 0
8 1 1 0 3 0 0 15.999 -0.5042358622 -0.2893 0.8238 0
6 3 0 0 3 1 1 12.011 0.1715791977 0.5437 3.853 0
8 2 0 0 3 0 0 15.999 -0.4920824929 -0.4195 1.182 0
6 1 3 0 4 0 0 12.011 0.07775485159 -0.2035 2.753 0
6 3 0 0 3 1 1 12.011 0.07108222259 0.2713 3.904 0
6 3 0 0 3 1 1 12.011 0.00101961838 0.2713 3.904 0
6 2 1 0 3 1 1 12.011 -0.05126095314 0.1581 3.35 0
6 2 1 0 3 1 1 12.011 -0.0376415364 0.1581 3.35 0
6 3 0 0 3 1 1 12.011 0.04303692728 0.4619 4.067 0
6 3 0 0 3 1 1 12.011 0.01191888914 0.136 3.509 0
6 3 0 0 3 1 1 12.011 0.0349190763 0.136 3.509 0
6 3 0 0 3 0 1 12.011 -0.04273586278 0.264 4.305 0
6 1 3 0 4 0 0 12.011 -0.03930596219 0.1441 2.503 0
6 2 1 0 3 0 1 12.011 -0.05621355501 0.1551 3.513 0
6 4 0 0 4 0 1 12.011 0.05054445821 -0.2051 2.731 0
6 1 3 0 4 0 0 12.011 -0.03850555415 0.1441 2.503 0
6 1 3 0 4 0 0 12.011 -0.03850555415 0.1441 2.503 0
7 2 1 0 3 0 1 14.007 -0.3761631197 -0.5188 3 0
0 1 1 0 0 0
1 2 1 0 0 0
2 3 2 1 0 1
3 4 1 0 0 0
3 5 1 1 0 0
5 6 1.5 1 1 0
6 7 1.5 1 1 0
7 8 1.5 1 1 0
8 9 1.5 1 1 0
9 10 1 1 0 0
10 11 2 1 0 -1
11 12 1 1 1 0
12 13 1 1 1 0
13 14 1.5 1 1 0
14 15 1.5 1 1 0
15 16 1.5 1 1 0
16 17 1 1 0 0
16 18 1.5 1 1 0
18 19 1 1 0 0
19 20 1 0 0 0
18 21 1.5 1 1 0
21 22 1 1 1 0
22 23 1.5 1 1 0
23 24 1.5 1 1 0
24 25 1.5 1 1 0
25 26 1.5 1 1 0
26 27 1.5 1 1 0
26 28 1 1 1 0
28 29 1 0 0 0
28 30 2 1 1 0
30 31 1 0 1 0
31 32 1 0 0 0
31 33 1 0 0 0
31 34 1 0 1 0
9 5 1.5 1 1 0
27 11 1 1 1 0
21 13 1.5 1 1 0
27 22 1.5 1 1 0
34 25 1 1 1 0
30 34 1
8 1 0 0 3 0 0 15.999 -0.252092321 -0.1526 0 0
6 3 0 0 3 0 0 12.011 0.3072955829 -0.2783 5.007 0
8 1 1 0 3 0 0 15.999 -0.4809909249 -0.2893 0.8238 0
6 3 1 0 4 0 1 12.011 0.06942303016 0 2.433 1
6 2 2 0 4 0 1 12.011 -0.03743018315 0.1441 2.503 0
6 2 2 0 4 0 1 12.011 -0.03953101323 0.1441 2.503 0
6 2 2 0 4 0 1 12.011 -0.00152278936 -0.2035 2.753 0
7 3 0 0 4 0 1 14.007 -0.2994828933 -0.3187 1.839 0
6 3 1 0 4 0 1 12.011 0.01089132774 -0.2051 2.731 0
6 2 2 0 4 0 1 12.011 -0.03619873803 0.1441 2.503 0
6 2 2 0 4 0 1 12.011 -0.03444374076 0.1441 2.503 0
6 4 0 0 4 0 1 12.011 0.06388215007 -0.0967 2.576 0
6 2 2 0 4 0 1 12.011 -0.02025307175 0.1441 2.503 0
6 3 0 0 3 0 1 12.011 0.1768756217 -0.2783 5.007 0
8 1 0 0 3 0 0 15.999 -0.2930208944 0.1129 0.2215 0
6 3 0 0 3 1 1 12.011 0.06265763102 0.136 3.509 0
6 2 1 0 3 1 1 12.011 -0.02886923858 0.1581 3.35 0
6 3 0 0 3 1 1 12.011 0.04154680996 0.245 3.564 0
17 1 0 0 4 0 0 35.453 -0.08431482801 0.6895 5.853 0
6 2 1 0 3 1 1 12.011 -0.03977431821 0.1581 3.35 0
6 2 1 0 3 1 1 12.011 -0.01706316241 0.1581 3.35 0
6 3 0 0 3 1 1 12.011 0.1378805272 0.5437 3.853 0
8 2 0 0 3 0 1 15.999 -0.4562836343 -0.4195 1.182 0
6 3 0 0 3 1 1 12.011 0.1311855599 0.5437 3.853 0
6 2 1 0 3 1 1 12.011 -0.01898288504 0.1581 3.35 0
6 2 1 0 3 1 1 12.011 -0.05854042463 0.1581 3.35 0
6 2 1 0 3 1 1 12.011 -0.06168856101 0.1581 3.35 0
6 2 1 0 3 1 1 12.011 -0.0542842967 0.1581 3.35 0
6 3 0 0 3 1 1 12.011 0.008786442179 0.136 3.509 0
6 2 2 0 4 0 1 12.011 0.0117919116 -0.2035 2.753 0
0 1 2 1 0 0
1 2 1 1 0 0
1 3 1 0 0 0
3 4 1 0 1 0
4 5 1 0 1 0
5 6 1 0 1 0
6 7 1 0 1 0
7 8 1 0 0 0
8 9 1 0 1 0
9 10 1 0 1 0
10 11 1 0 1 0
11 12 1 0 1 0
11 13 1 0 1 0
13 14 2 1 0 0
13 15 1 1 1 0
15 16 1.5 1 1 0
16 17 1.5 1 1 0
17 18 1 0 0 0
17 19 1.5 1 1 0
19 20 1.5 1 1 0
20 21 1.5 1 1 0
21 22 1 1 1 0
22 23 1 1 1 0
23 24 1.5 1 1 0
24 25 1.5 1 1 0
25 26 1.5 1 1 0
26 27 1.5 1 1 0
27 28 1.5 1 1 0
7 29 1 0 1 0
29 3 1 0 1 0
12 8 1 0 1 0
21 15 1.5 1 1 0
28 23 1.5 1 1 0
28 11 1 0 1 0
26 28 1
6 1 3 0 4 0 0 12.011 -0.04739497087 0.1441 2.503 0
6 2 2 0 4 0 0 12.011 0.01854532419 -0.2035 2.753 0
7 3 0 0 3 0 0 14.007 -0.3327516181 -0.3187 1.839 0
6 3 0 0 3 0 0 12.011 0.272524028 -0.2783 5.007 0
8 1 0 0 3 0 0 15.999 -0.2672623627 0.1129 0.2215 0
6 3 0 0 3 1 1 12.011 0.1320940879 0.136 3.509 0
6 2 1 0 3 1 1 12.011 -0.02833874329 0.1581 3.35 0
6 2 1 0 3 1 1 12.011 -0.03082026535 0.1581 3.35 0
6 3 0 0 3 1 1 12.011 0.1003287031 0.4619 4.067 0
7 3 0 0 3 0 1 14.007 -0.3549460553 -0.4458 2.819 0
6 2 2 0 4 0 1 12.011 0.08396470431 -0.2035 2.753 0
6 4 0 0 4 0 1 12.011 0.2817847651 -0.2051 2.731 0
9 1 0 0 4 0 0 18.998 -0.202791016 0.4202 1.108 0
9 1 0 0 4 0 0 18.998 -0.202791016 0.4202 1.108 0
6 2 2 0 4 0 1 12.011 0.08396470431 -0.2035 2.753 0
6 3 0 0 3 1 1 12.011 0.2378562305 0.5437 3.853 0
8 2 0 0 3 0 0 15.999 -0.475886018 -0.4195 1.182 0
6 2 2 0 4 0 0 12.011 0.09282428764 -0.2035 2.753 0
6 3 1 0 4 0 1 12.011 -0.006947206933 0 2.433 0
6 2 2 0 4 0 1 12.011 -0.04680729994 0.1441 2.503 0
6 2 2 0 4 0 1 12.011 -0.04680729994 0.1441 2.503 0
7 2 0 0 3 1 1 14.007 -0.2064228526 -0.3239 2.202 0
6 4 0 0 4 0 0 12.011 0.03481544773 -0.2051 2.731 0
6 1 3 0 4 0 0 12.011 -0.0421491121 0.1441 2.503 0
6 1 3 0 4 0 0 12.011 -0.0421491121 0.1441 2.503 0
6 1 3 0 4 0 0 12.011 -0.0421491121 0.1441 2.503 0
0 1 1 0 0 0
1 2 1 0 0 0
2 3 1 1 0 0
3 4 2 1 0 0
3 5 1 1 0 0
5 6 1.5 1 1 0
6 7 1.5 1 1 0
7 8 1.5 1 1 0
8 9 1 1 0 0
9 10 1 0 1 0
10 11 1 0 1 0
11 12 1 0 0 0
11 13 1 0 0 0
11 14 1 0 1 0
8 15 1.5 1 1 0
15 16 1 1 0 0
16 17 1 0 0 0
17 18 1 0 0 0
18 19 1 0 1 0
19 20 1 0 1 0
15 21 1.5 1 1 0
2 22 1 0 0 0
22 23 1 0 0 0
22 24 1 0 0 0
22 25 1 0 0 0
21 5 1.5 1 1 0
14 9 1 0 1 0
20 18 1 0 1 0
28 31 1
6 1 3 0 4 0 0 12.011 0.07762760221 -0.2035 2.753 0
8 2 0 0 3 0 0 15.999 -0.4944753257 -0.4195 1.182 0
6 3 0 0 3 1 1 12.011 0.1445744371 0.5437 3.853 0
6 2 1 0 3 1 1 12.011 0.01805117326 0.1581 3.35 0
6 3 0 0 3 1 1 12.011 0.1265539577 0 3.257 0
9 1 0 0 4 0 0 18.998 -0.2068626253 0.4202 1.108 0
6 2 1 0 3 1 1 12.011 -0.02398044043 0.1581 3.35 0
6 2 1 0 3 1 1 12.011 -0.03202188468 0.1581 3.35 0
6 3 0 0 3 1 1 12.011 0.07963374452 0.4619 4.067 0
7 3 0 0 3 0 1 14.007 -0.3659747711 -0.4458 2.819 0
6 2 2 0 4 0 1 12.011 0.03071627186 -0.2035 2.753 0
6 2 2 0 4 0 1 12.011 0.01585834462 -0.2035 2.753 0
7 3 0 0 4 0 1 14.007 -0.2997143546 -0.3187 1.839 0
6 2 2 0 4 0 0 12.011 0.001077533641 -0.2035 2.753 0
6 2 2 0 4 0 0 12.011 -0.009864598925 0.1441 2.503 0
6 3 1 0 4 0 0 12.011 0.08158469183 0.1193 2.582 0
8 1 1 0 4 0 0 15.999 -0.3883163601 -0.2893 0.8238 0
6 3 0 0 3 1 1 12.011 -0.0009324996024 0.136 3.509 0
6 2 1 0 3 1 1 12.011 -0.002254015823 0.1581 3.35 0
16 2 0 0 3 1 1 32.067 -0.1434209706 0.6237 6.691 0
6 3 0 0 3 1 1 12.011 0.03460726502 0.2955 4.346 0
6 2 1 0 3 1 1 12.011 -0.04432425862 0.1581 3.35 0
6 2 1 0 3 1 1 12.011 -0.06082042506 0.1581 3.35 0
6 2 1 0 3 1 1 12.011 -0.0615598788 0.1581 3.35 0
6 2 1 0 3 1 1 12.011 -0.05315983004 0.1581 3.35 0
6 3 0 0 3 1 1 12.011 -0.001778024579 0.2955 4.346 0
6 2 2 0 4 0 1 12.011 0.01585834462 -0.2035 2.753 0
6 2 2 0 4 0 1 12.011 0.03071627186 -0.2035 2.753 0
0 1 1 0 0 0
1 2 1 1 0 0
2 3 1.5 1 1 0
3 4 1.5 1 1 0
4 5 1 0 0 0
4 6 1.5 1 1 0
6 7 1.5 1 1 0
7 8 1.5 1 1 0
8 9 1 1 0 0
9 10 1 0 1 0
10 11 1 0 1 0
11 12 1 0 1 0
12 13 1 0 0 0
13 14 1 0 0 0
14 15 1 0 0 0
15 16 1 0 0 0
15 17 1 0 0 0
17 18 1.5 1 1 0
18 19 1.5 1 1 0
19 20 1.5 1 1 0
20 21 1.5 1 1 0
21 22 1.5 1 1 0
22 23 1.5 1 1 0
23 24 1.5 1 1 0
24 25 1.5 1 1 0
12 26 1 0 1 0
26 27 1 0 1 0
8 2 1.5 1 1 0
27 9 1 0 1 0
25 17 1.5 1 1 0
25 20 1.5 1 1 0
18 20 1
6 1 3 0 4 0 0 12.011 -0.01644387675 -0.2035 2.753 0
7 2 1 0 4 0 0 14.007 -0.3197179121 -0.7096 2.173 0
6 2 2 0 4 0 0 12.011 -0.004287227967 -0.2035 2.753 0
6 2 2 0 4 0 0 12.011 -0.02963593372 0.1441 2.503 0
6 3 1 0 4 0 1 12.011 0.0107041604 0.1193 2.582 0
6 3 0 0 3 1 1 12.011 -0.03690773481 0.136 3.509 0
6 2 1 0 3 1 1 12.011 -0.05813443414 0.1581 3.35 0
6 2 1 0 3 1 1 12.011 -0.06195168087 0.1581 3.35 0
6 2 1 0 3 1 1 12.011 -0.06196193537 0.1581 3.35 0
6 2 1 0 3 1 1 12.011 -0.058409226 0.1581 3.35 0
6 3 0 0 3 1 1 12.011 -0.03978490304 0.136 3.509 0
6 2 2 0 4 0 1 12.011 -0.001985862383 -0.0516 2.488 0
6 3 0 0 3 1 1 12.011 -0.03978490304 0.136 3.509 0
6 2 1 0 3 1 1 12.011 -0.058409226 0.1581 3.35 0
6 2 1 0 3 1 1 12.011 -0.06196193537 0.1581 3.35 0
6 2 1 0 3 1 1 12.011 -0.06195168087 0.1581 3.35 0
6 2 1 0 3 1 1 12.011 -0.05813443414 0.1581 3.35 0
6 3 0 0 3 1 1 12.011 -0.03690773481 0.136 3.509 0
0 1 1 0 0 0
1 2 1 0 0 0
2 3 1 0 0 0
3 4 1 0 0 0
4 5 1 0 1 0
5 6 1.5 1 1 0
6 7 1.5 1 1 0
7 8 1.5 1 1 0
8 9 1.5 1 1 0
9 10 1.5 1 1 0
10 11 1 0 1 0
11 12 1 0 1 0
12 13 1.5 1 1 0
13 14 1.5 1 1 0
14 15 1.5 1 1 0
15 16 1.5 1 1 0
16 17 1.5 1 1 0
17 4 1 0 1 0
10 5 1.5 1 1 0
17 12 1.5 1 1 0
27 30 1
6 1 3 0 4 0 0 12.011 0.005524739386 -0.2035 2.753 0
7 2 1 0 3 0 0 14.007 -0.3645703641 -0.5188 3 0
6 3 0 0 3 1 1 12.011 0.1827609364 0.4619 4.067 0
7 2 0 0 3 1 1 14.007 -0.2249573216 -0.3239 2.202 0
6 3 0 0 3 1 1 12.011 0.06006460664 0.136 3.509 0
6 1 3 0 4 0 0 12.011 -0.02057956872 0.08452 2.464 0
6 3 0 0 3 1 1 12.011 0.07779926182 0.2713 3.904 0
6 3 0 0 3 1 1 12.011 0.08774030607 0.2713 3.904 0
6 2 1 0 3 1 1 12.011 -0.01623502143 0.1581 3.35 0
6 2 1 0 3 1 1 12.011 0.03303927147 0.1581 3.35 0
7 2 0 0 3 1 1 14.007 -0.2213277954 -0.3239 2.202 0
6 3 0 0 3 1 1 12.011 0.227249004 0.4619 4.067 0
7 2 1 0 3 0 0 14.007 -0.3241669311 -0.5188 3 0
6 3 0 0 3 1 1 12.011 0.04102294374 0.4619 4.067 0
6 2 1 0 3 1 1 12.011 -0.0364686936 0.1581 3.35 0
6 2 1 0 3 1 1 12.011 -0.03669082233 0.1581 3.35 0
6 3 0 0 3 1 1 12.011 0.03680976852 0.4619 4.067 0
7 3 0 0 3 0 1 14.007 -0.3689836135 -0.4458 2.819 0
6 2 2 0 4 0 1 12.011 0.03033457427 -0.2035 2.753 0
6 2 2 0 4 0 1 12.011 0.01284161296 -0.2035 2.753 0
7 2 1 0 4 0 1 14.007 -0.3132151098 -0.7096 2.173 0
6 2 2 0 4 0 1 12.011 0.01284161296 -0.2035 2.753 0
6 2 2 0 4 0 1 12.011 0.03033457427 -0.2035 2.753 0
6 2 1 0 3 1 1 12.011 -0.03669082233 0.1581 3.35 0
6 2 1 0 3 1 1 12.011 -0.0364686936 0.1581 3.35 0
7 2 0 0 3 1 1 14.007 -0.211809599 -0.3239 2.202 0
16 2 0 0 3 1 1 32.067 -0.09509802317 0.6237 6.691 0
0 1 1 0 0 0
1 2 1 1 0 0
2 3 1.5 1 1 0
3 4 1.5 1 1 0
4 5 1 0 0 0
4 6 1.5 1 1 0
6 7 1 1 0 0
7 8 1.5 1 1 0
8 9 1.5 1 1 0
9 10 1.5 1 1 0
10 11 1.5 1 1 0
11 12 1 1 0 0
12 13 1 1 0 0
13 14 1.5 1 1 0
14 15 1.5 1 1 0
15 16 1.5 1 1 0
16 17 1 1 0 0
17 18 1 0 1 0
18 19 1 0 1 0
19 20 1 0 1 0
20 21 1 0 1 0
21 22 1 0 1 0
16 23 1.5 1 1 0
23 24 1.5 1 1 0
11 25 1.5 1 1 0
6 26 1.5 1 1 0
26 2 1.5 1 1 0
25 7 1.5 1 1 0
24 13 1.5 1 1 0
22 17 1 0 1 0
32 36 1
6 1 3 0 4 0 0 12.011 0.006110543609 -0.2035 2.753 0
7 3 0 0 3 0 0 14.007 -0.377507518 -0.4458 2.819 0
6 1 3 0 4 0 0 12.011 0.006110543609 -0.2035 2.753 0
6 3 0 0 3 1 1 12.011 0.04130270175 0.4619 4.067 0
6 2 1 0 3 1 1 12.011 -0.02017945235 0.1581 3.35 0
6 2 1 0 3 1 1 12.011 0.03128083662 0.1581 3.35 0
7 2 0 0 3 1 1 14.007 -0.2391796816 -0.3239 2.202 0
6 3 0 0 3 1 1 12.011 0.1303761334 0.4619 4.067 0
7 3 0 0 3 0 1 14.007 -0.3510825754 -0.4458 2.819 0
6 2 2 0 4 0 1 12.011 0.02451820084 -0.2035 2.753 0
6 3 1 0 4 0 1 12.011 0.0002658256188 0 2.433 -1
6 2 2 0 4 0 1 12.011 -0.02884748556 0.1441 2.503 0
6 2 2 0 4 0 1 12.011 0.02128505063 -0.2035 2.753 0
7 3 0 0 3 0 1 14.007 -0.3365381194 -0.3187 1.839 0
6 3 0 0 3 0 0 12.011 0.2542812171 -0.2783 5.007 0
8 1 0 0 3 0 0 15.999 -0.2690577177 0.1129 0.2215 0
6 3 0 0 3 1 1 12.011 0.05350681964 0.136 3.509 0
6 2 1 0 3 1 1 12.011 -0.04849225099 0.1581 3.35 0
6 2 1 0 3 1 1 12.011 -0.05851494385 0.1581 3.35 0
6 2 1 0 3 1 1 12.011 -0.02549809918 0.1581 3.35 0
6 3 0 0 3 1 1 12.011 0.1345335067 0 3.257 0
9 1 0 0 4 0 0 18.998 -0.2061708704 0.4202 1.108 0
6 3 0 0 3 1 1 12.011 0.06764060848 0.2713 3.904 0
6 3 0 0 3 1 1 12.011 0.1624002337 0.2713 3.904 0
7 2 0 0 3 1 1 14.007 -0.2364708217 -0.3239 2.202 0
6 2 1 0 3 1 1 12.011 0.03086277155 0.1581 3.35 0
6 2 1 0 3 1 1 12.011 -0.02531159363 0.1581 3.35 0
6 2 1 0 3 1 1 12.011 0.03086277155 0.1581 3.35 0
7 2 0 0 3 1 1 14.007 -0.2364708217 -0.3239 2.202 0
6 2 2 0 4 0 1 12.011 0.04163731837 -0.2035 2.753 0
6 3 1 0 4 0 1 12.011 0.0525814956 -0.2051 2.731 1
6 2 1 0 3 1 1 12.011 0.004035514112 0.1581 3.35 0
0 1 1 0 0 0
1 2 1 0 0 0
1 3 1 1 0 0
3 4 1.5 1 1 0
4 5 1.5 1 1 0
5 6 1.5 1 1 0
6 7 1.5 1 1 0
7 8 1 1 0 0
8 9 1 0 1 0
9 10 1 0 1 0
10 11 1 0 1 0
11 12 1 0 1 0
12 13 1 0 1 0
13 14 1 1 0 0
14 15 2 1 0 0
14 16 1 1 0 0
16 17 1.5 1 1 0
17 18 1.5 1 1 0
18 19 1.5 1 1 0
19 20 1.5 1 1 0
20 21 1 0 0 0
20 22 1.5 1 1 0
22 23 1 1 0 0
23 24 1.5 1 1 0
24 25 1.5 1 1 0
25 26 1.5 1 1 0
26 27 1.5 1 1 0
27 28 1.5 1 1 0
13 29 1 0 1 0
29 30 1 0 1 0
7 31 1.5 1 1 0
31 3 1.5 1 1 0
30 8 1 0 1 0
30 10 1 0 1 0
22 16 1.5 1 1 0
28 23 1.5 1 1 0
25 26 1
6 1 3 0 4 0 0 12.011 -0.06538147977 0.1441 2.503 0
6 2 2 0 4 0 0 12.011 -0.05611588117 0.1441 2.503 0
6 2 2 0 4 0 0 12.011 -0.05192664447 0.1441 2.503 0
6 2 2 0 4 0 0 12.011 -0.03011517442 0.1441 2.503 0
6 3 1 0 4 0 0 12.011 0.1099053656 -0.2051 2.731 0
16 2 0 0 4 0 0 32.067 -0.07076712513 0.6482 7.591 0
6 3 0 0 3 1 1 12.011 0.1912874278 0.1893 2.673 0
7 2 0 0 3 1 1 14.007 -0.2104520841 -0.3239 2.202 0
6 3 0 0 3 1 1 12.011 0.1353149714 0.245 3.564 0
17 1 0 0 4 0 0 35.453 -0.06206234299 0.6895 5.853 0
6 2 1 0 3 1 1 12.011 0.01838484331 0.1581 3.35 0
6 3 0 0 3 1 1 12.011 0.1360223809 0.4619 4.067 0
7 2 1 0 3 0 0 14.007 -0.3398306051 -0.5188 3 0
6 3 0 0 3 1 1 12.011 0.04276691787 0.4619 4.067 0
6 2 1 0 3 1 1 12.011 -0.03828109035 0.1581 3.35 0
6 2 1 0 3 1 1 12.011 -0.05991792951 0.1581 3.35 0
6 2 1 0 3 1 1 12.011 -0.05891020772 0.1581 3.35 0
6 3 0 0 3 1 1 12.011 -0.04613486095 0.136 3.509 0
6 1 3 0 4 0 0 12.011 -0.03943418235 0.08452 2.464 0
6 3 0 0 3 1 1 12.011 -0.02460694855 0.136 3.509 0
6 1 3 0 4 0 0 12.011 -0.03744874075 0.08452 2.464 0
7 2 0 0 3 1 1 14.007 -0.2049822172 -0.3239 2.202 0
6 3 0 0 3 0 0 12.011 0.3166005518 -0.2783 5.007 0
8 1 0 0 3 0 0 15.999 -0.2511273888 -0.1526 0 0
8 1 1 0 3 0 0 15.999 -0.4804051432 -0.2893 0.8238 0
0 1 1 0 0 0
1 2 1 0 0 0
2 3 1 0 0 0
3 4 1 0 0 0
4 5 1 0 0 0
5 6 1 0 0 0
6 7 1.5 1 1 0
7 8 1.5 1 1 0
8 9 1 0 0 0
8 10 1.5 1 1 0
10 11 1.5 1 1 0
11 12 1 1 0 0
12 13 1 1 0 0
13 14 1.5 1 1 0
14 15 1.5 1 1 0
15 16 1.5 1 1 0
16 17 1.5 1 1 0
17 18 1 0 0 0
17 19 1.5 1 1 0
19 20 1 0 0 0
11 21 1.5 1 1 0
4 22 1 0 0 0
22 23 2 1 0 0
22 24 1 1 0 0
21 6 1.5 1 1 0
19 13 1.5 1 1 0
32 37 1
6 1 3 0 4 0 0 12.011 -0.02220264159 0.08452 2.464 0
6 3 0 0 3 1 1 12.011 0.03799599331 0.136 3.509 0
6 2 1 0 3 1 1 12.011 -0.0401469002 0.1581 3.35 0
6 2 1 0 3 1 1 12.011 -0.04892299701 0.1581 3.35 0
6 3 0 0 3 1 1 12.011 0.02358054805 0.2955 4.346 0
6 3 0 0 3 1 1 12.011 0.04621190146 0.4619 4.067 0
7 3 0 0 3 0 1 14.007 -0.3684186521 -0.4458 2.819 0
6 2 2 0 4 0 1 12.011 0.03061016107 -0.2035 2.753 0
6 2 2 0 4 0 1 12.011 0.01586740734 -0.2035 2.753 0
7 3 0 0 4 0 1 14.007 -0.2994928109 -0.3187 1.839 0
6 2 2 0 4 0 0 12.011 0.002471785292 -0.2035 2.753 0
6 2 2 0 4 0 0 12.011 -0.01128429388 -0.0516 2.488 0
6 3 0 0 3 1 1 12.011 -0.002331531808 0.136 3.509 0
6 2 1 0 3 1 1 12.011 -0.0551409042 0.1581 3.35 0
6 2 1 0 3 1 1 12.011 -0.05956757484 0.1581 3.35 0
6 2 1 0 3 1 1 12.011 -0.03237825557 0.1581 3.35 0
6 3 0 0 3 1 1 12.011 0.110964821 0.2713 3.904 0
6 3 0 0 3 1 1 12.011 0.1485293235 0.5437 3.853 0
8 2 0 0 3 0 1 15.999 -0.482967193 -0.4195 1.182 0
6 2 2 0 4 0 1 12.011 0.1499711064 -0.0516 2.488 0
6 3 0 0 3 1 1 12.011 0.1937006204 0.136 3.509 0
7 2 0 0 3 1 1 14.007 -0.1096360414 -0.3239 2.202 0
7 2 0 0 3 1 1 14.007 -0.02326976704 -0.3239 2.202 0
7 2 0 0 3 1 1 14.007 -0.0395914271 -0.3239 2.202 0
7 3 0 0 3 1 1 14.007 -0.189944305 -0.3239 2.202 0
6 2 2 0 4 0 1 12.011 0.01586740734 -0.2035 2.753 0
6 2 2 0 4 0 1 12.011 0.03061016107 -0.2035 2.753 0
6 2 1 0 3 1 1 12.011 -0.03797963088 0.1581 3.35 0
6 2 1 0 3 1 1 12.011 -0.05801662181 0.1581 3.35 0
6 2 1 0 3 1 1 12.011 -0.0356485019 0.1581 3.35 0
6 3 0 0 3 1 1 12.011 0.0725504984 0.2955 4.346 0
7 2 0 0 3 1 1 14.007 -0.2530617036 -0.3239 2.202 0
0 1 1 0 0 0
1 2 1.5 1 1 0
2 3 1.5 1 1 0
3 4 1.5 1 1 0
4 5 1.5 1 1 0
5 6 1 1 0 0
6 7 1 0 1 0
7 8 1 0 1 0
8 9 1 0 1 0
9 10 1 0 0 0
10 11 1 0 0 0
11 12 1 0 0 0
12 13 1.5 1 1 0
13 14 1.5 1 1 0
14 15 1.5 1 1 0
15 16 1.5 1 1 0
16 17 1.5 1 1 0
17 18 1 1 1 0
18 19 1 0 1 0
19 20 1 0 1 0
20 21 1.5 1 1 0
21 22 1.5 1 1 0
22 23 1.5 1 1 0
23 24 1.5 1 1 0
9 25 1 0 1 0
25 26 1 0 1 0
5 27 1.5 1 1 0
27 28 1.5 1 1 0
28 29 1.5 1 1 0
29 30 1.5 1 1 0
30 31 1.5 1 1 0
31 1 1.5 1 1 0
30 4 1.5 1 1 0
26 6 1 0 1 0
17 12 1.5 1 1 0
24 20 1.5 1 1 0
24 16 1 1 1 0
23 26 1
6 2 1 0 3 1 1 12.011 -0.06007608149 0.1581 3.35 0
6 2 1 0 3 1 1 12.011 -0.06144050355 0.1581 3.35 0
6 2 1 0 3 1 1 12.011 -0.0507171244 0.1581 3.35 0
6 3 0 0 3 1 1 12.011 0.02366065732 0.2955 4.346 0
6 3 0 0 3 1 1 12.011 0.0486507141 0.4619 4.067 0
7 2 1 0 3 0 0 14.007 -0.3829343282 -0.5188 3 0
6 2 2 0 4 0 0 12.011 0.02746257784 -0.2035 2.753 0
6 2 2 0 4 0 0 12.011 0.01552425358 -0.2035 2.753 0
7 3 0 0 4 0 1 14.007 -0.301590801 -0.3187 1.839 0
6 2 2 0 4 0 1 12.011 -0.001798027802 -0.2035 2.753 0
6 2 2 0 4 0 1 12.011 -0.04036818553 0.1441 2.503 0
6 2 2 0 4 0 1 12.011 -0.05087039297 0.1441 2.503 0
6 2 2 0 4 0 1 12.011 -0.04036818553 0.1441 2.503 0
6 2 2 0 4 0 1 12.011 -0.001798027802 -0.2035 2.753 0
6 3 0 0 3 1 1 12.011 -0.002570006169 0.136 3.509 0
6 3 0 0 3 1 1 12.011 0.04634310522 0.136 3.509 0
7 2 0 0 3 1 1 14.007 -0.2523972688 -0.3239 2.202 0
6 3 0 0 3 1 1 12.011 0.07257892018 0.2955 4.346 0
6 2 1 0 3 1 1 12.011 -0.03572350184 0.1581 3.35 0
6 2 2 0 4 0 1 12.011 -0.01002256355 -0.0516 2.488 0
6 2 2 0 4 0 1 12.011 -0.04739498487 0.1441 2.503 0
6 2 2 0 4 0 1 12.011 -0.04871610211 0.1441 2.503 0
6 2 2 0 4 0 1 12.011 -0.02398977726 -0.0516 2.488 0
0 1 1.5 1 1 0
1 2 1.5 1 1 0
2 3 1.5 1 1 0
3 4 1.5 1 1 0
4 5 1 1 0 0
5 6 1 0 0 0
6 7 1 0 0 0
7 8 1 0 0 0
8 9 1 0 1 0
9 10 1 0 1 0
10 11 1 0 1 0
11 12 1 0 1 0
12 13 1 0 1 0
4 14 1.5 1 1 0
14 15 1.5 1 1 0
15 16 1.5 1 1 0
16 17 1.5 1 1 0
17 18 1.5 1 1 0
15 19 1 0 1 0
19 20 1 0 1 0
20 21 1 0 1 0
21 22 1 0 1 0
18 0 1.5 1 1 0
17 3 1.5 1 1 0
13 8 1 0 1 0
22 14 1 0 1 0
32 35 1
6 1 3 0 4 0 0 12.011 0.03547631505 -0.2035 2.753 0
8 2 0 0 4 0 0 15.999 -0.3841558774 -0.0684 1.085 0
6 2 2 0 4 0 0 12.011 0.05496265123 -0.2035 2.753 0
6 2 2 0 4 0 0 12.011 0.04994716086 0.1441 2.503 0
6 3 0 0 3 0 0 12.011 0.2220315462 -0.2783 5.007 0
8 1 0 0 3 0 0 15.999 -0.2750366651 -0.1526 0 0
7 2 1 0 3 0 0 14.007 -0.3533004151 -0.7096 2.173 0
6 3 1 0 4 0 1 12.011 0.02878291412 -0.2051 2.731 0
6 2 2 0 4 0 1 12.011 -0.03252000493 0.1441 2.503 0
6 2 2 0 4 0 1 12.011 -0.04844844788 0.1441 2.503 0
6 3 1 0 4 0 1 12.011 -0.04006088481 0 2.433 0
6 2 2 0 4 0 0 12.011 -0.03756043594 0.1441 2.503 0
6 2 2 0 4 0 0 12.011 -0.001608831143 -0.2035 2.753 0
7 3 0 0 4 0 1 14.007 -0.3032805014 -0.3187 1.839 0
6 2 2 0 4 0 1 12.011 -0.001230146455 -0.2035 2.753 0
6 2 2 0 4 0 1 12.011 -0.03178047926 0.1441 2.503 0
6 3 1 0 4 0 1 12.011 0.007759960721 0.1193 2.582 0
6 3 0 0 3 1 1 12.011 0.09466993531 0.136 3.509 0
7 2 0 0 3 1 1 14.007 -0.08337795671 -0.3239 2.202 0
8 2 0 0 3 1 1 15.999 -0.3558871097 0.1552 1.08 0
6 3 0 0 3 1 1 12.011 0.16978241 0.2955 4.346 0
6 2 1 0 3 1 1 12.011 0.02310641841 0.1581 3.35 0
6 3 0 0 3 1 1 12.011 0.1621848205 0 3.257 0
9 1 0 0 4 0 0 18.998 -0.2036175891 0.4202 1.108 0
6 3 0 0 3 1 1 12.011 0.1592752128 0 3.257 0
9 1 0 0 4 0 0 18.998 -0.2037394417 0.4202 1.108 0
6 2 1 0 3 1 1 12.011 -0.01015333753 0.1581 3.35 0
6 3 0 0 3 1 1 12.011 0.04828347827 0.2955 4.346 0
6 2 2 0 4 0 1 12.011 -0.03178047926 0.1441 2.503 0
6 2 2 0 4 0 1 12.011 -0.001230146455 -0.2035 2.753 0
6 2 2 0 4 0 1 12.011 -0.04844844788 0.1441 2.503 0
6 2 2 0 4 0 1 12.011 -0.03252000493 0.1441 2.503 0
0 1 1 0 0 0
1 2 1 0 0 0
2 3 1 0 0 0
3 4 1 0 0 0
4 5 2 1 0 0
4 6 1 1 0 0
6 7 1 0 0 0
7 8 1 0 1 0
8 9 1 0 1 0
9 10 1 0 1 0
10 11 1 0 0 0
11 12 1 0 0 0
12 13 1 0 0 0
13 14 1 0 1 0
14 15 1 0 1 0
15 16 1 0 1 0
16 17 1 0 0 0
17 18 1.5 1 1 0
18 19 1.5 1 1 0
19 20 1.5 1 1 0
20 21 1.5 1 1 0
21 22 1.5 1 1 0
22 23 1 0 0 0
22 24 1.5 1 1 0
24 25 1 0 0 0
24 26 1.5 1 1 0
26 27 1.5 1 1 0
16 28 1 0 1 0
28 29 1 0 1 0
10 30 1 0 1 0
30 31 1 0 1 0
31 7 1 0 1 0
29 13 1 0 1 0
27 17 1.5 1 1 0
27 20 1.5 1 1 0
18 19 1
6 1 3 0 4 0 0 12.011 -0.01332278805 -0.2035 2.753 0
7 3 0 0 4 0 0 14.007 -0.3047672387 -0.3187 1.839 0
6 2 2 0 4 0 0 12.011 0.001931114502 -0.2035 2.753 0
6 2 2 0 4 0 0 12.011 -0.01504681964 -0.0516 2.488 0
6 3 0 0 3 1 1 12.011 -0.04666918192 0.136 3.509 0
6 2 1 0 3 1 1 12.011 -0.05787429108 0.1581 3.35 0
6 2 1 0 3 1 1 12.011 -0.0477040858 0.1581 3.35 0
6 3 0 0 3 1 1 12.011 0.01749517776 0.198 3.18 0
35 1 0 0 4 0 0 79.904 -0.05083932186 0.8456 8.927 0
6 2 1 0 3 1 1 12.011 -0.0477040858 0.1581 3.35 0
6 2 1 0 3 1 1 12.011 -0.05787429108 0.1581 3.35 0
6 2 2 0 4 0 0 12.011 0.01064372733 -0.2035 2.753 0
6 2 2 0 4 0 0 12.011 0.01092383064 -0.2035 2.753 0
7 3 0 0 4 0 1 14.007 -0.3020650098 -0.3187 1.839 0
6 2 2 0 4 0 1 12.011 -0.001772078626 -0.2035 2.753 0
6 2 2 0 4 0 1 12.011 -0.039198674 0.1441 2.503 0
6 2 2 0 4 0 1 12.011 -0.039198674 0.1441 2.503 0
6 2 2 0 4 0 1 12.011 -0.001772078626 -0.2035 2.753 0
0 1 1 0 0 0
1 2 1 0 0 0
2 3 1 0 0 0
3 4 1 0 0 0
4 5 1.5 1 1 0
5 6 1.5 1 1 0
6 7 1.5 1 1 0
7 8 1 0 0 0
7 9 1.5 1 1 0
9 10 1.5 1 1 0
1 11 1 0 0 0
11 12 1 0 0 0
12 13 1 0 0 0
13 14 1 0 1 0
14 15 1 0 1 0
15 16 1 0 1 0
16 17 1 0 1 0
10 4 1.5 1 1 0
17 13 1 0 1 0
27 29 1
6 1 3 0 4 0 0 12.011 -0.002326450688 0.1441 2.503 0
6 2 0 0 2 0 0 12.011 -0.1013081278 0.0017 3.888 0
6 2 0 0 2 0 0 12.011 -0.06736660847 0.0017 3.888 0
6 3 0 0 3 1 1 12.011 0.0252913411 0.136 3.509 0
6 2 1 0 3 1 1 12.011 -0.04433415765 0.1581 3.35 0
6 2 1 0 3 1 1 12.011 -0.03449543303 0.1581 3.35 0
6 3 0 0 3 1 1 12.011 0.07232512321 0.2955 4.346 0
7 2 0 0 3 1 1 14.007 -0.2561053313 -0.3239 2.202 0
6 2 1 0 3 1 1 12.011 0.02958094255 0.1581 3.35 0
6 2 1 0 3 1 1 12.011 -0.01938286305 0.1581 3.35 0
6 3 0 0 3 1 1 12.011 0.05336657305 0.4619 4.067 0
7 2 1 0 3 0 0 14.007 -0.3069361023 -0.5188 3 0
6 3 0 0 3 0 0 12.011 0.3243699861 -0.2783 5.007 0
8 1 0 0 3 0 0 15.999 -0.248058424 0.4833 0.389 0
7 2 1 0 3 0 0 14.007 -0.2920610906 -0.5188 3 0
6 3 0 0 3 1 1 12.011 0.1341313405 0.4619 4.067 0
6 2 1 0 3 1 1 12.011 -0.01908881795 0.1581 3.35 0
6 2 1 0 3 1 1 12.011 -0.05643414357 0.1581 3.35 0
6 2 1 0 3 1 1 12.011 -0.03109431344 0.1581 3.35 0
6 3 0 0 3 1 1 12.011 0.146357433 0.136 3.509 0
6 4 0 0 4 0 0 12.011 0.4329233929 -0.0967 2.576 0
9 1 0 0 4 0 0 18.998 -0.1645237376 0.4202 1.108 0
9 1 0 0 4 0 0 18.998 -0.1645237376 0.4202 1.108 0
9 1 0 0 4 0 0 18.998 -0.1645237376 0.4202 1.108 0
7 2 0 0 3 1 1 14.007 -0.2261106642 -0.3239 2.202 0
6 3 0 0 3 1 1 12.011 0.02507823991 0.2955 4.346 0
6 2 1 0 3 1 1 12.011 -0.03497856054 0.1581 3.35 0
0 1 1 0 0 0
1 2 3 1 0 0
2 3 1 1 0 0
3 4 1.5 1 1 0
4 5 1.5 1 1 0
5 6 1.5 1 1 0
6 7 1.5 1 1 0
7 8 1.5 1 1 0
8 9 1.5 1 1 0
9 10 1.5 1 1 0
10 11 1 1 0 0
11 12 1 1 0 0
12 13 2 1 0 0
12 14 1 1 0 0
14 15 1 1 0 0
15 16 1.5 1 1 0
16 17 1.5 1 1 0
17 18 1.5 1 1 0
18 19 1.5 1 1 0
19 20 1 0 0 0
20 21 1 0 0 0
20 22 1 0 0 0
20 23 1 0 0 0
19 24 1.5 1 1 0
10 25 1.5 1 1 0
25 26 1.5 1 1 0
26 3 1.5 1 1 0
25 6 1.5 1 1 0
24 15 1.5 1 1 0
29 32 1
6 1 3 0 4 0 0 12.011 -0.05976889194 0.1441 2.503 0
6 3 1 0 4 0 0 12.011 -0.01149239887 0 2.433 0
6 1 3 0 4 0 0 12.011 -0.05976889194 0.1441 2.503 0
6 3 1 0 4 0 1 12.011 0.1394714267 -0.2051 2.731 0
8 2 0 0 4 0 1 15.999 -0.3596842897 -0.0684 1.085 0
6 4 0 0 4 0 1 12.011 0.08966293866 -0.2051 2.731 0
6 2 2 0 4 0 1 12.011 -0.009172031348 0.1441 2.503 0
6 2 2 0 4 0 1 12.011 0.0009608164973 -0.2035 2.753 0
7 3 0 0 4 0 1 14.007 -0.3027858497 -0.3187 1.839 0
6 2 2 0 4 0 0 12.011 0.002186000396 -0.2035 2.753 0
6 2 2 0 4 0 0 12.011 -0.01503711202 -0.0516 2.488 0
6 3 0 0 3 1 1 12.011 -0.04674755688 0.136 3.509 0
6 2 1 0 3 1 1 12.011 -0.05899635639 0.1581 3.35 0
6 2 1 0 3 1 1 12.011 -0.06199346482 0.1581 3.35 0
6 2 1 0 3 1 1 12.011 -0.062248726 0.1581 3.35 0
6 2 1 0 3 1 1 12.011 -0.06199346482 0.1581 3.35 0
6 2 1 0 3 1 1 12.011 -0.05899635639 0.1581 3.35 0
6 2 2 0 4 0 1 12.011 0.0009608164973 -0.2035 2.753 0
6 2 2 0 4 0 1 12.011 -0.009172031348 0.1441 2.503 0
6 2 2 0 4 0 1 12.011 0.05517858453 -0.2035 2.753 0
7 3 0 0 3 0 1 14.007 -0.3072640211 -0.4458 2.819 0
6 3 0 0 3 1 1 12.011 0.04380706086 0.4619 4.067 0
6 2 1 0 3 1 1 12.011 -0.03831293258 0.1581 3.35 0
6 2 1 0 3 1 1 12.011 -0.0601937468 0.1581 3.35 0
6 2 1 0 3 1 1 12.011 -0.06211717497 0.1581 3.35 0
6 2 1 0 3 1 1 12.011 -0.0601937468 0.1581 3.35 0
6 2 1 0 3 1 1 12.011 -0.03831293258 0.1581 3.35 0
6 3 0 0 3 0 1 12.011 0.2560042517 -0.2783 5.007 0
8 1 0 0 3 0 0 15.999 -0.2714549145 -0.1526 0 0
0 1 1 0 0 0
1 2 1 0 0 0
1 3 1 0 0 0
3 4 1 0 1 0
4 5 1 0 1 0
5 6 1 0 1 0
6 7 1 0 1 0
7 8 1 0 1 0
8 9 1 0 0 0
9 10 1 0 0 0
10 11 1 0 0 0
11 12 1.5 1 1 0
12 13 1.5 1 1 0
13 14 1.5 1 1 0
14 15 1.5 1 1 0
15 16 1.5 1 1 0
8 17 1 0 1 0
17 18 1 0 1 0
5 19 1 0 1 0
19 20 1 0 1 0
20 21 1 1 0 0
21 22 1.5 1 1 0
22 23 1.5 1 1 0
23 24 1.5 1 1 0
24 25 1.5 1 1 0
25 26 1.5 1 1 0
20 27 1 1 1 0
27 28 2 1 0 0
27 3 1 0 1 0
18 5 1 0 1 0
26 21 1.5 1 1 0
16 11 1.5 1 1 0
32 35 1
6 1 3 0 4 0 0 12.011 -0.06416251077 0.1441 2.503 0
6 2 2 0 4 0 0 12.011 -0.04326361977 0.1441 2.503 0
6 2 2 0 4 0 0 12.011 -0.001684868907 -0.2035 2.753 0
7 3 0 0 4 0 0 14.007 -0.2966711847 -0.3187 1.839 0
6 2 2 0 4 0 0 12.011 -0.001356305497 -0.2035 2.753 0
6 2 2 0 4 0 0 12.011 -0.03870572541 0.1441 2.503 0
6 2 2 0 4 0 0 12.011 -0.03391884215 0.1441 2.503 0
6 2 2 0 4 0 0 12.011 0.02255010922 -0.0516 2.488 0
7 3 0 0 3 1 1 14.007 -0.3473923577 -0.3239 2.202 0
6 2 1 0 3 1 1 12.011 0.004814731161 0.1581 3.35 0
6 2 1 0 3 1 1 12.011 -0.03360530813 0.1581 3.35 0
6 3 0 0 3 1 1 12.011 0.0353619145 0.2955 4.346 0
6 3 0 0 3 1 1 12.011 0.1320743669 0 3.257 0
9 1 0 0 4 0 0 18.998 -0.2062626798 0.4202 1.108 0
6 2 1 0 3 1 1 12.011 -0.02553643427 0.1581 3.35 0
6 2 1 0 3 1 1 12.011 -0.05724148755 0.1581 3.35 0
6 2 1 0 3 1 1 12.011 -0.03759204847 0.1581 3.35 0
6 3 0 0 3 1 1 12.011 0.05094254572 0.2955 4.346 0
6 3 1 0 4 0 1 12.011 0.04789858139 -0.2051 2.731 0
6 2 2 0 4 0 1 12.011 0.1042018424 -0.2035 2.753 0
8 2 0 0 3 0 1 15.999 -0.4885529691 -0.4195 1.182 0
6 3 0 0 3 1 1 12.011 0.1585583152 0.5437 3.853 0
6 3 0 0 3 1 1 12.011 0.16490477 0 3.257 0
9 1 0 0 4 0 0 18.998 -0.202889247 0.4202 1.108 0
6 2 1 0 3 1 1 12.011 -0.02162388809 0.1581 3.35 0
6 2 1 0 3 1 1 12.011 -0.04599853367 0.1581 3.35 0
6 3 0 0 3 1 1 12.011 0.04624329764 0.136 3.509 0
6 3 0 0 3 0 0 12.011 0.2486196981 -0.2783 5.007 0
7 1 2 0 3 0 0 14.007 -0.3655886507 -1.019 2.262 0
8 1 0 0 3 0 0 15.999 -0.2695382346 0.1129 0.2215 0
6 3 0 0 3 1 1 12.011 0.01160173977 0.136 3.509 0
6 2 2 0 4 0 1 12.011 -0.004275229579 -0.0516 2.488 0
0 1 1 0 0 0
1 2 1 0 0 0
2 3 1 0 0 0
3 4 1 0 0 0
4 5 1 0 0 0
5 6 1 0 0 0
6 7 1 0 0 0
7 8 1 0 0 0
8 9 1.5 1 1 0
9 10 1.5 1 1 0
10 11 1.5 1 1 0
11 12 1.5 1 1 0
12 13 1 0 0 0
12 14 1.5 1 1 0
14 15 1.5 1 1 0
15 16 1.5 1 1 0
16 17 1.5 1 1 0
3 18 1 0 0 0
18 19 1 0 1 0
19 20 1 0 1 0
20 21 1 1 1 0
21 22 1.5 1 1 0
22 23 1 0 0 0
22 24 1.5 1 1 0
24 25 1.5 1 1 0
25 26 1.5 1 1 0
26 27 1 1 0 0
27 28 1 1 0 0
27 29 2 1 0 0
26 30 1.5 1 1 0
30 31 1 0 1 0
17 8 1.5 1 1 0
31 18 1 0 1 0
17 11 1.5 1 1 0
30 21 1.5 1 1 0
39 43 1
6 1 3 0 4 0 0 12.011 -0.05242770152 0.1441 2.503 0
6 2 2 0 4 0 0 12.011 -0.004669482319 -0.2035 2.753 0
7 3 0 0 4 0 0 14.007 -0.3023097144 -0.3187 1.839 0
6 1 3 0 4 0 0 12.011 -0.01304467261 -0.2035 2.753 0
6 2 2 0 4 0 0 12.011 0.02506038124 -0.0516 2.488 0
6 3 0 0 3 1 1 12.011 -0.01055334353 0.136 3.509 0
6 2 1 0 3 1 1 12.011 -0.05566612874 0.1581 3.35 0
6 2 1 0 3 1 1 12.011 -0.06179370779 0.1581 3.35 0
6 2 1 0 3 1 1 12.011 -0.06018557046 0.1581 3.35 0
6 2 1 0 3 1 1 12.011 -0.03842295633 0.1581 3.35 0
6 3 0 0 3 1 1 12.011 0.04114298409 0.4619 4.067 0
7 3 0 0 3 0 1 14.007 -0.3711162642 -0.4458 2.819 0
6 2 2 0 4 0 1 12.011 0.0197149295 -0.2035 2.753 0
6 2 2 0 4 0 1 12.011 -0.01498770501 0.1441 2.503 0
6 3 1 0 4 0 1 12.011 0.03252339909 -0.2051 2.731 0
7 2 1 0 3 0 0 14.007 -0.3478322804 -0.7096 2.173 0
6 3 0 0 3 0 0 12.011 0.2697546926 -0.2783 5.007 0
8 1 0 0 3 0 0 15.999 -0.2675050823 0.1129 0.2215 0
6 3 0 0 3 1 1 12.011 0.1321396929 0.136 3.509 0
6 2 1 0 3 1 1 12.011 0.002100063318 0.1581 3.35 0
6 3 0 0 3 1 1 12.011 0.1671872882 0.136 3.509 0
6 4 0 0 4 0 0 12.011 0.434701777 -0.0967 2.576 0
9 1 0 0 4 0 0 18.998 -0.1644523697 0.4202 1.108 0
9 1 0 0 4 0 0 18.998 -0.1644523697 0.4202 1.108 0
9 1 0 0 4 0 0 18.998 -0.1644523697 0.4202 1.108 0
7 2 0 0 3 1 1 14.007 -0.1626317148 -0.3239 2.202 0
7 3 0 0 3 1 1 14.007 -0.2274733893 -0.3239 2.202 0
6 3 0 0 3 1 1 12.011 0.06648184671 0.2713 3.904 0
6 2 1 0 3 1 1 12.011 -0.03248622317 0.1581 3.35 0
6 2 1 0 3 1 1 12.011 -0.01359439754 0.1581 3.35 0
6 3 0 0 3 1 1 12.011 0.1687632279 0.2955 4.346 0
8 2 0 0 3 1 1 15.999 -0.3541116457 0.1552 1.08 0
7 2 0 0 3 1 1 14.007 -0.06128298488 -0.3239 2.202 0
6 3 0 0 3 1 1 12.011 0.1743499213 0.4619 4.067 0
7 1 2 0 3 0 0 14.007 -0.3803573596 -1.027 2.827 0
6 3 0 0 3 1 1 12.011 0.06770719909 0.2955 4.346 0
6 2 1 0 3 1 1 12.011 -0.02136001545 0.1581 3.35 0
6 2 2 0 4 0 1 12.011 -0.01498770501 0.1441 2.503 0
6 2 2 0 4 0 1 12.011 0.0197149295 -0.2035 2.753 0
0 1 1 0 0 0
1 2 1 0 0 0
2 3 1 0 0 0
2 4 1 0 0 0
4 5 1 0 0 0
5 6 1.5 1 1 0
6 7 1.5 1 1 0
7 8 1.5 1 1 0
8 9 1.5 1 1 0
9 10 1.5 1 1 0
10 11 1 1 0 0
11 12 1 0 1 0
12 13 1 0 1 0
13 14 1 0 1 0
14 15 1 0 0 0
15 16 1 1 0 0
16 17 2 1 0 0
16 18 1 1 0 0
18 19 1.5 1 1 0
19 20 1.5 1 1 0
20 21 1 0 0 0
21 22 1 0 0 0
21 23 1 0 0 0
21 24 1 0 0 0
20 25 1.5 1 1 0
25 26 1.5 1 1 0
26 27 1 1 0 0
27 28 1.5 1 1 0
28 29 1.5 1 1 0
29 30 1.5 1 1 0
30 31 1.5 1 1 0
31 32 1.5 1 1 0
32 33 1.5 1 1 0
33 34 1 1 0 0
33 35 1.5 1 1 0
35 36 1.5 1 1 0
14 37 1 0 1 0
37 38 1 0 1 0
10 5 1.5 1 1 0
38 11 1 0 1 0
26 18 1.5 1 1 0
36 27 1.5 1 1 0
35 30 1.5 1 1 0
18 20 1
8 1 1 0 3 0 0 15.999 -0.5078219702 -0.2893 0.8238 0
6 3 0 0 3 1 1 12.011 0.1188460059 0.5437 3.853 0
6 2 1 0 3 1 1 12.011 -0.01921203988 0.1581 3.35 0
6 2 1 0 3 1 1 12.011 -0.04360091483 0.1581 3.35 0
6 3 0 0 3 1 1 12.011 0.06512044197 0.2955 4.346 0
6 3 0 0 3 1 1 12.011 0.1944009523 -0.8186 3.135 0
8 1 0 0 3 0 0 15.999 -0.2889228015 0.1788 3.135 0
6 2 1 0 3 1 1 12.011 0.04678477276 0.1581 3.35 0
6 3 0 0 3 1 1 12.011 0.1996469604 0.4619 4.067 0
8 2 0 0 3 1 1 15.999 -0.4401320572 0.1552 1.08 0
6 3 0 0 3 1 1 12.011 0.1437203457 0.2955 4.346 0
6 2 1 0 3 1 1 12.011 0.02347345541 0.1581 3.35 0
7 3 0 0 3 0 1 14.007 -0.3379936323 -0.4458 2.819 0
6 2 2 0 4 0 1 12.011 0.04422611664 -0.2035 2.753 0
6 2 2 0 4 0 1 12.011 0.06431433055 -0.2035 2.753 0
8 2 0 0 4 0 1 15.999 -0.377773837 -0.0684 1.085 0
6 2 2 0 4 0 1 12.011 0.06431433055 -0.2035 2.753 0
6 2 2 0 4 0 1 12.011 0.04422611664 -0.2035 2.753 0
0 1 1 1 0 0
1 2 1.5 1 1 0
2 3 1.5 1 1 0
3 4 1.5 1 1 0
4 5 1.5 1 1 0
5 6 2 1 0 0
5 7 1.5 1 1 0
7 8 1.5 1 1 0
8 9 1.5 1 1 0
9 10 1.5 1 1 0
10 11 1.5 1 1 0
8 12 1 1 0 0
12 13 1 0 1 0
13 14 1 0 1 0
14 15 1 0 1 0
15 16 1 0 1 0
16 17 1 0 1 0
11 1 1.5 1 1 0
10 4 1.5 1 1 0
17 12 1 0 1 0
33 37 1
8 1 0 0 3 0 0 15.999 -0.2482699798 0.4833 0.389 0
6 3 0 0 3 0 0 12.011 0.3213393198 -0.2783 5.007 0
7 2 1 0 3 0 0 14.007 -0.3078428824 -0.5188 3 0
6 3 0 0 3 1 1 12.011 0.0423707442 0.4619 4.067 0
6 2 1 0 3 1 1 12.011 -0.03847485106 0.1581 3.35 0
6 2 1 0 3 1 1 12.011 -0.0602001489 0.1581 3.35 0
6 2 1 0 3 1 1 12.011 -0.06211739267 0.1581 3.35 0
6 2 1 0 3 1 1 12.011 -0.0602001489 0.1581 3.35 0
6 2 1 0 3 1 1 12.011 -0.03847485106 0.1581 3.35 0
7 3 0 0 3 0 1 14.007 -0.3244424347 -0.3187 1.839 0
6 2 2 0 4 0 1 12.011 0.02352478376 -0.2035 2.753 0
6 2 2 0 4 0 1 12.011 -0.01839306445 0.1441 2.503 0
6 4 0 0 4 0 1 12.011 0.05677596298 -0.0967 2.576 0
6 3 0 0 3 1 1 12.011 -0.03412268341 0.136 3.509 0
6 2 1 0 3 1 1 12.011 -0.05801660407 0.1581 3.35 0
6 2 1 0 3 1 1 12.011 -0.06195931333 0.1581 3.35 0
6 2 1 0 3 1 1 12.011 -0.0622476212 0.1581 3.35 0
6 2 1 0 3 1 1 12.011 -0.06195931333 0.1581 3.35 0
6 2 1 0 3 1 1 12.011 -0.05801660407 0.1581 3.35 0
6 3 0 0 3 1 1 12.011 0.1193335246 0.136 3.509 0
7 2 0 0 3 1 1 14.007 -0.2407359274 -0.3239 2.202 0
6 2 1 0 3 1 1 12.011 0.04522624154 0.1581 3.35 0
6 2 1 0 3 1 1 12.011 0.02405679675 0.1581 3.35 0
7 3 0 0 3 1 1 14.007 -0.3281845082 -0.3239 2.202 0
6 2 2 0 4 0 0 12.011 0.06600669544 -0.0516 2.488 0
6 3 0 0 3 1 1 12.011 0.06010501758 0.136 3.509 0
6 2 1 0 3 1 1 12.011 -0.03871017508 0.1581 3.35 0
6 2 1 0 3 1 1 12.011 -0.05885779805 0.1581 3.35 0
6 2 1 0 3 1 1 12.011 -0.04379483598 0.1581 3.35 0
6 2 1 0 3 1 1 12.011 0.02714613853 0.1581 3.35 0
7 2 0 0 3 1 1 14.007 -0.2594001868 -0.3239 2.202 0
6 2 2 0 4 0 1 12.011 -0.01839306445 0.1441 2.503 0
6 2 2 0 4 0 1 12.011 0.02352478376 -0.2035 2.753 0
0 1 2 1 0 0
1 2 1 1 0 0
2 3 1 1 0 0
3 4 1.5 1 1 0
4 5 1.5 1 1 0
5 6 1.5 1 1 0
6 7 1.5 1 1 0
7 8 1.5 1 1 0
1 9 1 1 0 0
9 10 1 0 1 0
10 11 1 0 1 0
11 12 1 0 1 0
12 13 1 0 0 0
13 14 1.5 1 1 0
14 15 1.5 1 1 0
15 16 1.5 1 1 0
16 17 1.5 1 1 0
17 18 1.5 1 1 0
12 19 1 0 0 0
19 20 1.5 1 1 0
20 21 1.5 1 1 0
21 22 1.5 1 1 0
22 23 1.5 1 1 0
23 24 1 0 0 0
24 25 1 0 0 0
25 26 1.5 1 1 0
26 27 1.5 1 1 0
27 28 1.5 1 1 0
28 29 1.5 1 1 0
29 30 1.5 1 1 0
12 31 1 0 1 0
31 32 1 0 1 0
8 3 1.5 1 1 0
32 9 1 0 1 0
18 13 1.5 1 1 0
23 19 1.5 1 1 0
30 25 1.5 1 1 0
32 36 1
9 1 0 0 4 0 0 18.998 -0.1323071795 0.4202 1.108 0
6 4 0 0 4 0 0 12.011 0.5725963034 -0.2051 2.731 0
9 1 0 0 4 0 0 18.998 -0.1323071795 0.4202 1.108 0
9 1 0 0 4 0 0 18.998 -0.1323071795 0.4202 1.108 0
8 2 0 0 3 0 0 15.999 -0.4057992914 -0.4195 1.182 0
6 3 0 0 3 1 1 12.011 0.1290200899 0.5437 3.853 0
6 2 1 0 3 1 1 12.011 -0.01896752233 0.1581 3.35 0
6 2 1 0 3 1 1 12.011 -0.05069405975 0.1581 3.35 0
6 3 0 0 3 1 1 12.011 -0.01811864106 0.2713 3.904 0
6 2 1 0 3 1 1 12.011 -0.05069405975 0.1581 3.35 0
6 2 1 0 3 1 1 12.011 -0.01896752233 0.1581 3.35 0
6 3 0 0 3 1 1 12.011 -0.01774901833 0.2713 3.904 0
6 2 1 0 3 1 1 12.011 -0.04447808364 0.1581 3.35 0
6 3 0 0 3 1 1 12.011 0.03118270516 0.136 3.509 0
6 3 0 0 3 1 1 12.011 0.1331211108 0.5437 3.853 0
8 2 0 0 3 0 1 15.999 -0.4565723099 -0.4195 1.182 0
6 3 0 0 3 1 1 12.011 0.1333505786 0.5437 3.853 0
6 3 0 0 3 1 1 12.011 0.03423997818 0.136 3.509 0
6 2 1 0 3 1 1 12.011 -0.01009174817 0.1581 3.35 0
6 3 0 0 3 1 1 12.011 0.1190126543 0.5437 3.853 0
8 2 0 0 3 0 0 15.999 -0.496751329 -0.4195 1.182 0
6 1 3 0 4 0 0 12.011 0.07750685685 -0.2035 2.753 0
6 2 1 0 3 1 1 12.011 -0.01625710994 0.1581 3.35 0
6 2 1 0 3 1 1 12.011 -0.01522907944 0.1581 3.35 0
6 4 0 0 4 0 1 12.011 0.1573090849 -0.0967 2.576 0
7 2 0 0 3 0 1 14.007 -0.2152133337 0.1836 2.428 0
6 3 0 0 3 0 1 12.011 0.2828948364 -0.2783 5.007 0
8 2 0 0 3 0 1 15.999 -0.4620710957 -0.0684 1.085 0
6 2 2 0 4 0 1 12.011 0.1254900064 -0.2035 2.753 0
7 1 2 0 3 0 0 14.007 -0.3535853831 -1.019 2.262 0
6 2 1 0 3 1 1 12.011 -0.01829163403 0.1581 3.35 0
6 2 1 0 3 1 1 12.011 -0.05065305617 0.1581 3.35 0
0 1 1 0 0 0
1 2 1 0 0 0
1 3 1 0 0 0
1 4 1 0 0 0
4 5 1 1 0 0
5 6 1.5 1 1 0
6 7 1.5 1 1 0
7 8 1.5 1 1 0
8 9 1.5 1 1 0
9 10 1.5 1 1 0
8 11 1 1 0 0
11 12 1.5 1 1 0
12 13 1.5 1 1 0
13 14 1.5 1 1 0
14 15 1 1 1 0
15 16 1 1 1 0
16 17 1.5 1 1 0
17 18 1.5 1 1 0
18 19 1.5 1 1 0
19 20 1 1 0 0
20 21 1 0 0 0
19 22 1.5 1 1 0
22 23 1.5 1 1 0
17 24 1 0 1 0
24 25 1 0 1 0
25 26 2 1 1 0
26 27 1 1 1 0
27 28 1 0 1 0
26 29 1 1 0 0
14 30 1.5 1 1 0
30 31 1.5 1 1 0
10 5 1.5 1 1 0
31 11 1.5 1 1 0
24 13 1 0 1 0
23 16 1.5 1 1 0
28 24 1 0 1 0
33 35 1
9 1 0 0 4 0 0 18.998 -0.2068889436 0.4202 1.108 0
6 3 0 0 3 1 1 12.011 0.1258978494 0 3.257 0
6 2 1 0 3 1 1 12.011 -0.02281342357 0.1581 3.35 0
6 3 0 0 3 1 1 12.011 -0.04006558937 0.136 3.509 0
6 2 1 0 3 1 1 12.011 -0.02281342357 0.1581 3.35 0
6 3 0 0 3 1 1 12.011 0.1258978494 0 3.257 0
9 1 0 0 4 0 0 18.998 -0.2068889436 0.4202 1.108 0
6 2 1 0 3 1 1 12.011 0.009574548975 0.1581 3.35 0
6 2 2 0 4 0 0 12.011 -0.004449308315 -0.0516 2.488 0
6 3 1 0 4 0 0 12.011 0.06428847854 -0.2051 2.731 0
7 2 1 0 3 0 0 14.007 -0.3504311899 -0.7096 2.173 0
6 3 0 0 3 0 0 12.011 0.2166921841 -0.2783 5.007 0
8 1 0 0 3 0 0 15.999 -0.2754579618 -0.1526 0 0
6 1 3 0 4 0 0 12.011 0.01483216881 0.1441 2.503 0
6 3 1 0 4 0 0 12.011 0.123141042 -0.2051 2.731 0
8 1 1 0 4 0 0 15.999 -0.3850694819 -0.2893 0.8238 0
6 2 2 0 4 0 0 12.011 0.1045997789 -0.2035 2.753 0
7 2 2 1 4 0 0 14.007 -0.3354283288 -1.95 0 0
6 4 0 0 4 0 1 12.011 0.1217111524 -0.0967 2.576 0
6 2 2 0 4 0 1 12.011 0.006683402591 0.1441 2.503 0
6 2 2 0 4 0 1 12.011 -0.04698980609 0.1441 2.503 0
6 2 2 0 4 0 1 12.011 -0.05279760608 0.1441 2.503 0
6 2 2 0 4 0 1 12.011 -0.04698980609 0.1441 2.503 0
6 2 2 0 4 0 1 12.011 0.006683402591 0.1441 2.503 0
6 3 0 0 3 1 1 12.011 0.01253128748 0.136 3.509 0
6 2 1 0 3 1 1 12.011 -0.04931887259 0.1581 3.35 0
6 3 0 0 3 1 1 12.011 -0.0449450512 0.136 3.509 0
6 2 1 0 3 1 1 12.011 -0.05875547621 0.1581 3.35 0
6 2 1 0 3 1 1 12.011 -0.06146640541 0.1581 3.35 0
6 2 1 0 3 1 1 12.011 -0.05278217832 0.1581 3.35 0
6 3 1 0 4 0 0 12.011 -0.02186803914 0.1193 2.582 0
6 1 3 0 4 0 0 12.011 -0.05868205887 0.1441 2.503 0
6 1 3 0 4 0 0 12.011 -0.05868205887 0.1441 2.503 0
0 1 1 0 0 0
1 2 1.5 1 1 0
2 3 1.5 1 1 0
3 4 1.5 1 1 0
4 5 1.5 1 1 0
5 6 1 0 0 0
5 7 1.5 1 1 0
3 8 1 0 0 0
8 9 1 0 0 0
9 10 1 0 0 0
10 11 1 1 0 0
11 12 2 1 0 0
11 13 1 0 0 0
9 14 1 0 0 0
14 15 1 0 0 0
14 16 1 0 0 0
16 17 1 0 0 0
17 18 1 0 0 0
18 19 1 0 1 0
19 20 1 0 1 0
20 21 1 0 1 0
21 22 1 0 1 0
22 23 1 0 1 0
18 24 1 0 0 0
24 25 1.5 1 1 0
25 26 1.5 1 1 0
26 27 1.5 1 1 0
27 28 1.5 1 1 0
28 29 1.5 1 1 0
26 30 1 0 0 0
30 31 1 0 0 0
30 32 1 0 0 0
7 1 1.5 1 1 0
23 18 1 0 1 0
29 24 1.5 1 1 0
35 41 1
6 1 3 0 4 0 0 12.011 0.07771754552 -0.2035 2.753 0
8 2 0 0 3 0 0 15.999 -0.4928574809 -0.4195 1.182 0
6 3 0 0 3 1 1 12.011 0.1605875453 0.5437 3.853 0
6 2 1 0 3 1 1 12.011 -0.01579507128 0.1581 3.35 0
6 2 1 0 3 1 1 12.011 -0.05472234124 0.1581 3.35 0
6 3 0 0 3 1 1 12.011 -0.03852138827 0.136 3.509 0
6 3 0 0 3 1 1 12.011 0.01195561314 0.136 3.509 0
6 3 0 0 3 1 1 12.011 0.1654825861 0.5437 3.853 0
8 2 0 0 3 0 1 15.999 -0.4820558181 -0.4195 1.182 0
6 3 1 0 4 0 1 12.011 0.1420702873 -0.2051 2.731 1
6 4 0 0 4 0 1 12.011 0.1445416489 -0.2051 2.731 -1
8 2 0 0 4 0 0 15.999 -0.3701281147 -0.0684 1.085 0
6 1 3 0 4 0 0 12.011 0.03662184748 -0.2035 2.753 0
6 2 2 0 4 0 1 12.011 -0.01555028514 0.1441 2.503 0
6 2 2 0 4 0 1 12.011 -0.04188096462 0.1441 2.503 0
6 4 0 0 4 0 1 12.011 0.003757477826 0 2.433 -1
6 2 2 0 4 0 1 12.011 -0.001927182194 0.1441 2.503 0
6 4 0 0 4 0 1 12.011 0.1423644 -0.2051 2.731 -1
6 1 3 0 4 0 0 12.011 -0.02168424315 0.1441 2.503 0
8 2 0 0 3 0 0 15.999 -0.4558982278 -0.0684 1.085 0
6 3 0 0 3 0 0 12.011 0.3085142675 -0.2783 5.007 0
8 1 0 0 3 0 0 15.999 -0.2519629256 -0.1526 0 0
6 3 1 0 4 0 0 12.011 0.05124950104 0 2.433 0
6 1 3 0 4 0 0 12.011 -0.05220879273 0.1441 2.503 0
6 1 3 0 4 0 0 12.011 -0.05220879273 0.1441 2.503 0
6 3 1 0 4 0 1 12.011 0.02038009834 -0.2051 2.731 1
6 2 2 0 4 0 1 12.011 -0.01115172849 -0.0516 2.488 0
7 3 0 0 4 0 1 14.007 -0.2991547708 -0.3187 1.839 0
6 2 2 0 4 0 0 12.011 0.001297770859 -0.2035 2.753 0
6 3 1 0 4 0 1 12.011 -0.02856940695 0 2.433 0
6 2 2 0 4 0 1 12.011 -0.04891446058 0.1441 2.503 0
6 2 2 0 4 0 1 12.011 -0.04891446058 0.1441 2.503 0
6 2 2 0 4 0 1 12.011 -0.0005142104745 -0.2035 2.753 0
6 2 2 0 4 0 1 12.011 -0.02617727382 0.1441 2.503 0
6 4 0 0 4 0 1 12.011 0.04786038879 -0.0967 2.576 -1
0 1 1 0 0 0
1 2 1 1 0 0
2 3 1.5 1 1 0
3 4 1.5 1 1 0
4 5 1.5 1 1 0
5 6 1.5 1 1 0
6 7 1.5 1 1 0
7 8 1 1 1 0
8 9 1 0 1 0
9 10 1 0 1 0
10 11 1 0 0 0
11 12 1 0 0 0
10 13 1 0 1 0
13 14 1 0 1 0
14 15 1 0 1 0
15 16 1 0 1 0
16 17 1 0 1 0
17 18 1 0 0 0
17 19 1 0 0 0
19 20 1 1 0 0
20 21 2 1 0 0
20 22 1 0 0 0
22 23 1 0 0 0
22 24 1 0 0 0
15 25 1 0 1 0
25 26 1 0 1 0
25 27 1 0 1 0
27 28 1 0 0 0
28 29 1 0 0 0
29 30 1 0 1 0
30 31 1 0 1 0
27 32 1 0 1 0
32 33 1 0 1 0
33 34 1 0 1 0
7 2 1.5 1 1 0
34 9 1 0 1 0
26 5 1 0 1 0
31 29 1 0 1 0
34 6 1 0 1 0
17 10 1 0 1 0
34 15 1 0 1 0
36 39 1
6 1 1 0 2 0 0 12.011 -0.1165180638 0.0017 3.888 0
6 2 0 0 2 0 0 12.011 -0.06526721941 0.0017 3.888 0
6 2 2 0 4 0 0 12.011 0.1532999531 -0.2035 2.753 0
8 2 0 0 3 0 0 15.999 -0.4362302902 -0.0684 1.085 0
6 3 0 0 3 0 0 12.011 0.4105401642 -0.2783 5.007 0
8 1 0 0 3 0 0 15.999 -0.2243085012 0.4833 0.389 0
7 3 0 0 3 0 1 14.007 -0.3035052659 -0.3187 1.839 0
6 2 2 0 4 0 1 12.011 0.02841385135 -0.2035 2.753 0
6 2 2 0 4 0 1 12.011 -0.005914419063 -0.0516 2.488 0
6 3 0 0 3 1 1 12.011 0.001133785016 0.136 3.509 0
6 3 0 0 3 1 1 12.011 0.1224237349 0.5437 3.853 0
8 2 0 0 3 0 0 15.999 -0.4928873509 -0.4195 1.182 0
6 2 2 0 4 0 0 12.011 0.09388026411 -0.2035 2.753 0
6 2 2 0 4 0 0 12.011 0.02754152876 -0.0516 2.488 0
6 3 0 0 3 1 1 12.011 0.08588612784 0.136 3.509 0
7 2 0 0 3 1 1 14.007 -0.2140582356 -0.3239 2.202 0
6 3 0 0 3 1 1 12.011 0.2259941808 0.2713 3.904 0
6 3 0 0 3 1 1 12.011 0.03709234676 0.2713 3.904 0
6 2 1 0 3 1 1 12.011 -0.04954568312 0.1581 3.35 0
6 2 1 0 3 1 1 12.011 -0.06147480971 0.1581 3.35 0
6 2 1 0 3 1 1 12.011 -0.06221959064 0.1581 3.35 0
6 2 1 0 3 1 1 12.011 -0.06147480971 0.1581 3.35 0
6 2 1 0 3 1 1 12.011 -0.04954568312 0.1581 3.35 0
8 2 0 0 3 1 1 15.999 -0.4411885131 0.1552 1.08 0
6 3 0 0 3 1 1 12.011 0.1247459512 0.136 3.509 0
6 1 3 0 4 0 0 12.011 -0.004179781117 0.08452 2.464 0
6 2 1 0 3 1 1 12.011 -0.01937936662 0.1581 3.35 0
6 2 1 0 3 1 1 12.011 -0.05498293755 0.1581 3.35 0
6 3 0 0 3 1 1 12.011 -0.04189108674 0.136 3.509 0
6 2 2 0 4 0 0 12.011 -0.01702550245 -0.0516 2.488 0
6 2 2 0 4 0 0 12.011 0.04937034255 0.1441 2.503 0
6 3 0 0 3 0 0 12.011 0.3031779541 -0.2783 5.007 0
8 1 0 0 3 0 0 15.999 -0.2524721769 -0.1526 0 0
8 1 1 0 3 0 0 15.999 -0.4812219334 -0.2893 0.8238 0
6 3 0 0 3 1 1 12.011 -0.01826037614 0.136 3.509 0
6 2 2 0 4 0 1 12.011 0.04967386293 -0.0516 2.488 0
0 1 3 0 0 0
1 2 1 0 0 0
2 3 1 0 0 0
3 4 1 1 0 0
4 5 2 1 0 0
4 6 1 1 0 0
6 7 1 0 1 0
7 8 1 0 1 0
8 9 1 0 1 0
9 10 1.5 1 1 0
10 11 1 1 0 0
11 12 1 0 0 0
12 13 1 0 0 0
13 14 1 0 0 0
14 15 1.5 1 1 0
15 16 1.5 1 1 0
16 17 1 1 0 0
17 18 1.5 1 1 0
18 19 1.5 1 1 0
19 20 1.5 1 1 0
20 21 1.5 1 1 0
21 22 1.5 1 1 0
16 23 1.5 1 1 0
23 24 1.5 1 1 0
24 25 1 0 0 0
10 26 1.5 1 1 0
26 27 1.5 1 1 0
27 28 1.5 1 1 0
28 29 1 0 0 0
29 30 1 0 0 0
30 31 1 0 0 0
31 32 2 1 0 0
31 33 1 1 0 0
28 34 1.5 1 1 0
34 35 1 0 1 0
35 6 1 0 1 0
34 9 1.5 1 1 0
24 14 1.5 1 1 0
22 17 1.5 1 1 0
18 20 1
6 1 3 0 4 0 0 12.011 -0.0008816596118 0.1441 2.503 0
6 3 0 0 3 0 0 12.011 0.1599814681 -0.2783 5.007 0
8 1 0 0 3 0 0 15.999 -0.2944870194 0.1129 0.2215 0
6 3 0 0 3 1 1 12.011 0.02662711104 0.136 3.509 0
6 2 1 0 3 1 1 12.011 -0.05074145451 0.1581 3.35 0
6 2 1 0 3 1 1 12.011 -0.06149990307 0.1581 3.35 0
6 2 1 0 3 1 1 12.011 -0.06154699541 0.1581 3.35 0
6 2 1 0 3 1 1 12.011 -0.05205550677 0.1581 3.35 0
6 3 0 0 3 1 1 12.011 0.01173053155 0.2713 3.904 0
6 3 0 0 3 1 1 12.011 0.08376044811 0.2713 3.904 0
7 2 0 0 3 1 1 14.007 -0.2355214459 -0.3239 2.202 0
6 2 1 0 3 1 1 12.011 0.1180618142 0.1581 3.35 0
7 2 0 0 3 1 1 14.007 -0.2186142539 -0.3239 2.202 0
6 3 0 0 3 1 1 12.011 0.1408040363 0.2955 4.346 0
7 2 1 0 3 1 1 14.007 -0.3460346744 -0.3239 2.202 0
6 2 1 0 3 1 1 12.011 0.003268154675 0.1581 3.35 0
6 2 1 0 3 1 1 12.011 -0.03289273252 0.1581 3.35 0
6 3 0 0 3 1 1 12.011 0.04507348845 0.2955 4.346 0
0 1 1 0 0 0
1 2 2 1 0 0
1 3 1 1 0 0
3 4 1.5 1 1 0
4 5 1.5 1 1 0
5 6 1.5 1 1 0
6 7 1.5 1 1 0
7 8 1.5 1 1 0
8 9 1 1 0 0
9 10 1.5 1 1 0
10 11 1.5 1 1 0
11 12 1.5 1 1 0
12 13 1.5 1 1 0
13 14 1.5 1 1 0
14 15 1.5 1 1 0
15 16 1.5 1 1 0
16 17 1.5 1 1 0
8 3 1.5 1 1 0
17 9 1.5 1 1 0
17 13 1.5 1 1 0
30 32 1
6 1 3 0 4 0 0 12.011 -0.03891527022 0.1441 2.503 0
6 3 1 0 4 0 0 12.011 0.05303107731 -0.2051 2.731 0
6 1 3 0 4 0 0 12.011 -0.03891527022 0.1441 2.503 0
8 2 0 0 4 0 0 15.999 -0.3635221027 -0.0684 1.085 0
6 3 1 0 4 0 0 12.011 0.1587106972 -0.2051 2.731 0
6 2 2 0 4 0 0 12.011 0.009532695116 -0.0516 2.488 0
6 3 0 0 3 1 1 12.011 -0.04455962236 0.136 3.509 0
6 2 1 0 3 1 1 12.011 -0.05524703052 0.1581 3.35 0
6 2 1 0 3 1 1 12.011 -0.01969182959 0.1581 3.35 0
6 3 0 0 3 1 1 12.011 0.1188261533 0.5437 3.853 0
8 2 0 0 3 0 0 15.999 -0.4931274627 -0.4195 1.182 0
6 2 2 0 4 0 0 12.011 0.09542733689 -0.2035 2.753 0
6 2 2 0 4 0 0 12.011 0.04536829911 -0.0516 2.488 0
6 3 0 0 3 1 1 12.011 0.175233409 0.136 3.509 0
7 2 0 0 3 1 1 14.007 -0.06190750894 -0.3239 2.202 0
8 2 0 0 3 1 1 15.999 -0.3339966273 0.1552 1.08 0
6 3 0 0 3 1 1 12.011 0.2574226094 0.2713 3.904 0
6 3 0 0 3 1 1 12.011 0.04000915095 0.2713 3.904 0
6 2 1 0 3 1 1 12.011 -0.04653918747 0.1581 3.35 0
6 2 1 0 3 1 1 12.011 -0.02552893839 0.1581 3.35 0
6 3 0 0 3 1 1 12.011 0.1227566207 0 3.257 0
9 1 0 0 4 0 0 18.998 -0.2070117154 0.4202 1.108 0
6 2 1 0 3 1 1 12.011 -0.02552893839 0.1581 3.35 0
6 2 1 0 3 1 1 12.011 -0.04653918747 0.1581 3.35 0
7 2 0 0 3 1 1 14.007 -0.1916089095 -0.3239 2.202 0
6 2 1 0 3 1 1 12.011 -0.01969182959 0.1581 3.35 0
6 2 1 0 3 1 1 12.011 -0.05524703052 0.1581 3.35 0
6 3 0 0 3 0 0 12.011 0.332675549 -0.2783 5.007 0
8 1 0 0 3 0 0 15.999 -0.2493245148 -0.1526 0 0
8 1 1 0 3 0 0 15.999 -0.4793114145 -0.2893 0.8238 0
0 1 1 0 0 0
1 2 1 0 0 0
1 3 1 0 0 0
3 4 1 0 0 0
4 5 1 0 0 0
5 6 1 0 0 0
6 7 1.5 1 1 0
7 8 1.5 1 1 0
8 9 1.5 1 1 0
9 10 1 1 0 0
10 11 1 0 0 0
11 12 1 0 0 0
12 13 1 0 0 0
13 14 1.5 1 1 0
14 15 1.5 1 1 0
15 16 1.5 1 1 0
16 17 1 1 0 0
17 18 1.5 1 1 0
18 19 1.5 1 1 0
19 20 1.5 1 1 0
20 21 1 0 0 0
20 22 1.5 1 1 0
22 23 1.5 1 1 0
16 24 1.5 1 1 0
9 25 1.5 1 1 0
25 26 1.5 1 1 0
4 27 1 0 0 0
27 28 2 1 0 0
27 29 1 1 0 0
26 6 1.5 1 1 0
24 13 1.5 1 1 0
23 17 1.5 1 1 0
21 24 1
6 2 1 0 3 1 1 12.011 -0.06224873035 0.1581 3.35 0
6 2 1 0 3 1 1 12.011 -0.06199373494 0.1581 3.35 0
6 2 1 0 3 1 1 12.011 -0.05901143783 0.1581 3.35 0
6 3 0 0 3 1 1 12.011 -0.047082455 0.136 3.509 0
6 2 2 0 4 0 0 12.011 -0.01679205482 -0.0516 2.488 0
6 4 0 0 4 0 1 12.011 0.01454847908 -0.0967 2.576 0
6 3 0 0 3 1 1 12.011 -0.02102299366 0.136 3.509 0
6 2 1 0 3 1 1 12.011 0.03310563169 0.1581 3.35 0
7 2 0 0 3 1 1 14.007 -0.2382565479 -0.3239 2.202 0
6 3 0 0 3 1 1 12.011 0.1367182226 0.2955 4.346 0
7 2 1 0 3 1 1 14.007 -0.3461583642 -0.3239 2.202 0
6 2 1 0 3 1 1 12.011 0.003186484017 0.1581 3.35 0
6 2 1 0 3 1 1 12.011 -0.03509678977 0.1581 3.35 0
6 3 0 0 3 1 1 12.011 0.01894294513 0.2955 4.346 0
6 2 1 0 3 1 1 12.011 -0.04582559818 0.1581 3.35 0
6 2 2 0 4 0 1 12.011 -0.02928745969 0.1441 2.503 0
6 2 2 0 4 0 1 12.011 -0.003944246645 -0.2035 2.753 0
7 2 1 0 4 0 1 14.007 -0.3157978809 -0.7096 2.173 0
6 2 2 0 4 0 1 12.011 0.005275045339 -0.2035 2.753 0
6 2 1 0 3 1 1 12.011 -0.05901143783 0.1581 3.35 0
6 2 1 0 3 1 1 12.011 -0.06199373494 0.1581 3.35 0
0 1 1.5 1 1 0
1 2 1.5 1 1 0
2 3 1.5 1 1 0
3 4 1 0 0 0
4 5 1 0 0 0
5 6 1 0 0 0
6 7 1.5 1 1 0
7 8 1.5 1 1 0
8 9 1.5 1 1 0
9 10 1.5 1 1 0
10 11 1.5 1 1 0
11 12 1.5 1 1 0
12 13 1.5 1 1 0
13 14 1.5 1 1 0
5 15 1 0 1 0
15 16 1 0 1 0
16 17 1 0 1 0
17 18 1 0 1 0
3 19 1.5 1 1 0
19 20 1.5 1 1 0
20 0 1.5 1 1 0
18 5 1 0 1 0
14 6 1.5 1 1 0
13 9 1.5 1 1 0
24 28 1
9 1 0 0 4 0 0 18.998 -0.2070121436 0.4202 1.108 0
6 3 0 0 3 1 1 12.011 0.1227302385 0 3.257 0
6 2 1 0 3 1 1 12.011 -0.02595987172 0.1581 3.35 0
6 2 1 0 3 1 1 12.011 -0.05371423604 0.1581 3.35 0
6 3 0 0 3 1 1 12.011 -0.02099884055 0.136 3.509 0
6 3 1 0 4 0 1 12.011 0.07888044615 0.1193 2.582 0
7 2 1 0 3 0 1 14.007 -0.3735574999 -0.5188 3 0
6 3 0 0 3 1 1 12.011 0.04271130741 0.4619 4.067 0
6 2 1 0 3 1 1 12.011 -0.03829770605 0.1581 3.35 0
6 2 1 0 3 1 1 12.011 -0.06017008764 0.1581 3.35 0
6 2 1 0 3 1 1 12.011 -0.0614986082 0.1581 3.35 0
6 2 1 0 3 1 1 12.011 -0.05227808957 0.1581 3.35 0
6 3 0 0 3 1 1 12.011 0.005655576534 0.2713 3.904 0
6 3 0 0 3 1 1 12.011 -0.003395544376 0.2713 3.904 0
6 2 1 0 3 1 1 12.011 -0.03507349995 0.1581 3.35 0
6 2 1 0 3 1 1 12.011 0.02989173583 0.1581 3.35 0
7 2 0 0 3 1 1 14.007 -0.238508976 -0.3239 2.202 0
6 3 0 0 3 1 1 12.011 0.1377124648 0.2955 4.346 0
7 2 1 0 3 1 1 14.007 -0.3457599277 -0.3239 2.202 0
6 2 1 0 3 1 1 12.011 0.008855123933 0.1581 3.35 0
6 3 0 0 3 1 1 12.011 0.006410601841 0.136 3.509 0
6 3 0 0 3 1 1 12.011 0.03220968727 0.2955 4.346 0
6 2 1 0 3 1 1 12.011 -0.05371423604 0.1581 3.35 0
6 2 1 0 3 1 1 12.011 -0.02595987172 0.1581 3.35 0
0 1 1 0 0 0
1 2 1.5 1 1 0
2 3 1.5 1 1 0
3 4 1.5 1 1 0
4 5 1 0 0 0
5 6 1 0 1 0
6 7 1 1 1 0
7 8 1.5 1 1 0
8 9 1.5 1 1 0
9 10 1.5 1 1 0
10 11 1.5 1 1 0
11 12 1.5 1 1 0
12 13 1 1 1 0
13 14 1.5 1 1 0
14 15 1.5 1 1 0
15 16 1.5 1 1 0
16 17 1.5 1 1 0
17 18 1.5 1 1 0
18 19 1.5 1 1 0
19 20 1.5 1 1 0
20 21 1.5 1 1 0
4 22 1.5 1 1 0
22 23 1.5 1 1 0
23 1 1.5 1 1 0
20 5 1 0 1 0
12 7 1.5 1 1 0
21 13 1.5 1 1 0
21 17 1.5 1 1 0
21 22 1
6 1 3 0 4 0 0 12.011 -0.03976996495 0.08452 2.464 0
6 3 0 0 3 1 1 12.011 -0.05086445162 0.136 3.509 0
6 2 1 0 3 1 1 12.011 -0.05564343528 0.1581 3.35 0
6 2 1 0 3 1 1 12.011 -0.01970448041 0.1581 3.35 0
6 3 0 0 3 1 1 12.011 0.1188061303 0.5437 3.853 0
8 2 0 0 3 0 0 15.999 -0.4935502613 -0.4195 1.182 0
6 2 2 0 4 0 0 12.011 0.08940088741 -0.2035 2.753 0
6 2 2 0 4 0 0 12.011 -0.006162737608 0.1441 2.503 0
6 2 2 0 4 0 0 12.011 -0.001505380294 -0.2035 2.753 0
7 2 1 0 4 0 0 14.007 -0.3132172767 -0.7096 2.173 0
6 2 2 0 4 0 0 12.011 0.02947220251 -0.2035 2.753 0
6 2 2 0 4 0 0 12.011 0.100618328 -0.2035 2.753 0
8 2 0 0 3 0 0 15.999 -0.492274837 -0.4195 1.182 0
6 3 0 0 3 1 1 12.011 0.1188594966 0.5437 3.853 0
6 2 1 0 3 1 1 12.011 -0.01996677051 0.1581 3.35 0
6 2 1 0 3 1 1 12.011 -0.05858535489 0.1581 3.35 0
6 2 1 0 3 1 1 12.011 -0.06199973835 0.1581 3.35 0
6 2 1 0 3 1 1 12.011 -0.05858535489 0.1581 3.35 0
6 2 1 0 3 1 1 12.011 -0.01996677051 0.1581 3.35 0
6 2 1 0 3 1 1 12.011 -0.01970448041 0.1581 3.35 0
6 2 1 0 3 1 1 12.011 -0.05564343528 0.1581 3.35 0
0 1 1 0 0 0
1 2 1.5 1 1 0
2 3 1.5 1 1 0
3 4 1.5 1 1 0
4 5 1 1 0 0
5 6 1 0 0 0
6 7 1 0 0 0
7 8 1 0 0 0
8 9 1 0 0 0
9 10 1 0 0 0
10 11 1 0 0 0
11 12 1 0 0 0
12 13 1 1 0 0
13 14 1.5 1 1 0
14 15 1.5 1 1 0
15 16 1.5 1 1 0
16 17 1.5 1 1 0
17 18 1.5 1 1 0
4 19 1.5 1 1 0
19 20 1.5 1 1 0
20 1 1.5 1 1 0
18 13 1.5 1 1 0
34 40 1
6 1 3 0 4 0 0 12.011 0.03642625892 -0.2035 2.753 0
8 2 0 0 4 0 0 15.999 -0.3739742285 -0.0684 1.085 0
6 4 0 0 4 0 1 12.011 0.1099113827 -0.2051 2.731 1
6 2 2 0 4 0 1 12.011 -0.01920810396 0.1441 2.503 0
6 2 2 0 4 0 1 12.011 -0.04216641157 0.1441 2.503 0
6 4 0 0 4 0 1 12.011 0.00029404822 0 2.433 -1
6 2 2 0 4 0 1 12.011 -0.03762846244 0.1441 2.503 0
6 3 1 0 4 0 1 12.011 0.009621930936 0 2.433 1
6 2 2 0 4 0 0 12.011 0.02315523485 -0.2035 2.753 0
7 2 1 0 3 0 0 14.007 -0.3543708726 -0.7096 2.173 0
6 3 0 0 3 0 0 12.011 0.2361392721 -0.2783 5.007 0
8 1 0 0 3 0 0 15.999 -0.2733281187 -0.1526 0 0
6 3 1 0 4 0 0 12.011 0.08126038666 -0.2051 2.731 -1
6 1 3 0 4 0 0 12.011 -0.04088227164 0.1441 2.503 0
7 1 2 0 4 0 0 14.007 -0.3201314227 -1.019 2.262 0
6 3 1 0 4 0 1 12.011 0.02024156723 -0.2051 2.731 1
6 2 2 0 4 0 1 12.011 -0.01115420656 -0.0516 2.488 0
6 3 0 0 3 1 1 12.011 -0.03852170678 0.136 3.509 0
6 2 1 0 3 1 1 12.011 -0.05473021679 0.1581 3.35 0
6 2 1 0 3 1 1 12.011 -0.01603417445 0.1581 3.35 0
6 3 0 0 3 1 1 12.011 0.1575046976 0.5437 3.853 0
8 1 1 0 3 0 0 15.999 -0.5042466597 -0.2893 0.8238 0
6 3 0 0 3 1 1 12.011 0.1652409456 0.5437 3.853 0
6 3 0 0 3 1 1 12.011 0.01194190472 0.136 3.509 0
6 4 0 0 4 0 1 12.011 0.04756695122 -0.0967 2.576 -1
6 2 2 0 4 0 1 12.011 -0.02618259681 0.1441 2.503 0
6 2 2 0 4 0 1 12.011 -0.0005142760523 -0.2035 2.753 0
7 3 0 0 4 0 1 14.007 -0.2991572594 -0.3187 1.839 0
6 2 2 0 4 0 0 12.011 0.00129774862 -0.2035 2.753 0
6 3 1 0 4 0 1 12.011 -0.02856940704 0 2.433 0
6 2 2 0 4 0 1 12.011 -0.04891446058 0.1441 2.503 0
6 2 2 0 4 0 1 12.011 -0.04891446058 0.1441 2.503 0
6 3 1 0 4 0 1 12.011 0.1384555746 -0.2051 2.731 1
8 2 0 0 3 0 1 15.999 -0.4822225309 -0.4195 1.182 0
0 1 1 0 0 0
1 2 1 0 0 0
2 3 1 0 1 0
3 4 1 0 1 0
4 5 1 0 1 0
5 6 1 0 1 0
6 7 1 0 1 0
7 8 1 0 0 0
8 9 1 0 0 0
9 10 1 1 0 0
10 11 2 1 0 0
10 12 1 0 0 0
12 13 1 0 0 0
12 14 1 0 0 0
5 15 1 0 1 0
15 16 1 0 1 0
16 17 1 0 1 0
17 18 1.5 1 1 0
18 19 1.5 1 1 0
19 20 1.5 1 1 0
20 21 1 1 0 0
20 22 1.5 1 1 0
22 23 1.5 1 1 0
23 24 1 0 1 0
24 25 1 0 1 0
25 26 1 0 1 0
26 27 1 0 1 0
27 28 1 0 0 0
28 29 1 0 0 0
29 30 1 0 1 0
30 31 1 0 1 0
24 32 1 0 1 0
32 33 1 0 1 0
7 2 1 0 1 0
27 15 1 0 1 0
31 29 1 0 1 0
32 2 1 0 1 0
24 5 1 0 1 0
23 17 1.5 1 1 0
33 22 1 1 1 0
40 43 1
6 1 3 0 4 0 0 12.011 0.03554803386 -0.2035 2.753 0
8 2 0 0 4 0 0 15.999 -0.3828607722 -0.0684 1.085 0
6 2 2 0 4 0 0 12.011 0.06358095118 -0.2035 2.753 0
6 2 2 0 4 0 0 12.011 0.04090630078 -0.2035 2.753 0
7 2 1 0 3 0 0 14.007 -0.3522330562 -0.7096 2.173 0
6 3 0 0 3 0 0 12.011 0.2397214794 -0.2783 5.007 0
8 1 0 0 3 0 0 15.999 -0.2730377297 -0.1526 0 0
6 2 2 0 4 0 0 12.011 0.1065867353 -0.0516 2.488 0
7 3 0 0 3 1 1 14.007 -0.2825035181 -0.3239 2.202 0
6 3 0 0 3 1 1 12.011 0.329345554 -0.8186 3.135 0
8 1 0 0 3 0 0 15.999 -0.247595141 0.1788 3.135 0
7 3 0 0 3 1 1 14.007 -0.2887584203 -0.3239 2.202 0
6 3 1 0 4 0 1 12.011 0.04121354679 0.1193 2.582 0
6 2 2 0 4 0 1 12.011 -0.01917078761 0.1441 2.503 0
6 2 2 0 4 0 1 12.011 0.0001078364288 -0.2035 2.753 0
7 3 0 0 4 0 1 14.007 -0.3030384329 -0.3187 1.839 0
6 2 2 0 4 0 0 12.011 0.001664579863 -0.2035 2.753 0
6 2 2 0 4 0 0 12.011 -0.002791188215 0.1441 2.503 0
6 3 1 0 4 0 0 12.011 0.1022077759 -0.2051 2.731 0
8 2 0 0 3 0 0 15.999 -0.4897018251 -0.4195 1.182 0
6 3 0 0 3 1 1 12.011 0.1258310551 0.5437 3.853 0
6 2 1 0 3 1 1 12.011 0.02250221181 0.1581 3.35 0
6 3 0 0 3 1 1 12.011 0.1220752991 0.5437 3.853 0
8 2 0 0 3 0 0 15.999 -0.4966244478 -0.4195 1.182 0
6 1 3 0 4 0 0 12.011 0.0775100687 -0.2035 2.753 0
6 2 1 0 3 1 1 12.011 -0.01944299074 0.1581 3.35 0
6 2 1 0 3 1 1 12.011 -0.05195202224 0.1581 3.35 0
6 3 0 0 3 1 1 12.011 -0.008704775111 0.136 3.509 0
6 1 3 0 4 0 0 12.011 -0.03609608843 0.08452 2.464 0
6 3 1 0 4 0 0 12.011 -0.009811430413 0 2.433 0
6 1 3 0 4 0 0 12.011 -0.05923856263 0.1441 2.503 0
6 1 3 0 4 0 0 12.011 -0.05923856263 0.1441 2.503 0
6 2 2 0 4 0 1 12.011 0.0001078364288 -0.2035 2.753 0
6 2 2 0 4 0 1 12.011 -0.01917078761 0.1441 2.503 0
6 3 0 0 3 1 1 12.011 0.06961223399 0.2955 4.346 0
6 2 1 0 3 1 1 12.011 -0.03609076808 0.1581 3.35 0
6 2 1 0 3 1 1 12.011 -0.06003765344 0.1581 3.35 0
6 2 1 0 3 1 1 12.011 -0.06003760617 0.1581 3.35 0
6 2 1 0 3 1 1 12.011 -0.03608553309 0.1581 3.35 0
6 3 0 0 3 1 1 12.011 0.06988872476 0.2955 4.346 0
0 1 1 0 0 0
1 2 1 0 0 0
2 3 1 0 0 0
3 4 1 0 0 0
4 5 1 1 0 0
5 6 2 1 0 0
5 7 1 0 0 0
7 8 1 0 0 0
8 9 1.5 1 1 0
9 10 2 1 0 0
9 11 1.5 1 1 0
11 12 1 0 0 0
12 13 1 0 1 0
13 14 1 0 1 0
14 15 1 0 1 0
15 16 1 0 0 0
16 17 1 0 0 0
17 18 1 0 0 0
18 19 1 0 0 0
19 20 1 1 0 0
20 21 1.5 1 1 0
21 22 1.5 1 1 0
22 23 1 1 0 0
23 24 1 0 0 0
22 25 1.5 1 1 0
25 26 1.5 1 1 0
26 27 1.5 1 1 0
27 28 1 0 0 0
18 29 1 0 0 0
29 30 1 0 0 0
29 31 1 0 0 0
15 32 1 0 1 0
32 33 1 0 1 0
11 34 1.5 1 1 0
34 35 1.5 1 1 0
35 36 1.5 1 1 0
36 37 1.5 1 1 0
37 38 1.5 1 1 0
38 39 1.5 1 1 0
39 8 1.5 1 1 0
33 12 1 0 1 0
39 34 1.5 1 1 0
27 20 1.5 1 1 0
41 44 1
6 1 3 0 4 0 0 12.011 -0.03605994429 0.08452 2.464 0
6 3 0 0 3 1 1 12.011 -0.007862260573 0.136 3.509 0
6 2 1 0 3 1 1 12.011 -0.04194639656 0.1581 3.35 0
6 3 0 0 3 1 1 12.011 0.008389498969 0.1893 2.673 0
16 2 0 0 4 0 0 32.067 -0.1166328082 0.6482 7.591 0
6 3 1 0 4 0 0 12.011 0.04971942545 0.1193 2.582 0
6 2 2 0 4 0 0 12.011 -0.01054736891 -0.0516 2.488 0
6 3 0 0 3 1 1 12.011 -0.04650557154 0.136 3.509 0
6 2 1 0 3 1 1 12.011 -0.05838840941 0.1581 3.35 0
6 2 1 0 3 1 1 12.011 -0.04974705211 0.1581 3.35 0
6 3 0 0 3 1 1 12.011 0.05550940058 0.136 3.509 0
6 4 0 0 4 0 0 12.011 0.4159098369 -0.0967 2.576 0
9 1 0 0 4 0 0 18.998 -0.1661375468 0.4202 1.108 0
9 1 0 0 4 0 0 18.998 -0.1661375468 0.4202 1.108 0
9 1 0 0 4 0 0 18.998 -0.1661375468 0.4202 1.108 0
6 2 1 0 3 1 1 12.011 -0.04974705211 0.1581 3.35 0
6 2 1 0 3 1 1 12.011 -0.05838840941 0.1581 3.35 0
6 3 0 0 3 1 1 12.011 0.04165117006 0.136 3.509 0
16 2 0 0 3 1 1 32.067 -0.1174206853 0.6237 6.691 0
6 3 0 0 3 1 1 12.011 0.1233983696 0.2713 3.904 0
6 3 0 0 3 1 1 12.011 0.01044617969 0.2713 3.904 0
6 2 1 0 3 1 1 12.011 -0.0513677927 0.1581 3.35 0
6 2 1 0 3 1 1 12.011 -0.04931814291 0.1581 3.35 0
6 3 0 0 3 1 1 12.011 0.05553559415 0.136 3.509 0
6 4 0 0 4 0 0 12.011 0.4159102425 -0.0967 2.576 0
9 1 0 0 4 0 0 18.998 -0.1661375431 0.4202 1.108 0
9 1 0 0 4 0 0 18.998 -0.1661375431 0.4202 1.108 0
9 1 0 0 4 0 0 18.998 -0.1661375431 0.4202 1.108 0
6 2 1 0 3 1 1 12.011 -0.04931814291 0.1581 3.35 0
6 2 1 0 3 1 1 12.011 -0.0513677927 0.1581 3.35 0
7 2 0 0 3 1 1 14.007 -0.2410762373 -0.3239 2.202 0
6 3 0 0 3 1 1 12.011 0.05329154048 0.136 3.509 0
6 1 3 0 4 0 0 12.011 -0.02101717211 0.08452 2.464 0
6 2 1 0 3 1 1 12.011 -0.04487375931 0.1581 3.35 0
6 2 1 0 3 1 1 12.011 -0.01854981064 0.1581 3.35 0
6 3 0 0 3 1 1 12.011 0.1226701867 0.5437 3.853 0
8 2 0 0 3 0 0 15.999 -0.4816386 -0.4195 1.182 0
6 2 2 0 4 0 0 12.011 0.1851071702 -0.2035 2.753 0
6 3 0 0 3 0 0 12.011 0.3412224041 -0.2783 5.007 0
8 1 0 0 3 0 0 15.999 -0.2483547323 -0.1526 0 0
8 1 1 0 3 0 0 15.999 -0.4787231759 -0.2893 0.8238 0
0 1 1 0 0 0
1 2 1.5 1 1 0
2 3 1.5 1 1 0
3 4 1 0 0 0
4 5 1 0 0 0
5 6 1 0 0 0
6 7 1 0 0 0
7 8 1.5 1 1 0
8 9 1.5 1 1 0
9 10 1.5 1 1 0
10 11 1 0 0 0
11 12 1 0 0 0
11 13 1 0 0 0
11 14 1 0 0 0
10 15 1.5 1 1 0
15 16 1.5 1 1 0
5 17 1 0 0 0
17 18 1.5 1 1 0
18 19 1.5 1 1 0
19 20 1 1 0 0
20 21 1.5 1 1 0
21 22 1.5 1 1 0
22 23 1.5 1 1 0
23 24 1 0 0 0
24 25 1 0 0 0
24 26 1 0 0 0
24 27 1 0 0 0
23 28 1.5 1 1 0
28 29 1.5 1 1 0
19 30 1.5 1 1 0
30 31 1.5 1 1 0
31 32 1 0 0 0
3 33 1.5 1 1 0
33 34 1.5 1 1 0
34 35 1.5 1 1 0
35 36 1 1 0 0
36 37 1 0 0 0
37 38 1 0 0 0
38 39 2 1 0 0
38 40 1 1 0 0
35 1 1.5 1 1 0
16 7 1.5 1 1 0
31 17 1.5 1 1 0
29 20 1.5 1 1 0
31 34 1
6 1 3 0 4 0 0 12.011 -0.06129410172 0.1441 2.503 0
6 2 2 0 4 0 0 12.011 -0.03073951931 -0.0516 2.488 0
6 3 0 0 3 1 1 12.011 -0.04802489473 0.136 3.509 0
6 2 1 0 3 1 1 12.011 -0.05537230421 0.1581 3.35 0
6 2 1 0 3 1 1 12.011 -0.0196747662 0.1581 3.35 0
6 3 0 0 3 1 1 12.011 0.1193307054 0.5437 3.853 0
8 2 0 0 3 0 0 15.999 -0.4888905551 -0.4195 1.182 0
6 2 2 0 4 0 0 12.011 0.1140803391 -0.0516 2.488 0
6 3 0 0 3 1 1 12.011 0.002015574643 0.136 3.509 0
6 2 1 0 3 1 1 12.011 -0.0548252931 0.1581 3.35 0
6 2 1 0 3 1 1 12.011 -0.06181757335 0.1581 3.35 0
6 2 1 0 3 1 1 12.011 -0.06144881289 0.1581 3.35 0
6 2 1 0 3 1 1 12.011 -0.04903873603 0.1581 3.35 0
6 3 0 0 3 1 1 12.011 0.04627424114 0.136 3.509 0
6 3 0 0 3 0 0 12.011 0.2555697202 -0.2783 5.007 0
8 1 0 0 3 0 0 15.999 -0.2689159729 0.1129 0.2215 0
7 2 1 0 3 0 0 14.007 -0.3219620685 -0.5188 3 0
6 3 0 0 3 1 1 12.011 0.04181189162 0.4619 4.067 0
6 2 1 0 3 1 1 12.011 -0.03633377468 0.1581 3.35 0
6 2 1 0 3 1 1 12.011 -0.03365773074 0.1581 3.35 0
6 3 0 0 3 1 1 12.011 0.072689701 0.2955 4.346 0
7 2 0 0 3 1 1 14.007 -0.2529804662 -0.3239 2.202 0
6 3 0 0 3 1 1 12.011 0.04004124751 0.136 3.509 0
6 1 3 0 4 0 0 12.011 -0.02212354346 0.08452 2.464 0
6 2 1 0 3 1 1 12.011 -0.01713150808 0.1581 3.35 0
6 3 0 0 3 1 1 12.011 0.04279693597 0.4619 4.067 0
7 1 2 0 3 0 0 14.007 -0.3981253666 -1.027 2.827 0
6 3 0 0 3 1 1 12.011 0.02523217798 0.2955 4.346 0
6 2 1 0 3 1 1 12.011 -0.02700463528 0.1581 3.35 0
6 2 1 0 3 1 1 12.011 -0.0196747662 0.1581 3.35 0
6 2 1 0 3 1 1 12.011 -0.05537230421 0.1581 3.35 0
0 1 1 0 0 0
1 2 1 0 0 0
2 3 1.5 1 1 0
3 4 1.5 1 1 0
4 5 1.5 1 1 0
5 6 1 1 0 0
6 7 1 0 0 0
7 8 1 0 0 0
8 9 1.5 1 1 0
9 10 1.5 1 1 0
10 11 1.5 1 1 0
11 12 1.5 1 1 0
12 13 1.5 1 1 0
13 14 1 1 0 0
14 15 2 1 0 0
14 16 1 1 0 0
16 17 1 1 0 0
17 18 1.5 1 1 0
18 19 1.5 1 1 0
19 20 1.5 1 1 0
20 21 1.5 1 1 0
21 22 1.5 1 1 0
22 23 1 0 0 0
22 24 1.5 1 1 0
24 25 1.5 1 1 0
25 26 1 1 0 0
25 27 1.5 1 1 0
27 28 1.5 1 1 0
5 29 1.5 1 1 0
29 30 1.5 1 1 0
30 2 1.5 1 1 0
13 8 1.5 1 1 0
28 17 1.5 1 1 0
27 20 1.5 1 1 0
31 35 1
8 1 0 0 3 0 0 15.999 -0.2748075608 -0.1526 0 0
6 3 0 0 3 0 0 12.011 0.2229328939 -0.2783 5.007 0
7 2 1 0 3 0 0 14.007 -0.353133316 -0.7096 2.173 0
6 3 1 0 4 0 1 12.011 0.02879193723 -0.2051 2.731 0
6 2 2 0 4 0 1 12.011 -0.03251983302 0.1441 2.503 0
6 2 2 0 4 0 1 12.011 -0.04844844637 0.1441 2.503 0
6 3 1 0 4 0 1 12.011 -0.04006086357 0 2.433 0
6 2 2 0 4 0 0 12.011 -0.03755780452 0.1441 2.503 0
6 2 2 0 4 0 0 12.011 -0.001459417102 -0.2035 2.753 0
7 3 0 0 4 0 1 14.007 -0.2998147255 -0.3187 1.839 0
6 2 2 0 4 0 1 12.011 0.01585645767 -0.2035 2.753 0
6 2 2 0 4 0 1 12.011 0.03071856267 -0.2035 2.753 0
7 3 0 0 3 0 1 14.007 -0.3658567885 -0.4458 2.819 0
6 3 0 0 3 1 1 12.011 0.08354372582 0.4619 4.067 0
6 2 1 0 3 1 1 12.011 -0.0346411303 0.1581 3.35 0
6 2 1 0 3 1 1 12.011 -0.05623577922 0.1581 3.35 0
6 2 1 0 3 1 1 12.011 -0.01573560019 0.1581 3.35 0
6 3 0 0 3 1 1 12.011 0.1674783799 0.5437 3.853 0
6 3 0 0 3 1 1 12.011 0.1885271028 0.5437 3.853 0
8 2 0 0 3 0 1 15.999 -0.4513912052 -0.4195 1.182 0
6 2 2 0 4 0 1 12.011 0.2309215208 -0.2035 2.753 0
8 2 0 0 3 0 1 15.999 -0.4535067157 -0.4195 1.182 0
6 2 2 0 4 0 1 12.011 0.03071856267 -0.2035 2.753 0
6 2 2 0 4 0 1 12.011 0.01585645767 -0.2035 2.753 0
6 2 2 0 4 0 1 12.011 -0.04844844637 0.1441 2.503 0
6 2 2 0 4 0 1 12.011 -0.03251983302 0.1441 2.503 0
6 3 1 0 4 0 1 12.011 0.04072069349 0 2.433 0
6 2 2 0 4 0 1 12.011 -0.02498819219 0.1441 2.503 0
6 3 1 0 4 0 1 12.011 0.03508480787 -0.2051 2.731 0
17 1 0 0 4 0 0 35.453 -0.1229555158 0.6895 5.853 0
6 2 2 0 4 0 1 12.011 -0.02498819219 0.1441 2.503 0
0 1 2 1 0 0
1 2 1 1 0 0
2 3 1 0 0 0
3 4 1 0 1 0
4 5 1 0 1 0
5 6 1 0 1 0
6 7 1 0 0 0
7 8 1 0 0 0
8 9 1 0 0 0
9 10 1 0 1 0
10 11 1 0 1 0
11 12 1 0 1 0
12 13 1 1 0 0
13 14 1.5 1 1 0
14 15 1.5 1 1 0
15 16 1.5 1 1 0
16 17 1.5 1 1 0
17 18 1.5 1 1 0
18 19 1 1 1 0
19 20 1 0 1 0
20 21 1 0 1 0
12 22 1 0 1 0
22 23 1 0 1 0
6 24 1 0 1 0
24 25 1 0 1 0
1 26 1 0 0 0
26 27 1 0 1 0
27 28 1 0 1 0
28 29 1 0 0 0
28 30 1 0 1 0
25 3 1 0 1 0
30 26 1 0 1 0
23 9 1 0 1 0
18 13 1.5 1 1 0
21 17 1 1 1 0
30 33 1
6 1 3 0 4 0 0 12.011 -0.05854395511 0.1441 2.503 0
6 3 1 0 4 0 0 12.011 -0.0182194593 0.1193 2.582 0
6 1 3 0 4 0 0 12.011 -0.05854395511 0.1441 2.503 0
6 3 0 0 3 1 1 12.011 -0.003344521816 0.136 3.509 0
6 2 1 0 3 1 1 12.011 -0.05508669302 0.1581 3.35 0
6 2 1 0 3 1 1 12.011 -0.0617144632 0.1581 3.35 0
6 2 1 0 3 1 1 12.011 -0.05856438972 0.1581 3.35 0
6 2 1 0 3 1 1 12.011 -0.01966596559 0.1581 3.35 0
6 3 0 0 3 1 1 12.011 0.1223084794 0.5437 3.853 0
8 2 0 0 3 0 0 15.999 -0.4919635524 -0.4195 1.182 0
6 2 2 0 4 0 0 12.011 0.1008897894 -0.2035 2.753 0
6 2 2 0 4 0 0 12.011 0.03256534778 -0.2035 2.753 0
7 3 0 0 4 0 1 14.007 -0.2978402515 -0.3187 1.839 0
6 2 2 0 4 0 1 12.011 0.0003597005137 -0.2035 2.753 0
6 2 2 0 4 0 1 12.011 -0.01865783323 0.1441 2.503 0
6 3 1 0 4 0 1 12.011 0.04309900293 -0.2051 2.731 0
7 2 1 0 3 0 0 14.007 -0.3466308933 -0.7096 2.173 0
6 3 0 0 3 0 0 12.011 0.2696614107 -0.2783 5.007 0
8 1 0 0 3 0 0 15.999 -0.2675067131 0.1129 0.2215 0
6 3 0 0 3 1 1 12.011 0.1283853066 0.136 3.509 0
6 2 1 0 3 1 1 12.011 -0.0300651699 0.1581 3.35 0
6 2 1 0 3 1 1 12.011 -0.05046629819 0.1581 3.35 0
6 3 0 0 3 1 1 12.011 0.000205500822 0.2955 4.346 0
6 2 1 0 3 1 1 12.011 -0.05281447379 0.1581 3.35 0
6 2 1 0 3 1 1 12.011 -0.06151759396 0.1581 3.35 0
6 2 1 0 3 1 1 12.011 -0.06007842819 0.1581 3.35 0
6 2 1 0 3 1 1 12.011 -0.03578521677 0.1581 3.35 0
6 3 0 0 3 1 1 12.011 0.07111676576 0.2955 4.346 0
7 2 0 0 3 1 1 14.007 -0.2426277518 -0.3239 2.202 0
6 2 2 0 4 0 1 12.011 0.01872467424 -0.2035 2.753 0
0 1 1 0 0 0
1 2 1 0 0 0
1 3 1 0 0 0
3 4 1.5 1 1 0
4 5 1.5 1 1 0
5 6 1.5 1 1 0
6 7 1.5 1 1 0
7 8 1.5 1 1 0
8 9 1 1 0 0
9 10 1 0 0 0
10 11 1 0 0 0
11 12 1 0 0 0
12 13 1 0 1 0
13 14 1 0 1 0
14 15 1 0 1 0
15 16 1 0 0 0
16 17 1 1 0 0
17 18 2 1 0 0
17 19 1 1 0 0
19 20 1.5 1 1 0
20 21 1.5 1 1 0
21 22 1.5 1 1 0
22 23 1.5 1 1 0
23 24 1.5 1 1 0
24 25 1.5 1 1 0
25 26 1.5 1 1 0
26 27 1.5 1 1 0
27 28 1.5 1 1 0
15 29 1 0 1 0
8 3 1.5 1 1 0
29 12 1 0 1 0
28 19 1.5 1 1 0
27 22 1.5 1 1 0
34 38 1
6 1 3 0 4 0 0 12.011 -0.06106580566 0.1441 2.503 0
6 3 1 0 4 0 0 12.011 -0.02881790273 0 2.433 0
6 1 3 0 4 0 0 12.011 -0.06106580566 0.1441 2.503 0
6 2 2 0 4 0 0 12.011 0.03070415049 -0.0516 2.488 0
7 3 0 0 3 1 1 14.007 -0.2840480662 -0.3239 2.202 0
6 3 0 0 3 1 1 12.011 0.3313360346 -0.8186 3.135 0
8 1 0 0 3 0 0 15.999 -0.2475099507 0.1788 3.135 0
7 3 0 0 3 1 1 14.007 -0.2627750338 -0.3239 2.202 0
6 1 3 0 4 0 0 12.011 0.01942834926 -0.1444 2.412 0
6 3 0 0 3 1 1 12.011 0.2649915253 -0.8186 3.135 0
8 1 0 0 3 0 0 15.999 -0.2684071237 0.1788 3.135 0
6 3 0 0 3 1 1 12.011 0.08820612727 0.2955 4.346 0
6 3 0 0 3 1 1 12.011 0.1130736923 0.2955 4.346 0
16 2 0 0 3 1 1 32.067 -0.1207170863 0.6237 6.691 0
6 3 0 0 3 1 1 12.011 0.02486917243 0.136 3.509 0
6 2 2 0 4 0 0 12.011 0.009970967292 -0.0516 2.488 0
6 3 0 0 3 1 1 12.011 -0.01572645197 0.136 3.509 0
6 2 1 0 3 1 1 12.011 0.006769455356 0.1581 3.35 0
7 2 1 0 3 1 1 14.007 -0.345859536 -0.3239 2.202 0
6 3 0 0 3 1 1 12.011 0.1369975247 0.2955 4.346 0
7 2 0 0 3 1 1 14.007 -0.2385568062 -0.3239 2.202 0
6 2 1 0 3 1 1 12.011 0.02927137169 0.1581 3.35 0
6 2 1 0 3 1 1 12.011 -0.04303993988 0.1581 3.35 0
6 2 1 0 3 1 1 12.011 -0.04938992363 0.1581 3.35 0
6 3 0 0 3 1 1 12.011 0.02222528892 0.2955 4.346 0
6 3 0 0 3 1 1 12.011 0.07100579965 0.136 3.509 0
6 3 0 0 3 0 0 12.011 0.2790561697 -0.2783 5.007 0
8 1 0 0 3 0 0 15.999 -0.266669201 0.1129 0.2215 0
7 3 0 0 3 0 1 14.007 -0.2145731742 -0.3187 1.839 0
6 2 2 0 4 0 1 12.011 0.07737313853 -0.2035 2.753 0
6 3 1 0 4 0 1 12.011 0.1000115186 -0.2051 2.731 -1
8 1 1 0 4 0 0 15.999 -0.3886561794 -0.2893 0.8238 0
6 2 2 0 4 0 1 12.011 0.1027277817 -0.2035 2.753 0
8 2 0 0 4 0 1 15.999 -0.2677848504 -0.0684 1.085 0
0 1 1 0 0 0
1 2 1 0 0 0
1 3 1 0 0 0
3 4 1 0 0 0
4 5 1.5 1 1 0
5 6 2 1 0 0
5 7 1.5 1 1 0
7 8 1 0 0 0
7 9 1.5 1 1 0
9 10 2 1 0 0
9 11 1.5 1 1 0
11 12 1.5 1 1 0
12 13 1.5 1 1 0
13 14 1.5 1 1 0
14 15 1 0 0 0
15 16 1 0 0 0
16 17 1.5 1 1 0
17 18 1.5 1 1 0
18 19 1.5 1 1 0
19 20 1.5 1 1 0
20 21 1.5 1 1 0
21 22 1.5 1 1 0
22 23 1.5 1 1 0
23 24 1.5 1 1 0
14 25 1.5 1 1 0
25 26 1 1 0 0
26 27 2 1 0 0
26 28 1 1 0 0
28 29 1 0 1 0
29 30 1 0 1 0
30 31 1 0 0 0
30 32 1 0 1 0
32 33 1 0 1 0
12 4 1.5 1 1 0
25 11 1.5 1 1 0
24 16 1.5 1 1 0
24 19 1.5 1 1 0
33 28 1 0 1 0
28 30 1
6 1 3 0 4 0 0 12.011 -0.03539082774 0.1441 2.503 0
6 3 1 0 4 0 0 12.011 0.1079590284 -0.2051 2.731 -1
6 3 0 0 3 0 0 12.011 0.2447478356 -0.2783 5.007 0
8 1 0 0 3 0 0 15.999 -0.2724961091 -0.1526 0 0
7 3 0 0 3 0 1 14.007 -0.3362964951 -0.3187 1.839 0
6 2 2 0 4 0 1 12.011 0.04413336619 -0.2035 2.753 0
6 2 2 0 4 0 1 12.011 0.06430642184 -0.2035 2.753 0
8 2 0 0 4 0 1 15.999 -0.3777741905 -0.0684 1.085 0
6 2 2 0 4 0 1 12.011 0.06430642184 -0.2035 2.753 0
6 2 2 0 4 0 1 12.011 0.04413336619 -0.2035 2.753 0
7 3 0 0 3 0 1 14.007 -0.3294877539 -0.3187 1.839 0
6 2 2 0 4 0 1 12.011 0.02338921489 -0.2035 2.753 0
6 2 2 0 4 0 1 12.011 -0.009817627072 0.1441 2.503 0
6 3 1 0 4 0 1 12.011 0.1025805426 -0.2051 2.731 -1
7 2 1 0 4 0 0 14.007 -0.1990922878 -0.7096 2.173 0
16 4 0 0 4 0 0 32.067 0.2339862374 -0.0024 7.365 0
8 1 0 0 3 0 0 15.999 -0.207707623 -0.3339 0.7774 0
8 1 0 0 3 0 0 15.999 -0.207707623 -0.3339 0.7774 0
6 2 1 0 3 0 0 12.011 0.04725526729 0.1551 3.513 0
6 2 1 0 3 0 0 12.011 -0.03216370322 0.264 4.305 0
6 3 0 0 3 1 1 12.011 0.02931933207 0.136 3.509 0
6 2 1 0 3 1 1 12.011 -0.04256796069 0.1581 3.35 0
6 2 1 0 3 1 1 12.011 -0.03191953655 0.1581 3.35 0
6 3 0 0 3 1 1 12.011 0.09341877196 0.245 3.564 0
17 1 0 0 4 0 0 35.453 -0.07247099884 0.6895 5.853 0
16 2 0 0 3 1 1 32.067 -0.1239771362 0.6237 6.691 0
6 3 0 0 3 0 1 12.011 0.2410011661 -0.2783 5.007 0
8 1 0 0 3 0 0 15.999 -0.273012217 -0.1526 0 0
0 1 1 0 0 0
1 2 1 0 0 0
2 3 2 1 0 0
2 4 1 1 0 0
4 5 1 0 1 0
5 6 1 0 1 0
6 7 1 0 1 0
7 8 1 0 1 0
8 9 1 0 1 0
1 10 1 0 0 0
10 11 1 0 1 0
11 12 1 0 1 0
12 13 1 0 1 0
13 14 1 0 0 0
14 15 1 0 0 0
15 16 2 0 0 0
15 17 2 0 0 0
15 18 1 0 0 0
18 19 2 1 0 1
19 20 1 1 0 0
20 21 1.5 1 1 0
21 22 1.5 1 1 0
22 23 1.5 1 1 0
23 24 1 0 0 0
23 25 1.5 1 1 0
13 26 1 0 1 0
26 27 2 1 0 0
9 4 1 0 1 0
26 10 1 1 1 0
25 20 1.5 1 1 0
27 30 1
6 1 3 0 4 0 0 12.011 0.009851623186 -0.2035 2.753 0
7 3 0 0 3 0 0 14.007 -0.337131023 -0.3187 1.839 0
6 3 0 0 3 0 0 12.011 0.2267941129 -0.2783 5.007 0
8 1 0 0 3 0 0 15.999 -0.2745144599 -0.1526 0 0
6 2 2 0 4 0 0 12.011 0.05199911818 -0.0516 2.488 0
6 3 0 0 3 1 1 12.011 -0.03471804265 0.136 3.509 0
6 2 1 0 3 1 1 12.011 -0.05455829318 0.1581 3.35 0
6 2 1 0 3 1 1 12.011 -0.0156091711 0.1581 3.35 0
6 3 0 0 3 1 1 12.011 0.1653131428 0.5437 3.853 0
6 3 0 0 3 1 1 12.011 0.165581984 0.5437 3.853 0
6 2 1 0 3 1 1 12.011 -0.01216261984 0.1581 3.35 0
8 2 0 0 3 0 1 15.999 -0.4535848908 -0.4195 1.182 0
6 2 2 0 4 0 1 12.011 0.2308003595 -0.2035 2.753 0
8 2 0 0 3 0 1 15.999 -0.4535954913 -0.4195 1.182 0
6 3 1 0 4 0 0 12.011 0.06927401447 0.1193 2.582 -1
6 2 2 0 4 0 0 12.011 0.02295799126 -0.2035 2.753 0
7 3 0 0 4 0 1 14.007 -0.3009416288 -0.3187 1.839 0
6 2 2 0 4 0 1 12.011 -0.001725140672 -0.2035 2.753 0
6 2 2 0 4 0 1 12.011 -0.03919785144 0.1441 2.503 0
6 2 2 0 4 0 1 12.011 -0.03919785144 0.1441 2.503 0
6 2 2 0 4 0 1 12.011 -0.001725140672 -0.2035 2.753 0
6 3 0 0 3 1 1 12.011 -0.02418736859 0.136 3.509 0
6 2 1 0 3 1 1 12.011 -0.0569150478 0.1581 3.35 0
6 2 1 0 3 1 1 12.011 -0.06191552995 0.1581 3.35 0
6 2 1 0 3 1 1 12.011 -0.06224612355 0.1581 3.35 0
6 2 1 0 3 1 1 12.011 -0.06191552995 0.1581 3.35 0
6 2 1 0 3 1 1 12.011 -0.0569150478 0.1581 3.35 0
0 1 1 0 0 0
1 2 1 1 0 0
2 3 2 1 0 0
2 4 1 0 0 0
4 5 1 0 0 0
5 6 1.5 1 1 0
6 7 1.5 1 1 0
7 8 1.5 1 1 0
8 9 1.5 1 1 0
9 10 1.5 1 1 0
9 11 1 1 1 0
11 12 1 0 1 0
12 13 1 0 1 0
1 14 1 0 0 0
14 15 1 0 0 0
15 16 1 0 0 0
16 17 1 0 1 0
17 18 1 0 1 0
18 19 1 0 1 0
19 20 1 0 1 0
14 21 1 0 0 0
21 22 1.5 1 1 0
22 23 1.5 1 1 0
23 24 1.5 1 1 0
24 25 1.5 1 1 0
25 26 1.5 1 1 0
10 5 1.5 1 1 0
20 16 1 0 1 0
26 21 1.5 1 1 0
13 8 1 1 1 0
39 43 1
6 1 3 0 4 0 0 12.011 -0.04980776131 0.1441 2.503 0
6 3 1 0 4 0 0 12.011 0.003856826227 -0.2051 2.731 0
6 1 3 0 4 0 0 12.011 -0.04980776131 0.1441 2.503 0
7 3 0 0 4 0 1 14.007 -0.3007823012 -0.3187 1.839 0
6 2 2 0 4 0 1 12.011 0.0003521850604 -0.2035 2.753 0
6 2 2 0 4 0 1 12.011 -0.01985580797 0.1441 2.503 0
6 3 1 0 4 0 1 12.011 0.0315940257 -0.2051 2.731 0
7 2 1 0 3 0 0 14.007 -0.3478943335 -0.7096 2.173 0
6 3 0 0 3 0 0 12.011 0.2690585953 -0.2783 5.007 0
8 1 0 0 3 0 0 15.999 -0.2675363379 0.1129 0.2215 0
6 3 0 0 3 1 1 12.011 0.1260056067 0.136 3.509 0
6 3 0 0 3 1 1 12.011 0.09072296267 0.136 3.509 0
6 2 0 0 2 0 0 12.011 0.1022576646 0.0017 3.888 0
7 1 0 0 2 0 0 14.007 -0.1923273213 0.01508 1.725 0
6 3 0 0 3 1 1 12.011 0.01959942427 0.2955 4.346 0
6 2 1 0 3 1 1 12.011 -0.03274404762 0.1581 3.35 0
6 3 0 0 3 1 1 12.011 0.06734399562 0.1893 2.673 0
16 4 0 0 4 0 0 32.067 0.175042915 -0.0024 7.365 0
6 1 3 0 4 0 0 12.011 0.0433723593 -0.2035 2.753 0
8 1 0 0 3 0 0 15.999 -0.22399075 -0.3339 0.7774 0
8 1 0 0 3 0 0 15.999 -0.22399075 -0.3339 0.7774 0
6 2 1 0 3 1 1 12.011 -0.04141732916 0.1581 3.35 0
6 2 1 0 3 1 1 12.011 -0.03642799403 0.1581 3.35 0
6 3 0 0 3 1 1 12.011 0.0504558446 0.2955 4.346 0
7 3 0 0 3 1 1 14.007 -0.3291381411 -0.3239 2.202 0
6 2 2 0 4 0 0 12.011 0.06915687893 -0.0516 2.488 0
6 3 0 0 3 1 1 12.011 0.1039147379 0.136 3.509 0
6 2 1 0 3 1 1 12.011 0.01183424925 0.1581 3.35 0
6 3 0 0 3 1 1 12.011 0.1766748041 0.2713 3.904 0
6 3 0 0 3 1 1 12.011 0.07412933389 0.2713 3.904 0
6 2 1 0 3 1 1 12.011 -0.03868176301 0.1581 3.35 0
6 2 1 0 3 1 1 12.011 -0.03177632363 0.1581 3.35 0
6 3 0 0 3 1 1 12.011 0.09356344599 0.245 3.564 0
17 1 0 0 4 0 0 35.453 -0.0724685032 0.6895 5.853 0
16 2 0 0 3 1 1 32.067 -0.1199513608 0.6237 6.691 0
8 2 0 0 3 1 1 15.999 -0.3550915745 0.1552 1.08 0
7 2 0 0 3 1 1 14.007 -0.08234153061 -0.3239 2.202 0
6 2 2 0 4 0 1 12.011 -0.01985580797 0.1441 2.503 0
6 2 2 0 4 0 1 12.011 0.0003521850604 -0.2035 2.753 0
0 1 1 0 0 0
1 2 1 0 0 0
1 3 1 0 0 0
3 4 1 0 1 0
4 5 1 0 1 0
5 6 1 0 1 0
6 7 1 0 0 0
7 8 1 1 0 0
8 9 2 1 0 0
8 10 1 1 0 0
10 11 1.5 1 1 0
11 12 1 1 0 0
12 13 3 1 0 0
11 14 1.5 1 1 0
14 15 1.5 1 1 0
15 16 1.5 1 1 0
16 17 1 0 0 0
17 18 1 0 0 0
17 19 2 0 0 0
17 20 2 0 0 0
16 21 1.5 1 1 0
21 22 1.5 1 1 0
22 23 1.5 1 1 0
23 24 1.5 1 1 0
24 25 1 0 0 0
25 26 1 0 0 0
26 27 1.5 1 1 0
27 28 1.5 1 1 0
28 29 1 1 0 0
29 30 1.5 1 1 0
30 31 1.5 1 1 0
31 32 1.5 1 1 0
32 33 1 0 0 0
32 34 1.5 1 1 0
28 35 1.5 1 1 0
35 36 1.5 1 1 0
6 37 1 0 1 0
37 38 1 0 1 0
38 3 1 0 1 0
24 10 1.5 1 1 0
36 26 1.5 1 1 0
23 14 1.5 1 1 0
34 29 1.5 1 1 0
34 38 1
7 1 2 0 4 0 0 14.007 -0.3264872883 -1.019 2.262 0
6 2 2 0 4 0 0 12.011 0.01810592351 -0.0516 2.488 0
6 3 0 0 3 1 1 12.011 -0.02929719481 0.136 3.509 0
6 2 1 0 3 1 1 12.011 -0.0559323926 0.1581 3.35 0
6 2 1 0 3 1 1 12.011 -0.04318325386 0.1581 3.35 0
6 3 0 0 3 1 1 12.011 0.04091174057 0.245 3.564 0
17 1 0 0 4 0 0 35.453 -0.08433232954 0.6895 5.853 0
6 2 1 0 3 1 1 12.011 -0.03819830686 0.1581 3.35 0
6 3 0 0 3 1 1 12.011 -0.02283008676 0.136 3.509 0
6 2 2 0 4 0 0 12.011 0.0431717031 -0.0516 2.488 0
7 2 1 0 3 0 0 14.007 -0.3502211769 -0.7096 2.173 0
6 3 0 0 3 0 0 12.011 0.2425766799 -0.2783 5.007 0
8 1 0 0 3 0 0 15.999 -0.272707904 -0.1526 0 0
6 3 1 0 4 0 1 12.011 0.1106894034 -0.2051 2.731 -1
6 2 2 0 4 0 1 12.011 -0.02176724818 0.1441 2.503 0
6 2 2 0 4 0 1 12.011 -0.03293602207 0.1441 2.503 0
6 2 2 0 4 0 1 12.011 0.02153558009 -0.2035 2.753 0
7 3 0 0 3 0 1 14.007 -0.327492444 -0.3187 1.839 0
6 3 0 0 3 0 0 12.011 0.2658638223 -0.2783 5.007 0
8 1 0 0 3 0 0 15.999 -0.2705898647 -0.1526 0 0
6 4 0 0 4 0 1 12.011 0.2122318149 -0.0967 2.576 0
8 1 1 0 4 0 0 15.999 -0.3705276402 -0.2893 0.8238 0
6 3 0 0 3 1 1 12.011 0.007143519434 0.136 3.509 0
6 2 1 0 3 1 1 12.011 -0.05456650935 0.1581 3.35 0
6 2 1 0 3 1 1 12.011 -0.06181396129 0.1581 3.35 0
6 2 1 0 3 1 1 12.011 -0.06162533259 0.1581 3.35 0
6 2 1 0 3 1 1 12.011 -0.05389729991 0.1581 3.35 0
6 3 0 0 3 1 1 12.011 -0.009367599495 0.2713 3.904 0
6 3 0 0 3 1 1 12.011 0.007567563217 0.2713 3.904 0
6 2 1 0 3 1 1 12.011 -0.05086366736 0.1581 3.35 0
6 2 1 0 3 1 1 12.011 -0.04317354185 0.1581 3.35 0
6 2 1 0 3 1 1 12.011 0.02727891556 0.1581 3.35 0
7 2 0 0 3 1 1 14.007 -0.2566257161 -0.3239 2.202 0
6 3 0 0 3 1 1 12.011 0.09407935631 0.136 3.509 0
0 1 1 0 0 0
1 2 1 0 0 0
2 3 1.5 1 1 0
3 4 1.5 1 1 0
4 5 1.5 1 1 0
5 6 1 0 0 0
5 7 1.5 1 1 0
7 8 1.5 1 1 0
8 9 1 0 0 0
9 10 1 0 0 0
10 11 1 1 0 0
11 12 2 1 0 0
11 13 1 0 0 0
13 14 1 0 1 0
14 15 1 0 1 0
15 16 1 0 1 0
16 17 1 0 1 0
17 18 1 1 0 0
18 19 2 1 0 0
18 20 1 0 0 0
20 21 1 0 0 0
20 22 1 0 1 0
22 23 1.5 1 1 0
23 24 1.5 1 1 0
24 25 1.5 1 1 0
25 26 1.5 1 1 0
26 27 1.5 1 1 0
27 28 1 1 1 0
28 29 1.5 1 1 0
29 30 1.5 1 1 0
30 31 1.5 1 1 0
31 32 1.5 1 1 0
32 33 1.5 1 1 0
8 2 1.5 1 1 0
17 13 1 0 1 0
33 20 1 0 1 0
27 22 1.5 1 1 0
33 28 1.5 1 1 0
29 33 1
6 1 3 0 4 0 0 12.011 -0.01974093953 0.08452 2.464 0
6 3 0 0 3 1 1 12.011 0.06696794147 0.136 3.509 0
7 2 0 0 3 1 1 14.007 -0.1798424127 -0.3239 2.202 0
7 2 1 0 3 1 1 14.007 -0.2775629622 -0.3239 2.202 0
6 3 0 0 3 1 1 12.011 0.06530988231 0.2955 4.346 0
6 2 1 0 3 1 1 12.011 -0.03570866651 0.1581 3.35 0
6 2 1 0 3 1 1 12.011 -0.05049724353 0.1581 3.35 0
6 3 0 0 3 1 1 12.011 0.005126089257 0.2713 3.904 0
6 3 0 0 3 1 1 12.011 0.1205619393 0.2713 3.904 0
7 2 0 0 3 1 1 14.007 -0.1295907392 -0.3239 2.202 0
7 2 0 0 3 1 1 14.007 -0.06584651252 -0.3239 2.202 0
7 3 0 0 3 1 1 14.007 -0.2395890285 -0.3239 2.202 0
6 2 2 0 4 0 0 12.011 0.06842242845 -0.0516 2.488 0
6 3 0 0 3 1 1 12.011 -0.02643701941 0.136 3.509 0
6 2 1 0 3 1 1 12.011 -0.05717177133 0.1581 3.35 0
6 2 1 0 3 1 1 12.011 -0.06192577549 0.1581 3.35 0
6 2 1 0 3 1 1 12.011 -0.0622464743 0.1581 3.35 0
6 2 1 0 3 1 1 12.011 -0.06192577549 0.1581 3.35 0
6 2 1 0 3 1 1 12.011 -0.05717177133 0.1581 3.35 0
6 3 0 0 3 1 1 12.011 0.09693383968 0.2713 3.904 0
6 3 0 0 3 1 1 12.011 0.002324105443 0.2713 3.904 0
6 2 1 0 3 1 1 12.011 -0.04983939744 0.1581 3.35 0
6 2 1 0 3 1 1 12.011 -0.02564913769 0.1581 3.35 0
6 3 0 0 3 1 1 12.011 0.1227526208 0 3.257 0
9 1 0 0 4 0 0 18.998 -0.2070117486 0.4202 1.108 0
6 2 1 0 3 1 1 12.011 -0.02564913769 0.1581 3.35 0
6 2 1 0 3 1 1 12.011 -0.04983939744 0.1581 3.35 0
6 2 1 0 3 1 1 12.011 -0.04134384302 0.1581 3.35 0
6 3 0 0 3 1 1 12.011 0.02318446559 0.2955 4.346 0
0 1 1 0 0 0
1 2 1.5 1 1 0
2 3 1.5 1 1 0
3 4 1.5 1 1 0
4 5 1.5 1 1 0
5 6 1.5 1 1 0
6 7 1.5 1 1 0
7 8 1 1 0 0
8 9 1.5 1 1 0
9 10 1.5 1 1 0
10 11 1.5 1 1 0
11 12 1 0 0 0
12 13 1 0 0 0
13 14 1.5 1 1 0
14 15 1.5 1 1 0
15 16 1.5 1 1 0
16 17 1.5 1 1 0
17 18 1.5 1 1 0
11 19 1.5 1 1 0
19 20 1 1 0 0
20 21 1.5 1 1 0
21 22 1.5 1 1 0
22 23 1.5 1 1 0
23 24 1 0 0 0
23 25 1.5 1 1 0
25 26 1.5 1 1 0
7 27 1.5 1 1 0
27 28 1.5 1 1 0
28 1 1.5 1 1 0
28 4 1.5 1 1 0
19 8 1.5 1 1 0
26 20 1.5 1 1 0
18 13 1.5 1 1 0
40 41 1
6 1 3 0 4 0 0 12.011 -0.06505479234 0.1441 2.503 0
6 2 2 0 4 0 0 12.011 -0.05154069196 0.1441 2.503 0
6 3 1 0 4 0 0 12.011 -0.01901453069 0 2.433 -1
6 1 3 0 4 0 0 12.011 -0.06048029732 0.1441 2.503 0
6 3 1 0 4 0 0 12.011 0.1028968057 -0.2051 2.731 -1
7 2 1 0 4 0 0 14.007 -0.2021770156 -0.7096 2.173 0
16 4 0 0 4 0 0 32.067 0.2160175495 -0.0024 7.365 0
8 1 0 0 3 0 0 15.999 -0.2120572455 -0.3339 0.7774 0
8 1 0 0 3 0 0 15.999 -0.2120572455 -0.3339 0.7774 0
6 2 2 0 4 0 0 12.011 0.08936476512 -0.0516 2.488 0
6 3 0 0 3 1 1 12.011 -0.03077191575 0.136 3.509 0
6 2 1 0 3 1 1 12.011 -0.05791375458 0.1581 3.35 0
6 2 1 0 3 1 1 12.011 -0.06110038891 0.1581 3.35 0
6 2 1 0 3 1 1 12.011 -0.04767245695 0.1581 3.35 0
6 3 0 0 3 1 1 12.011 0.05973361537 0.136 3.509 0
6 3 0 0 3 0 0 12.011 0.3351890872 -0.2783 5.007 0
8 1 0 0 3 0 0 15.999 -0.2463986367 0.1129 0.2215 0
8 1 1 0 3 0 0 15.999 -0.477639127 -0.2893 0.8238 0
6 2 1 0 3 1 1 12.011 -0.04339240672 0.1581 3.35 0
6 3 0 0 3 0 0 12.011 0.2385997974 -0.2783 5.007 0
8 1 0 0 3 0 0 15.999 -0.2732341869 -0.1526 0 0
7 2 1 0 3 0 0 14.007 -0.3428801821 -0.7096 2.173 0
6 3 1 0 4 0 0 12.011 0.1084896848 -0.2051 2.731 -1
6 2 2 0 4 0 0 12.011 -0.01455709667 0.1441 2.503 0
6 2 2 0 4 0 0 12.011 -0.004560560273 -0.2035 2.753 0
16 2 0 0 4 0 0 32.067 -0.1653385107 0.6482 7.591 0
6 1 3 0 4 0 0 12.011 -0.01839860147 -0.2035 2.753 0
6 3 0 0 3 0 0 12.011 0.2423764874 -0.2783 5.007 0
8 1 0 0 3 0 0 15.999 -0.2727159606 -0.1526 0 0
7 2 1 0 3 0 0 14.007 -0.3502397858 -0.7096 2.173 0
6 2 2 0 4 0 0 12.011 0.04279595685 -0.0516 2.488 0
6 3 0 0 3 1 1 12.011 -0.02875321333 0.136 3.509 0
6 2 1 0 3 1 1 12.011 -0.05652904896 0.1581 3.35 0
6 2 1 0 3 1 1 12.011 -0.0509683319 0.1581 3.35 0
6 3 0 0 3 1 1 12.011 0.01600633462 0.136 3.509 0
6 3 0 0 3 0 0 12.011 0.1222734127 -0.2783 5.007 0
7 1 1 0 3 0 0 14.007 -0.2844874322 0.08387 1.757 0
7 1 2 0 3 0 0 14.007 -0.3836821309 -1.019 2.262 0
6 2 1 0 3 1 1 12.011 -0.0509683319 0.1581 3.35 0
6 2 1 0 3 1 1 12.011 -0.05652904896 0.1581 3.35 0
0 1 1 0 0 0
1 2 1 0 0 0
2 3 1 0 0 0
2 4 1 0 0 0
4 5 1 0 0 0
5 6 1 0 0 0
6 7 2 0 0 0
6 8 2 0 0 0
6 9 1 0 0 0
9 10 1 0 0 0
10 11 1.5 1 1 0
11 12 1.5 1 1 0
12 13 1.5 1 1 0
13 14 1.5 1 1 0
14 15 1 1 0 0
15 16 2 1 0 0
15 17 1 1 0 0
14 18 1.5 1 1 0
4 19 1 0 0 0
19 20 2 1 0 0
19 21 1 1 0 0
21 22 1 0 0 0
22 23 1 0 0 0
23 24 1 0 0 0
24 25 1 0 0 0
25 26 1 0 0 0
22 27 1 0 0 0
27 28 2 1 0 0
27 29 1 1 0 0
29 30 1 0 0 0
30 31 1 0 0 0
31 32 1.5 1 1 0
32 33 1.5 1 1 0
33 34 1.5 1 1 0
34 35 1 1 0 0
35 36 2 1 0 0
35 37 1 1 0 0
34 38 1.5 1 1 0
38 39 1.5 1 1 0
18 10 1.5 1 1 0
39 31 1.5 1 1 0
31 33 1
6 1 3 0 4 0 0 12.011 0.03665392076 -0.2035 2.753 0
8 2 0 0 4 0 0 15.999 -0.3694126655 -0.0684 1.085 0
6 3 1 0 4 0 0 12.011 0.1579882174 -0.2051 2.731 -1
6 2 2 0 4 0 0 12.011 0.009498922082 -0.0516 2.488 0
6 3 0 0 3 1 1 12.011 -0.04474191942 0.136 3.509 0
6 2 1 0 3 1 1 12.011 -0.0576886643 0.1581 3.35 0
6 2 1 0 3 1 1 12.011 -0.04625017175 0.1581 3.35 0
6 3 0 0 3 1 1 12.011 0.02449538622 0.136 3.509 0
6 2 0 0 2 0 0 12.011 -0.06696556979 0.0017 3.888 0
6 2 0 0 2 0 0 12.011 -0.09433190549 0.0017 3.888 0
6 2 2 0 4 0 0 12.011 0.04354412964 0.1441 2.503 0
6 2 2 0 4 0 0 12.011 0.09911714064 -0.2035 2.753 0
8 2 0 0 3 0 0 15.999 -0.4926015216 -0.4195 1.182 0
6 3 0 0 3 1 1 12.011 0.1191098011 0.5437 3.853 0
6 2 1 0 3 1 1 12.011 -0.01626404996 0.1581 3.35 0
6 2 1 0 3 1 1 12.011 -0.01563148012 0.1581 3.35 0
6 3 0 0 3 1 1 12.011 0.1271991352 0.5437 3.853 0
8 2 0 0 3 0 0 15.999 -0.4573798222 -0.4195 1.182 0
6 3 0 0 3 1 1 12.011 0.1269278032 0.5437 3.853 0
6 2 1 0 3 1 1 12.011 -0.01931143723 0.1581 3.35 0
6 2 1 0 3 1 1 12.011 -0.05856222579 0.1581 3.35 0
6 2 1 0 3 1 1 12.011 -0.06199898915 0.1581 3.35 0
6 2 1 0 3 1 1 12.011 -0.05856222579 0.1581 3.35 0
6 2 1 0 3 1 1 12.011 -0.01931143723 0.1581 3.35 0
6 2 1 0 3 1 1 12.011 -0.01563148012 0.1581 3.35 0
6 2 1 0 3 1 1 12.011 -0.01626404996 0.1581 3.35 0
6 2 1 0 3 1 1 12.011 -0.04625017175 0.1581 3.35 0
6 2 1 0 3 1 1 12.011 -0.0576886643 0.1581 3.35 0
6 3 0 0 3 0 0 12.011 0.3326443355 -0.2783 5.007 0
8 1 0 0 3 0 0 15.999 -0.2493251235 -0.1526 0 0
8 1 1 0 3 0 0 15.999 -0.4793117931 -0.2893 0.8238 0
0 1 1 0 0 0
1 2 1 0 0 0
2 3 1 0 0 0
3 4 1 0 0 0
4 5 1.5 1 1 0
5 6 1.5 1 1 0
6 7 1.5 1 1 0
7 8 1 1 0 0
8 9 3 1 0 0
9 10 1 0 0 0
10 11 1 0 0 0
11 12 1 0 0 0
12 13 1 1 0 0
13 14 1.5 1 1 0
14 15 1.5 1 1 0
15 16 1.5 1 1 0
16 17 1 1 0 0
17 18 1 1 0 0
18 19 1.5 1 1 0
19 20 1.5 1 1 0
20 21 1.5 1 1 0
21 22 1.5 1 1 0
22 23 1.5 1 1 0
16 24 1.5 1 1 0
24 25 1.5 1 1 0
7 26 1.5 1 1 0
26 27 1.5 1 1 0
2 28 1 0 0 0
28 29 2 1 0 0
28 30 1 1 0 0
27 4 1.5 1 1 0
25 13 1.5 1 1 0
23 18 1.5 1 1 0
25 28 1
8 1 0 0 3 0 0 15.999 -0.293813381 0.1129 0.2215 0
6 3 0 0 3 0 1 12.011 0.1670082746 -0.2783 5.007 0
6 3 0 0 3 1 1 12.011 0.02104500912 0.136 3.509 0
6 2 1 0 3 1 1 12.011 -0.05112665772 0.1581 3.35 0
6 2 1 0 3 1 1 12.011 -0.06152503729 0.1581 3.35 0
6 2 1 0 3 1 1 12.011 -0.06194752725 0.1581 3.35 0
6 2 1 0 3 1 1 12.011 -0.05831889128 0.1581 3.35 0
6 3 0 0 3 1 1 12.011 -0.03716561127 0.136 3.509 0
6 2 2 0 4 0 1 12.011 -0.02641386662 -0.0516 2.488 0
6 2 2 0 4 0 1 12.011 -0.03780066871 0.1441 2.503 0
6 3 1 0 4 0 1 12.011 0.03539763259 0 2.433 0
6 2 2 0 4 0 0 12.011 0.008273038421 -0.2035 2.753 0
7 3 0 0 4 0 1 14.007 -0.3025858001 -0.3187 1.839 0
6 2 2 0 4 0 1 12.011 -0.001570207982 -0.2035 2.753 0
6 2 2 0 4 0 1 12.011 -0.03719765104 0.1441 2.503 0
6 3 1 0 4 0 1 12.011 -0.03494104023 0 2.433 0
6 2 2 0 4 0 0 12.011 -0.02494283678 -0.0516 2.488 0
6 3 0 0 3 1 1 12.011 -0.04774236508 0.136 3.509 0
6 2 1 0 3 1 1 12.011 -0.05903469674 0.1581 3.35 0
6 2 1 0 3 1 1 12.011 -0.06199411249 0.1581 3.35 0
6 2 1 0 3 1 1 12.011 -0.06224873617 0.1581 3.35 0
6 2 1 0 3 1 1 12.011 -0.06199411249 0.1581 3.35 0
6 2 1 0 3 1 1 12.011 -0.05903469674 0.1581 3.35 0
6 2 2 0 4 0 1 12.011 -0.03719765104 0.1441 2.503 0
6 2 2 0 4 0 1 12.011 -0.001570207982 -0.2035 2.753 0
0 1 2 1 0 0
1 2 1 1 1 0
2 3 1.5 1 1 0
3 4 1.5 1 1 0
4 5 1.5 1 1 0
5 6 1.5 1 1 0
6 7 1.5 1 1 0
7 8 1 0 1 0
8 9 1 0 1 0
9 10 1 0 1 0
10 11 1 0 0 0
11 12 1 0 0 0
12 13 1 0 1 0
13 14 1 0 1 0
14 15 1 0 1 0
15 16 1 0 0 0
16 17 1 0 0 0
17 18 1.5 1 1 0
18 19 1.5 1 1 0
19 20 1.5 1 1 0
20 21 1.5 1 1 0
21 22 1.5 1 1 0
15 23 1 0 1 0
23 24 1 0 1 0
10 1 1 0 1 0
24 12 1 0 1 0
7 2 1.5 1 1 0
22 17 1.5 1 1 0
33 36 1
6 1 3 0 4 0 0 12.011 -0.03974693319 0.08452 2.464 0
6 3 0 0 3 1 1 12.011 -0.05018523633 0.136 3.509 0
6 2 1 0 3 1 1 12.011 -0.05720869165 0.1581 3.35 0
6 2 1 0 3 1 1 12.011 -0.03743694382 0.1581 3.35 0
6 3 0 0 3 1 1 12.011 0.05383432952 0.4619 4.067 0
7 2 1 0 3 0 0 14.007 -0.3212291414 -0.5188 3 0
6 3 0 0 3 0 0 12.011 0.2551805213 -0.2783 5.007 0
8 1 0 0 3 0 0 15.999 -0.2689295939 0.1129 0.2215 0
6 3 0 0 3 1 1 12.011 0.03981702513 0.136 3.509 0
6 2 1 0 3 1 1 12.011 -0.04737738855 0.1581 3.35 0
6 2 1 0 3 1 1 12.011 -0.03752183634 0.1581 3.35 0
6 3 0 0 3 1 1 12.011 0.0436293502 0.4619 4.067 0
7 3 0 0 3 0 1 14.007 -0.3124373608 -0.4458 2.819 0
6 2 2 0 4 0 1 12.011 0.02579134913 -0.2035 2.753 0
6 2 2 0 4 0 1 12.011 -0.03451974611 0.1441 2.503 0
6 2 2 0 4 0 1 12.011 -0.04277578158 0.1441 2.503 0
6 2 2 0 4 0 1 12.011 0.02711373169 0.1441 2.503 0
6 3 0 0 3 0 1 12.011 0.2264766056 -0.2783 5.007 0
8 1 0 0 3 0 0 15.999 -0.2745252634 -0.1526 0 0
6 2 1 0 3 1 1 12.011 -0.03752183634 0.1581 3.35 0
6 2 1 0 3 1 1 12.011 -0.04737738855 0.1581 3.35 0
6 3 0 0 3 1 1 12.011 0.0635583743 0.136 3.509 0
6 3 0 0 3 0 0 12.011 0.258436343 -0.2783 5.007 0
8 1 0 0 3 0 0 15.999 -0.2687950866 0.1129 0.2215 0
7 2 1 0 3 0 0 14.007 -0.3064976211 -0.5188 3 0
6 3 0 0 3 1 1 12.011 0.1323335098 0.4619 4.067 0
6 2 1 0 3 1 1 12.011 -0.01768876473 0.1581 3.35 0
6 2 1 0 3 1 1 12.011 -0.03827398328 0.1581 3.35 0
6 3 0 0 3 1 1 12.011 0.05905304705 0.245 3.564 0
17 1 0 0 4 0 0 35.453 -0.08265243815 0.6895 5.853 0
6 2 1 0 3 1 1 12.011 0.0478887654 0.1581 3.35 0
7 2 0 0 3 1 1 14.007 -0.2375538931 -0.3239 2.202 0
6 2 1 0 3 1 1 12.011 -0.04438845449 0.1581 3.35 0
0 1 1 0 0 0
1 2 1.5 1 1 0
2 3 1.5 1 1 0
3 4 1.5 1 1 0
4 5 1 1 0 0
5 6 1 1 0 0
6 7 2 1 0 0
6 8 1 1 0 0
8 9 1.5 1 1 0
9 10 1.5 1 1 0
10 11 1.5 1 1 0
11 12 1 1 0 0
12 13 1 0 1 0
13 14 1 0 1 0
14 15 1 0 1 0
15 16 1 0 1 0
16 17 1 0 1 0
17 18 2 1 0 0
11 19 1.5 1 1 0
19 20 1.5 1 1 0
4 21 1.5 1 1 0
21 22 1 1 0 0
22 23 2 1 0 0
22 24 1 1 0 0
24 25 1 1 0 0
25 26 1.5 1 1 0
26 27 1.5 1 1 0
27 28 1.5 1 1 0
28 29 1 0 0 0
28 30 1.5 1 1 0
30 31 1.5 1 1 0
21 32 1.5 1 1 0
32 1 1.5 1 1 0
20 8 1.5 1 1 0
31 25 1.5 1 1 0
17 12 1 1 1 0
32 34 1
6 1 3 0 4 0 0 12.011 0.08095311817 -0.2035 2.753 0
8 2 0 0 3 0 0 15.999 -0.4653844128 -0.0684 1.085 0
6 3 0 0 3 0 0 12.011 0.3388169608 -0.2783 5.007 0
8 1 0 0 3 0 0 15.999 -0.2461698305 0.1129 0.2215 0
6 3 0 0 3 1 1 12.011 0.08176822309 0.136 3.509 0
6 2 1 0 3 1 1 12.011 -0.04621322406 0.1581 3.35 0
6 2 1 0 3 1 1 12.011 -0.06131775136 0.1581 3.35 0
6 2 1 0 3 1 1 12.011 -0.06078809453 0.1581 3.35 0
6 2 1 0 3 1 1 12.011 -0.03907449465 0.1581 3.35 0
6 3 0 0 3 1 1 12.011 0.1200342715 0.1893 2.673 0
16 4 0 0 4 0 0 32.067 0.3395902037 -0.0024 7.365 0
8 1 0 0 3 0 0 15.999 -0.1812714697 -0.3339 0.7774 0
8 1 0 0 3 0 0 15.999 -0.1812714697 -0.3339 0.7774 0
8 2 0 0 3 0 0 15.999 -0.3787957928 -0.4195 1.182 0
6 3 0 0 3 1 1 12.011 0.1464431901 0.5437 3.853 0
6 2 1 0 3 1 1 12.011 -0.01495643702 0.1581 3.35 0
6 3 0 0 3 1 1 12.011 -0.04371485255 0.136 3.509 0
6 1 3 0 4 0 0 12.011 -0.03949961839 0.08452 2.464 0
6 2 1 0 3 1 1 12.011 -0.01675309193 0.1581 3.35 0
6 3 0 0 3 1 1 12.011 0.1228247306 0.5437 3.853 0
8 2 0 0 3 0 0 15.999 -0.4931546111 -0.4195 1.182 0
6 2 2 0 4 0 0 12.011 0.09113481145 -0.2035 2.753 0
6 3 1 0 4 0 1 12.011 -0.003679803866 0 2.433 0
6 2 2 0 4 0 1 12.011 -0.02927012111 0.1441 2.503 0
6 2 2 0 4 0 1 12.011 0.02095414782 -0.2035 2.753 0
7 3 0 0 3 0 1 14.007 -0.3433389124 -0.3187 1.839 0
6 3 0 0 3 0 0 12.011 0.1878701638 -0.2783 5.007 0
7 1 1 0 3 0 0 14.007 -0.2694425883 0.08387 1.757 0
7 1 2 0 3 0 0 14.007 -0.3699874535 -1.019 2.262 0
6 2 2 0 4 0 1 12.011 0.02095414782 -0.2035 2.753 0
6 2 2 0 4 0 1 12.011 -0.02927012111 0.1441 2.503 0
6 2 1 0 3 1 1 12.011 0.02404121147 0.1581 3.35 0
0 1 1 0 0 0
1 2 1 1 0 0
2 3 2 1 0 0
2 4 1 1 0 0
4 5 1.5 1 1 0
5 6 1.5 1 1 0
6 7 1.5 1 1 0
7 8 1.5 1 1 0
8 9 1.5 1 1 0
9 10 1 0 0 0
10 11 2 0 0 0
10 12 2 0 0 0
10 13 1 0 0 0
13 14 1 1 0 0
14 15 1.5 1 1 0
15 16 1.5 1 1 0
16 17 1 0 0 0
16 18 1.5 1 1 0
18 19 1.5 1 1 0
19 20 1 1 0 0
20 21 1 0 0 0
21 22 1 0 0 0
22 23 1 0 1 0
23 24 1 0 1 0
24 25 1 0 1 0
25 26 1 1 0 0
26 27 2 1 0 0
26 28 1 1 0 0
25 29 1 0 1 0
29 30 1 0 1 0
19 31 1.5 1 1 0
9 4 1.5 1 1 0
31 14 1.5 1 1 0
30 22 1 0 1 0
33 38 1
8 1 1 0 4 0 0 15.999 -0.3944486057 -0.2893 0.8238 0
6 2 2 0 4 0 0 12.011 0.06149710719 -0.2035 2.753 0
6 4 0 0 4 0 1 12.011 0.04398183569 -0.2051 2.731 0
7 3 0 0 4 0 1 14.007 -0.2952144424 -0.3187 1.839 0
6 2 2 0 4 0 1 12.011 0.0007566086631 -0.2035 2.753 0
6 2 2 0 4 0 1 12.011 -0.01920906207 0.1441 2.503 0
6 3 1 0 4 0 1 12.011 0.03956370237 0.1193 2.582 0
7 3 0 0 3 1 1 14.007 -0.3069255667 -0.3239 2.202 0
6 3 0 0 3 1 1 12.011 0.2063323391 0.4619 4.067 0
7 3 0 0 3 0 1 14.007 -0.3415390213 -0.4458 2.819 0
6 2 2 0 4 0 1 12.011 0.02504836193 -0.2035 2.753 0
6 3 1 0 4 0 1 12.011 -0.005368689757 0 2.433 0
6 2 2 0 4 0 1 12.011 3.444771967e-05 -0.2035 2.753 0
7 2 1 0 4 0 1 14.007 -0.316019736 -0.7096 2.173 0
6 2 2 0 4 0 1 12.011 3.444771967e-05 -0.2035 2.753 0
6 3 1 0 4 0 1 12.011 -0.005368689757 0 2.433 0
6 2 2 0 4 0 1 12.011 0.02504836193 -0.2035 2.753 0
7 2 0 0 3 1 1 14.007 -0.2128146134 -0.3239 2.202 0
6 3 0 0 3 1 1 12.011 0.09073956098 0.2955 4.346 0
6 2 1 0 3 1 1 12.011 -0.03412939351 0.1581 3.35 0
6 2 1 0 3 1 1 12.011 -0.05996474988 0.1581 3.35 0
6 2 1 0 3 1 1 12.011 -0.06003613915 0.1581 3.35 0
6 2 1 0 3 1 1 12.011 -0.03607433649 0.1581 3.35 0
6 3 0 0 3 1 1 12.011 0.06993297776 0.2955 4.346 0
6 2 2 0 4 0 1 12.011 -0.01920906207 0.1441 2.503 0
6 2 2 0 4 0 1 12.011 0.0007566086631 -0.2035 2.753 0
6 2 2 0 4 0 1 12.011 -0.03240606079 0.1441 2.503 0
6 2 2 0 4 0 1 12.011 -0.05145557862 0.1441 2.503 0
6 2 2 0 4 0 1 12.011 -0.05323611743 0.1441 2.503 0
6 2 2 0 4 0 1 12.011 -0.05330359538 0.1441 2.503 0
6 2 2 0 4 0 1 12.011 -0.05323611743 0.1441 2.503 0
6 2 2 0 4 0 1 12.011 -0.05145557862 0.1441 2.503 0
6 2 2 0 4 0 1 12.011 -0.03240606079 0.1441 2.503 0
0 1 1 0 0 0
1 2 1 0 0 0
2 3 1 0 0 0
3 4 1 0 1 0
4 5 1 0 1 0
5 6 1 0 1 0
6 7 1 0 0 0
7 8 1.5 1 1 0
8 9 1 1 0 0
9 10 1 0 1 0
10 11 1 0 1 0
11 12 1 0 1 0
12 13 1 0 1 0
13 14 1 0 1 0
14 15 1 0 1 0
15 16 1 0 1 0
8 17 1.5 1 1 0
17 18 1.5 1 1 0
18 19 1.5 1 1 0
19 20 1.5 1 1 0
20 21 1.5 1 1 0
21 22 1.5 1 1 0
22 23 1.5 1 1 0
6 24 1 0 1 0
24 25 1 0 1 0
2 26 1 0 1 0
26 27 1 0 1 0
27 28 1 0 1 0
28 29 1 0 1 0
29 30 1 0 1 0
30 31 1 0 1 0
31 32 1 0 1 0
32 2 1 0 1 0
25 3 1 0 1 0
23 7 1.5 1 1 0
16 9 1 0 1 0
23 18 1.5 1 1 0
15 11 1 0 1 0
20 26 1
8 1 1 0 4 0 0 15.999 -0.3749908516 -0.2893 0.8238 0
6 4 0 0 4 0 1 12.011 0.1255054689 -0.2051 2.731 0
6 3 1 0 4 0 1 12.011 0.009519988878 0 2.433 0
6 3 1 0 4 0 1 12.011 -0.03030959025 0 2.433 0
6 2 2 0 4 0 1 12.011 -0.04624249021 0.1441 2.503 0
6 3 1 0 4 0 1 12.011 -0.03288956269 0 2.433 0
6 3 1 0 4 0 1 12.011 -0.02989924001 0 2.433 0
6 3 1 0 4 0 1 12.011 -0.02741722793 0 2.433 0
6 3 1 0 4 0 1 12.011 0.009794983159 0 2.433 0
6 3 1 0 4 0 1 12.011 -0.01471813207 0 2.433 0
6 3 1 0 4 0 1 12.011 0.01972874623 -0.2051 2.731 0
6 3 1 0 4 0 1 12.011 -0.0149952499 0 2.433 0
7 3 0 0 4 0 1 14.007 -0.2659392565 -0.3187 1.839 0
6 2 2 0 4 0 0 12.011 0.04370637097 -0.0516 2.488 0
6 3 0 0 3 1 1 12.011 0.05446328654 0.136 3.509 0
6 2 1 0 3 1 1 12.011 -0.03923627663 0.1581 3.35 0
6 2 1 0 3 1 1 12.011 -0.05887746418 0.1581 3.35 0
6 2 1 0 3 1 1 12.011 -0.04379555758 0.1581 3.35 0
6 2 1 0 3 1 1 12.011 0.02712301815 0.1581 3.35 0
7 2 0 0 3 1 1 14.007 -0.2599390652 -0.3239 2.202 0
0 1 1 0 0 0
1 2 1 0 1 0
2 3 1 0 1 0
3 4 1 0 1 0
4 5 1 0 1 0
5 6 1 0 1 0
6 7 1 0 1 0
7 8 1 0 1 0
8 9 1 0 1 0
9 10 1 0 1 0
10 11 1 0 1 0
10 12 1 0 1 0
12 13 1 0 0 0
13 14 1 0 0 0
14 15 1.5 1 1 0
15 16 1.5 1 1 0
16 17 1.5 1 1 0
17 18 1.5 1 1 0
18 19 1.5 1 1 0
8 1 1 0 1 0
19 14 1.5 1 1 0
12 1 1 0 1 0
11 2 1 0 1 0
7 3 1 0 1 0
11 5 1 0 1 0
9 6 1 0 1 0
23 25 1
6 1 3 0 4 0 0 12.011 0.07750708958 -0.2035 2.753 0
8 2 0 0 3 0 0 15.999 -0.4967444628 -0.4195 1.182 0
6 3 0 0 3 1 1 12.011 0.1190374437 0.5437 3.853 0
6 2 1 0 3 1 1 12.011 -0.0199386434 0.1581 3.35 0
6 2 1 0 3 1 1 12.011 -0.05790905598 0.1581 3.35 0
6 2 1 0 3 1 1 12.011 -0.05239148855 0.1581 3.35 0
6 3 0 0 3 1 1 12.011 0.008117379982 0.136 3.509 0
6 3 0 0 3 0 1 12.011 0.123969465 -0.2783 5.007 0
7 2 0 0 3 0 1 14.007 -0.1697947197 0.1836 2.428 0
7 2 1 0 3 0 1 14.007 -0.2408265109 -0.7096 2.173 0
6 3 0 0 3 0 1 12.011 0.2936532939 -0.2783 5.007 0
8 1 0 0 3 0 0 15.999 -0.2653802557 -0.1526 0 0
6 3 0 0 3 0 1 12.011 0.1777284387 -0.2783 5.007 0
7 2 0 0 3 0 0 14.007 -0.1673913725 0.1836 2.428 0
7 2 1 0 3 0 0 14.007 -0.2776627304 -0.5188 3 0
6 3 0 0 3 1 1 12.011 0.05626333566 0.4619 4.067 0
6 2 1 0 3 1 1 12.011 -0.03559222804 0.1581 3.35 0
6 2 1 0 3 1 1 12.011 -0.04140712689 0.1581 3.35 0
6 3 0 0 3 1 1 12.011 0.04070196402 0.245 3.564 0
17 1 0 0 4 0 0 35.453 -0.08434182702 0.6895 5.853 0
6 2 1 0 3 1 1 12.011 -0.04140712689 0.1581 3.35 0
6 2 1 0 3 1 1 12.011 -0.03559222804 0.1581 3.35 0
6 2 1 0 3 1 1 12.011 -0.01039945613 0.1581 3.35 0
0 1 1 0 0 0
1 2 1 1 0 0
2 3 1.5 1 1 0
3 4 1.5 1 1 0
4 5 1.5 1 1 0
5 6 1.5 1 1 0
6 7 1 1 0 0
7 8 2 1 1 0
8 9 1 1 1 0
9 10 1 1 1 0
10 11 2 1 0 0
10 12 1 1 1 0
12 13 2 1 0 -1
13 14 1 1 0 0
14 15 1 1 0 0
15 16 1.5 1 1 0
16 17 1.5 1 1 0
17 18 1.5 1 1 0
18 19 1 0 0 0
18 20 1.5 1 1 0
20 21 1.5 1 1 0
6 22 1.5 1 1 0
22 2 1.5 1 1 0
12 7 1 1 1 0
21 15 1.5 1 1 0
21 22 1
6 1 3 0 4 0 0 12.011 -0.03894260374 0.1441 2.503 0
6 3 1 0 4 0 0 12.011 0.05148357251 -0.2051 2.731 0
8 1 1 0 4 0 0 15.999 -0.3934071111 -0.2893 0.8238 0
6 2 2 0 4 0 0 12.011 -0.0232205395 0.1441 2.503 0
6 2 2 0 4 0 0 12.011 -0.02543593434 -0.0516 2.488 0
6 3 0 0 3 1 1 12.011 -0.04765349208 0.136 3.509 0
6 2 1 0 3 1 1 12.011 -0.05536056885 0.1581 3.35 0
6 2 1 0 3 1 1 12.011 -0.01969403267 0.1581 3.35 0
6 3 0 0 3 1 1 12.011 0.1188064834 0.5437 3.853 0
8 2 0 0 3 0 0 15.999 -0.493550092 -0.4195 1.182 0
6 2 2 0 4 0 0 12.011 0.0894101879 -0.2035 2.753 0
6 2 2 0 4 0 0 12.011 -0.005912248357 0.1441 2.503 0
6 2 2 0 4 0 0 12.011 0.001369024033 -0.2035 2.753 0
7 3 0 0 4 0 1 14.007 -0.3032080238 -0.3187 1.839 0
6 2 2 0 4 0 1 12.011 -0.001870506932 -0.2035 2.753 0
6 2 2 0 4 0 1 12.011 -0.04036948286 0.1441 2.503 0
6 2 2 0 4 0 1 12.011 -0.05087041404 0.1441 2.503 0
6 2 2 0 4 0 1 12.011 -0.04036948286 0.1441 2.503 0
6 2 2 0 4 0 1 12.011 -0.001870506932 -0.2035 2.753 0
6 2 1 0 3 1 1 12.011 -0.01969403267 0.1581 3.35 0
6 2 1 0 3 1 1 12.011 -0.05536056885 0.1581 3.35 0
0 1 1 0 0 0
1 2 1 0 0 0
1 3 1 0 0 0
3 4 1 0 0 0
4 5 1 0 0 0
5 6 1.5 1 1 0
6 7 1.5 1 1 0
7 8 1.5 1 1 0
8 9 1 1 0 0
9 10 1 0 0 0
10 11 1 0 0 0
11 12 1 0 0 0
12 13 1 0 0 0
13 14 1 0 1 0
14 15 1 0 1 0
15 16 1 0 1 0
16 17 1 0 1 0
17 18 1 0 1 0
8 19 1.5 1 1 0
19 20 1.5 1 1 0
20 5 1.5 1 1 0
18 13 1 0 1 0
34 36 1
6 1 3 0 4 0 0 12.011 -0.0653823832 0.1441 2.503 0
6 2 2 0 4 0 0 12.011 -0.05617166055 0.1441 2.503 0
6 2 2 0 4 0 0 12.011 -0.05356782931 0.1441 2.503 0
6 2 2 0 4 0 0 12.011 -0.05326879838 0.1441 2.503 0
6 2 2 0 4 0 0 12.011 -0.05208787623 0.1441 2.503 0
6 2 2 0 4 0 0 12.011 -0.04038682425 0.1441 2.503 0
6 2 2 0 4 0 0 12.011 -0.0009121890121 -0.2035 2.753 0
7 3 0 0 4 0 0 14.007 -0.2887476459 -0.3187 1.839 0
6 2 2 0 4 0 0 12.011 0.09710406721 -0.2035 2.753 0
6 3 0 0 3 0 0 12.011 0.3172136434 -0.2783 5.007 0
8 1 0 0 3 0 0 15.999 -0.2509291027 -0.1526 0 0
8 1 1 0 3 0 0 15.999 -0.4802856887 -0.2893 0.8238 0
6 2 2 0 4 0 0 12.011 0.02393399413 -0.0516 2.488 0
6 3 0 0 3 1 1 12.011 -0.03364616844 0.136 3.509 0
6 2 1 0 3 1 1 12.011 -0.05405769828 0.1581 3.35 0
6 2 1 0 3 1 1 12.011 -0.01964483293 0.1581 3.35 0
6 3 0 0 3 1 1 12.011 0.1188262302 0.5437 3.853 0
8 2 0 0 3 0 0 15.999 -0.4931908171 -0.4195 1.182 0
6 2 2 0 4 0 0 12.011 0.09386443216 -0.2035 2.753 0
6 2 2 0 4 0 0 12.011 0.02754125033 -0.0516 2.488 0
6 3 0 0 3 1 1 12.011 0.08588612557 0.136 3.509 0
7 2 0 0 3 1 1 14.007 -0.2140582356 -0.3239 2.202 0
6 3 0 0 3 1 1 12.011 0.2259941808 0.2713 3.904 0
6 3 0 0 3 1 1 12.011 0.03709234676 0.2713 3.904 0
6 2 1 0 3 1 1 12.011 -0.04954568312 0.1581 3.35 0
6 2 1 0 3 1 1 12.011 -0.06147480971 0.1581 3.35 0
6 2 1 0 3 1 1 12.011 -0.06221959064 0.1581 3.35 0
6 2 1 0 3 1 1 12.011 -0.06147480971 0.1581 3.35 0
6 2 1 0 3 1 1 12.011 -0.04954568312 0.1581 3.35 0
8 2 0 0 3 1 1 15.999 -0.4411885131 0.1552 1.08 0
6 3 0 0 3 1 1 12.011 0.1247459512 0.136 3.509 0
6 1 3 0 4 0 0 12.011 -0.004179781117 0.08452 2.464 0
6 2 1 0 3 1 1 12.011 -0.01964483293 0.1581 3.35 0
6 2 1 0 3 1 1 12.011 -0.05405769828 0.1581 3.35 0
0 1 1 0 0 0
1 2 1 0 0 0
2 3 1 0 0 0
3 4 1 0 0 0
4 5 1 0 0 0
5 6 1 0 0 0
6 7 1 0 0 0
7 8 1 0 0 0
8 9 1 0 0 0
9 10 2 1 0 0
9 11 1 1 0 0
7 12 1 0 0 0
12 13 1 0 0 0
13 14 1.5 1 1 0
14 15 1.5 1 1 0
15 16 1.5 1 1 0
16 17 1 1 0 0
17 18 1 0 0 0
18 19 1 0 0 0
19 20 1 0 0 0
20 21 1.5 1 1 0
21 22 1.5 1 1 0
22 23 1 1 0 0
23 24 1.5 1 1 0
24 25 1.5 1 1 0
25 26 1.5 1 1 0
26 27 1.5 1 1 0
27 28 1.5 1 1 0
22 29 1.5 1 1 0
29 30 1.5 1 1 0
30 31 1 0 0 0
16 32 1.5 1 1 0
32 33 1.5 1 1 0
33 13 1.5 1 1 0
30 20 1.5 1 1 0
28 23 1.5 1 1 0
16 17 1
7 1 2 0 3 0 0 14.007 -0.3693070453 -1.027 2.827 0
6 3 0 0 3 1 1 12.011 0.2000141647 0.4619 4.067 0
7 2 0 0 3 1 1 14.007 -0.2197903542 -0.3239 2.202 0
6 3 0 0 3 1 1 12.011 0.05013329378 0.136 3.509 0
6 2 1 0 3 1 1 12.011 0.02504973228 0.1581 3.35 0
6 3 0 0 3 1 1 12.011 0.2519869276 -0.8186 3.135 0
8 1 0 0 3 0 0 15.999 -0.2694552855 0.1788 3.135 0
7 2 1 0 3 1 1 14.007 -0.2929215246 -0.3239 2.202 0
6 2 2 0 4 0 0 12.011 -0.006007480629 -0.0516 2.488 0
6 2 2 0 4 0 0 12.011 -0.02231111092 -0.0516 2.488 0
6 3 0 0 3 1 1 12.011 -0.04763193204 0.136 3.509 0
6 2 1 0 3 1 1 12.011 -0.05903253207 0.1581 3.35 0
6 2 1 0 3 1 1 12.011 -0.06199409066 0.1581 3.35 0
6 2 1 0 3 1 1 12.011 -0.06224873593 0.1581 3.35 0
6 2 1 0 3 1 1 12.011 -0.06199409066 0.1581 3.35 0
6 2 1 0 3 1 1 12.011 -0.05903253207 0.1581 3.35 0
0 1 1 1 0 0
1 2 1.5 1 1 0
2 3 1.5 1 1 0
3 4 1.5 1 1 0
4 5 1.5 1 1 0
5 6 2 1 0 0
5 7 1.5 1 1 0
3 8 1 0 0 0
8 9 1 0 0 0
9 10 1 0 0 0
10 11 1.5 1 1 0
11 12 1.5 1 1 0
12 13 1.5 1 1 0
13 14 1.5 1 1 0
14 15 1.5 1 1 0
7 1 1.5 1 1 0
15 10 1.5 1 1 0
35 38 1
6 1 3 0 4 0 0 12.011 0.01482176798 0.1441 2.503 0
6 3 0 0 3 0 0 12.011 0.2163837773 -0.2783 5.007 0
8 1 0 0 3 0 0 15.999 -0.2754684449 -0.1526 0 0
7 2 1 0 3 0 0 14.007 -0.3559541868 -0.7096 2.173 0
6 2 2 0 4 0 0 12.011 0.02288682976 -0.2035 2.753 0
6 2 2 0 4 0 0 12.011 0.007142338511 -0.0516 2.488 0
6 3 0 0 3 1 1 12.011 0.04337520527 0.136 3.509 0
6 2 1 0 3 1 1 12.011 -0.02140140994 0.1581 3.35 0
6 3 0 0 3 1 1 12.011 0.07499831175 0.1893 2.673 0
16 4 0 0 4 0 0 32.067 0.2062910784 -0.0024 7.365 0
8 1 0 0 3 0 0 15.999 -0.21851089 -0.3339 0.7774 0
8 1 0 0 3 0 0 15.999 -0.21851089 -0.3339 0.7774 0
6 3 0 0 3 1 1 12.011 0.0739618965 0.1893 2.673 0
6 2 1 0 3 1 1 12.011 -0.0409085262 0.1581 3.35 0
6 2 1 0 3 1 1 12.011 -0.03483012154 0.1581 3.35 0
6 3 0 0 3 1 1 12.011 0.06823631109 0.2955 4.346 0
6 3 0 0 3 1 1 12.011 0.0901154424 0.2955 4.346 0
6 2 1 0 3 1 1 12.011 -0.01509724137 0.1581 3.35 0
7 2 0 0 3 1 1 14.007 -0.2325848708 -0.3239 2.202 0
6 3 0 0 3 1 1 12.011 0.114787955 0.136 3.509 0
6 4 0 0 4 0 0 12.011 0.02014438107 -0.0967 2.576 0
6 1 3 0 4 0 0 12.011 -0.05306210608 0.1441 2.503 0
6 1 3 0 4 0 0 12.011 -0.05306210608 0.1441 2.503 0
6 1 3 0 4 0 0 12.011 -0.05306210608 0.1441 2.503 0
7 3 0 0 3 1 1 14.007 -0.32725974 -0.3239 2.202 0
6 2 2 0 4 0 0 12.011 0.02728749455 -0.0516 2.488 0
6 3 1 0 4 0 1 12.011 -0.01890882606 0 2.433 0
6 2 2 0 4 0 1 12.011 -0.02496603986 0.1441 2.503 0
6 2 2 0 4 0 1 12.011 0.04688575184 -0.2035 2.753 0
8 2 0 0 4 0 1 15.999 -0.3814282963 -0.0684 1.085 0
6 2 2 0 4 0 1 12.011 0.04688575184 -0.2035 2.753 0
6 2 2 0 4 0 1 12.011 -0.02496603986 0.1441 2.503 0
6 2 1 0 3 1 1 12.011 -0.0246842479 0.1581 3.35 0
6 2 1 0 3 1 1 12.011 0.02837741295 0.1581 3.35 0
7 2 0 0 3 1 1 14.007 -0.261156609 -0.3239 2.202 0
0 1 1 0 0 0
1 2 2 1 0 0
1 3 1 1 0 0
3 4 1 0 0 0
4 5 1 0 0 0
5 6 1 0 0 0
6 7 1.5 1 1 0
7 8 1.5 1 1 0
8 9 1 0 0 0
9 10 2 0 0 0
9 11 2 0 0 0
9 12 1 0 0 0
12 13 1.5 1 1 0
13 14 1.5 1 1 0
14 15 1.5 1 1 0
15 16 1.5 1 1 0
16 17 1.5 1 1 0
16 18 1.5 1 1 0
18 19 1.5 1 1 0
19 20 1 0 0 0
20 21 1 0 0 0
20 22 1 0 0 0
20 23 1 0 0 0
19 24 1.5 1 1 0
24 25 1 0 0 0
25 26 1 0 0 0
26 27 1 0 1 0
27 28 1 0 1 0
28 29 1 0 1 0
29 30 1 0 1 0
30 31 1 0 1 0
8 32 1.5 1 1 0
32 33 1.5 1 1 0
33 34 1.5 1 1 0
34 6 1.5 1 1 0
17 12 1.5 1 1 0
31 26 1 0 1 0
24 15 1.5 1 1 0
41 46 1
6 1 3 0 4 0 0 12.011 0.07750655066 -0.2035 2.753 0
8 2 0 0 3 0 0 15.999 -0.4967658663 -0.4195 1.182 0
6 3 0 0 3 1 1 12.011 0.1185129874 0.5437 3.853 0
6 2 1 0 3 1 1 12.011 -0.01783943514 0.1581 3.35 0
6 2 1 0 3 1 1 12.011 -0.03266193287 0.1581 3.35 0
6 3 0 0 3 1 1 12.011 0.06578423113 0.2713 3.904 0
7 3 0 0 3 1 1 14.007 -0.2264650564 -0.3239 2.202 0
7 2 0 0 3 1 1 14.007 -0.1550771495 -0.3239 2.202 0
6 3 0 0 3 1 1 12.011 0.180871752 0.1893 2.673 0
16 4 0 0 4 0 0 32.067 0.1944181228 -0.0024 7.365 0
6 1 3 0 4 0 0 12.011 0.04502753009 -0.2035 2.753 0
8 1 0 0 3 0 0 15.999 -0.2223156774 -0.3339 0.7774 0
8 1 0 0 3 0 0 15.999 -0.2223156774 -0.3339 0.7774 0
6 3 0 0 3 1 1 12.011 0.0245057568 0.136 3.509 0
6 3 0 0 3 1 1 12.011 0.1367318776 0.136 3.509 0
6 3 0 0 3 0 1 12.011 0.2768493154 -0.2783 5.007 0
8 1 0 0 3 0 0 15.999 -0.2668741011 0.1129 0.2215 0
7 3 0 0 3 0 1 14.007 -0.3066882522 -0.4458 2.819 0
6 3 0 0 3 1 1 12.011 0.04403853965 0.4619 4.067 0
6 2 1 0 3 1 1 12.011 -0.03768600691 0.1581 3.35 0
6 2 1 0 3 1 1 12.011 -0.05229754173 0.1581 3.35 0
6 3 0 0 3 1 1 12.011 -0.01792607168 0.2713 3.904 0
6 3 0 0 3 1 1 12.011 -0.01388598157 0.2713 3.904 0
6 2 1 0 3 1 1 12.011 -0.05405590098 0.1581 3.35 0
6 2 1 0 3 1 1 12.011 -0.06162930971 0.1581 3.35 0
6 2 1 0 3 1 1 12.011 -0.06190201385 0.1581 3.35 0
6 2 1 0 3 1 1 12.011 -0.05711890253 0.1581 3.35 0
6 3 0 0 3 1 1 12.011 -0.02608075078 0.136 3.509 0
6 2 2 0 4 0 0 12.011 0.02405099028 -0.0516 2.488 0
7 3 0 0 4 0 1 14.007 -0.2963970733 -0.3187 1.839 0
6 2 2 0 4 0 1 12.011 0.001101796792 -0.2035 2.753 0
6 2 2 0 4 0 1 12.011 -0.0128803788 0.1441 2.503 0
6 3 1 0 4 0 1 12.011 0.06789849768 -0.2051 2.731 1
8 1 1 0 4 0 0 15.999 -0.3917446794 -0.2893 0.8238 0
6 2 2 0 4 0 1 12.011 0.02466890587 -0.2035 2.753 0
6 2 1 0 3 1 1 12.011 -0.05229754173 0.1581 3.35 0
6 2 1 0 3 1 1 12.011 -0.03768600691 0.1581 3.35 0
6 2 2 0 4 0 1 12.011 0.03041213779 -0.2035 2.753 0
6 2 2 0 4 0 1 12.011 -0.004333986853 -0.0516 2.488 0
6 2 1 0 3 1 1 12.011 -0.03266193287 0.1581 3.35 0
6 2 1 0 3 1 1 12.011 -0.01783943514 0.1581 3.35 0
0 1 1 0 0 0
1 2 1 1 0 0
2 3 1.5 1 1 0
3 4 1.5 1 1 0
4 5 1.5 1 1 0
5 6 1 1 0 0
6 7 1.5 1 1 0
7 8 1.5 1 1 0
8 9 1 0 0 0
9 10 1 0 0 0
9 11 2 0 0 0
9 12 2 0 0 0
8 13 1.5 1 1 0
13 14 1.5 1 1 0
14 15 1 1 1 0
15 16 2 1 0 0
15 17 1 1 1 0
17 18 1 1 0 0
18 19 1.5 1 1 0
19 20 1.5 1 1 0
20 21 1.5 1 1 0
21 22 1 1 0 0
22 23 1.5 1 1 0
23 24 1.5 1 1 0
24 25 1.5 1 1 0
25 26 1.5 1 1 0
26 27 1.5 1 1 0
27 28 1 0 0 0
28 29 1 0 0 0
29 30 1 0 1 0
30 31 1 0 1 0
31 32 1 0 1 0
32 33 1 0 0 0
32 34 1 0 1 0
21 35 1.5 1 1 0
35 36 1.5 1 1 0
17 37 1 0 1 0
37 38 1 0 1 0
5 39 1.5 1 1 0
39 40 1.5 1 1 0
40 2 1.5 1 1 0
14 6 1.5 1 1 0
36 18 1.5 1 1 0
38 13 1 0 1 0
27 22 1.5 1 1 0
34 29 1 0 1 0
34 38 1
6 1 3 0 4 0 0 12.011 0.07771751612 -0.2035 2.753 0
8 2 0 0 3 0 0 15.999 -0.492859224 -0.4195 1.182 0
6 3 0 0 3 1 1 12.011 0.1605098772 0.5437 3.853 0
6 2 1 0 3 1 1 12.011 -0.01250522631 0.1581 3.35 0
6 3 0 0 3 1 1 12.011 -0.03827713427 0.136 3.509 0
6 3 0 0 3 1 1 12.011 -0.02672004326 0.136 3.509 0
6 2 1 0 3 1 1 12.011 -0.01129839619 0.1581 3.35 0
6 3 0 0 3 1 1 12.011 0.16055674 0.5437 3.853 0
8 2 0 0 3 0 0 15.999 -0.4928583575 -0.4195 1.182 0
6 1 3 0 4 0 0 12.011 0.0777175264 -0.2035 2.753 0
6 2 2 0 4 0 1 12.011 0.02375292376 -0.0516 2.488 0
7 3 0 0 4 0 1 14.007 -0.2987410621 -0.3187 1.839 0
6 2 2 0 4 0 0 12.011 -0.00143974197 -0.2035 2.753 0
6 2 2 0 4 0 0 12.011 -0.03870692712 0.1441 2.503 0
6 2 2 0 4 0 0 12.011 -0.03391841946 0.1441 2.503 0
6 2 2 0 4 0 0 12.011 0.02257455121 -0.0516 2.488 0
7 3 0 0 3 1 1 14.007 -0.3468362035 -0.3239 2.202 0
6 2 1 0 3 1 1 12.011 0.01258046417 0.1581 3.35 0
6 3 0 0 3 1 1 12.011 0.007226354838 0.2713 3.904 0
6 3 0 0 3 1 1 12.011 -0.0160463746 0.2713 3.904 0
6 2 1 0 3 1 1 12.011 -0.05139640433 0.1581 3.35 0
6 2 1 0 3 1 1 12.011 -0.02570541012 0.1581 3.35 0
6 3 0 0 3 1 1 12.011 0.1227507529 0 3.257 0
9 1 0 0 4 0 0 18.998 -0.2070117641 0.4202 1.108 0
6 2 1 0 3 1 1 12.011 -0.02570541012 0.1581 3.35 0
6 2 1 0 3 1 1 12.011 -0.05139640433 0.1581 3.35 0
6 3 0 0 3 1 1 12.011 0.007435069079 0.2955 4.346 0
6 2 1 0 3 1 1 12.011 -0.05220694911 0.1581 3.35 0
6 2 1 0 3 1 1 12.011 -0.06149708736 0.1581 3.35 0
6 2 1 0 3 1 1 12.011 -0.06015130046 0.1581 3.35 0
6 2 1 0 3 1 1 12.011 -0.03778082545 0.1581 3.35 0
6 3 0 0 3 1 1 12.011 0.04862493209 0.2955 4.346 0
6 2 2 0 4 0 1 12.011 0.002550392148 -0.2035 2.753 0
6 2 2 0 4 0 1 12.011 -0.01455969918 -0.0516 2.488 0
0 1 1 0 0 0
1 2 1 1 0 0
2 3 1.5 1 1 0
3 4 1.5 1 1 0
4 5 1.5 1 1 0
5 6 1.5 1 1 0
6 7 1.5 1 1 0
7 8 1 1 0 0
8 9 1 0 0 0
5 10 1 0 1 0
10 11 1 0 1 0
11 12 1 0 0 0
12 13 1 0 0 0
13 14 1 0 0 0
14 15 1 0 0 0
15 16 1 0 0 0
16 17 1.5 1 1 0
17 18 1.5 1 1 0
18 19 1 1 0 0
19 20 1.5 1 1 0
20 21 1.5 1 1 0
21 22 1.5 1 1 0
22 23 1 0 0 0
22 24 1.5 1 1 0
24 25 1.5 1 1 0
18 26 1.5 1 1 0
26 27 1.5 1 1 0
27 28 1.5 1 1 0
28 29 1.5 1 1 0
29 30 1.5 1 1 0
30 31 1.5 1 1 0
11 32 1 0 1 0
32 33 1 0 1 0
7 2 1.5 1 1 0
31 16 1.5 1 1 0
33 4 1 0 1 0
25 19 1.5 1 1 0
31 26 1.5 1 1 0
25 28 1
8 1 1 0 4 0 0 15.999 -0.3850687909 -0.2893 0.8238 0
6 4 0 0 4 0 1 12.011 0.09204763736 -0.0967 2.576 0
6 3 0 0 3 1 1 12.011 -0.01645500923 0.136 3.509 0
6 2 1 0 3 1 1 12.011 -0.05615640894 0.1581 3.35 0
6 2 1 0 3 1 1 12.011 -0.06188654371 0.1581 3.35 0
6 2 1 0 3 1 1 12.011 -0.06224514767 0.1581 3.35 0
6 2 1 0 3 1 1 12.011 -0.06188654371 0.1581 3.35 0
6 2 1 0 3 1 1 12.011 -0.05615640894 0.1581 3.35 0
6 2 2 0 4 0 1 12.011 -0.006971358256 0.1441 2.503 0
6 2 2 0 4 0 1 12.011 0.002172568734 -0.2035 2.753 0
7 3 0 0 4 0 1 14.007 -0.2914605832 -0.3187 1.839 0
6 3 1 0 4 0 0 12.011 0.06956170727 0.1193 2.582 0
6 3 0 0 3 1 1 12.011 -0.02552060973 0.136 3.509 0
6 2 1 0 3 1 1 12.011 -0.05708018365 0.1581 3.35 0
6 2 1 0 3 1 1 12.011 -0.06192230647 0.1581 3.35 0
6 2 1 0 3 1 1 12.011 -0.06224635826 0.1581 3.35 0
6 2 1 0 3 1 1 12.011 -0.06192230647 0.1581 3.35 0
6 2 1 0 3 1 1 12.011 -0.05708018365 0.1581 3.35 0
6 3 0 0 3 1 1 12.011 0.02627346481 0.136 3.509 0
6 2 1 0 3 1 1 12.011 -0.04630277564 0.1581 3.35 0
6 2 1 0 3 1 1 12.011 -0.05115645136 0.1581 3.35 0
6 2 1 0 3 1 1 12.011 -0.008967313204 0.1581 3.35 0
16 2 0 0 3 1 1 32.067 -0.1468853037 0.6237 6.691 0
6 2 2 0 4 0 1 12.011 0.002172568734 -0.2035 2.753 0
6 2 2 0 4 0 1 12.011 -0.006971358256 0.1441 2.503 0
0 1 1 0 0 0
1 2 1 0 0 0
2 3 1.5 1 1 0
3 4 1.5 1 1 0
4 5 1.5 1 1 0
5 6 1.5 1 1 0
6 7 1.5 1 1 0
1 8 1 0 1 0
8 9 1 0 1 0
9 10 1 0 1 0
10 11 1 0 0 0
11 12 1 0 0 0
12 13 1.5 1 1 0
13 14 1.5 1 1 0
14 15 1.5 1 1 0
15 16 1.5 1 1 0
16 17 1.5 1 1 0
11 18 1 0 0 0
18 19 1.5 1 1 0
19 20 1.5 1 1 0
20 21 1.5 1 1 0
21 22 1.5 1 1 0
10 23 1 0 1 0
23 24 1 0 1 0
24 1 1 0 1 0
7 2 1.5 1 1 0
17 12 1.5 1 1 0
22 18 1.5 1 1 0
32 35 1
6 1 3 0 4 0 0 12.011 -0.06416253114 0.1441 2.503 0
6 2 2 0 4 0 0 12.011 -0.04326615475 0.1441 2.503 0
6 2 2 0 4 0 0 12.011 -0.001829411848 -0.2035 2.753 0
7 3 0 0 4 0 0 14.007 -0.3000564623 -0.3187 1.839 0
6 2 2 0 4 0 0 12.011 -0.001519268635 -0.2035 2.753 0
6 2 2 0 4 0 0 12.011 -0.03918794177 0.1441 2.503 0
6 2 2 0 4 0 0 12.011 -0.03919679789 0.1441 2.503 0
6 2 2 0 4 0 0 12.011 -0.001676126455 -0.2035 2.753 0
7 3 0 0 4 0 1 14.007 -0.2998244154 -0.3187 1.839 0
6 2 2 0 4 0 1 12.011 0.01585402637 -0.2035 2.753 0
6 2 2 0 4 0 1 12.011 0.03058851668 -0.2035 2.753 0
7 3 0 0 3 0 1 14.007 -0.3689663357 -0.4458 2.819 0
6 3 0 0 3 1 1 12.011 0.03665756961 0.4619 4.067 0
6 2 1 0 3 1 1 12.011 -0.03875736501 0.1581 3.35 0
6 2 1 0 3 1 1 12.011 -0.06020753132 0.1581 3.35 0
6 2 1 0 3 1 1 12.011 -0.06211759545 0.1581 3.35 0
6 2 1 0 3 1 1 12.011 -0.06020753132 0.1581 3.35 0
6 2 1 0 3 1 1 12.011 -0.03875736501 0.1581 3.35 0
6 2 2 0 4 0 1 12.011 0.03058851668 -0.2035 2.753 0
6 2 2 0 4 0 1 12.011 0.01585402637 -0.2035 2.753 0
6 3 1 0 4 0 1 12.011 0.01388965387 -0.2051 2.731 0
6 2 2 0 4 0 1 12.011 -0.03313913076 0.1441 2.503 0
6 2 2 0 4 0 1 12.011 -0.02597107163 -0.0516 2.488 0
6 3 0 0 3 1 1 12.011 -0.04074098215 0.136 3.509 0
6 2 1 0 3 1 1 12.011 -0.01284867251 0.1581 3.35 0
6 3 0 0 3 1 1 12.011 0.1571831566 0.5437 3.853 0
8 1 1 0 3 0 0 15.999 -0.5042530651 -0.2893 0.8238 0
6 3 0 0 3 1 1 12.011 0.157184156 0.5437 3.853 0
8 1 1 0 3 0 0 15.999 -0.5042530598 -0.2893 0.8238 0
6 2 1 0 3 1 1 12.011 -0.01279094016 0.1581 3.35 0
6 3 0 0 3 1 1 12.011 -0.03930391619 0.136 3.509 0
6 2 2 0 4 0 1 12.011 -0.01174483642 -0.0516 2.488 0
0 1 1 0 0 0
1 2 1 0 0 0
2 3 1 0 0 0
3 4 1 0 0 0
4 5 1 0 0 0
5 6 1 0 0 0
6 7 1 0 0 0
7 8 1 0 0 0
8 9 1 0 1 0
9 10 1 0 1 0
10 11 1 0 1 0
11 12 1 1 0 0
12 13 1.5 1 1 0
13 14 1.5 1 1 0
14 15 1.5 1 1 0
15 16 1.5 1 1 0
16 17 1.5 1 1 0
11 18 1 0 1 0
18 19 1 0 1 0
3 20 1 0 0 0
20 21 1 0 1 0
21 22 1 0 1 0
22 23 1 0 1 0
23 24 1.5 1 1 0
24 25 1.5 1 1 0
25 26 1 1 0 0
25 27 1.5 1 1 0
27 28 1 1 0 0
27 29 1.5 1 1 0
29 30 1.5 1 1 0
30 31 1 0 1 0
19 8 1 0 1 0
31 20 1 0 1 0
17 12 1.5 1 1 0
30 23 1.5 1 1 0
38 43 1
8 1 0 0 3 0 0 15.999 -0.2683791683 0.1129 0.2215 0
6 3 0 0 3 0 0 12.011 0.2608912763 -0.2783 5.007 0
7 2 1 0 3 0 0 14.007 -0.3513404992 -0.7096 2.173 0
6 2 2 0 4 0 0 12.011 0.01775441377 -0.2035 2.753 0
6 2 2 0 4 0 0 12.011 -0.03446760786 0.1441 2.503 0
6 2 2 0 4 0 0 12.011 -0.03873972906 0.1441 2.503 0
6 2 2 0 4 0 0 12.011 -0.001658098818 -0.2035 2.753 0
7 3 0 0 4 0 1 14.007 -0.2998240918 -0.3187 1.839 0
6 2 2 0 4 0 1 12.011 0.01585419367 -0.2035 2.753 0
6 2 2 0 4 0 1 12.011 0.03059810153 -0.2035 2.753 0
7 3 0 0 3 0 1 14.007 -0.3687354716 -0.4458 2.819 0
6 3 0 0 3 1 1 12.011 0.04020279185 0.4619 4.067 0
6 2 1 0 3 1 1 12.011 -0.03524166634 0.1581 3.35 0
6 3 0 0 3 1 1 12.011 -0.04561113835 0.136 3.509 0
6 2 1 0 3 1 1 12.011 -0.0586073041 0.1581 3.35 0
6 2 1 0 3 1 1 12.011 -0.05669166711 0.1581 3.35 0
6 3 0 0 3 1 1 12.011 -0.02425491201 0.136 3.509 0
6 2 2 0 4 0 1 12.011 -0.02177215696 -0.0516 2.488 0
6 2 2 0 4 0 1 12.011 -0.02374650276 -0.0516 2.488 0
6 3 0 0 3 1 1 12.011 -0.04766850304 0.136 3.509 0
6 2 1 0 3 1 1 12.011 -0.05875903521 0.1581 3.35 0
6 2 1 0 3 1 1 12.011 -0.05875904568 0.1581 3.35 0
6 3 0 0 3 1 1 12.011 -0.04766983 0.136 3.509 0
6 2 1 0 3 1 1 12.011 -0.05875904568 0.1581 3.35 0
6 2 1 0 3 1 1 12.011 -0.05875903521 0.1581 3.35 0
6 2 2 0 4 0 1 12.011 -0.02382264046 -0.0516 2.488 0
6 2 2 0 4 0 1 12.011 -0.02374707668 -0.0516 2.488 0
6 2 2 0 4 0 1 12.011 0.03059810153 -0.2035 2.753 0
6 2 2 0 4 0 1 12.011 0.01585419367 -0.2035 2.753 0
6 3 0 0 3 1 1 12.011 0.0930141893 0.136 3.509 0
6 2 1 0 3 1 1 12.011 -0.03062599391 0.1581 3.35 0
6 3 0 0 3 1 1 12.011 -0.006761496436 0.2955 4.346 0
6 2 1 0 3 1 1 12.011 -0.05351116066 0.1581 3.35 0
6 2 1 0 3 1 1 12.011 -0.06157123689 0.1581 3.35 0
6 2 1 0 3 1 1 12.011 -0.06082038971 0.1581 3.35 0
6 2 1 0 3 1 1 12.011 -0.04431012598 0.1581 3.35 0
6 3 0 0 3 1 1 12.011 0.03507202475 0.2955 4.346 0
16 2 0 0 3 1 1 32.067 -0.1300391081 0.6237 6.691 0
0 1 2 1 0 0
1 2 1 1 0 0
2 3 1 0 0 0
3 4 1 0 0 0
4 5 1 0 0 0
5 6 1 0 0 0
6 7 1 0 0 0
7 8 1 0 1 0
8 9 1 0 1 0
9 10 1 0 1 0
10 11 1 1 0 0
11 12 1.5 1 1 0
12 13 1.5 1 1 0
13 14 1.5 1 1 0
14 15 1.5 1 1 0
15 16 1.5 1 1 0
16 17 1 0 1 0
17 18 1 0 1 0
18 19 1 0 1 0
19 20 1.5 1 1 0
20 21 1.5 1 1 0
21 22 1.5 1 1 0
22 23 1.5 1 1 0
23 24 1.5 1 1 0
22 25 1 0 1 0
25 26 1 0 1 0
10 27 1 0 1 0
27 28 1 0 1 0
1 29 1 1 0 0
29 30 1.5 1 1 0
30 31 1.5 1 1 0
31 32 1.5 1 1 0
32 33 1.5 1 1 0
33 34 1.5 1 1 0
34 35 1.5 1 1 0
35 36 1.5 1 1 0
36 37 1.5 1 1 0
28 7 1 0 1 0
37 29 1.5 1 1 0
16 11 1.5 1 1 0
24 19 1.5 1 1 0
36 31 1.5 1 1 0
26 13 1 0 1 0
37 44 1
6 1 3 0 4 0 0 12.011 -0.007242318155 0.1441 2.503 0
6 3 0 0 3 0 0 12.011 0.08993876755 -0.2783 5.007 0
7 1 1 0 3 0 0 14.007 -0.2889159475 0.08387 1.757 0
7 2 1 0 3 0 0 14.007 -0.373925431 -0.7096 2.173 0
6 2 2 0 4 0 0 12.011 0.0197822175 -0.2035 2.753 0
6 2 2 0 4 0 0 12.011 -0.01036655839 -0.0516 2.488 0
6 3 0 0 3 1 1 12.011 -0.04551198555 0.136 3.509 0
6 2 1 0 3 1 1 12.011 -0.05686802098 0.1581 3.35 0
6 2 1 0 3 1 1 12.011 -0.03771809755 0.1581 3.35 0
6 3 0 0 3 1 1 12.011 0.04597314831 0.2955 4.346 0
7 2 1 0 3 1 1 14.007 -0.3550701877 -0.3239 2.202 0
6 3 0 0 3 1 1 12.011 0.06148024236 0.136 3.509 0
6 3 0 0 3 1 1 12.011 -0.0125184854 0.136 3.509 0
6 3 0 0 3 1 1 12.011 0.00338371739 0.2955 4.346 0
6 2 1 0 3 1 1 12.011 -0.04925963273 0.1581 3.35 0
6 2 2 0 4 0 1 12.011 0.006343326833 -0.0516 2.488 0
6 4 0 0 4 0 1 12.011 0.09835989958 -0.2051 2.731 -1
8 1 1 0 4 0 0 15.999 -0.386786995 -0.2893 0.8238 0
6 3 1 0 4 0 1 12.011 0.04378994723 -0.2051 2.731 0
6 2 2 0 4 0 1 12.011 -0.008881309359 -0.0516 2.488 0
6 3 0 0 3 1 1 12.011 -0.03832620132 0.136 3.509 0
6 2 1 0 3 1 1 12.011 -0.05472688486 0.1581 3.35 0
6 2 1 0 3 1 1 12.011 -0.01603379909 0.1581 3.35 0
6 3 0 0 3 1 1 12.011 0.1575249997 0.5437 3.853 0
8 1 1 0 3 0 0 15.999 -0.50424644 -0.2893 0.8238 0
6 3 0 0 3 1 1 12.011 0.1657911661 0.5437 3.853 0
6 3 0 0 3 1 1 12.011 0.01463149723 0.136 3.509 0
6 4 0 0 4 0 1 12.011 0.07381637683 -0.0967 2.576 -1
6 2 2 0 4 0 1 12.011 -0.02360050683 0.1441 2.503 0
6 2 2 0 4 0 1 12.011 -0.0003141564567 -0.2035 2.753 0
7 3 0 0 4 0 1 14.007 -0.2968290152 -0.3187 1.839 0
6 2 2 0 4 0 0 12.011 0.001396754299 -0.2035 2.753 0
6 3 1 0 4 0 1 12.011 -0.02856767245 0 2.433 0
6 2 2 0 4 0 1 12.011 -0.04891444651 0.1441 2.503 0
6 2 2 0 4 0 1 12.011 -0.04891444651 0.1441 2.503 0
6 3 1 0 4 0 1 12.011 0.1514850099 0.1193 2.582 1
8 2 0 0 3 0 1 15.999 -0.4789195843 -0.4195 1.182 0
0 1 1 0 0 0
1 2 2 1 0 0
1 3 1 1 0 0
3 4 1 0 0 0
4 5 1 0 0 0
5 6 1 0 0 0
6 7 1.5 1 1 0
7 8 1.5 1 1 0
8 9 1.5 1 1 0
9 10 1.5 1 1 0
10 11 1.5 1 1 0
11 12 1.5 1 1 0
12 13 1.5 1 1 0
13 14 1.5 1 1 0
12 15 1 0 1 0
15 16 1 0 1 0
16 17 1 0 0 0
16 18 1 0 1 0
18 19 1 0 1 0
19 20 1 0 1 0
20 21 1.5 1 1 0
21 22 1.5 1 1 0
22 23 1.5 1 1 0
23 24 1 1 0 0
23 25 1.5 1 1 0
25 26 1.5 1 1 0
26 27 1 0 1 0
27 28 1 0 1 0
28 29 1 0 1 0
29 30 1 0 1 0
30 31 1 0 0 0
31 32 1 0 0 0
32 33 1 0 1 0
33 34 1 0 1 0
27 35 1 0 1 0
35 36 1 0 1 0
14 6 1.5 1 1 0
27 16 1 0 1 0
34 32 1 0 1 0
13 9 1.5 1 1 0
30 18 1 0 1 0
35 11 1 0 1 0
26 20 1.5 1 1 0
36 25 1 1 1 0
32 36 1
8 1 0 0 3 0 0 15.999 -0.2071029147 -0.3339 0.7774 0
16 4 0 0 4 0 0 32.067 0.2401271106 -0.0024 7.365 0
8 1 0 0 3 0 0 15.999 -0.2071029147 -0.3339 0.7774 0
7 2 1 0 4 0 0 14.007 -0.2098672112 -0.7096 2.173 0
6 2 2 0 4 0 0 12.011 0.02352135205 -0.2035 2.753 0
6 2 2 0 4 0 0 12.011 0.01214195771 -0.2035 2.753 0
7 3 0 0 4 0 1 14.007 -0.2980351868 -0.3187 1.839 0
6 2 2 0 4 0 1 12.011 0.01693195066 -0.2035 2.753 0
6 2 1 0 3 0 1 12.011 -0.0665611897 0.1551 3.513 0
6 3 0 0 3 0 1 12.011 -0.04006553632 0.264 4.305 0
6 3 0 0 3 1 1 12.011 0.002832483706 0.136 3.509 0
6 2 1 0 3 1 1 12.011 0.009235539137 0.1581 3.35 0
7 2 1 0 3 1 1 14.007 -0.3605523341 -0.3239 2.202 0
6 3 0 0 3 1 1 12.011 0.04618681832 0.2955 4.346 0
6 2 1 0 3 1 1 12.011 -0.03508305934 0.1581 3.35 0
6 2 1 0 3 1 1 12.011 -0.02421395112 0.1581 3.35 0
6 3 0 0 3 1 1 12.011 0.1234806806 0 3.257 0
9 1 0 0 4 0 0 18.998 -0.2069861673 0.4202 1.108 0
6 2 1 0 3 1 1 12.011 -0.01629755609 0.1581 3.35 0
6 3 0 0 3 1 1 12.011 0.009789222925 0.2955 4.346 0
6 2 2 0 4 0 1 12.011 -0.01461939967 0.1441 2.503 0
6 2 2 0 4 0 1 12.011 0.002580342154 -0.2035 2.753 0
6 3 0 0 3 1 1 12.011 0.08262040771 0.1893 2.673 0
6 2 1 0 3 1 1 12.011 -0.04148995262 0.1581 3.35 0
6 2 1 0 3 1 1 12.011 -0.05303457745 0.1581 3.35 0
6 3 0 0 3 1 1 12.011 -0.018316647 0.2955 4.346 0
6 2 1 0 3 1 1 12.011 -0.05438150121 0.1581 3.35 0
6 2 1 0 3 1 1 12.011 -0.06162969575 0.1581 3.35 0
6 2 1 0 3 1 1 12.011 -0.06162902248 0.1581 3.35 0
6 2 1 0 3 1 1 12.011 -0.05433875996 0.1581 3.35 0
6 3 0 0 3 1 1 12.011 -0.01705570077 0.2955 4.346 0
6 2 1 0 3 1 1 12.011 -0.03425048177 0.1581 3.35 0
0 1 2 0 0 0
1 2 2 0 0 0
1 3 1 0 0 0
3 4 1 0 0 0
4 5 1 0 0 0
5 6 1 0 0 0
6 7 1 0 1 0
7 8 1 0 1 0
8 9 2 1 1 0
9 10 1 1 0 0
10 11 1.5 1 1 0
11 12 1.5 1 1 0
12 13 1.5 1 1 0
13 14 1.5 1 1 0
14 15 1.5 1 1 0
15 16 1.5 1 1 0
16 17 1 0 0 0
16 18 1.5 1 1 0
18 19 1.5 1 1 0
9 20 1 0 1 0
20 21 1 0 1 0
1 22 1 0 0 0
22 23 1.5 1 1 0
23 24 1.5 1 1 0
24 25 1.5 1 1 0
25 26 1.5 1 1 0
26 27 1.5 1 1 0
27 28 1.5 1 1 0
28 29 1.5 1 1 0
29 30 1.5 1 1 0
30 31 1.5 1 1 0
21 6 1 0 1 0
31 22 1.5 1 1 0
19 10 1.5 1 1 0
30 25 1.5 1 1 0
19 13 1.5 1 1 0
31 33 1
6 1 3 0 4 0 0 12.011 -0.03064716202 0.1441 2.503 0
6 2 2 0 4 0 0 12.011 0.08558312583 -0.2035 2.753 0
8 2 0 0 3 0 0 15.999 -0.4899787185 -0.4195 1.182 0
6 3 0 0 3 1 1 12.011 0.1610295734 0.5437 3.853 0
6 2 1 0 3 1 1 12.011 -0.01018982563 0.1581 3.35 0
6 3 0 0 3 1 1 12.011 -0.01056716757 0.136 3.509 0
6 3 1 0 4 0 0 12.011 0.1503203427 0.1193 2.582 0
7 2 1 0 3 0 0 14.007 -0.3686574508 -0.5188 3 0
6 3 0 0 3 1 1 12.011 0.03494064078 0.4619 4.067 0
6 2 1 0 3 1 1 12.011 -0.03820631304 0.1581 3.35 0
6 2 1 0 3 1 1 12.011 -0.04925573842 0.1581 3.35 0
6 3 0 0 3 1 1 12.011 0.01613519514 0.136 3.509 0
6 3 0 0 3 0 0 12.011 0.122275629 -0.2783 5.007 0
7 1 1 0 3 0 0 14.007 -0.2844874177 0.08387 1.757 0
7 1 2 0 3 0 0 14.007 -0.3836821164 -1.019 2.262 0
6 2 1 0 3 1 1 12.011 -0.04925573842 0.1581 3.35 0
6 2 1 0 3 1 1 12.011 -0.03820631304 0.1581 3.35 0
6 3 0 0 3 0 0 12.011 0.3303306015 -0.2783 5.007 0
8 1 0 0 3 0 0 15.999 -0.2495671275 -0.1526 0 0
8 1 1 0 3 0 0 15.999 -0.4794587549 -0.2893 0.8238 0
6 2 1 0 3 1 1 12.011 -0.05240786204 0.1581 3.35 0
6 2 1 0 3 1 1 12.011 -0.01568742238 0.1581 3.35 0
6 3 0 0 3 1 1 12.011 0.161203571 0.5437 3.853 0
8 2 0 0 3 0 0 15.999 -0.4850182249 -0.4195 1.182 0
6 2 2 0 4 0 0 12.011 0.1135136505 -0.0516 2.488 0
6 3 0 0 3 1 1 12.011 -0.01076431046 0.136 3.509 0
6 2 1 0 3 1 1 12.011 -0.05563215399 0.1581 3.35 0
6 2 1 0 3 1 1 12.011 -0.06186699345 0.1581 3.35 0
6 2 1 0 3 1 1 12.011 -0.06224449639 0.1581 3.35 0
6 2 1 0 3 1 1 12.011 -0.06186699345 0.1581 3.35 0
6 2 1 0 3 1 1 12.011 -0.05563215399 0.1581 3.35 0
0 1 1 0 0 0
1 2 1 0 0 0
2 3 1 1 0 0
3 4 1.5 1 1 0
4 5 1.5 1 1 0
5 6 1 0 0 0
6 7 1 0 0 0
7 8 1 1 0 0
8 9 1.5 1 1 0
9 10 1.5 1 1 0
10 11 1.5 1 1 0
11 12 1 1 0 0
12 13 2 1 0 0
12 14 1 1 0 0
11 15 1.5 1 1 0
15 16 1.5 1 1 0
6 17 1 0 0 0
17 18 2 1 0 0
17 19 1 1 0 0
5 20 1.5 1 1 0
20 21 1.5 1 1 0
21 22 1.5 1 1 0
22 23 1 1 0 0
23 24 1 0 0 0
24 25 1 0 0 0
25 26 1.5 1 1 0
26 27 1.5 1 1 0
27 28 1.5 1 1 0
28 29 1.5 1 1 0
29 30 1.5 1 1 0
22 3 1.5 1 1 0
30 25 1.5 1 1 0
16 8 1.5 1 1 0
27 31 1
6 2 1 0 3 1 1 12.011 -0.04377059269 0.1581 3.35 0
6 2 1 0 3 1 1 12.011 -0.05857044359 0.1581 3.35 0
6 2 1 0 3 1 1 12.011 -0.03570124855 0.1581 3.35 0
6 3 0 0 3 1 1 12.011 0.07183359608 0.2713 3.904 0
6 3 0 0 3 1 1 12.011 0.02235457288 0.2713 3.904 0
6 2 1 0 3 1 1 12.011 0.03900742984 0.1581 3.35 0
7 2 0 0 3 1 1 14.007 -0.2330281696 -0.3239 2.202 0
6 3 0 0 3 1 1 12.011 0.2003033567 0.2955 4.346 0
7 2 0 0 3 1 1 14.007 -0.1731372741 -0.3239 2.202 0
6 3 0 0 3 1 1 12.011 0.2994436653 0.4619 4.067 0
7 3 0 0 3 0 1 14.007 -0.3259317831 -0.4458 2.819 0
6 2 2 0 4 0 1 12.011 0.02366312317 -0.2035 2.753 0
6 2 2 0 4 0 1 12.011 -0.01957932591 0.1441 2.503 0
6 3 1 0 4 0 1 12.011 0.01288972292 -0.2051 2.731 0
7 3 0 0 4 0 1 14.007 -0.3002538769 -0.3187 1.839 0
6 2 2 0 4 0 1 12.011 -0.001576343785 -0.2035 2.753 0
6 2 2 0 4 0 1 12.011 -0.0403580299 0.1441 2.503 0
6 2 2 0 4 0 1 12.011 -0.05087002032 0.1441 2.503 0
6 2 2 0 4 0 1 12.011 -0.0403580299 0.1441 2.503 0
6 2 2 0 4 0 1 12.011 -0.001576343785 -0.2035 2.753 0
6 2 2 0 4 0 1 12.011 -0.01957932591 0.1441 2.503 0
6 2 2 0 4 0 1 12.011 0.02366312317 -0.2035 2.753 0
8 2 0 0 3 1 1 15.999 -0.4216121299 0.1552 1.08 0
6 3 0 0 3 1 1 12.011 0.1760215612 0.2955 4.346 0
6 2 1 0 3 1 1 12.011 -0.004211156933 0.1581 3.35 0
7 2 0 0 3 1 1 14.007 -0.2562058598 -0.3239 2.202 0
6 2 1 0 3 1 1 12.011 0.02748825474 0.1581 3.35 0
0 1 1.5 1 1 0
1 2 1.5 1 1 0
2 3 1.5 1 1 0
3 4 1 1 0 0
4 5 1.5 1 1 0
5 6 1.5 1 1 0
6 7 1.5 1 1 0
7 8 1.5 1 1 0
8 9 1.5 1 1 0
9 10 1 1 0 0
10 11 1 0 1 0
11 12 1 0 1 0
12 13 1 0 1 0
13 14 1 0 0 0
14 15 1 0 1 0
15 16 1 0 1 0
16 17 1 0 1 0
17 18 1 0 1 0
18 19 1 0 1 0
13 20 1 0 1 0
20 21 1 0 1 0
9 22 1.5 1 1 0
22 23 1.5 1 1 0
23 24 1.5 1 1 0
3 25 1.5 1 1 0
25 26 1.5 1 1 0
26 0 1.5 1 1 0
24 4 1.5 1 1 0
23 7 1.5 1 1 0
21 10 1 0 1 0
19 14 1 0 1 0
20 23 1
6 1 3 0 4 0 0 12.011 -0.0428976031 0.1441 2.503 0
6 4 0 0 4 0 1 12.011 0.0567678125 -0.2051 2.731 -1
6 2 2 0 4 0 1 12.011 0.106682867 -0.2035 2.753 0
8 2 0 0 3 0 1 15.999 -0.4913582747 -0.4195 1.182 0
6 3 0 0 3 1 1 12.011 0.1224812645 0.5437 3.853 0
6 2 1 0 3 1 1 12.011 -0.0190465459 0.1581 3.35 0
6 2 1 0 3 1 1 12.011 -0.05067945916 0.1581 3.35 0
6 3 0 0 3 1 1 12.011 -0.01784825717 0.2713 3.904 0
6 3 0 0 3 1 1 12.011 -0.01838948472 0.2713 3.904 0
6 2 1 0 3 1 1 12.011 -0.0543830277 0.1581 3.35 0
6 2 1 0 3 1 1 12.011 -0.06165094805 0.1581 3.35 0
6 2 1 0 3 1 1 12.011 -0.06222539488 0.1581 3.35 0
6 2 1 0 3 1 1 12.011 -0.06165094805 0.1581 3.35 0
6 2 1 0 3 1 1 12.011 -0.0543830277 0.1581 3.35 0
6 2 1 0 3 1 1 12.011 -0.04710741954 0.1581 3.35 0
6 3 0 0 3 1 1 12.011 -0.0001686440311 0.136 3.509 0
6 3 1 0 4 0 1 12.011 0.01003839534 0.1193 2.582 -1
6 2 2 0 4 0 1 12.011 -0.03168610636 0.1441 2.503 0
6 2 2 0 4 0 1 12.011 -0.003578393 -0.2035 2.753 0
7 2 1 0 4 0 1 14.007 -0.3079258924 -0.7096 2.173 0
0 1 1 0 0 0
1 2 1 0 1 0
2 3 1 0 1 0
3 4 1 1 1 0
4 5 1.5 1 1 0
5 6 1.5 1 1 0
6 7 1.5 1 1 0
7 8 1 1 0 0
8 9 1.5 1 1 0
9 10 1.5 1 1 0
10 11 1.5 1 1 0
11 12 1.5 1 1 0
12 13 1.5 1 1 0
7 14 1.5 1 1 0
14 15 1.5 1 1 0
15 16 1 0 1 0
16 17 1 0 1 0
17 18 1 0 1 0
18 19 1 0 1 0
16 1 1 0 1 0
19 1 1 0 1 0
15 4 1.5 1 1 0
13 8 1.5 1 1 0
31 34 1
6 1 3 0 4 0 0 12.011 0.03584125355 -0.2035 2.753 0
8 2 0 0 4 0 0 15.999 -0.381212418 -0.0684 1.085 0
6 3 1 0 4 0 0 12.011 0.06304370019 -0.2051 2.731 0
6 1 3 0 4 0 0 12.011 -0.03817774647 0.1441 2.503 0
6 2 2 0 4 0 0 12.011 0.05251627969 0.1441 2.503 0
6 3 0 0 3 0 0 12.011 0.2223131856 -0.2783 5.007 0
8 1 0 0 3 0 0 15.999 -0.2750242406 -0.1526 0 0
7 2 1 0 3 0 0 14.007 -0.353290899 -0.7096 2.173 0
6 3 1 0 4 0 1 12.011 0.02878310596 -0.2051 2.731 0
6 2 2 0 4 0 1 12.011 -0.03252000334 0.1441 2.503 0
6 2 2 0 4 0 1 12.011 -0.04844844779 0.1441 2.503 0
6 3 1 0 4 0 1 12.011 -0.04006086358 0 2.433 0
6 2 2 0 4 0 0 12.011 -0.03755780452 0.1441 2.503 0
6 2 2 0 4 0 0 12.011 -0.001459417102 -0.2035 2.753 0
7 3 0 0 4 0 1 14.007 -0.2998147255 -0.3187 1.839 0
6 2 2 0 4 0 1 12.011 0.01585645767 -0.2035 2.753 0
6 2 2 0 4 0 1 12.011 0.03071856267 -0.2035 2.753 0
7 3 0 0 3 0 1 14.007 -0.3658567885 -0.4458 2.819 0
6 3 0 0 3 1 1 12.011 0.08354372582 0.4619 4.067 0
6 2 1 0 3 1 1 12.011 -0.0346411303 0.1581 3.35 0
6 2 1 0 3 1 1 12.011 -0.05623577922 0.1581 3.35 0
6 2 1 0 3 1 1 12.011 -0.01573560019 0.1581 3.35 0
6 3 0 0 3 1 1 12.011 0.1674783799 0.5437 3.853 0
6 3 0 0 3 1 1 12.011 0.1885271028 0.5437 3.853 0
8 2 0 0 3 0 1 15.999 -0.4513912052 -0.4195 1.182 0
6 2 2 0 4 0 1 12.011 0.2309215208 -0.2035 2.753 0
8 2 0 0 3 0 1 15.999 -0.4535067157 -0.4195 1.182 0
6 2 2 0 4 0 1 12.011 0.03071856267 -0.2035 2.753 0
6 2 2 0 4 0 1 12.011 0.01585645767 -0.2035 2.753 0
6 2 2 0 4 0 1 12.011 -0.04844844779 0.1441 2.503 0
6 2 2 0 4 0 1 12.011 -0.03252000334 0.1441 2.503 0
0 1 1 0 0 0
1 2 1 0 0 0
2 3 1 0 0 0
2 4 1 0 0 0
4 5 1 0 0 0
5 6 2 1 0 0
5 7 1 1 0 0
7 8 1 0 0 0
8 9 1 0 1 0
9 10 1 0 1 0
10 11 1 0 1 0
11 12 1 0 0 0
12 13 1 0 0 0
13 14 1 0 0 0
14 15 1 0 1 0
15 16 1 0 1 0
16 17 1 0 1 0
17 18 1 1 0 0
18 19 1.5 1 1 0
19 20 1.5 1 1 0
20 21 1.5 1 1 0
21 22 1.5 1 1 0
22 23 1.5 1 1 0
23 24 1 1 1 0
24 25 1 0 1 0
25 26 1 0 1 0
17 27 1 0 1 0
27 28 1 0 1 0
11 29 1 0 1 0
29 30 1 0 1 0
30 8 1 0 1 0
28 14 1 0 1 0
23 18 1.5 1 1 0
26 22 1 1 1 0
25 28 1
8 1 0 0 3 0 0 15.999 -0.2696057826 0.1788 3.135 0
6 3 0 0 3 1 1 12.011 0.2485163508 -0.8186 3.135 0
6 2 1 0 3 1 1 12.011 0.01629953533 0.1581 3.35 0
6 3 0 0 3 1 1 12.011 0.07404531427 0.136 3.509 0
6 4 0 0 4 0 0 12.011 0.4168995466 -0.0967 2.576 0
9 1 0 0 4 0 0 18.998 -0.1661026222 0.4202 1.108 0
9 1 0 0 4 0 0 18.998 -0.1661026222 0.4202 1.108 0
9 1 0 0 4 0 0 18.998 -0.1661026222 0.4202 1.108 0
6 3 0 0 3 1 1 12.011 0.05398639295 0.2955 4.346 0
6 3 0 0 3 1 1 12.011 0.05267167496 0.2955 4.346 0
6 2 1 0 3 1 1 12.011 -0.03699249686 0.1581 3.35 0
6 2 1 0 3 1 1 12.011 -0.04834897944 0.1581 3.35 0
6 3 0 0 3 1 1 12.011 0.02994117583 0.2955 4.346 0
6 3 0 0 3 1 1 12.011 0.1486429507 0.2955 4.346 0
8 2 0 0 3 1 1 15.999 -0.421504143 0.1552 1.08 0
6 3 0 0 3 1 1 12.011 0.3438468853 -0.8186 3.135 0
8 1 0 0 3 0 0 15.999 -0.2457075966 0.1788 3.135 0
6 3 0 0 3 1 1 12.011 0.0717375756 0.2955 4.346 0
6 2 1 0 3 1 1 12.011 -0.04675640292 0.1581 3.35 0
6 2 1 0 3 1 1 12.011 -0.05768795335 0.1581 3.35 0
6 2 1 0 3 1 1 12.011 -0.0195206261 0.1581 3.35 0
6 3 0 0 3 1 1 12.011 0.1239151443 0.5437 3.853 0
8 1 1 0 3 0 0 15.999 -0.5072812594 -0.2893 0.8238 0
6 3 0 0 3 1 1 12.011 0.04180510708 0.2955 4.346 0
7 2 1 0 3 1 1 14.007 -0.3217786728 -0.3239 2.202 0
0 1 2 1 0 0
1 2 1.5 1 1 0
2 3 1.5 1 1 0
3 4 1 0 0 0
4 5 1 0 0 0
4 6 1 0 0 0
4 7 1 0 0 0
3 8 1.5 1 1 0
8 9 1.5 1 1 0
9 10 1.5 1 1 0
10 11 1.5 1 1 0
11 12 1.5 1 1 0
12 13 1.5 1 1 0
13 14 1.5 1 1 0
14 15 1.5 1 1 0
15 16 2 1 0 0
15 17 1.5 1 1 0
17 18 1.5 1 1 0
18 19 1.5 1 1 0
19 20 1.5 1 1 0
20 21 1.5 1 1 0
21 22 1 1 0 0
21 23 1.5 1 1 0
9 24 1.5 1 1 0
24 1 1.5 1 1 0
13 8 1.5 1 1 0
23 17 1.5 1 1 0
23 12 1.5 1 1 0
25 28 1
1 1 0 0 1 0 0 3.016049278 0.06633305175 0.123 1.057 0
6 3 0 0 3 1 1 12.011 -0.01599635782 0.1581 3.35 0
6 2 1 0 3 1 1 12.011 -0.01221790776 0.1581 3.35 0
6 3 0 0 3 1 1 12.011 0.1655726858 0.5437 3.853 0
6 3 0 0 3 1 1 12.011 0.1689853382 0.5437 3.853 0
6 2 1 0 3 1 1 12.011 0.02629018031 0.1581 3.35 0
6 3 0 0 3 1 1 12.011 0.1227847221 0.5437 3.853 0
8 2 0 0 3 0 0 15.999 -0.4930883683 -0.4195 1.182 0
6 2 2 0 4 0 0 12.011 0.09280620829 -0.2035 2.753 0
6 3 1 0 4 0 1 12.011 0.01239530728 0 2.433 -1
6 2 2 0 4 0 1 12.011 0.001794045126 -0.2035 2.753 0
7 2 1 0 4 0 1 14.007 -0.3162813553 -0.7096 2.173 0
6 2 2 0 4 0 1 12.011 -0.0042810504 -0.2035 2.753 0
6 2 2 0 4 0 1 12.011 -0.03330079229 0.1441 2.503 0
6 3 1 0 4 0 1 12.011 -0.007684952545 0.1193 2.582 1
6 3 0 0 3 1 1 12.011 -0.04420212288 0.136 3.509 0
6 2 1 0 3 1 1 12.011 -0.05583955028 0.1581 3.35 0
6 2 1 0 3 1 1 12.011 -0.02603910748 0.1581 3.35 0
6 3 0 0 3 1 1 12.011 0.1227275723 0 3.257 0
9 1 0 0 4 0 0 18.998 -0.2070121658 0.4202 1.108 0
6 2 1 0 3 1 1 12.011 -0.02603910748 0.1581 3.35 0
6 2 1 0 3 1 1 12.011 -0.05583955028 0.1581 3.35 0
8 2 0 0 3 0 1 15.999 -0.4534502647 -0.4195 1.182 0
6 2 2 0 4 0 1 12.011 0.230803739 -0.2035 2.753 0
8 2 0 0 3 0 1 15.999 -0.4535908309 -0.4195 1.182 0
0 1 1 0 0 0
1 2 1.5 1 1 0
2 3 1.5 1 1 0
3 4 1.5 1 1 0
4 5 1.5 1 1 0
5 6 1.5 1 1 0
6 7 1 1 0 0
7 8 1 0 0 0
8 9 1 0 0 0
9 10 1 0 1 0
10 11 1 0 1 0
11 12 1 0 1 0
12 13 1 0 1 0
13 14 1 0 1 0
14 15 1 0 0 0
15 16 1.5 1 1 0
16 17 1.5 1 1 0
17 18 1.5 1 1 0
18 19 1 0 0 0
18 20 1.5 1 1 0
20 21 1.5 1 1 0
4 22 1 1 1 0
22 23 1 0 1 0
23 24 1 0 1 0
6 1 1.5 1 1 0
14 9 1 0 1 0
21 15 1.5 1 1 0
24 3 1 1 1 0
33 37 1
8 1 0 0 3 0 0 15.999 -0.2751235198 -0.1526 0 0
6 3 0 0 3 0 0 12.011 0.219991277 -0.2783 5.007 0
6 2 2 0 4 0 0 12.011 0.02947437243 0.1441 2.503 0
6 3 1 0 4 0 1 12.011 -0.02826629929 0 2.433 0
6 2 2 0 4 0 1 12.011 -0.02617358322 0.1441 2.503 0
6 2 2 0 4 0 1 12.011 0.04683382928 -0.2035 2.753 0
8 2 0 0 4 0 1 15.999 -0.3814302546 -0.0684 1.085 0
6 2 2 0 4 0 1 12.011 0.04683382928 -0.2035 2.753 0
6 2 2 0 4 0 1 12.011 -0.02617358322 0.1441 2.503 0
7 2 1 0 3 0 0 14.007 -0.3533669669 -0.7096 2.173 0
6 3 1 0 4 0 1 12.011 0.02878159257 -0.2051 2.731 0
6 2 2 0 4 0 1 12.011 -0.03252001581 0.1441 2.503 0
6 2 2 0 4 0 1 12.011 -0.04844844792 0.1441 2.503 0
6 3 1 0 4 0 1 12.011 -0.04006088481 0 2.433 0
6 2 2 0 4 0 0 12.011 -0.03756043601 0.1441 2.503 0
6 2 2 0 4 0 0 12.011 -0.001608848591 -0.2035 2.753 0
7 3 0 0 4 0 1 14.007 -0.3032824782 -0.3187 1.839 0
6 2 2 0 4 0 1 12.011 -0.001287065342 -0.2035 2.753 0
6 2 2 0 4 0 1 12.011 -0.03330318083 0.1441 2.503 0
6 3 1 0 4 0 1 12.011 -0.009972191691 0.1193 2.582 0
6 3 0 0 3 1 1 12.011 0.001387061445 0.136 3.509 0
6 2 1 0 3 1 1 12.011 0.0952555901 0.1581 3.35 0
8 2 0 0 3 1 1 15.999 -0.464042238 0.1552 1.08 0
6 3 0 0 3 1 1 12.011 0.1336495606 0.2955 4.346 0
6 2 1 0 3 1 1 12.011 -0.01870158658 0.1581 3.35 0
6 2 1 0 3 1 1 12.011 -0.05851825305 0.1581 3.35 0
6 2 1 0 3 1 1 12.011 -0.06138874374 0.1581 3.35 0
6 2 1 0 3 1 1 12.011 -0.0508339258 0.1581 3.35 0
6 3 0 0 3 1 1 12.011 0.02369512381 0.2955 4.346 0
6 2 2 0 4 0 1 12.011 -0.03330318083 0.1441 2.503 0
6 2 2 0 4 0 1 12.011 -0.001287065342 -0.2035 2.753 0
6 2 2 0 4 0 1 12.011 -0.04844844792 0.1441 2.503 0
6 2 2 0 4 0 1 12.011 -0.03252001581 0.1441 2.503 0
0 1 2 1 0 0
1 2 1 0 0 0
2 3 1 0 0 0
3 4 1 0 1 0
4 5 1 0 1 0
5 6 1 0 1 0
6 7 1 0 1 0
7 8 1 0 1 0
1 9 1 1 0 0
9 10 1 0 0 0
10 11 1 0 1 0
11 12 1 0 1 0
12 13 1 0 1 0
13 14 1 0 0 0
14 15 1 0 0 0
15 16 1 0 0 0
16 17 1 0 1 0
17 18 1 0 1 0
18 19 1 0 1 0
19 20 1 0 0 0
20 21 1.5 1 1 0
21 22 1.5 1 1 0
22 23 1.5 1 1 0
23 24 1.5 1 1 0
24 25 1.5 1 1 0
25 26 1.5 1 1 0
26 27 1.5 1 1 0
27 28 1.5 1 1 0
19 29 1 0 1 0
29 30 1 0 1 0
13 31 1 0 1 0
31 32 1 0 1 0
8 3 1 0 1 0
32 10 1 0 1 0
30 16 1 0 1 0
28 20 1.5 1 1 0
28 23 1.5 1 1 0
42 49 1
6 1 3 0 4 0 0 12.011 -0.03293142909 0.1441 2.503 0
6 4 0 0 4 0 0 12.011 0.113778782 -0.0967 2.576 0
6 1 3 0 4 0 0 12.011 -0.03293142909 0.1441 2.503 0
7 2 1 0 3 0 0 14.007 -0.3382795431 -0.7096 2.173 0
6 3 0 0 3 0 0 12.011 0.2511865183 -0.2783 5.007 0
8 1 0 0 3 0 0 15.999 -0.2695186877 -0.1526 0 0
6 3 0 0 3 0 1 12.011 0.0612282061 0.1551 3.513 0
6 3 0 0 3 0 1 12.011 0.1426477498 0.1551 3.513 0
8 1 1 0 3 0 0 15.999 -0.5078189669 -0.2893 0.8238 0
6 3 1 0 4 0 1 12.011 0.1684277864 -0.2051 2.731 1
8 2 0 0 3 0 1 15.999 -0.4772177323 -0.4195 1.182 0
6 3 0 0 3 1 1 12.011 0.1658846679 0.5437 3.853 0
6 3 0 0 3 1 1 12.011 0.1575266725 0.5437 3.853 0
8 1 1 0 3 0 0 15.999 -0.5042464312 -0.2893 0.8238 0
6 2 1 0 3 1 1 12.011 -0.01603378508 0.1581 3.35 0
6 2 1 0 3 1 1 12.011 -0.05472687571 0.1581 3.35 0
6 3 0 0 3 1 1 12.011 -0.03832504457 0.136 3.509 0
6 3 0 0 3 1 1 12.011 0.01469931625 0.136 3.509 0
6 4 0 0 4 0 1 12.011 0.0754436814 -0.0967 2.576 -1
6 2 2 0 4 0 1 12.011 -0.02353533681 0.1441 2.503 0
6 2 2 0 4 0 1 12.011 -0.0003130291311 -0.2035 2.753 0
7 3 0 0 4 0 1 14.007 -0.2968289602 -0.3187 1.839 0
6 2 2 0 4 0 0 12.011 0.001396754533 -0.2035 2.753 0
6 3 1 0 4 0 1 12.011 -0.02856767245 0 2.433 0
6 2 2 0 4 0 1 12.011 -0.04891444651 0.1441 2.503 0
6 2 2 0 4 0 1 12.011 -0.04891444651 0.1441 2.503 0
6 3 1 0 4 0 1 12.011 0.04379546612 -0.2051 2.731 1
6 2 2 0 4 0 1 12.011 -0.008881254278 -0.0516 2.488 0
6 4 0 0 4 0 1 12.011 0.09866620296 -0.2051 2.731 -1
8 1 1 0 4 0 0 15.999 -0.3867814085 -0.2893 0.8238 0
6 2 2 0 4 0 1 12.011 0.01275680996 0.1441 2.503 0
6 3 0 0 3 1 1 12.011 0.251644375 0.136 3.509 0
7 2 0 0 3 1 1 14.007 -0.1891130891 -0.3239 2.202 0
6 3 0 0 3 1 1 12.011 0.201998555 0.2713 3.904 0
6 3 0 0 3 1 1 12.011 0.0227345487 0.2713 3.904 0
6 2 1 0 3 1 1 12.011 -0.05106559079 0.1581 3.35 0
6 2 1 0 3 1 1 12.011 -0.0615338632 0.1581 3.35 0
6 2 1 0 3 1 1 12.011 -0.06222158897 0.1581 3.35 0
6 2 1 0 3 1 1 12.011 -0.0615338632 0.1581 3.35 0
6 2 1 0 3 1 1 12.011 -0.05106559079 0.1581 3.35 0
7 2 0 0 3 1 1 14.007 -0.05702676272 -0.3239 2.202 0
8 2 0 0 3 1 1 15.999 -0.3363731276 0.1552 1.08 0
0 1 1 0 0 0
1 2 1 0 0 0
1 3 1 0 0 0
3 4 1 1 0 0
4 5 2 1 0 0
4 6 1 1 0 0
6 7 2 1 1 0
7 8 1 1 0 0
7 9 1 0 1 0
9 10 1 0 1 0
10 11 1 1 1 0
11 12 1.5 1 1 0
12 13 1 1 0 0
12 14 1.5 1 1 0
14 15 1.5 1 1 0
15 16 1.5 1 1 0
16 17 1.5 1 1 0
17 18 1 0 1 0
18 19 1 0 1 0
19 20 1 0 1 0
20 21 1 0 1 0
21 22 1 0 0 0
22 23 1 0 0 0
23 24 1 0 1 0
24 25 1 0 1 0
21 26 1 0 1 0
26 27 1 0 1 0
26 28 1 0 1 0
28 29 1 0 0 0
28 30 1 0 1 0
1 31 1 0 0 0
31 32 1.5 1 1 0
32 33 1.5 1 1 0
33 34 1 1 0 0
34 35 1.5 1 1 0
35 36 1.5 1 1 0
36 37 1.5 1 1 0
37 38 1.5 1 1 0
38 39 1.5 1 1 0
33 40 1.5 1 1 0
40 41 1.5 1 1 0
30 6 1 0 1 0
41 31 1.5 1 1 0
18 9 1 0 1 0
25 23 1 0 1 0
39 34 1.5 1 1 0
17 11 1.5 1 1 0
28 18 1 0 1 0
27 16 1 0 1 0
42 47 1
6 1 3 0 4 0 0 12.011 -0.06129413531 0.1441 2.503 0
6 2 2 0 4 0 0 12.011 -0.03074372954 -0.0516 2.488 0
6 3 0 0 3 1 1 12.011 -0.04827164169 0.136 3.509 0
6 2 1 0 3 1 1 12.011 -0.05871414059 0.1581 3.35 0
6 2 1 0 3 1 1 12.011 -0.0569776647 0.1581 3.35 0
6 3 0 0 3 1 1 12.011 -0.02853206816 0.136 3.509 0
6 2 2 0 4 0 0 12.011 0.04624572676 -0.0516 2.488 0
7 3 0 0 3 0 1 14.007 -0.3309396893 -0.3187 1.839 0
6 3 0 0 3 0 1 12.011 0.1493547348 -0.2783 5.007 0
6 3 1 0 4 0 0 12.011 0.09277587069 -0.2051 2.731 1
6 2 2 0 4 0 0 12.011 0.002054611329 -0.0516 2.488 0
6 3 0 0 3 1 1 12.011 -0.02013440445 0.136 3.509 0
6 2 1 0 3 1 1 12.011 0.004991501001 0.1581 3.35 0
7 2 1 0 3 1 1 14.007 -0.360888482 -0.3239 2.202 0
6 3 0 0 3 1 1 12.011 0.04563013478 0.2955 4.346 0
6 2 1 0 3 1 1 12.011 -0.03800301929 0.1581 3.35 0
6 2 1 0 3 1 1 12.011 -0.06015891165 0.1581 3.35 0
6 2 1 0 3 1 1 12.011 -0.0615092307 0.1581 3.35 0
6 2 1 0 3 1 1 12.011 -0.05256237781 0.1581 3.35 0
6 3 0 0 3 1 1 12.011 0.00265145987 0.2955 4.346 0
7 2 1 0 3 0 0 14.007 -0.3443413444 -0.7096 2.173 0
6 3 0 0 3 0 0 12.011 0.2385561057 -0.2783 5.007 0
8 1 0 0 3 0 0 15.999 -0.2732290373 -0.1526 0 0
6 3 1 0 4 0 1 12.011 0.09928849244 -0.2051 2.731 0
6 2 2 0 4 0 1 12.011 0.01968101608 -0.2035 2.753 0
7 2 1 0 4 0 1 14.007 -0.3133847922 -0.7096 2.173 0
6 2 2 0 4 0 1 12.011 0.007776018368 -0.2035 2.753 0
6 2 2 0 4 0 1 12.011 0.008459196224 -0.2035 2.753 0
7 2 1 0 4 0 1 14.007 -0.3035390546 -0.7096 2.173 0
7 2 0 0 3 0 1 14.007 -0.162800045 0.1836 2.428 0
7 2 1 0 3 0 1 14.007 -0.285954356 -0.7096 2.173 0
6 3 1 0 4 0 1 12.011 0.1168445177 -0.2051 2.731 0
6 2 2 0 4 0 0 12.011 -0.008468987505 0.1441 2.503 0
6 2 2 0 4 0 0 12.011 -0.02408316575 -0.0516 2.488 0
6 3 0 0 3 1 1 12.011 -0.0478688766 0.136 3.509 0
6 2 1 0 3 1 1 12.011 -0.05904261792 0.1581 3.35 0
6 2 1 0 3 1 1 12.011 -0.06199426825 0.1581 3.35 0
6 2 1 0 3 1 1 12.011 -0.06224873877 0.1581 3.35 0
6 2 1 0 3 1 1 12.011 -0.06199426825 0.1581 3.35 0
6 2 1 0 3 1 1 12.011 -0.05904261792 0.1581 3.35 0
6 2 1 0 3 1 1 12.011 -0.0569776647 0.1581 3.35 0
6 2 1 0 3 1 1 12.011 -0.05871414059 0.1581 3.35 0
0 1 1 0 0 0
1 2 1 0 0 0
2 3 1.5 1 1 0
3 4 1.5 1 1 0
4 5 1.5 1 1 0
5 6 1 0 0 0
6 7 1 0 0 0
7 8 1 1 1 0
8 9 1 0 0 0
9 10 1 0 0 0
10 11 1 0 0 0
11 12 1.5 1 1 0
12 13 1.5 1 1 0
13 14 1.5 1 1 0
14 15 1.5 1 1 0
15 16 1.5 1 1 0
16 17 1.5 1 1 0
17 18 1.5 1 1 0
18 19 1.5 1 1 0
9 20 1 0 0 0
20 21 1 1 0 0
21 22 2 1 0 0
21 23 1 0 0 0
23 24 1 0 1 0
24 25 1 0 1 0
25 26 1 0 1 0
26 27 1 0 1 0
27 28 1 0 1 0
8 29 2 1 1 0
29 30 1 1 1 0
30 31 1 0 1 0
31 32 1 0 0 0
32 33 1 0 0 0
33 34 1 0 0 0
34 35 1.5 1 1 0
35 36 1.5 1 1 0
36 37 1.5 1 1 0
37 38 1.5 1 1 0
38 39 1.5 1 1 0
5 40 1.5 1 1 0
40 41 1.5 1 1 0
41 2 1.5 1 1 0
31 7 1 0 1 0
39 34 1.5 1 1 0
19 11 1.5 1 1 0
28 23 1 0 1 0
19 14 1.5 1 1 0
27 30 1
8 1 1 0 4 0 0 15.999 -0.3850687767 -0.2893 0.8238 0
6 4 0 0 4 0 1 12.011 0.09204932792 -0.0967 2.576 0
6 3 0 0 3 1 1 12.011 -0.01635099912 0.136 3.509 0
6 2 1 0 3 1 1 12.011 -0.05467576097 0.1581 3.35 0
6 2 1 0 3 1 1 12.011 -0.0431467188 0.1581 3.35 0
6 3 0 0 3 1 1 12.011 0.04057195139 0.245 3.564 0
17 1 0 0 4 0 0 35.453 -0.08434410337 0.6895 5.853 0
6 2 1 0 3 1 1 12.011 -0.0431467188 0.1581 3.35 0
6 2 1 0 3 1 1 12.011 -0.05467576097 0.1581 3.35 0
6 2 2 0 4 0 1 12.011 -0.006971797442 0.1441 2.503 0
6 2 2 0 4 0 1 12.011 0.002145987925 -0.2035 2.753 0
7 3 0 0 4 0 1 14.007 -0.292123919 -0.3187 1.839 0
6 3 1 0 4 0 0 12.011 0.06013437791 0.1193 2.582 0
6 3 0 0 3 1 1 12.011 -0.02632645175 0.136 3.509 0
6 2 1 0 3 1 1 12.011 -0.05710948679 0.1581 3.35 0
6 2 1 0 3 1 1 12.011 -0.06192278805 0.1581 3.35 0
6 2 1 0 3 1 1 12.011 -0.06224636572 0.1581 3.35 0
6 2 1 0 3 1 1 12.011 -0.06192278805 0.1581 3.35 0
6 2 1 0 3 1 1 12.011 -0.05710948679 0.1581 3.35 0
6 3 0 0 3 1 1 12.011 -0.02632645175 0.136 3.509 0
6 2 1 0 3 1 1 12.011 -0.05710948679 0.1581 3.35 0
6 2 1 0 3 1 1 12.011 -0.06192278805 0.1581 3.35 0
6 2 1 0 3 1 1 12.011 -0.06224636572 0.1581 3.35 0
6 2 1 0 3 1 1 12.011 -0.06192278805 0.1581 3.35 0
6 2 1 0 3 1 1 12.011 -0.05710948679 0.1581 3.35 0
6 2 2 0 4 0 1 12.011 0.002145987925 -0.2035 2.753 0
6 2 2 0 4 0 1 12.011 -0.006971797442 0.1441 2.503 0
0 1 1 0 0 0
1 2 1 0 0 0
2 3 1.5 1 1 0
3 4 1.5 1 1 0
4 5 1.5 1 1 0
5 6 1 0 0 0
5 7 1.5 1 1 0
7 8 1.5 1 1 0
1 9 1 0 1 0
9 10 1 0 1 0
10 11 1 0 1 0
11 12 1 0 0 0
12 13 1 0 0 0
13 14 1.5 1 1 0
14 15 1.5 1 1 0
15 16 1.5 1 1 0
16 17 1.5 1 1 0
17 18 1.5 1 1 0
12 19 1 0 0 0
19 20 1.5 1 1 0
20 21 1.5 1 1 0
21 22 1.5 1 1 0
22 23 1.5 1 1 0
23 24 1.5 1 1 0
11 25 1 0 1 0
25 26 1 0 1 0
26 1 1 0 1 0
8 2 1.5 1 1 0
18 13 1.5 1 1 0
24 19 1.5 1 1 0
24 26 1
6 1 3 0 4 0 0 12.011 -0.05443455041 0.1441 2.503 0
6 4 0 0 4 0 0 12.011 0.007722673354 -0.0967 2.576 0
6 1 3 0 4 0 0 12.011 -0.05443455041 0.1441 2.503 0
6 1 3 0 4 0 0 12.011 -0.05443455041 0.1441 2.503 0
6 3 0 0 3 1 1 12.011 0.09114039533 0.136 3.509 0
6 2 1 0 3 1 1 12.011 0.02688612166 0.1581 3.35 0
6 3 0 0 3 1 1 12.011 0.2310261078 0.4619 4.067 0
7 2 1 0 3 0 0 14.007 -0.2929423365 -0.5188 3 0
6 3 0 0 3 0 0 12.011 0.243723768 -0.2783 5.007 0
8 1 0 0 3 0 0 15.999 -0.27281151 -0.1526 0 0
6 3 1 0 4 0 1 12.011 0.0924157346 -0.2051 2.731 -1
6 2 2 0 4 0 1 12.011 -0.0009545290653 0.1441 2.503 0
6 3 1 0 4 0 1 12.011 0.06871041133 -0.2051 2.731 1
8 1 1 0 4 0 0 15.999 -0.3917167209 -0.2893 0.8238 0
6 2 2 0 4 0 1 12.011 0.02543272327 -0.2035 2.753 0
7 3 0 0 4 0 1 14.007 -0.2862972412 -0.3187 1.839 0
6 3 1 0 4 0 1 12.011 0.01042928794 -0.2051 2.731 0
6 2 2 0 4 0 1 12.011 -0.03751362037 0.1441 2.503 0
6 2 2 0 4 0 1 12.011 -0.05181539919 0.1441 2.503 0
6 2 2 0 4 0 1 12.011 -0.05319049317 0.1441 2.503 0
6 2 2 0 4 0 1 12.011 -0.05181539919 0.1441 2.503 0
6 2 2 0 4 0 1 12.011 -0.03751362037 0.1441 2.503 0
8 2 0 0 3 1 1 15.999 -0.338165717 0.1552 1.08 0
7 2 0 0 3 1 1 14.007 -0.08180717567 -0.3239 2.202 0
0 1 1 0 0 0
1 2 1 0 0 0
1 3 1 0 0 0
1 4 1 0 0 0
4 5 1.5 1 1 0
5 6 1.5 1 1 0
6 7 1 1 0 0
7 8 1 1 0 0
8 9 2 1 0 0
8 10 1 0 0 0
10 11 1 0 1 0
11 12 1 0 1 0
12 13 1 0 0 0
12 14 1 0 1 0
14 15 1 0 1 0
15 16 1 0 0 0
16 17 1 0 1 0
17 18 1 0 1 0
18 19 1 0 1 0
19 20 1 0 1 0
20 21 1 0 1 0
6 22 1.5 1 1 0
22 23 1.5 1 1 0
23 4 1.5 1 1 0
15 10 1 0 1 0
21 16 1 0 1 0
47 51 1
6 1 3 0 4 0 0 12.011 0.006101157486 -0.2035 2.753 0
7 2 1 0 3 0 0 14.007 -0.3571289739 -0.7096 2.173 0
6 3 0 0 3 0 0 12.011 0.2453957219 -0.2783 5.007 0
8 1 0 0 3 0 0 15.999 -0.2723841487 -0.1526 0 0
6 4 0 0 4 0 1 12.011 0.1254904291 -0.2051 2.731 0
6 2 2 0 4 0 1 12.011 -0.007566914419 0.1441 2.503 0
6 2 2 0 4 0 1 12.011 0.0008920609882 -0.2035 2.753 0
7 3 0 0 4 0 1 14.007 -0.3031027905 -0.3187 1.839 0
6 2 2 0 4 0 0 12.011 -0.001220232289 -0.2035 2.753 0
6 2 2 0 4 0 0 12.011 -0.03178714248 0.1441 2.503 0
6 3 1 0 4 0 0 12.011 0.002793434038 0.1193 2.582 -1
6 2 2 0 4 0 0 12.011 0.02739551061 -0.2035 2.753 0
7 3 0 0 3 0 0 14.007 -0.3409563608 -0.3187 1.839 0
6 1 3 0 4 0 0 12.011 0.009501306438 -0.2035 2.753 0
6 3 0 0 3 0 0 12.011 0.2575655416 -0.2783 5.007 0
8 1 0 0 3 0 0 15.999 -0.2689166394 0.1129 0.2215 0
6 3 0 0 3 1 1 12.011 0.09071315743 0.136 3.509 0
6 3 0 0 3 1 1 12.011 0.1495319622 0.5437 3.853 0
8 2 0 0 3 0 0 15.999 -0.4945026866 -0.4195 1.182 0
6 1 3 0 4 0 0 12.011 0.077615988 -0.2035 2.753 0
6 3 0 0 3 1 1 12.011 0.09543179987 0.136 3.509 0
6 2 1 0 3 1 1 12.011 -0.0326654172 0.1581 3.35 0
6 3 0 0 3 1 1 12.011 -0.016004625 0.2955 4.346 0
6 2 1 0 3 1 1 12.011 -0.05430759804 0.1581 3.35 0
6 2 1 0 3 1 1 12.011 -0.06162816566 0.1581 3.35 0
6 2 1 0 3 1 1 12.011 -0.06160246607 0.1581 3.35 0
6 2 1 0 3 1 1 12.011 -0.05343547724 0.1581 3.35 0
6 3 0 0 3 1 1 12.011 -0.001743853784 0.2955 4.346 0
6 2 0 0 2 0 0 12.011 0.1030861036 0.0017 3.888 0
7 1 0 0 2 0 0 14.007 -0.1922911415 0.01508 1.725 0
6 3 0 0 3 1 1 12.011 -0.04151422887 0.136 3.509 0
6 2 1 0 3 1 1 12.011 -0.05710703227 0.1581 3.35 0
6 2 1 0 3 1 1 12.011 -0.04171765195 0.1581 3.35 0
6 3 0 0 3 1 1 12.011 0.05920097584 0.245 3.564 0
17 1 0 0 4 0 0 35.453 -0.08271284037 0.6895 5.853 0
6 3 0 0 3 1 1 12.011 0.05946630375 0.245 3.564 0
17 1 0 0 4 0 0 35.453 -0.08270233925 0.6895 5.853 0
6 2 1 0 3 1 1 12.011 -0.03843243624 0.1581 3.35 0
6 2 2 0 4 0 1 12.011 0.0008920609882 -0.2035 2.753 0
6 2 2 0 4 0 1 12.011 -0.007566914419 0.1441 2.503 0
7 3 0 0 3 0 1 14.007 -0.3099309057 -0.3187 1.839 0
6 2 2 0 4 0 1 12.011 0.02504033441 -0.2035 2.753 0
6 2 2 0 4 0 1 12.011 -0.01769899337 0.1441 2.503 0
6 2 2 0 4 0 1 12.011 0.02081103541 -0.2035 2.753 0
7 2 1 0 3 0 1 14.007 -0.3378949151 -0.7096 2.173 0
6 3 0 0 3 0 1 12.011 0.3178034858 -0.2783 5.007 0
8 1 0 0 3 0 0 15.999 -0.2486377901 0.4833 0.389 0
0 1 1 0 0 0
1 2 1 1 0 0
2 3 2 1 0 0
2 4 1 0 0 0
4 5 1 0 1 0
5 6 1 0 1 0
6 7 1 0 1 0
7 8 1 0 0 0
8 9 1 0 0 0
9 10 1 0 0 0
10 11 1 0 0 0
11 12 1 0 0 0
12 13 1 0 0 0
12 14 1 1 0 0
14 15 2 1 0 0
14 16 1 1 0 0
16 17 1.5 1 1 0
17 18 1 1 0 0
18 19 1 0 0 0
17 20 1.5 1 1 0
20 21 1.5 1 1 0
21 22 1.5 1 1 0
22 23 1.5 1 1 0
23 24 1.5 1 1 0
24 25 1.5 1 1 0
25 26 1.5 1 1 0
26 27 1.5 1 1 0
20 28 1 1 0 0
28 29 3 1 0 0
10 30 1 0 0 0
30 31 1.5 1 1 0
31 32 1.5 1 1 0
32 33 1.5 1 1 0
33 34 1 0 0 0
33 35 1.5 1 1 0
35 36 1 0 0 0
35 37 1.5 1 1 0
7 38 1 0 1 0
38 39 1 0 1 0
4 40 1 0 0 0
40 41 1 0 1 0
41 42 1 0 1 0
42 43 1 0 1 0
43 44 1 0 1 0
44 45 1 1 1 0
45 46 2 1 0 0
39 4 1 0 1 0
27 16 1.5 1 1 0
27 22 1.5 1 1 0
37 30 1.5 1 1 0
45 40 1 1 1 0
39 43 1
6 1 3 0 4 0 0 12.011 0.07750652339 -0.2035 2.753 0
8 2 0 0 3 0 0 15.999 -0.4967682127 -0.4195 1.182 0
6 3 0 0 3 1 1 12.011 0.1183784893 0.5437 3.853 0
6 2 1 0 3 1 1 12.011 -0.01968805472 0.1581 3.35 0
6 2 1 0 3 1 1 12.011 -0.05469044937 0.1581 3.35 0
6 3 0 0 3 1 1 12.011 -0.03894655184 0.136 3.509 0
6 3 1 0 4 0 1 12.011 0.02200950581 0.1193 2.582 0
6 2 2 0 4 0 1 12.011 0.009174779103 -0.2035 2.753 0
7 3 0 0 4 0 1 14.007 -0.301159913 -0.3187 1.839 0
6 1 3 0 4 0 0 12.011 -0.01299632882 -0.2035 2.753 0
6 2 2 0 4 0 1 12.011 0.02349111752 -0.0516 2.488 0
6 3 0 0 3 1 1 12.011 -0.02638939891 0.136 3.509 0
6 2 1 0 3 1 1 12.011 -0.0151508119 0.1581 3.35 0
6 3 0 0 3 1 1 12.011 0.1191320268 0.5437 3.853 0
8 2 0 0 3 0 0 15.999 -0.4935386012 -0.4195 1.182 0
6 2 2 0 4 0 0 12.011 0.08941048011 -0.2035 2.753 0
6 2 2 0 4 0 0 12.011 -0.005909606195 0.1441 2.503 0
6 2 2 0 4 0 0 12.011 0.001519280638 -0.2035 2.753 0
7 3 0 0 4 0 1 14.007 -0.299695681 -0.3187 1.839 0
6 2 2 0 4 0 1 12.011 0.0158564894 -0.2035 2.753 0
6 2 2 0 4 0 1 12.011 0.03058853973 -0.2035 2.753 0
7 3 0 0 3 0 1 14.007 -0.3689659991 -0.4458 2.819 0
6 3 0 0 3 1 1 12.011 0.03668850789 0.4619 4.067 0
6 2 1 0 3 1 1 12.011 -0.03815445644 0.1581 3.35 0
6 2 1 0 3 1 1 12.011 -0.04796160454 0.1581 3.35 0
6 3 0 0 3 1 1 12.011 0.05564064373 0.136 3.509 0
6 4 0 0 4 0 0 12.011 0.4159120631 -0.0967 2.576 0
9 1 0 0 4 0 0 18.998 -0.1661375255 0.4202 1.108 0
9 1 0 0 4 0 0 18.998 -0.1661375255 0.4202 1.108 0
9 1 0 0 4 0 0 18.998 -0.1661375255 0.4202 1.108 0
6 2 1 0 3 1 1 12.011 -0.04796160454 0.1581 3.35 0
6 2 1 0 3 1 1 12.011 -0.03815445644 0.1581 3.35 0
6 2 2 0 4 0 1 12.011 0.03058853973 -0.2035 2.753 0
6 2 2 0 4 0 1 12.011 0.0158564894 -0.2035 2.753 0
6 2 1 0 3 1 1 12.011 -0.01964860019 0.1581 3.35 0
6 2 1 0 3 1 1 12.011 -0.05436542417 0.1581 3.35 0
6 3 0 0 3 1 1 12.011 -0.03444629138 0.136 3.509 0
6 2 1 0 3 1 1 12.011 -0.05469044937 0.1581 3.35 0
6 2 1 0 3 1 1 12.011 -0.01968805472 0.1581 3.35 0
0 1 1 0 0 0
1 2 1 1 0 0
2 3 1.5 1 1 0
3 4 1.5 1 1 0
4 5 1.5 1 1 0
5 6 1 0 0 0
6 7 1 0 1 0
7 8 1 0 1 0
8 9 1 0 0 0
8 10 1 0 1 0
10 11 1 0 1 0
11 12 1.5 1 1 0
12 13 1.5 1 1 0
13 14 1 1 0 0
14 15 1 0 0 0
15 16 1 0 0 0
16 17 1 0 0 0
17 18 1 0 0 0
18 19 1 0 1 0
19 20 1 0 1 0
20 21 1 0 1 0
21 22 1 1 0 0
22 23 1.5 1 1 0
23 24 1.5 1 1 0
24 25 1.5 1 1 0
25 26 1 0 0 0
26 27 1 0 0 0
26 28 1 0 0 0
26 29 1 0 0 0
25 30 1.5 1 1 0
30 31 1.5 1 1 0
21 32 1 0 1 0
32 33 1 0 1 0
13 34 1.5 1 1 0
34 35 1.5 1 1 0
35 36 1.5 1 1 0
5 37 1.5 1 1 0
37 38 1.5 1 1 0
38 2 1.5 1 1 0
36 6 1 0 1 0
36 11 1.5 1 1 0
33 18 1 0 1 0
31 22 1.5 1 1 0
31 35 1
8 1 0 0 3 0 0 15.999 -0.2671942646 0.1129 0.2215 0
6 3 0 0 3 0 0 12.011 0.2741635705 -0.2783 5.007 0
6 3 0 0 3 1 1 12.011 0.1538481028 0.136 3.509 0
7 2 0 0 3 1 1 14.007 -0.162115197 -0.3239 2.202 0
7 3 0 0 3 1 1 14.007 -0.2367405499 -0.3239 2.202 0
6 3 0 0 3 1 1 12.011 0.06486811311 0.2713 3.904 0
6 2 1 0 3 1 1 12.011 -0.03636159482 0.1581 3.35 0
6 2 1 0 3 1 1 12.011 -0.06012121931 0.1581 3.35 0
6 2 1 0 3 1 1 12.011 -0.06211476902 0.1581 3.35 0
6 2 1 0 3 1 1 12.011 -0.06012121931 0.1581 3.35 0
6 2 1 0 3 1 1 12.011 -0.03636159482 0.1581 3.35 0
6 3 0 0 3 1 1 12.011 0.04838932662 0.136 3.509 0
6 3 0 0 3 1 1 12.011 0.008391120294 0.136 3.509 0
6 2 2 0 4 0 1 12.011 -0.008136651676 -0.0516 2.488 0
6 3 1 0 4 0 1 12.011 0.01158656879 -0.2051 2.731 0
7 2 1 0 4 0 0 14.007 -0.3095804401 -0.7096 2.173 0
6 2 2 0 4 0 0 12.011 0.0207722686 -0.0516 2.488 0
6 3 0 0 3 1 1 12.011 -0.03415458853 0.136 3.509 0
6 2 1 0 3 1 1 12.011 -0.05774873809 0.1581 3.35 0
6 2 1 0 3 1 1 12.011 -0.06194552539 0.1581 3.35 0
6 2 1 0 3 1 1 12.011 -0.06224710778 0.1581 3.35 0
6 2 1 0 3 1 1 12.011 -0.06194552539 0.1581 3.35 0
6 2 1 0 3 1 1 12.011 -0.05774873809 0.1581 3.35 0
6 2 2 0 4 0 1 12.011 -0.03184209695 0.1441 2.503 0
6 2 2 0 4 0 1 12.011 -0.008474549192 -0.0516 2.488 0
7 3 0 0 3 0 1 14.007 -0.337247784 -0.3187 1.839 0
6 2 2 0 4 0 1 12.011 0.02084151093 -0.2035 2.753 0
6 2 2 0 4 0 1 12.011 -0.03536445955 0.1441 2.503 0
6 2 2 0 4 0 1 12.011 -0.04993718892 0.1441 2.503 0
6 2 2 0 4 0 1 12.011 -0.03536445955 0.1441 2.503 0
6 2 2 0 4 0 1 12.011 0.02084151093 -0.2035 2.753 0
0 1 2 1 0 0
1 2 1 1 0 0
2 3 1.5 1 1 0
3 4 1.5 1 1 0
4 5 1 1 0 0
5 6 1.5 1 1 0
6 7 1.5 1 1 0
7 8 1.5 1 1 0
8 9 1.5 1 1 0
9 10 1.5 1 1 0
4 11 1.5 1 1 0
11 12 1.5 1 1 0
12 13 1 0 1 0
13 14 1 0 1 0
14 15 1 0 0 0
15 16 1 0 0 0
16 17 1 0 0 0
17 18 1.5 1 1 0
18 19 1.5 1 1 0
19 20 1.5 1 1 0
20 21 1.5 1 1 0
21 22 1.5 1 1 0
14 23 1 0 1 0
23 24 1 0 1 0
1 25 1 1 0 0
25 26 1 0 1 0
26 27 1 0 1 0
27 28 1 0 1 0
28 29 1 0 1 0
29 30 1 0 1 0
12 2 1.5 1 1 0
22 17 1.5 1 1 0
30 25 1 0 1 0
10 5 1.5 1 1 0
24 11 1 0 1 0
18 20 1
6 1 3 0 4 0 0 12.011 -0.06534813007 0.1441 2.503 0
6 2 2 0 4 0 0 12.011 -0.05517916956 0.1441 2.503 0
6 2 2 0 4 0 0 12.011 -0.03996073047 0.1441 2.503 0
6 4 0 0 4 0 1 12.011 0.03852491917 -0.0967 2.576 -1
6 2 2 0 4 0 1 12.011 -0.02688405408 0.1441 2.503 0
6 2 2 0 4 0 1 12.011 -0.001028650773 -0.2035 2.753 0
7 3 0 0 4 0 1 14.007 -0.3026223707 -0.3187 1.839 0
6 1 3 0 4 0 0 12.011 -0.01323219439 -0.2035 2.753 0
6 2 2 0 4 0 1 12.011 0.0359224988 -0.2035 2.753 0
6 3 1 0 4 0 1 12.011 0.1211106431 -0.2051 2.731 1
8 2 0 0 3 0 1 15.999 -0.4878437426 -0.4195 1.182 0
6 3 0 0 3 1 1 12.011 0.1235112395 0.5437 3.853 0
6 2 1 0 3 1 1 12.011 -0.01596173478 0.1581 3.35 0
6 2 1 0 3 1 1 12.011 -0.0165270453 0.1581 3.35 0
6 3 0 0 3 1 1 12.011 0.1156462978 0.5437 3.853 0
8 1 1 0 3 0 0 15.999 -0.5079512104 -0.2893 0.8238 0
6 2 1 0 3 1 1 12.011 -0.01260565468 0.1581 3.35 0
6 3 0 0 3 1 1 12.011 0.007778513269 0.136 3.509 0
0 1 1 0 0 0
1 2 1 0 0 0
2 3 1 0 0 0
3 4 1 0 1 0
4 5 1 0 1 0
5 6 1 0 1 0
6 7 1 0 0 0
6 8 1 0 1 0
8 9 1 0 1 0
9 10 1 0 1 0
10 11 1 1 1 0
11 12 1.5 1 1 0
12 13 1.5 1 1 0
13 14 1.5 1 1 0
14 15 1 1 0 0
14 16 1.5 1 1 0
16 17 1.5 1 1 0
9 3 1 0 1 0
17 11 1.5 1 1 0
17 3 1 0 1 0
28 32 1
6 1 3 0 4 0 0 12.011 -0.02111672598 0.08452 2.464 0
6 3 0 0 3 1 1 12.011 0.05178537366 0.136 3.509 0
6 2 1 0 3 1 1 12.011 -0.01879333667 0.1581 3.35 0
6 3 0 0 3 1 1 12.011 0.07371786703 0.2713 3.904 0
6 3 0 0 3 1 1 12.011 0.08394427688 0.2713 3.904 0
6 2 1 0 3 1 1 12.011 -0.008232300344 0.1581 3.35 0
6 3 0 0 3 1 1 12.011 0.07960407809 0.2955 4.346 0
6 3 0 0 3 1 1 12.011 0.03879254379 0.2955 4.346 0
6 2 1 0 3 1 1 12.011 0.03857483958 0.1581 3.35 0
7 2 0 0 3 1 1 14.007 -0.2544997397 -0.3239 2.202 0
6 2 1 0 3 1 1 12.011 0.05888806578 0.1581 3.35 0
7 2 0 0 3 1 1 14.007 -0.17379339 -0.3239 2.202 0
7 3 0 0 3 1 1 14.007 -0.2145621584 -0.3239 2.202 0
6 3 0 0 3 1 1 12.011 0.1559423349 0.2713 3.904 0
6 2 1 0 3 1 1 12.011 -0.01703889386 0.1581 3.35 0
6 2 1 0 3 1 1 12.011 -0.05484090915 0.1581 3.35 0
6 2 1 0 3 1 1 12.011 -0.01922939661 0.1581 3.35 0
6 3 0 0 3 1 1 12.011 0.1306005001 0.4619 4.067 0
7 3 0 0 3 0 1 14.007 -0.3552247078 -0.4458 2.819 0
6 2 2 0 4 0 1 12.011 0.02044402486 -0.2035 2.753 0
6 2 2 0 4 0 1 12.011 -0.0228804878 0.1441 2.503 0
6 2 2 0 4 0 1 12.011 -0.00313172652 -0.2035 2.753 0
7 2 1 0 4 0 1 14.007 -0.3149052215 -0.7096 2.173 0
6 2 2 0 4 0 1 12.011 0.01282120036 -0.2035 2.753 0
6 2 2 0 4 0 1 12.011 0.03170379962 -0.2035 2.753 0
7 2 0 0 3 1 1 14.007 -0.2117305864 -0.3239 2.202 0
16 2 0 0 3 1 1 32.067 -0.03450765565 0.6237 6.691 0
7 2 0 0 3 1 1 14.007 -0.1973556666 -0.3239 2.202 0
0 1 1 0 0 0
1 2 1.5 1 1 0
2 3 1.5 1 1 0
3 4 1 1 0 0
4 5 1.5 1 1 0
5 6 1.5 1 1 0
6 7 1.5 1 1 0
7 8 1.5 1 1 0
8 9 1.5 1 1 0
7 10 1.5 1 1 0
10 11 1.5 1 1 0
11 12 1.5 1 1 0
12 13 1 1 0 0
13 14 1.5 1 1 0
14 15 1.5 1 1 0
15 16 1.5 1 1 0
16 17 1.5 1 1 0
17 18 1 1 0 0
18 19 1 0 1 0
19 20 1 0 1 0
20 21 1 0 1 0
21 22 1 0 1 0
22 23 1 0 1 0
23 24 1 0 1 0
17 25 1.5 1 1 0
3 26 1.5 1 1 0
26 27 1.5 1 1 0
27 1 1.5 1 1 0
9 4 1.5 1 1 0
25 13 1.5 1 1 0
12 6 1.5 1 1 0
24 18 1 0 1 0
21 24 1
6 1 3 0 4 0 0 12.011 -0.05596222259 0.1441 2.503 0
6 3 1 0 4 0 1 12.011 0.01816651348 0 2.433 1
6 3 1 0 4 0 1 12.011 0.09631575859 -0.2051 2.731 1
6 2 2 0 4 0 1 12.011 0.02526581523 -0.0516 2.488 0
6 3 0 0 3 1 1 12.011 -0.03805067248 0.136 3.509 0
6 2 1 0 3 1 1 12.011 -0.05483701351 0.1581 3.35 0
6 2 1 0 3 1 1 12.011 -0.0199300359 0.1581 3.35 0
6 3 0 0 3 1 1 12.011 0.1153916874 0.5437 3.853 0
8 1 1 0 3 0 0 15.999 -0.507955658 -0.2893 0.8238 0
6 2 1 0 3 1 1 12.011 -0.01616140449 0.1581 3.35 0
6 3 0 0 3 1 1 12.011 -0.03424383555 0.136 3.509 0
6 4 0 0 4 0 1 12.011 0.006427196575 -0.0967 2.576 -1
6 1 3 0 4 0 0 12.011 -0.05481892076 0.1441 2.503 0
6 2 2 0 4 0 1 12.011 0.006517017715 0.1441 2.503 0
6 2 2 0 4 0 1 12.011 0.07950633798 -0.2035 2.753 0
7 4 0 1 4 0 1 14.007 -0.3228344564 -0.3396 0.2604 0
6 1 3 0 4 0 0 12.011 0.06831497929 -0.2035 2.753 0
6 2 2 0 4 0 0 12.011 0.08148925312 -0.2035 2.753 0
6 3 1 0 4 0 1 12.011 0.008174078786 0 2.433 0
6 2 2 0 4 0 1 12.011 -0.04459805825 0.1441 2.503 0
6 2 2 0 4 0 1 12.011 -0.04459805825 0.1441 2.503 0
0 1 1 0 0 0
1 2 1 0 1 0
2 3 1 0 1 0
3 4 1 0 1 0
4 5 1.5 1 1 0
5 6 1.5 1 1 0
6 7 1.5 1 1 0
7 8 1 1 0 0
7 9 1.5 1 1 0
9 10 1.5 1 1 0
10 11 1 0 1 0
11 12 1 0 0 0
11 13 1 0 1 0
13 14 1 0 1 0
14 15 1 0 1 0
15 16 1 0 0 0
15 17 1 0 0 0
17 18 1 0 0 0
18 19 1 0 1 0
19 20 1 0 1 0
11 1 1 0 1 0
20 18 1 0 1 0
15 2 1 0 1 0
10 4 1.5 1 1 0
29 32 1
8 1 0 0 3 0 0 15.999 -0.2071023878 -0.3339 0.7774 0
16 4 0 0 4 0 0 32.067 0.2401580554 -0.0024 7.365 0
8 1 0 0 3 0 0 15.999 -0.2071023878 -0.3339 0.7774 0
7 2 1 0 4 0 0 14.007 -0.2098667588 -0.7096 2.173 0
6 2 2 0 4 0 0 12.011 0.0235213561 -0.2035 2.753 0
6 2 2 0 4 0 0 12.011 0.01214195772 -0.2035 2.753 0
7 3 0 0 4 0 1 14.007 -0.2980351868 -0.3187 1.839 0
6 2 2 0 4 0 1 12.011 0.01693195063 -0.2035 2.753 0
6 2 1 0 3 0 1 12.011 -0.06656119651 0.1551 3.513 0
6 3 0 0 3 0 1 12.011 -0.04006640826 0.264 4.305 0
6 3 0 0 3 1 1 12.011 0.00278033034 0.136 3.509 0
6 2 1 0 3 1 1 12.011 0.009234654815 0.1581 3.35 0
7 2 1 0 3 1 1 14.007 -0.3605537263 -0.3239 2.202 0
6 3 0 0 3 1 1 12.011 0.0460830208 0.2955 4.346 0
6 2 1 0 3 1 1 12.011 -0.03651055608 0.1581 3.35 0
6 2 1 0 3 1 1 12.011 -0.04141861524 0.1581 3.35 0
6 3 0 0 3 1 1 12.011 0.04132031939 0.245 3.564 0
17 1 0 0 4 0 0 35.453 -0.0843187305 0.6895 5.853 0
6 2 1 0 3 1 1 12.011 -0.03349451762 0.1581 3.35 0
6 3 0 0 3 1 1 12.011 0.008362082611 0.2955 4.346 0
6 2 2 0 4 0 1 12.011 -0.01461940665 0.1441 2.503 0
6 2 2 0 4 0 1 12.011 0.002580342128 -0.2035 2.753 0
6 3 0 0 3 1 1 12.011 0.08346133801 0.1893 2.673 0
6 2 1 0 3 1 1 12.011 -0.04202319814 0.1581 3.35 0
6 2 1 0 3 1 1 12.011 -0.0594392684 0.1581 3.35 0
6 2 1 0 3 1 1 12.011 -0.04344016072 0.1581 3.35 0
6 3 0 0 3 1 1 12.011 0.04189810552 0.245 3.564 0
17 1 0 0 4 0 0 35.453 -0.08429805986 0.6895 5.853 0
6 2 1 0 3 1 1 12.011 -0.02340543215 0.1581 3.35 0
0 1 2 0 0 0
1 2 2 0 0 0
1 3 1 0 0 0
3 4 1 0 0 0
4 5 1 0 0 0
5 6 1 0 0 0
6 7 1 0 1 0
7 8 1 0 1 0
8 9 2 1 1 0
9 10 1 1 0 0
10 11 1.5 1 1 0
11 12 1.5 1 1 0
12 13 1.5 1 1 0
13 14 1.5 1 1 0
14 15 1.5 1 1 0
15 16 1.5 1 1 0
16 17 1 0 0 0
16 18 1.5 1 1 0
18 19 1.5 1 1 0
9 20 1 0 1 0
20 21 1 0 1 0
1 22 1 0 0 0
22 23 1.5 1 1 0
23 24 1.5 1 1 0
24 25 1.5 1 1 0
25 26 1.5 1 1 0
26 27 1 0 0 0
26 28 1.5 1 1 0
21 6 1 0 1 0
28 22 1.5 1 1 0
19 10 1.5 1 1 0
19 13 1.5 1 1 0
27 31 1
8 2 0 0 3 0 1 15.999 -0.4620710957 -0.0684 1.085 0
6 2 2 0 4 0 1 12.011 0.1254900064 -0.2035 2.753 0
6 4 0 0 4 0 1 12.011 0.157309085 -0.0967 2.576 0
7 2 0 0 3 0 1 14.007 -0.2152133337 0.1836 2.428 0
6 3 0 0 3 0 1 12.011 0.2828948364 -0.2783 5.007 0
7 1 2 0 3 0 0 14.007 -0.3535853831 -1.019 2.262 0
6 3 0 0 3 1 1 12.011 0.03118271947 0.136 3.509 0
6 2 1 0 3 1 1 12.011 -0.04447626545 0.1581 3.35 0
6 3 0 0 3 1 1 12.011 -0.01764216521 0.2713 3.904 0
6 2 1 0 3 1 1 12.011 -0.0506512379 0.1581 3.35 0
6 2 1 0 3 1 1 12.011 -0.01829161974 0.1581 3.35 0
6 3 0 0 3 1 1 12.011 0.1331211109 0.5437 3.853 0
8 2 0 0 3 0 1 15.999 -0.4565723099 -0.4195 1.182 0
6 3 0 0 3 1 1 12.011 0.1333505786 0.5437 3.853 0
6 3 0 0 3 1 1 12.011 0.03423997818 0.136 3.509 0
6 2 1 0 3 1 1 12.011 -0.01009174817 0.1581 3.35 0
6 3 0 0 3 1 1 12.011 0.1190126543 0.5437 3.853 0
8 2 0 0 3 0 0 15.999 -0.496751329 -0.4195 1.182 0
6 1 3 0 4 0 0 12.011 0.07750685685 -0.2035 2.753 0
6 2 1 0 3 1 1 12.011 -0.01625710994 0.1581 3.35 0
6 2 1 0 3 1 1 12.011 -0.01522907944 0.1581 3.35 0
6 3 0 0 3 1 1 12.011 -0.01532936375 0.2713 3.904 0
6 2 1 0 3 1 1 12.011 -0.03594126551 0.1581 3.35 0
6 2 1 0 3 1 1 12.011 0.02734745504 0.1581 3.35 0
7 2 0 0 3 1 1 14.007 -0.2646919165 -0.3239 2.202 0
6 2 1 0 3 1 1 12.011 0.02734745504 0.1581 3.35 0
6 2 1 0 3 1 1 12.011 -0.03594126551 0.1581 3.35 0
0 1 1 0 1 0
1 2 1 0 1 0
2 3 1 0 1 0
3 4 2 1 1 0
4 5 1 1 0 0
2 6 1 0 1 0
6 7 1.5 1 1 0
7 8 1.5 1 1 0
8 9 1.5 1 1 0
9 10 1.5 1 1 0
10 11 1.5 1 1 0
11 12 1 1 1 0
12 13 1 1 1 0
13 14 1.5 1 1 0
14 15 1.5 1 1 0
15 16 1.5 1 1 0
16 17 1 1 0 0
17 18 1 0 0 0
16 19 1.5 1 1 0
19 20 1.5 1 1 0
8 21 1 1 0 0
21 22 1.5 1 1 0
22 23 1.5 1 1 0
23 24 1.5 1 1 0
24 25 1.5 1 1 0
25 26 1.5 1 1 0
4 0 1 1 1 0
11 6 1.5 1 1 0
20 13 1.5 1 1 0
26 21 1.5 1 1 0
14 2 1 0 1 0
28 30 1
6 1 3 0 4 0 0 12.011 -0.03608945911 0.08452 2.464 0
6 3 0 0 3 1 1 12.011 -0.008640125452 0.136 3.509 0
6 2 1 0 3 1 1 12.011 -0.05062876519 0.1581 3.35 0
6 3 0 0 3 1 1 12.011 -0.0283717142 0.136 3.509 0
6 2 2 0 4 0 0 12.011 0.04004313625 -0.0516 2.488 0
7 2 1 0 3 0 0 14.007 -0.3809456839 -0.5188 3 0
6 3 0 0 3 1 1 12.011 0.03509802192 0.4619 4.067 0
6 2 1 0 3 1 1 12.011 -0.03890493254 0.1581 3.35 0
6 2 1 0 3 1 1 12.011 -0.05935498757 0.1581 3.35 0
6 2 1 0 3 1 1 12.011 -0.04754013596 0.1581 3.35 0
6 3 0 0 3 1 1 12.011 0.06147539778 0.136 3.509 0
6 3 0 0 3 0 0 12.011 0.3352565202 -0.2783 5.007 0
8 1 0 0 3 0 0 15.999 -0.246397351 0.1129 0.2215 0
8 1 1 0 3 0 0 15.999 -0.4776383272 -0.2893 0.8238 0
6 2 1 0 3 1 1 12.011 -0.02439570211 0.1581 3.35 0
6 2 1 0 3 1 1 12.011 -0.05355795676 0.1581 3.35 0
6 2 1 0 3 1 1 12.011 -0.01932869592 0.1581 3.35 0
6 3 0 0 3 1 1 12.011 0.1222392631 0.5437 3.853 0
8 2 0 0 3 0 0 15.999 -0.4885264697 -0.4195 1.182 0
6 2 2 0 4 0 0 12.011 0.1161469295 -0.0516 2.488 0
6 3 0 0 3 1 1 12.011 0.02525686945 0.136 3.509 0
6 2 1 0 3 1 1 12.011 -0.04977405244 0.1581 3.35 0
6 2 1 0 3 1 1 12.011 -0.0257079575 0.1581 3.35 0
6 3 0 0 3 1 1 12.011 0.1256468888 0 3.257 0
9 1 0 0 4 0 0 18.998 -0.2068994082 0.4202 1.108 0
6 2 1 0 3 1 1 12.011 0.009978175267 0.1581 3.35 0
6 3 0 0 3 1 1 12.011 0.1322282054 0 3.257 0
9 1 0 0 4 0 0 18.998 -0.2064542569 0.4202 1.108 0
0 1 1 0 0 0
1 2 1.5 1 1 0
2 3 1.5 1 1 0
3 4 1 0 0 0
4 5 1 0 0 0
5 6 1 1 0 0
6 7 1.5 1 1 0
7 8 1.5 1 1 0
8 9 1.5 1 1 0
9 10 1.5 1 1 0
10 11 1 1 0 0
11 12 2 1 0 0
11 13 1 1 0 0
10 14 1.5 1 1 0
3 15 1.5 1 1 0
15 16 1.5 1 1 0
16 17 1.5 1 1 0
17 18 1 1 0 0
18 19 1 0 0 0
19 20 1 0 0 0
20 21 1.5 1 1 0
21 22 1.5 1 1 0
22 23 1.5 1 1 0
23 24 1 0 0 0
23 25 1.5 1 1 0
25 26 1.5 1 1 0
26 27 1 0 0 0
17 1 1.5 1 1 0
26 20 1.5 1 1 0
14 6 1.5 1 1 0
36 40 1
6 1 3 0 4 0 0 12.011 -0.03117311354 0.1441 2.503 0
6 4 0 0 4 0 0 12.011 0.1321253809 -0.2051 2.731 0
6 1 3 0 4 0 0 12.011 -0.03117311354 0.1441 2.503 0
7 2 1 0 3 0 0 14.007 -0.335034702 -0.7096 2.173 0
6 3 0 0 3 0 0 12.011 0.2760621996 -0.2783 5.007 0
8 1 0 0 3 0 0 15.999 -0.267249035 0.1129 0.2215 0
6 3 0 0 3 1 1 12.011 0.1938818572 0.136 3.509 0
7 2 0 0 3 1 1 14.007 -0.2355249843 -0.3239 2.202 0
6 3 0 0 3 1 1 12.011 0.08791269525 0.2955 4.346 0
6 2 1 0 3 1 1 12.011 -0.03424615814 0.1581 3.35 0
6 2 1 0 3 1 1 12.011 -0.05996675678 0.1581 3.35 0
6 2 1 0 3 1 1 12.011 -0.06003612197 0.1581 3.35 0
6 2 1 0 3 1 1 12.011 -0.03607155354 0.1581 3.35 0
6 3 0 0 3 1 1 12.011 0.07005903204 0.2955 4.346 0
7 3 0 0 3 1 1 14.007 -0.3015113909 -0.3239 2.202 0
6 3 1 0 4 0 1 12.011 0.04035449806 0.1193 2.582 1
6 2 2 0 4 0 1 12.011 -0.01632447208 0.1441 2.503 0
6 3 1 0 4 0 1 12.011 0.01214105571 -0.2051 2.731 -1
6 2 2 0 4 0 1 12.011 -0.03595013698 0.1441 2.503 0
6 2 2 0 4 0 1 12.011 -0.03595013698 0.1441 2.503 0
6 3 1 0 4 0 1 12.011 0.01214105571 -0.2051 2.731 1
6 2 2 0 4 0 1 12.011 -0.01632447208 0.1441 2.503 0
7 3 0 0 4 0 1 14.007 -0.2943354101 -0.3187 1.839 0
6 3 1 0 4 0 1 12.011 0.01011097112 -0.2051 2.731 0
6 2 2 0 4 0 1 12.011 -0.03751853289 0.1441 2.503 0
6 2 2 0 4 0 1 12.011 -0.05181642186 0.1441 2.503 0
6 2 2 0 4 0 1 12.011 -0.05324822501 0.1441 2.503 0
6 2 2 0 4 0 1 12.011 -0.05330398439 0.1441 2.503 0
6 2 2 0 4 0 1 12.011 -0.05324822501 0.1441 2.503 0
6 2 2 0 4 0 1 12.011 -0.05181642186 0.1441 2.503 0
6 2 2 0 4 0 1 12.011 -0.03751853289 0.1441 2.503 0
6 3 0 0 3 1 1 12.011 0.2824620353 -0.8186 3.135 0
8 1 0 0 3 0 0 15.999 -0.2666408395 0.1788 3.135 0
6 3 0 0 3 0 0 12.011 0.3283362885 -0.2783 5.007 0
8 1 0 0 3 0 0 15.999 -0.2496657294 -0.1526 0 0
8 1 1 0 3 0 0 15.999 -0.4795194319 -0.2893 0.8238 0
0 1 1 0 0 0
1 2 1 0 0 0
1 3 1 0 0 0
3 4 1 1 0 0
4 5 2 1 0 0
4 6 1 1 0 0
6 7 1.5 1 1 0
7 8 1.5 1 1 0
8 9 1.5 1 1 0
9 10 1.5 1 1 0
10 11 1.5 1 1 0
11 12 1.5 1 1 0
12 13 1.5 1 1 0
13 14 1.5 1 1 0
14 15 1 0 0 0
15 16 1 0 1 0
16 17 1 0 1 0
17 18 1 0 1 0
18 19 1 0 1 0
19 20 1 0 1 0
20 21 1 0 1 0
20 22 1 0 1 0
22 23 1 0 0 0
23 24 1 0 1 0
24 25 1 0 1 0
25 26 1 0 1 0
26 27 1 0 1 0
27 28 1 0 1 0
28 29 1 0 1 0
29 30 1 0 1 0
14 31 1.5 1 1 0
31 32 2 1 0 0
1 33 1 0 0 0
33 34 2 1 0 0
33 35 1 1 0 0
31 6 1.5 1 1 0
13 8 1.5 1 1 0
21 15 1 0 1 0
30 23 1 0 1 0
22 17 1 0 1 0
21 24 1
6 2 1 0 3 1 1 12.011 -0.03992860382 0.1581 3.35 0
6 2 1 0 3 1 1 12.011 0.0295831353 0.1581 3.35 0
7 2 0 0 3 1 1 14.007 -0.2337421635 -0.3239 2.202 0
6 3 0 0 3 1 1 12.011 0.2002570803 0.2955 4.346 0
7 2 0 0 3 1 1 14.007 -0.1731380772 -0.3239 2.202 0
6 3 0 0 3 1 1 12.011 0.2994432999 0.4619 4.067 0
7 3 0 0 3 0 1 14.007 -0.3259317856 -0.4458 2.819 0
6 2 2 0 4 0 1 12.011 0.02366312316 -0.2035 2.753 0
6 2 2 0 4 0 1 12.011 -0.01957932591 0.1441 2.503 0
6 3 1 0 4 0 1 12.011 0.01288972292 -0.2051 2.731 0
7 3 0 0 4 0 1 14.007 -0.3002538769 -0.3187 1.839 0
6 2 2 0 4 0 1 12.011 -0.001576343785 -0.2035 2.753 0
6 2 2 0 4 0 1 12.011 -0.0403580299 0.1441 2.503 0
6 2 2 0 4 0 1 12.011 -0.05087002032 0.1441 2.503 0
6 2 2 0 4 0 1 12.011 -0.0403580299 0.1441 2.503 0
6 2 2 0 4 0 1 12.011 -0.001576343785 -0.2035 2.753 0
6 2 2 0 4 0 1 12.011 -0.01957932591 0.1441 2.503 0
6 2 2 0 4 0 1 12.011 0.02366312316 -0.2035 2.753 0
8 2 0 0 3 1 1 15.999 -0.4216368337 0.1552 1.08 0
6 3 0 0 3 1 1 12.011 0.1753438878 0.2955 4.346 0
6 2 1 0 3 1 1 12.011 -0.01366763928 0.1581 3.35 0
0 1 1.5 1 1 0
1 2 1.5 1 1 0
2 3 1.5 1 1 0
3 4 1.5 1 1 0
4 5 1.5 1 1 0
5 6 1 1 0 0
6 7 1 0 1 0
7 8 1 0 1 0
8 9 1 0 1 0
9 10 1 0 0 0
10 11 1 0 1 0
11 12 1 0 1 0
12 13 1 0 1 0
13 14 1 0 1 0
14 15 1 0 1 0
9 16 1 0 1 0
16 17 1 0 1 0
5 18 1.5 1 1 0
18 19 1.5 1 1 0
19 20 1.5 1 1 0
20 0 1.5 1 1 0
19 3 1.5 1 1 0
17 6 1 0 1 0
15 10 1 0 1 0
36 38 1
6 1 3 0 4 0 0 12.011 -0.06525726066 0.1441 2.503 0
6 2 2 0 4 0 0 12.011 -0.05293167426 0.1441 2.503 0
6 2 2 0 4 0 0 12.011 -0.01900768347 0.1441 2.503 0
6 2 2 0 4 0 0 12.011 0.08819652468 -0.2035 2.753 0
8 2 0 0 3 0 0 15.999 -0.4932391918 -0.4195 1.182 0
6 3 0 0 3 1 1 12.011 0.1238070853 0.5437 3.853 0
6 2 1 0 3 1 1 12.011 -0.01898921186 0.1581 3.35 0
6 2 1 0 3 1 1 12.011 -0.05066709526 0.1581 3.35 0
6 3 0 0 3 1 1 12.011 -0.01749975987 0.2713 3.904 0
6 3 0 0 3 1 1 12.011 -0.01459580362 0.2713 3.904 0
6 2 1 0 3 1 1 12.011 -0.05406428469 0.1581 3.35 0
6 2 1 0 3 1 1 12.011 -0.06077142225 0.1581 3.35 0
6 2 1 0 3 1 1 12.011 -0.04737758587 0.1581 3.35 0
6 3 0 0 3 1 1 12.011 0.06296000664 0.136 3.509 0
6 3 0 0 3 0 0 12.011 0.3354729339 -0.2783 5.007 0
8 1 0 0 3 0 0 15.999 -0.2463867421 0.1129 0.2215 0
8 1 1 0 3 0 0 15.999 -0.477631782 -0.2893 0.8238 0
6 3 0 0 3 1 1 12.011 -0.02874108787 0.136 3.509 0
6 1 3 0 4 0 0 12.011 -0.03829255477 0.08452 2.464 0
6 2 1 0 3 1 1 12.011 -0.04565326528 0.1581 3.35 0
6 3 0 0 3 1 1 12.011 0.01389907217 0.136 3.509 0
6 2 2 0 4 0 0 12.011 0.0467526106 -0.0516 2.488 0
7 2 1 0 3 0 0 14.007 -0.3477258181 -0.7096 2.173 0
6 3 0 0 3 0 0 12.011 0.2540232513 -0.2783 5.007 0
8 1 0 0 3 0 0 15.999 -0.2691906228 0.1129 0.2215 0
6 3 0 0 3 1 1 12.011 0.07506116243 0.136 3.509 0
6 2 1 0 3 1 1 12.011 -0.04587568909 0.1581 3.35 0
6 2 1 0 3 1 1 12.011 -0.04901429701 0.1581 3.35 0
6 3 0 0 3 1 1 12.011 0.05844267609 0.136 3.509 0
6 4 0 0 4 0 0 12.011 0.4160139646 -0.0967 2.576 0
9 1 0 0 4 0 0 18.998 -0.1661354368 0.4202 1.108 0
9 1 0 0 4 0 0 18.998 -0.1661354368 0.4202 1.108 0
9 1 0 0 4 0 0 18.998 -0.1661354368 0.4202 1.108 0
6 2 1 0 3 1 1 12.011 -0.01325003093 0.1581 3.35 0
6 3 0 0 3 1 1 12.011 0.1360560929 0 3.257 0
9 1 0 0 4 0 0 18.998 -0.2061132374 0.4202 1.108 0
0 1 1 0 0 0
1 2 1 0 0 0
2 3 1 0 0 0
3 4 1 0 0 0
4 5 1 1 0 0
5 6 1.5 1 1 0
6 7 1.5 1 1 0
7 8 1.5 1 1 0
8 9 1 1 0 0
9 10 1.5 1 1 0
10 11 1.5 1 1 0
11 12 1.5 1 1 0
12 13 1.5 1 1 0
13 14 1 1 0 0
14 15 2 1 0 0
14 16 1 1 0 0
13 17 1.5 1 1 0
17 18 1 0 0 0
8 19 1.5 1 1 0
19 20 1.5 1 1 0
20 21 1 0 0 0
21 22 1 0 0 0
22 23 1 1 0 0
23 24 2 1 0 0
23 25 1 1 0 0
25 26 1.5 1 1 0
26 27 1.5 1 1 0
27 28 1.5 1 1 0
28 29 1 0 0 0
29 30 1 0 0 0
29 31 1 0 0 0
29 32 1 0 0 0
28 33 1.5 1 1 0
33 34 1.5 1 1 0
34 35 1 0 0 0
20 5 1.5 1 1 0
34 25 1.5 1 1 0
17 9 1.5 1 1 0
34 37 1
6 1 3 0 4 0 0 12.011 0.07757902116 -0.2035 2.753 0
8 2 0 0 3 0 0 15.999 -0.4952671064 -0.4195 1.182 0
6 3 0 0 3 1 1 12.011 0.1390166936 0.5437 3.853 0
6 3 0 0 3 1 1 12.011 0.08308795371 0.136 3.509 0
6 3 0 0 3 0 0 12.011 0.2546549255 -0.2783 5.007 0
8 1 0 0 3 0 0 15.999 -0.2691622338 0.1129 0.2215 0
7 2 1 0 3 0 0 14.007 -0.3506322679 -0.7096 2.173 0
6 2 2 0 4 0 0 12.011 0.03046667236 -0.2035 2.753 0
6 2 2 0 4 0 0 12.011 0.01578700022 -0.2035 2.753 0
7 3 0 0 4 0 1 14.007 -0.2980766293 -0.3187 1.839 0
6 2 2 0 4 0 1 12.011 0.01592900006 -0.2035 2.753 0
6 2 2 0 4 0 1 12.011 0.03059004111 -0.2035 2.753 0
7 3 0 0 3 0 1 14.007 -0.3689537621 -0.4458 2.819 0
6 3 0 0 3 1 1 12.011 0.03726608489 0.4619 4.067 0
6 2 1 0 3 1 1 12.011 -0.03872605847 0.1581 3.35 0
6 2 1 0 3 1 1 12.011 -0.05960448726 0.1581 3.35 0
6 2 1 0 3 1 1 12.011 -0.04986847293 0.1581 3.35 0
6 3 0 0 3 1 1 12.011 0.05754542947 0.136 3.509 0
6 4 0 0 4 0 0 12.011 0.4159854203 -0.0967 2.576 0
9 1 0 0 4 0 0 18.998 -0.1661359838 0.4202 1.108 0
9 1 0 0 4 0 0 18.998 -0.1661359838 0.4202 1.108 0
9 1 0 0 4 0 0 18.998 -0.1661359838 0.4202 1.108 0
6 2 1 0 3 1 1 12.011 -0.02652011349 0.1581 3.35 0
6 2 2 0 4 0 1 12.011 0.03059004111 -0.2035 2.753 0
6 2 2 0 4 0 1 12.011 0.01592900006 -0.2035 2.753 0
6 2 1 0 3 1 1 12.011 -0.03074897005 0.1581 3.35 0
6 3 0 0 3 1 1 12.011 0.02639511979 0.198 3.18 0
35 1 0 0 4 0 0 79.904 -0.05013044282 0.8456 8.927 0
6 3 0 0 3 1 1 12.011 -0.0003839640312 0.2955 4.346 0
6 2 1 0 3 1 1 12.011 -0.05310782428 0.1581 3.35 0
6 2 1 0 3 1 1 12.011 -0.06158523109 0.1581 3.35 0
6 2 1 0 3 1 1 12.011 -0.06149144693 0.1581 3.35 0
6 2 1 0 3 1 1 12.011 -0.05058912699 0.1581 3.35 0
6 3 0 0 3 1 1 12.011 0.02571101729 0.2955 4.346 0
0 1 1 0 0 0
1 2 1 1 0 0
2 3 1.5 1 1 0
3 4 1 1 0 0
4 5 2 1 0 0
4 6 1 1 0 0
6 7 1 0 0 0
7 8 1 0 0 0
8 9 1 0 0 0
9 10 1 0 1 0
10 11 1 0 1 0
11 12 1 0 1 0
12 13 1 1 0 0
13 14 1.5 1 1 0
14 15 1.5 1 1 0
15 16 1.5 1 1 0
16 17 1.5 1 1 0
17 18 1 0 0 0
18 19 1 0 0 0
18 20 1 0 0 0
18 21 1 0 0 0
17 22 1.5 1 1 0
12 23 1 0 1 0
23 24 1 0 1 0
3 25 1.5 1 1 0
25 26 1.5 1 1 0
26 27 1 0 0 0
26 28 1.5 1 1 0
28 29 1.5 1 1 0
29 30 1.5 1 1 0
30 31 1.5 1 1 0
31 32 1.5 1 1 0
32 33 1.5 1 1 0
33 2 1.5 1 1 0
24 9 1 0 1 0
33 28 1.5 1 1 0
22 13 1.5 1 1 0
39 42 1
7 1 1 0 3 0 0 14.007 -0.284487293 0.08387 1.757 0
6 3 0 0 3 0 0 12.011 0.1222832807 -0.2783 5.007 0
7 1 2 0 3 0 0 14.007 -0.3836819928 -1.019 2.262 0
6 3 0 0 3 1 1 12.011 0.0162594856 0.136 3.509 0
6 2 1 0 3 1 1 12.011 -0.05128950392 0.1581 3.35 0
6 2 1 0 3 1 1 12.011 -0.06126232289 0.1581 3.35 0
6 2 1 0 3 1 1 12.011 -0.05892258483 0.1581 3.35 0
6 3 0 0 3 1 1 12.011 -0.04517349251 0.136 3.509 0
6 2 2 0 4 0 0 12.011 -0.002279241103 -0.0516 2.488 0
6 3 1 0 4 0 0 12.011 0.1049076382 -0.2051 2.731 0
7 2 1 0 4 0 0 14.007 -0.198306919 -0.7096 2.173 0
16 4 0 0 4 0 0 32.067 0.2408235418 -0.0024 7.365 0
8 1 0 0 3 0 0 15.999 -0.2070790029 -0.3339 0.7774 0
8 1 0 0 3 0 0 15.999 -0.2070790029 -0.3339 0.7774 0
6 3 0 0 3 1 1 12.011 0.08262361006 0.1893 2.673 0
6 2 1 0 3 1 1 12.011 -0.04208498663 0.1581 3.35 0
6 2 1 0 3 1 1 12.011 -0.06030248485 0.1581 3.35 0
6 2 1 0 3 1 1 12.011 -0.05429563724 0.1581 3.35 0
6 3 0 0 3 1 1 12.011 -0.01705399838 0.2713 3.904 0
6 3 0 0 3 1 1 12.011 -0.0182560876 0.2713 3.904 0
6 2 1 0 3 1 1 12.011 -0.05290193652 0.1581 3.35 0
6 2 1 0 3 1 1 12.011 -0.04291123592 0.1581 3.35 0
6 3 0 0 3 1 1 12.011 0.04059176902 0.245 3.564 0
17 1 0 0 4 0 0 35.453 -0.08434373915 0.6895 5.853 0
6 2 1 0 3 1 1 12.011 -0.04291123592 0.1581 3.35 0
6 2 1 0 3 1 1 12.011 -0.05290193652 0.1581 3.35 0
6 2 1 0 3 1 1 12.011 -0.03425042945 0.1581 3.35 0
6 3 0 0 3 0 0 12.011 0.2405998067 -0.2783 5.007 0
8 1 0 0 3 0 0 15.999 -0.2730233649 -0.1526 0 0
7 3 0 0 3 0 1 14.007 -0.3412869414 -0.3187 1.839 0
6 2 2 0 4 0 1 12.011 0.02076747491 -0.2035 2.753 0
6 2 2 0 4 0 1 12.011 -0.03247714451 0.1441 2.503 0
6 3 1 0 4 0 1 12.011 -0.03686655407 0 2.433 0
6 2 2 0 4 0 0 12.011 -0.03790768559 0.1441 2.503 0
6 2 2 0 4 0 0 12.011 -0.007461109407 -0.2035 2.753 0
7 1 2 0 4 0 0 14.007 -0.3304629924 -1.019 2.262 0
6 2 2 0 4 0 1 12.011 -0.03247714451 0.1441 2.503 0
6 2 2 0 4 0 1 12.011 0.02076747491 -0.2035 2.753 0
6 2 1 0 3 1 1 12.011 -0.04801226728 0.1581 3.35 0
0 1 2 1 0 0
1 2 1 1 0 0
1 3 1 1 0 0
3 4 1.5 1 1 0
4 5 1.5 1 1 0
5 6 1.5 1 1 0
6 7 1.5 1 1 0
7 8 1 0 0 0
8 9 1 0 0 0
9 10 1 0 0 0
10 11 1 0 0 0
11 12 2 0 0 0
11 13 2 0 0 0
11 14 1 0 0 0
14 15 1.5 1 1 0
15 16 1.5 1 1 0
16 17 1.5 1 1 0
17 18 1.5 1 1 0
18 19 1 1 0 0
19 20 1.5 1 1 0
20 21 1.5 1 1 0
21 22 1.5 1 1 0
22 23 1 0 0 0
22 24 1.5 1 1 0
24 25 1.5 1 1 0
18 26 1.5 1 1 0
9 27 1 0 0 0
27 28 2 1 0 0
27 29 1 1 0 0
29 30 1 0 1 0
30 31 1 0 1 0
31 32 1 0 1 0
32 33 1 0 0 0
33 34 1 0 0 0
34 35 1 0 0 0
32 36 1 0 1 0
36 37 1 0 1 0
7 38 1.5 1 1 0
38 3 1.5 1 1 0
26 14 1.5 1 1 0
37 29 1 0 1 0
25 19 1.5 1 1 0
34 37 1
6 1 3 0 4 0 0 12.011 -0.01328145561 -0.2035 2.753 0
7 3 0 0 4 0 1 14.007 -0.3038256611 -0.3187 1.839 0
6 2 2 0 4 0 1 12.011 0.0106987918 -0.2035 2.753 0
6 2 2 0 4 0 1 12.011 0.01133528214 -0.2035 2.753 0
7 3 0 0 4 0 1 14.007 -0.2964576253 -0.3187 1.839 0
6 2 2 0 4 0 0 12.011 0.02576702095 -0.0516 2.488 0
6 3 0 0 3 1 1 12.011 -0.003699819334 0.136 3.509 0
6 2 1 0 3 1 1 12.011 -0.00242222715 0.1581 3.35 0
16 2 0 0 3 1 1 32.067 -0.1367494157 0.6237 6.691 0
6 3 0 0 3 1 1 12.011 0.1111420598 0.136 3.509 0
6 3 0 0 3 0 0 12.011 0.2667952925 -0.2783 5.007 0
8 1 0 0 3 0 0 15.999 -0.2679267501 0.1129 0.2215 0
7 2 1 0 3 0 0 14.007 -0.3204811561 -0.5188 3 0
6 3 0 0 3 1 1 12.011 0.05395026496 0.4619 4.067 0
6 2 1 0 3 1 1 12.011 -0.03621998644 0.1581 3.35 0
6 2 1 0 3 1 1 12.011 -0.0414107888 0.1581 3.35 0
6 3 0 0 3 1 1 12.011 0.04149865792 0.245 3.564 0
17 1 0 0 4 0 0 35.453 -0.08431564883 0.6895 5.853 0
6 2 1 0 3 1 1 12.011 -0.02859898433 0.1581 3.35 0
6 3 0 0 3 1 1 12.011 0.06477381504 0.136 3.509 0
6 3 0 0 3 0 0 12.011 0.2584801856 -0.2783 5.007 0
8 1 0 0 3 0 0 15.999 -0.2687942937 0.1129 0.2215 0
7 2 1 0 3 0 0 14.007 -0.3064970027 -0.5188 3 0
6 3 0 0 3 1 1 12.011 0.1323335142 0.4619 4.067 0
6 2 1 0 3 1 1 12.011 -0.01768876471 0.1581 3.35 0
6 2 1 0 3 1 1 12.011 -0.03827398328 0.1581 3.35 0
6 3 0 0 3 1 1 12.011 0.05905304705 0.245 3.564 0
17 1 0 0 4 0 0 35.453 -0.08265243815 0.6895 5.853 0
6 2 1 0 3 1 1 12.011 0.0478887654 0.1581 3.35 0
7 2 0 0 3 1 1 14.007 -0.2375538931 -0.3239 2.202 0
6 3 0 0 3 1 1 12.011 0.06868857784 0.245 3.564 0
17 1 0 0 4 0 0 35.453 -0.08219187773 0.6895 5.853 0
6 2 2 0 4 0 1 12.011 0.01133528214 -0.2035 2.753 0
6 2 2 0 4 0 1 12.011 0.0106987918 -0.2035 2.753 0
0 1 1 0 0 0
1 2 1 0 1 0
2 3 1 0 1 0
3 4 1 0 1 0
4 5 1 0 0 0
5 6 1 0 0 0
6 7 1.5 1 1 0
7 8 1.5 1 1 0
8 9 1.5 1 1 0
9 10 1 1 0 0
10 11 2 1 0 0
10 12 1 1 0 0
12 13 1 1 0 0
13 14 1.5 1 1 0
14 15 1.5 1 1 0
15 16 1.5 1 1 0
16 17 1 0 0 0
16 18 1.5 1 1 0
18 19 1.5 1 1 0
19 20 1 1 0 0
20 21 2 1 0 0
20 22 1 1 0 0
22 23 1 1 0 0
23 24 1.5 1 1 0
24 25 1.5 1 1 0
25 26 1.5 1 1 0
26 27 1 0 0 0
26 28 1.5 1 1 0
28 29 1.5 1 1 0
9 30 1.5 1 1 0
30 31 1 0 0 0
4 32 1 0 1 0
32 33 1 0 1 0
33 1 1 0 1 0
30 6 1.5 1 1 0
19 13 1.5 1 1 0
29 23 1.5 1 1 0
31 34 1
6 1 3 0 4 0 0 12.011 0.07750653576 -0.2035 2.753 0
8 2 0 0 3 0 0 15.999 -0.496767112 -0.4195 1.182 0
6 3 0 0 3 1 1 12.011 0.118446117 0.5437 3.853 0
6 2 1 0 3 1 1 12.011 -0.018619045 0.1581 3.35 0
6 2 1 0 3 1 1 12.011 -0.03794813898 0.1581 3.35 0
6 3 0 0 3 1 1 12.011 0.08762708696 0.1893 2.673 0
16 4 0 0 4 0 0 32.067 0.2625497652 -0.0024 7.365 0
8 1 0 0 3 0 0 15.999 -0.201203794 -0.3339 0.7774 0
8 1 0 0 3 0 0 15.999 -0.201203794 -0.3339 0.7774 0
7 2 1 0 3 0 0 14.007 -0.263339881 -0.5188 3 0
6 3 0 0 3 1 1 12.011 0.1397719317 0.4619 4.067 0
6 2 1 0 3 1 1 12.011 -0.01073527484 0.1581 3.35 0
6 3 0 0 3 1 1 12.011 -0.013121771 0.2713 3.904 0
6 3 0 0 3 1 1 12.011 -0.0166496765 0.2713 3.904 0
6 2 1 0 3 1 1 12.011 -0.05212922377 0.1581 3.35 0
6 2 1 0 3 1 1 12.011 -0.03423275153 0.1581 3.35 0
6 3 0 0 3 1 1 12.011 0.08363770974 0.2955 4.346 0
7 2 0 0 3 1 1 14.007 -0.2198591979 -0.3239 2.202 0
6 3 0 0 3 1 1 12.011 0.1899755144 0.4619 4.067 0
7 2 1 0 3 0 0 14.007 -0.3021900941 -0.5188 3 0
6 3 0 0 3 0 0 12.011 0.2225291628 -0.2783 5.007 0
6 1 3 0 4 0 0 12.011 0.0152569202 0.1441 2.503 0
8 1 0 0 3 0 0 15.999 -0.2750110794 -0.1526 0 0
16 2 0 0 3 1 1 32.067 -0.09656720873 0.6237 6.691 0
6 3 0 0 3 1 1 12.011 0.05703672535 0.2955 4.346 0
6 2 1 0 3 1 1 12.011 -0.0347279732 0.1581 3.35 0
6 2 1 0 3 1 1 12.011 -0.03576767427 0.1581 3.35 0
6 2 1 0 3 1 1 12.011 0.0298667951 0.1581 3.35 0
7 2 0 0 3 1 1 14.007 -0.2384852046 -0.3239 2.202 0
6 2 1 0 3 1 1 12.011 -0.03794813898 0.1581 3.35 0
6 2 1 0 3 1 1 12.011 -0.018619045 0.1581 3.35 0
0 1 1 0 0 0
1 2 1 1 0 0
2 3 1.5 1 1 0
3 4 1.5 1 1 0
4 5 1.5 1 1 0
5 6 1 0 0 0
6 7 2 0 0 0
6 8 2 0 0 0
6 9 1 0 0 0
9 10 1 1 0 0
10 11 1.5 1 1 0
11 12 1.5 1 1 0
12 13 1 1 0 0
13 14 1.5 1 1 0
14 15 1.5 1 1 0
15 16 1.5 1 1 0
16 17 1.5 1 1 0
17 18 1.5 1 1 0
18 19 1 1 0 0
19 20 1 1 0 0
20 21 1 0 0 0
20 22 2 1 0 0
18 23 1.5 1 1 0
23 24 1.5 1 1 0
24 25 1.5 1 1 0
12 26 1.5 1 1 0
26 27 1.5 1 1 0
27 28 1.5 1 1 0
5 29 1.5 1 1 0
29 30 1.5 1 1 0
30 2 1.5 1 1 0
28 10 1.5 1 1 0
25 13 1.5 1 1 0
24 16 1.5 1 1 0
26 29 1
6 1 3 0 4 0 0 12.011 -0.03468952823 0.1441 2.503 0
6 3 1 0 4 0 0 12.011 0.07616544398 0.1193 2.582 0
8 1 1 0 4 0 0 15.999 -0.3887118522 -0.2893 0.8238 0
6 3 0 0 3 1 1 12.011 -0.0192571073 0.136 3.509 0
6 2 1 0 3 1 1 12.011 -0.05641365143 0.1581 3.35 0
6 2 1 0 3 1 1 12.011 -0.06128000449 0.1581 3.35 0
6 2 1 0 3 1 1 12.011 -0.05435960852 0.1581 3.35 0
6 3 0 0 3 1 1 12.011 -0.01800715256 0.2713 3.904 0
6 3 0 0 3 1 1 12.011 -0.01752267129 0.2713 3.904 0
6 2 1 0 3 1 1 12.011 -0.05063307939 0.1581 3.35 0
6 2 1 0 3 1 1 12.011 -0.01807926126 0.1581 3.35 0
6 3 0 0 3 1 1 12.011 0.1338144228 0.2955 4.346 0
8 2 0 0 3 1 1 15.999 -0.4610313388 0.1552 1.08 0
6 3 0 0 3 1 1 12.011 0.1061020017 0.136 3.509 0
6 2 2 0 4 0 0 12.011 0.01840777983 -0.0516 2.488 0
6 2 2 0 4 0 0 12.011 0.005490406351 -0.2035 2.753 0
7 3 0 0 4 0 1 14.007 -0.3002141277 -0.3187 1.839 0
6 2 2 0 4 0 1 12.011 -0.001518357271 -0.2035 2.753 0
6 2 2 0 4 0 1 12.011 -0.03892736889 0.1441 2.503 0
6 2 2 0 4 0 1 12.011 -0.03659298751 0.1441 2.503 0
6 3 1 0 4 0 1 12.011 0.006750422191 -0.2051 2.731 1
6 1 3 0 4 0 0 12.011 -0.04953748416 0.1441 2.503 0
6 2 1 0 3 1 1 12.011 -0.01256026838 0.1581 3.35 0
6 3 0 0 3 1 1 12.011 0.02111591417 0.2955 4.346 0
6 2 1 0 3 1 1 12.011 -0.04323231978 0.1581 3.35 0
6 2 1 0 3 1 1 12.011 -0.04857322469 0.1581 3.35 0
0 1 1 0 0 0
1 2 1 0 0 0
1 3 1 0 0 0
3 4 1.5 1 1 0
4 5 1.5 1 1 0
5 6 1.5 1 1 0
6 7 1.5 1 1 0
7 8 1 1 0 0
8 9 1.5 1 1 0
9 10 1.5 1 1 0
10 11 1.5 1 1 0
11 12 1.5 1 1 0
12 13 1.5 1 1 0
13 14 1 0 0 0
14 15 1 0 0 0
15 16 1 0 0 0
16 17 1 0 1 0
17 18 1 0 1 0
18 19 1 0 1 0
19 20 1 0 1 0
20 21 1 0 0 0
13 22 1.5 1 1 0
22 23 1.5 1 1 0
23 24 1.5 1 1 0
7 25 1.5 1 1 0
25 3 1.5 1 1 0
24 8 1.5 1 1 0
23 11 1.5 1 1 0
20 16 1 0 1 0
47 52 1
6 1 3 0 4 0 0 12.011 0.006071059542 -0.2035 2.753 0
7 2 1 0 3 0 0 14.007 -0.3578134818 -0.7096 2.173 0
6 3 0 0 3 0 0 12.011 0.2366011691 -0.2783 5.007 0
8 1 0 0 3 0 0 15.999 -0.2733092211 -0.1526 0 0
6 3 1 0 4 0 1 12.011 0.08915344767 -0.2051 2.731 -1
6 2 2 0 4 0 1 12.011 -0.02725983485 0.1441 2.503 0
6 2 2 0 4 0 1 12.011 -0.03838809838 0.1441 2.503 0
6 2 2 0 4 0 1 12.011 -0.000993312266 -0.2035 2.753 0
7 3 0 0 4 0 1 14.007 -0.291700877 -0.3187 1.839 0
6 2 2 0 4 0 0 12.011 0.001893039738 -0.2035 2.753 0
6 3 1 0 4 0 1 12.011 -0.02521625894 0 2.433 0
6 2 2 0 4 0 1 12.011 -0.03130287939 0.1441 2.503 0
6 2 2 0 4 0 1 12.011 0.02082304935 -0.2035 2.753 0
7 3 0 0 3 0 1 14.007 -0.3410721199 -0.3187 1.839 0
6 3 0 0 3 0 0 12.011 0.2438003258 -0.2783 5.007 0
8 1 0 0 3 0 0 15.999 -0.2727362001 -0.1526 0 0
6 2 2 0 4 0 0 12.011 0.1199497978 -0.0516 2.488 0
7 3 0 0 3 1 1 14.007 -0.2605089368 -0.3239 2.202 0
6 2 1 0 3 1 1 12.011 0.04977996156 0.1581 3.35 0
6 3 0 0 3 1 1 12.011 0.08777607056 0.4619 4.067 0
7 2 1 0 3 0 0 14.007 -0.3185805435 -0.5188 3 0
6 3 0 0 3 0 0 12.011 0.2607505011 -0.2783 5.007 0
8 1 0 0 3 0 0 15.999 -0.2687059406 0.1129 0.2215 0
6 3 0 0 3 1 1 12.011 0.1044059798 0.136 3.509 0
6 2 1 0 3 1 1 12.011 0.06452495169 0.1581 3.35 0
7 2 0 0 3 1 1 14.007 -0.1741580939 -0.3239 2.202 0
7 3 0 0 3 1 1 14.007 -0.2217734751 -0.3239 2.202 0
6 2 1 0 3 1 1 12.011 0.03240998044 0.1581 3.35 0
6 2 1 0 3 1 1 12.011 -0.02525234607 0.1581 3.35 0
6 2 1 0 3 1 1 12.011 0.03086678411 0.1581 3.35 0
7 2 0 0 3 1 1 14.007 -0.2363153542 -0.3239 2.202 0
6 3 0 0 3 1 1 12.011 0.1672772677 0.2955 4.346 0
6 3 0 0 3 1 1 12.011 0.1196516281 0.2713 3.904 0
6 3 0 0 3 1 1 12.011 0.04797559483 0.2713 3.904 0
6 2 1 0 3 1 1 12.011 -0.03018659669 0.1581 3.35 0
6 3 0 0 3 1 1 12.011 0.04149809785 0.245 3.564 0
17 1 0 0 4 0 0 35.453 -0.08431566894 0.6895 5.853 0
6 2 1 0 3 1 1 12.011 -0.03979492228 0.1581 3.35 0
6 2 1 0 3 1 1 12.011 -0.01751468462 0.1581 3.35 0
6 3 0 0 3 1 1 12.011 0.135257837 0.5437 3.853 0
8 2 0 0 3 0 0 15.999 -0.4341111529 -0.4195 1.182 0
6 3 1 0 4 0 0 12.011 0.3870537419 -0.2051 2.731 0
9 1 0 0 4 0 0 18.998 -0.1667654225 0.4202 1.108 0
9 1 0 0 4 0 0 18.998 -0.1667654225 0.4202 1.108 0
7 2 0 0 3 1 1 14.007 -0.1699720305 -0.3239 2.202 0
6 2 2 0 4 0 1 12.011 0.02082304935 -0.2035 2.753 0
6 2 2 0 4 0 1 12.011 -0.03130287939 0.1441 2.503 0
0 1 1 0 0 0
1 2 1 1 0 0
2 3 2 1 0 0
2 4 1 0 0 0
4 5 1 0 1 0
5 6 1 0 1 0
6 7 1 0 1 0
7 8 1 0 1 0
8 9 1 0 0 0
9 10 1 0 0 0
10 11 1 0 1 0
11 12 1 0 1 0
12 13 1 0 1 0
13 14 1 1 0 0
14 15 2 1 0 0
14 16 1 0 0 0
16 17 1 0 0 0
17 18 1.5 1 1 0
18 19 1.5 1 1 0
19 20 1 1 0 0
20 21 1 1 0 0
21 22 2 1 0 0
21 23 1 1 0 0
23 24 1.5 1 1 0
24 25 1.5 1 1 0
25 26 1.5 1 1 0
26 27 1.5 1 1 0
27 28 1.5 1 1 0
28 29 1.5 1 1 0
29 30 1.5 1 1 0
30 31 1.5 1 1 0
19 32 1.5 1 1 0
32 33 1 1 0 0
33 34 1.5 1 1 0
34 35 1.5 1 1 0
35 36 1 0 0 0
35 37 1.5 1 1 0
37 38 1.5 1 1 0
38 39 1.5 1 1 0
39 40 1 1 0 0
40 41 1 0 0 0
41 42 1 0 0 0
41 43 1 0 0 0
32 44 1.5 1 1 0
13 45 1 0 1 0
45 46 1 0 1 0
8 4 1 0 1 0
46 10 1 0 1 0
44 17 1.5 1 1 0
31 23 1.5 1 1 0
39 33 1.5 1 1 0
31 26 1.5 1 1 0
23 25 1
6 1 3 0 4 0 0 12.011 -0.01369322352 -0.2035 2.753 0
7 3 0 0 4 0 0 14.007 -0.309270373 -0.3187 1.839 0
6 1 3 0 4 0 0 12.011 -0.01369322352 -0.2035 2.753 0
6 2 2 0 4 0 0 12.011 0.0007592613195 -0.2035 2.753 0
6 2 2 0 4 0 0 12.011 -0.005935457225 0.1441 2.503 0
6 2 2 0 4 0 0 12.011 0.08944924601 -0.2035 2.753 0
8 2 0 0 3 0 0 15.999 -0.4926665348 -0.4195 1.182 0
6 3 0 0 3 1 1 12.011 0.1325775463 0.5437 3.853 0
6 2 1 0 3 1 1 12.011 -0.01116189794 0.1581 3.35 0
6 3 0 0 3 1 1 12.011 -0.01243870497 0.2713 3.904 0
6 3 0 0 3 1 1 12.011 -0.01513092672 0.2713 3.904 0
6 2 1 0 3 1 1 12.011 -0.03593789295 0.1581 3.35 0
6 2 1 0 3 1 1 12.011 0.02734748165 0.1581 3.35 0
7 2 0 0 3 1 1 14.007 -0.2646919163 -0.3239 2.202 0
6 2 1 0 3 1 1 12.011 0.02734748165 0.1581 3.35 0
6 2 1 0 3 1 1 12.011 -0.03593789295 0.1581 3.35 0
6 2 1 0 3 1 1 12.011 -0.02815477251 0.1581 3.35 0
6 3 0 0 3 1 1 12.011 0.07160442913 0.2955 4.346 0
7 2 1 0 3 1 1 14.007 -0.2755536851 -0.3239 2.202 0
7 2 0 0 3 1 1 14.007 -0.1570049193 -0.3239 2.202 0
6 3 0 0 3 1 1 12.011 0.1564095334 0.4619 4.067 0
7 1 2 0 3 0 0 14.007 -0.3815954759 -1.027 2.827 0
6 3 0 0 3 1 1 12.011 0.08551692564 0.2955 4.346 0
0 1 1 0 0 0
1 2 1 0 0 0
1 3 1 0 0 0
3 4 1 0 0 0
4 5 1 0 0 0
5 6 1 0 0 0
6 7 1 1 0 0
7 8 1.5 1 1 0
8 9 1.5 1 1 0
9 10 1 1 0 0
10 11 1.5 1 1 0
11 12 1.5 1 1 0
12 13 1.5 1 1 0
13 14 1.5 1 1 0
14 15 1.5 1 1 0
9 16 1.5 1 1 0
16 17 1.5 1 1 0
17 18 1.5 1 1 0
18 19 1.5 1 1 0
19 20 1.5 1 1 0
20 21 1 1 0 0
20 22 1.5 1 1 0
22 7 1.5 1 1 0
15 10 1.5 1 1 0
22 17 1.5 1 1 0
33 37 1
8 1 0 0 3 0 0 15.999 -0.2012457654 -0.3339 0.7774 0
16 4 0 0 4 0 0 32.067 0.2614945256 -0.0024 7.365 0
8 1 0 0 3 0 0 15.999 -0.2012457654 -0.3339 0.7774 0
7 2 1 0 3 0 0 14.007 -0.276473418 -0.5188 3 0
6 3 0 0 3 1 1 12.011 0.08687039174 0.4619 4.067 0
6 2 1 0 3 1 1 12.011 -0.02378399624 0.1581 3.35 0
6 3 0 0 3 1 1 12.011 0.02069378451 0.2713 3.904 0
6 3 0 0 3 1 1 12.011 0.07428146851 0.2713 3.904 0
6 2 1 0 3 1 1 12.011 0.05407073145 0.1581 3.35 0
7 2 0 0 3 1 1 14.007 -0.2364044704 -0.3239 2.202 0
6 3 0 0 3 1 1 12.011 0.1368080461 0.2955 4.346 0
6 2 1 0 3 1 1 12.011 -0.01663452437 0.1581 3.35 0
6 2 1 0 3 1 1 12.011 -0.03353404017 0.1581 3.35 0
6 3 0 0 3 1 1 12.011 0.05384886873 0.4619 4.067 0
7 3 0 0 3 0 1 14.007 -0.3657169377 -0.4458 2.819 0
6 2 2 0 4 0 1 12.011 0.04141628831 -0.2035 2.753 0
6 2 2 0 4 0 1 12.011 0.06420453219 -0.2035 2.753 0
8 2 0 0 4 0 1 15.999 -0.377777805 -0.0684 1.085 0
6 2 2 0 4 0 1 12.011 0.06420453219 -0.2035 2.753 0
6 2 2 0 4 0 1 12.011 0.04141628831 -0.2035 2.753 0
6 2 1 0 3 1 1 12.011 0.03440973184 0.1581 3.35 0
7 3 0 0 3 1 1 14.007 -0.2975358667 -0.3239 2.202 0
6 2 1 0 3 1 1 12.011 0.0381394391 0.1581 3.35 0
7 2 0 0 3 1 1 14.007 -0.2416217109 -0.3239 2.202 0
6 3 0 0 3 1 1 12.011 0.1526163725 0.245 3.564 0
17 1 0 0 4 0 0 35.453 -0.05996403506 0.6895 5.853 0
6 3 0 0 3 1 1 12.011 0.08752122976 0.1893 2.673 0
6 2 1 0 3 1 1 12.011 -0.03872246129 0.1581 3.35 0
6 2 1 0 3 1 1 12.011 -0.02495757336 0.1581 3.35 0
6 3 0 0 3 1 1 12.011 0.122795443 0 3.257 0
9 1 0 0 4 0 0 18.998 -0.2070110509 0.4202 1.108 0
6 2 1 0 3 1 1 12.011 -0.02495757336 0.1581 3.35 0
6 2 1 0 3 1 1 12.011 -0.03872246129 0.1581 3.35 0
0 1 2 0 0 0
1 2 2 0 0 0
1 3 1 0 0 0
3 4 1 1 0 0
4 5 1.5 1 1 0
5 6 1.5 1 1 0
6 7 1 1 0 0
7 8 1.5 1 1 0
8 9 1.5 1 1 0
9 10 1.5 1 1 0
10 11 1.5 1 1 0
11 12 1.5 1 1 0
12 13 1.5 1 1 0
13 14 1 1 0 0
14 15 1 0 1 0
15 16 1 0 1 0
16 17 1 0 1 0
17 18 1 0 1 0
18 19 1 0 1 0
13 20 1.5 1 1 0
20 21 1.5 1 1 0
6 22 1.5 1 1 0
22 23 1.5 1 1 0
23 24 1.5 1 1 0
24 25 1 0 0 0
1 26 1 0 0 0
26 27 1.5 1 1 0
27 28 1.5 1 1 0
28 29 1.5 1 1 0
29 30 1 0 0 0
29 31 1.5 1 1 0
31 32 1.5 1 1 0
24 4 1.5 1 1 0
32 26 1.5 1 1 0
21 7 1.5 1 1 0
21 10 1.5 1 1 0
19 14 1 0 1 0
29 31 1
6 1 3 0 4 0 0 12.011 0.07754707307 -0.2035 2.753 0
8 2 0 0 3 0 0 15.999 -0.4958418391 -0.4195 1.182 0
6 3 0 0 3 1 1 12.011 0.1332788478 0.5437 3.853 0
6 2 1 0 3 1 1 12.011 0.005428127471 0.1581 3.35 0
6 3 0 0 3 1 1 12.011 0.05406760664 0.4619 4.067 0
7 1 2 0 3 0 0 14.007 -0.3974117488 -1.027 2.827 0
6 3 0 0 3 1 1 12.011 0.0645663729 0.245 3.564 0
17 1 0 0 4 0 0 35.453 -0.08205247904 0.6895 5.853 0
6 2 1 0 3 1 1 12.011 -0.02484978801 0.1581 3.35 0
6 3 0 0 3 1 1 12.011 0.08293017683 0.136 3.509 0
6 3 0 0 3 0 0 12.011 0.254646585 -0.2783 5.007 0
8 1 0 0 3 0 0 15.999 -0.2691624071 0.1129 0.2215 0
7 2 1 0 3 0 0 14.007 -0.3506324026 -0.7096 2.173 0
6 2 2 0 4 0 0 12.011 0.03046667105 -0.2035 2.753 0
6 2 2 0 4 0 0 12.011 0.01578700037 -0.2035 2.753 0
7 3 0 0 4 0 1 14.007 -0.298076593 -0.3187 1.839 0
6 2 2 0 4 0 1 12.011 0.01593121887 -0.2035 2.753 0
6 2 2 0 4 0 1 12.011 0.03071755444 -0.2035 2.753 0
7 3 0 0 3 0 1 14.007 -0.3659776378 -0.4458 2.819 0
6 3 0 0 3 1 1 12.011 0.07941879357 0.4619 4.067 0
6 2 1 0 3 1 1 12.011 -0.03492963702 0.1581 3.35 0
6 2 1 0 3 1 1 12.011 -0.05993244215 0.1581 3.35 0
6 2 1 0 3 1 1 12.011 -0.05842881478 0.1581 3.35 0
6 2 1 0 3 1 1 12.011 -0.01780624987 0.1581 3.35 0
6 3 0 0 3 1 1 12.011 0.141655016 0.5437 3.853 0
8 2 0 0 3 0 0 15.999 -0.4945862545 -0.4195 1.182 0
6 1 3 0 4 0 0 12.011 0.07762490247 -0.2035 2.753 0
6 2 2 0 4 0 1 12.011 0.03071755444 -0.2035 2.753 0
6 2 2 0 4 0 1 12.011 0.01593121887 -0.2035 2.753 0
0 1 1 0 0 0
1 2 1 1 0 0
2 3 1.5 1 1 0
3 4 1.5 1 1 0
4 5 1 1 0 0
4 6 1.5 1 1 0
6 7 1 0 0 0
6 8 1.5 1 1 0
8 9 1.5 1 1 0
9 10 1 1 0 0
10 11 2 1 0 0
10 12 1 1 0 0
12 13 1 0 0 0
13 14 1 0 0 0
14 15 1 0 0 0
15 16 1 0 1 0
16 17 1 0 1 0
17 18 1 0 1 0
18 19 1 1 0 0
19 20 1.5 1 1 0
20 21 1.5 1 1 0
21 22 1.5 1 1 0
22 23 1.5 1 1 0
23 24 1.5 1 1 0
24 25 1 1 0 0
25 26 1 0 0 0
18 27 1 0 1 0
27 28 1 0 1 0
9 2 1.5 1 1 0
28 15 1 0 1 0
24 19 1.5 1 1 0
34 38 1
6 1 3 0 4 0 0 12.011 0.07762490247 -0.2035 2.753 0
8 2 0 0 3 0 0 15.999 -0.4945862545 -0.4195 1.182 0
6 3 0 0 3 1 1 12.011 0.141655016 0.5437 3.853 0
6 2 1 0 3 1 1 12.011 -0.01780624987 0.1581 3.35 0
6 2 1 0 3 1 1 12.011 -0.05842881478 0.1581 3.35 0
6 2 1 0 3 1 1 12.011 -0.05993244215 0.1581 3.35 0
6 2 1 0 3 1 1 12.011 -0.03492963702 0.1581 3.35 0
6 3 0 0 3 1 1 12.011 0.07941879349 0.4619 4.067 0
7 3 0 0 3 0 1 14.007 -0.3659776599 -0.4458 2.819 0
6 2 2 0 4 0 1 12.011 0.03071622813 -0.2035 2.753 0
6 2 2 0 4 0 1 12.011 0.01585623915 -0.2035 2.753 0
7 3 0 0 4 0 1 14.007 -0.2998252163 -0.3187 1.839 0
6 2 2 0 4 0 0 12.011 -0.001723330307 -0.2035 2.753 0
6 2 2 0 4 0 0 12.011 -0.04040181535 0.1441 2.503 0
6 2 2 0 4 0 0 12.011 -0.05171326771 0.1441 2.503 0
6 2 2 0 4 0 0 12.011 -0.04755048434 0.1441 2.503 0
6 2 2 0 4 0 0 12.011 -0.006901153791 -0.0516 2.488 0
6 3 0 0 3 1 1 12.011 0.08313787846 0.136 3.509 0
6 2 1 0 3 1 1 12.011 0.05429752801 0.1581 3.35 0
7 3 0 0 3 1 1 14.007 -0.2198488729 -0.3239 2.202 0
6 3 0 0 3 1 1 12.011 0.07425823054 0.2713 3.904 0
6 2 1 0 3 1 1 12.011 -0.03564400569 0.1581 3.35 0
6 2 1 0 3 1 1 12.011 -0.05942464609 0.1581 3.35 0
6 2 1 0 3 1 1 12.011 -0.05267690782 0.1581 3.35 0
6 3 0 0 3 1 1 12.011 0.002157262126 0.2955 4.346 0
6 2 1 0 3 1 1 12.011 0.03466268953 0.1581 3.35 0
7 2 0 0 3 1 1 14.007 -0.2640627967 -0.3239 2.202 0
6 2 1 0 3 1 1 12.011 0.02745178144 0.1581 3.35 0
6 2 1 0 3 1 1 12.011 -0.03376711614 0.1581 3.35 0
6 3 0 0 3 1 1 12.011 0.01054608891 0.2955 4.346 0
7 2 0 0 3 1 1 14.007 -0.06208711367 -0.3239 2.202 0
7 2 0 0 3 1 1 14.007 -0.1350910091 -0.3239 2.202 0
6 2 2 0 4 0 1 12.011 0.01585623915 -0.2035 2.753 0
6 2 2 0 4 0 1 12.011 0.03071622813 -0.2035 2.753 0
0 1 1 0 0 0
1 2 1 1 0 0
2 3 1.5 1 1 0
3 4 1.5 1 1 0
4 5 1.5 1 1 0
5 6 1.5 1 1 0
6 7 1.5 1 1 0
7 8 1 1 0 0
8 9 1 0 1 0
9 10 1 0 1 0
10 11 1 0 1 0
11 12 1 0 0 0
12 13 1 0 0 0
13 14 1 0 0 0
14 15 1 0 0 0
15 16 1 0 0 0
16 17 1 0 0 0
17 18 1.5 1 1 0
18 19 1.5 1 1 0
19 20 1 1 0 0
20 21 1.5 1 1 0
21 22 1.5 1 1 0
22 23 1.5 1 1 0
23 24 1.5 1 1 0
24 25 1.5 1 1 0
25 26 1.5 1 1 0
26 27 1.5 1 1 0
27 28 1.5 1 1 0
28 29 1.5 1 1 0
19 30 1.5 1 1 0
30 31 1.5 1 1 0
11 32 1 0 1 0
32 33 1 0 1 0
7 2 1.5 1 1 0
33 8 1 0 1 0
31 17 1.5 1 1 0
29 20 1.5 1 1 0
29 24 1.5 1 1 0
18 21 1
8 1 0 0 3 0 0 15.999 -0.2669231314 0.1788 3.135 0
6 3 0 0 3 1 1 12.011 0.2781537693 -0.8186 3.135 0
6 3 0 0 3 1 1 12.011 0.04943145664 0.136 3.509 0
6 3 0 0 3 1 1 12.011 0.03603950251 0.136 3.509 0
7 2 1 0 3 1 1 14.007 -0.3422762472 -0.3239 2.202 0
6 3 0 0 3 1 1 12.011 0.1377279724 0.2955 4.346 0
6 2 1 0 3 1 1 12.011 0.01236448849 0.1581 3.35 0
6 3 0 0 3 1 1 12.011 0.1303743381 0.2713 3.904 0
6 3 0 0 3 1 1 12.011 0.1537050618 0.2713 3.904 0
6 2 1 0 3 1 1 12.011 -0.01393359028 0.1581 3.35 0
6 2 1 0 3 1 1 12.011 -0.02309982159 0.1581 3.35 0
6 2 1 0 3 1 1 12.011 0.09126226468 0.1581 3.35 0
8 2 0 0 3 1 1 15.999 -0.4626550384 0.1552 1.08 0
7 2 0 0 3 1 1 14.007 -0.159694527 -0.3239 2.202 0
7 3 0 0 3 1 1 14.007 -0.17937316 -0.3239 2.202 0
6 2 2 0 4 0 1 12.011 0.03447366123 -0.0516 2.488 0
16 2 0 0 4 0 1 32.067 -0.1505547461 0.6482 7.591 0
6 2 2 0 4 0 1 12.011 0.02611470565 -0.0516 2.488 0
0 1 2 1 0 0
1 2 1.5 1 1 0
2 3 1.5 1 1 0
3 4 1.5 1 1 0
4 5 1.5 1 1 0
5 6 1.5 1 1 0
6 7 1.5 1 1 0
7 8 1 1 0 0
8 9 1.5 1 1 0
9 10 1.5 1 1 0
10 11 1.5 1 1 0
11 12 1.5 1 1 0
7 13 1.5 1 1 0
13 14 1.5 1 1 0
3 15 1 0 1 0
15 16 1 0 1 0
16 17 1 0 1 0
14 1 1.5 1 1 0
17 2 1 0 1 0
14 5 1.5 1 1 0
12 8 1.5 1 1 0
38 40 1
9 1 0 0 4 0 0 18.998 -0.2068889436 0.4202 1.108 0
6 3 0 0 3 1 1 12.011 0.1258978494 0 3.257 0
6 2 1 0 3 1 1 12.011 -0.02281342357 0.1581 3.35 0
6 3 0 0 3 1 1 12.011 -0.04006558937 0.136 3.509 0
6 2 1 0 3 1 1 12.011 -0.02281342357 0.1581 3.35 0
6 3 0 0 3 1 1 12.011 0.1258978494 0 3.257 0
9 1 0 0 4 0 0 18.998 -0.2068889436 0.4202 1.108 0
6 2 1 0 3 1 1 12.011 0.009574548975 0.1581 3.35 0
6 2 2 0 4 0 0 12.011 -0.004449308315 -0.0516 2.488 0
6 3 1 0 4 0 0 12.011 0.06428847854 -0.2051 2.731 0
7 2 1 0 3 0 0 14.007 -0.3504311899 -0.7096 2.173 0
6 3 0 0 3 0 0 12.011 0.2166921841 -0.2783 5.007 0
8 1 0 0 3 0 0 15.999 -0.2754579618 -0.1526 0 0
6 1 3 0 4 0 0 12.011 0.01483216881 0.1441 2.503 0
6 3 1 0 4 0 0 12.011 0.123141042 -0.2051 2.731 0
8 1 1 0 4 0 0 15.999 -0.3850694819 -0.2893 0.8238 0
6 2 2 0 4 0 0 12.011 0.1045997954 -0.2035 2.753 0
7 2 2 1 4 0 0 14.007 -0.3354260078 -1.95 0 0
6 4 0 0 4 0 1 12.011 0.1218663518 -0.0967 2.576 0
6 2 2 0 4 0 1 12.011 0.008630202294 0.1441 2.503 0
6 2 2 0 4 0 1 12.011 -0.02647468822 0.1441 2.503 0
6 3 1 0 4 0 1 12.011 0.02926139535 -0.2051 2.731 0
7 2 1 0 3 0 0 14.007 -0.3536073541 -0.7096 2.173 0
6 3 0 0 3 0 0 12.011 0.2165867458 -0.2783 5.007 0
8 1 0 0 3 0 0 15.999 -0.2754598856 -0.1526 0 0
6 1 3 0 4 0 0 12.011 0.01483022493 0.1441 2.503 0
6 2 2 0 4 0 1 12.011 -0.02647468822 0.1441 2.503 0
6 2 2 0 4 0 1 12.011 0.008630202294 0.1441 2.503 0
6 3 0 0 3 1 1 12.011 0.01254451114 0.136 3.509 0
6 2 1 0 3 1 1 12.011 -0.04904591156 0.1581 3.35 0
6 3 0 0 3 1 1 12.011 -0.0421222715 0.136 3.509 0
6 2 1 0 3 1 1 12.011 -0.05848246425 0.1581 3.35 0
6 2 1 0 3 1 1 12.011 -0.06145600702 0.1581 3.35 0
6 2 1 0 3 1 1 12.011 -0.05278180114 0.1581 3.35 0
6 4 0 0 4 0 0 12.011 -0.01317107441 -0.0967 2.576 0
6 1 3 0 4 0 0 12.011 -0.05607973717 0.1441 2.503 0
6 1 3 0 4 0 0 12.011 -0.05607973717 0.1441 2.503 0
6 1 3 0 4 0 0 12.011 -0.05607973717 0.1441 2.503 0
0 1 1 0 0 0
1 2 1.5 1 1 0
2 3 1.5 1 1 0
3 4 1.5 1 1 0
4 5 1.5 1 1 0
5 6 1 0 0 0
5 7 1.5 1 1 0
3 8 1 0 0 0
8 9 1 0 0 0
9 10 1 0 0 0
10 11 1 1 0 0
11 12 2 1 0 0
11 13 1 0 0 0
9 14 1 0 0 0
14 15 1 0 0 0
14 16 1 0 0 0
16 17 1 0 0 0
17 18 1 0 0 0
18 19 1 0 1 0
19 20 1 0 1 0
20 21 1 0 1 0
21 22 1 0 0 0
22 23 1 1 0 0
23 24 2 1 0 0
23 25 1 0 0 0
21 26 1 0 1 0
26 27 1 0 1 0
18 28 1 0 0 0
28 29 1.5 1 1 0
29 30 1.5 1 1 0
30 31 1.5 1 1 0
31 32 1.5 1 1 0
32 33 1.5 1 1 0
30 34 1 0 0 0
34 35 1 0 0 0
34 36 1 0 0 0
34 37 1 0 0 0
7 1 1.5 1 1 0
27 18 1 0 1 0
33 28 1.5 1 1 0
32 33 1
6 1 3 0 4 0 0 12.011 -0.06538198597 0.1441 2.503 0
6 2 2 0 4 0 0 12.011 -0.05614582433 0.1441 2.503 0
6 2 2 0 4 0 0 12.011 -0.05273193201 0.1441 2.503 0
6 2 2 0 4 0 0 12.011 -0.03958898188 0.1441 2.503 0
6 3 1 0 4 0 0 12.011 0.06070567181 0 2.433 0
6 2 2 0 4 0 0 12.011 -0.01449258557 -0.0516 2.488 0
6 3 0 0 3 1 1 12.011 -0.04655192571 0.136 3.509 0
6 2 1 0 3 1 1 12.011 -0.05531307517 0.1581 3.35 0
6 2 1 0 3 1 1 12.011 -0.0193492482 0.1581 3.35 0
6 3 0 0 3 1 1 12.011 0.1233559874 0.5437 3.853 0
8 2 0 0 3 0 0 15.999 -0.4964061622 -0.4195 1.182 0
6 1 3 0 4 0 0 12.011 0.07752386997 -0.2035 2.753 0
6 3 0 0 3 1 1 12.011 0.01353959006 0.136 3.509 0
6 2 2 0 4 0 0 12.011 0.04674022083 -0.0516 2.488 0
7 2 1 0 3 0 0 14.007 -0.3477260264 -0.7096 2.173 0
6 3 0 0 3 0 0 12.011 0.2540232498 -0.2783 5.007 0
8 1 0 0 3 0 0 15.999 -0.2691906228 0.1129 0.2215 0
6 3 0 0 3 1 1 12.011 0.07506116243 0.136 3.509 0
6 2 1 0 3 1 1 12.011 -0.04587568909 0.1581 3.35 0
6 2 1 0 3 1 1 12.011 -0.04901429701 0.1581 3.35 0
6 3 0 0 3 1 1 12.011 0.05844267609 0.136 3.509 0
6 4 0 0 4 0 0 12.011 0.4160139646 -0.0967 2.576 0
9 1 0 0 4 0 0 18.998 -0.1661354368 0.4202 1.108 0
9 1 0 0 4 0 0 18.998 -0.1661354368 0.4202 1.108 0
9 1 0 0 4 0 0 18.998 -0.1661354368 0.4202 1.108 0
6 2 1 0 3 1 1 12.011 -0.01325003093 0.1581 3.35 0
6 3 0 0 3 1 1 12.011 0.1360560929 0 3.257 0
9 1 0 0 4 0 0 18.998 -0.2061132374 0.4202 1.108 0
6 2 1 0 3 1 1 12.011 -0.05029818614 0.1581 3.35 0
6 3 0 0 3 0 0 12.011 0.3063264025 -0.2783 5.007 0
8 1 0 0 3 0 0 15.999 -0.2521361255 -0.1526 0 0
8 1 1 0 3 0 0 15.999 -0.4810179607 -0.2893 0.8238 0
0 1 1 0 0 0
1 2 1 0 0 0
2 3 1 0 0 0
3 4 1 0 0 0
4 5 1 0 0 0
5 6 1 0 0 0
6 7 1.5 1 1 0
7 8 1.5 1 1 0
8 9 1.5 1 1 0
9 10 1 1 0 0
10 11 1 0 0 0
9 12 1.5 1 1 0
12 13 1 0 0 0
13 14 1 0 0 0
14 15 1 1 0 0
15 16 2 1 0 0
15 17 1 1 0 0
17 18 1.5 1 1 0
18 19 1.5 1 1 0
19 20 1.5 1 1 0
20 21 1 0 0 0
21 22 1 0 0 0
21 23 1 0 0 0
21 24 1 0 0 0
20 25 1.5 1 1 0
25 26 1.5 1 1 0
26 27 1 0 0 0
12 28 1.5 1 1 0
4 29 1 0 0 0
29 30 2 1 0 0
29 31 1 1 0 0
28 6 1.5 1 1 0
26 17 1.5 1 1 0
34 37 1
6 1 3 0 4 0 0 12.011 -0.023845657 0.1441 2.503 0
6 3 1 0 4 0 1 12.011 0.1416621098 -0.2051 2.731 1
8 2 0 0 3 0 1 15.999 -0.3912551713 -0.0684 1.085 0
7 2 0 0 3 0 1 14.007 -0.08956310678 0.1836 2.428 0
6 3 0 0 3 0 1 12.011 0.1032713933 -0.2783 5.007 0
6 3 0 0 3 1 1 12.011 0.001006018706 0.136 3.509 0
6 2 1 0 3 1 1 12.011 -0.05295496427 0.1581 3.35 0
6 2 1 0 3 1 1 12.011 -0.06087323513 0.1581 3.35 0
6 2 1 0 3 1 1 12.011 -0.05126435779 0.1581 3.35 0
6 3 0 0 3 1 1 12.011 0.01664839645 0.136 3.509 0
6 3 0 0 3 0 0 12.011 0.1222960645 -0.2783 5.007 0
7 1 1 0 3 0 0 14.007 -0.2844871262 0.08387 1.757 0
7 1 2 0 3 0 0 14.007 -0.3836818274 -1.019 2.262 0
6 2 1 0 3 1 1 12.011 -0.04204727789 0.1581 3.35 0
6 3 1 0 4 0 1 12.011 0.123567856 0 2.433 -1
6 3 0 0 3 0 0 12.011 0.2370635802 -0.2783 5.007 0
8 1 0 0 3 0 0 15.999 -0.2738052417 -0.1526 0 0
7 2 1 0 3 0 0 14.007 -0.3253850646 -0.5188 3 0
6 3 0 0 3 1 1 12.011 0.04073002846 0.4619 4.067 0
6 2 1 0 3 1 1 12.011 -0.03791817908 0.1581 3.35 0
6 2 1 0 3 1 1 12.011 -0.05227149785 0.1581 3.35 0
6 3 0 0 3 1 1 12.011 -0.0168900564 0.2713 3.904 0
6 3 0 0 3 1 1 12.011 0.001684650033 0.2713 3.904 0
6 2 1 0 3 1 1 12.011 -0.05301746188 0.1581 3.35 0
6 2 1 0 3 1 1 12.011 -0.06156331945 0.1581 3.35 0
6 2 1 0 3 1 1 12.011 -0.06087608624 0.1581 3.35 0
6 2 1 0 3 1 1 12.011 -0.04149616943 0.1581 3.35 0
6 3 0 0 3 1 1 12.011 0.08957690276 0.1893 2.673 0
16 4 0 0 4 0 0 32.067 0.2381651769 -0.0024 7.365 0
7 1 2 0 4 0 0 14.007 -0.2246088445 -1.019 2.262 0
8 1 0 0 3 0 0 15.999 -0.2073075907 -0.3339 0.7774 0
8 1 0 0 3 0 0 15.999 -0.2073075907 -0.3339 0.7774 0
6 2 1 0 3 1 1 12.011 -0.05227149785 0.1581 3.35 0
6 2 1 0 3 1 1 12.011 -0.03791817908 0.1581 3.35 0
0 1 1 0 0 0
1 2 1 0 1 0
2 3 1 1 1 0
3 4 2 1 1 0
4 5 1 1 0 0
5 6 1.5 1 1 0
6 7 1.5 1 1 0
7 8 1.5 1 1 0
8 9 1.5 1 1 0
9 10 1 1 0 0
10 11 2 1 0 0
10 12 1 1 0 0
9 13 1.5 1 1 0
4 14 1 0 1 0
14 15 1 0 0 0
15 16 2 1 0 0
15 17 1 1 0 0
17 18 1 1 0 0
18 19 1.5 1 1 0
19 20 1.5 1 1 0
20 21 1.5 1 1 0
21 22 1 1 0 0
22 23 1.5 1 1 0
23 24 1.5 1 1 0
24 25 1.5 1 1 0
25 26 1.5 1 1 0
26 27 1.5 1 1 0
27 28 1 0 0 0
28 29 1 0 0 0
28 30 2 0 0 0
28 31 2 0 0 0
21 32 1.5 1 1 0
32 33 1.5 1 1 0
14 1 1 0 1 0
33 18 1.5 1 1 0
13 5 1.5 1 1 0
27 22 1.5 1 1 0
40 42 1
7 1 1 0 3 0 0 14.007 -0.2696220712 0.08387 1.757 0
6 3 0 0 3 0 0 12.011 0.1852050305 -0.2783 5.007 0
7 1 2 0 3 0 0 14.007 -0.370160438 -1.019 2.262 0
7 2 1 0 3 0 0 14.007 -0.3567617565 -0.7096 2.173 0
6 2 2 0 4 0 0 12.011 0.01754830042 -0.2035 2.753 0
6 2 2 0 4 0 0 12.011 -0.03327852808 0.1441 2.503 0
6 2 2 0 4 0 0 12.011 -0.02336020309 0.1441 2.503 0
6 3 1 0 4 0 1 12.011 0.0974568304 -0.2051 2.731 1
7 2 1 0 3 0 1 14.007 -0.3439168112 -0.7096 2.173 0
6 3 0 0 3 0 1 12.011 0.2429043568 -0.2783 5.007 0
8 1 0 0 3 0 0 15.999 -0.2726970452 -0.1526 0 0
6 3 1 0 4 0 1 12.011 0.1106551197 -0.2051 2.731 1
6 2 2 0 4 0 1 12.011 -0.02176787822 0.1441 2.503 0
6 2 2 0 4 0 1 12.011 -0.03293679729 0.1441 2.503 0
6 2 2 0 4 0 1 12.011 0.02149040874 -0.2035 2.753 0
7 3 0 0 3 0 1 14.007 -0.3285799274 -0.3187 1.839 0
6 3 0 0 3 0 1 12.011 0.2499864358 -0.2783 5.007 0
8 1 0 0 3 0 0 15.999 -0.272057588 -0.1526 0 0
6 3 1 0 4 0 1 12.011 0.1334836496 0.1193 2.582 -1
6 3 0 0 3 1 1 12.011 -0.01623692861 0.136 3.509 0
6 2 1 0 3 1 1 12.011 -0.05643831075 0.1581 3.35 0
6 2 1 0 3 1 1 12.011 -0.06190128817 0.1581 3.35 0
6 2 1 0 3 1 1 12.011 -0.06224569907 0.1581 3.35 0
6 2 1 0 3 1 1 12.011 -0.06190128817 0.1581 3.35 0
6 2 1 0 3 1 1 12.011 -0.05643831075 0.1581 3.35 0
7 2 1 0 3 0 1 14.007 -0.3405298076 -0.7096 2.173 0
6 3 0 0 3 0 1 12.011 0.2203944394 -0.2783 5.007 0
8 1 0 0 3 0 0 15.999 -0.27511272 -0.1526 0 0
6 2 2 0 4 0 1 12.011 0.02649561877 0.1441 2.503 0
6 2 2 0 4 0 1 12.011 -0.04449574742 0.1441 2.503 0
6 2 2 0 4 0 1 12.011 -0.05281136589 0.1441 2.503 0
6 2 2 0 4 0 1 12.011 -0.05322646986 0.1441 2.503 0
6 2 2 0 4 0 1 12.011 -0.05163040008 0.1441 2.503 0
6 2 2 0 4 0 1 12.011 -0.03568314622 0.1441 2.503 0
6 2 2 0 4 0 1 12.011 0.01778505224 -0.2035 2.753 0
7 2 1 0 3 0 1 14.007 -0.3494334105 -0.7096 2.173 0
6 3 0 0 3 0 1 12.011 0.2891062595 -0.2783 5.007 0
8 1 0 0 3 0 0 15.999 -0.2658116188 -0.1526 0 0
6 3 0 0 3 0 1 12.011 0.2415881611 -0.2783 5.007 0
8 1 0 0 3 0 0 15.999 -0.2863468346 -0.1526 0 0
0 1 2 1 0 0
1 2 1 1 0 0
1 3 1 1 0 0
3 4 1 0 0 0
4 5 1 0 0 0
5 6 1 0 0 0
6 7 1 0 0 0
7 8 1 0 1 0
8 9 1 1 1 0
9 10 2 1 0 0
9 11 1 0 1 0
11 12 1 0 1 0
12 13 1 0 1 0
13 14 1 0 1 0
14 15 1 0 1 0
15 16 1 1 1 0
16 17 2 1 0 0
16 18 1 0 1 0
18 19 1 0 0 0
19 20 1.5 1 1 0
20 21 1.5 1 1 0
21 22 1.5 1 1 0
22 23 1.5 1 1 0
23 24 1.5 1 1 0
18 25 1 0 1 0
25 26 1 1 1 0
26 27 2 1 0 0
26 28 1 0 1 0
28 29 1 0 1 0
29 30 1 0 1 0
30 31 1 0 1 0
31 32 1 0 1 0
32 33 1 0 1 0
33 34 1 0 1 0
34 35 1 0 1 0
35 36 1 1 1 0
36 37 2 1 0 0
36 38 1 1 1 0
38 39 2 1 0 0
38 7 1 0 1 0
15 11 1 0 1 0
24 19 1.5 1 1 0
27 31 1
17 1 0 0 4 0 0 35.453 -0.08434184339 0.6895 5.853 0
6 3 0 0 3 1 1 12.011 0.04069993845 0.245 3.564 0
6 2 1 0 3 1 1 12.011 -0.04146839781 0.1581 3.35 0
6 2 1 0 3 1 1 12.011 -0.03727720131 0.1581 3.35 0
6 3 0 0 3 1 1 12.011 0.03676242701 0.4619 4.067 0
7 3 0 0 3 0 1 14.007 -0.3689645105 -0.4458 2.819 0
6 2 2 0 4 0 1 12.011 0.03060139532 -0.2035 2.753 0
6 2 2 0 4 0 1 12.011 0.01621143362 -0.2035 2.753 0
7 3 0 0 4 0 1 14.007 -0.295431967 -0.3187 1.839 0
6 2 2 0 4 0 0 12.011 0.02721883806 -0.0516 2.488 0
6 3 0 0 3 1 1 12.011 0.01196352271 0.136 3.509 0
6 2 1 0 3 1 1 12.011 0.05452316023 0.1581 3.35 0
7 2 0 0 3 1 1 14.007 -0.1755985348 -0.3239 2.202 0
7 3 0 0 3 1 1 14.007 -0.2327699358 -0.3239 2.202 0
6 3 0 0 3 1 1 12.011 0.07137025247 0.2955 4.346 0
6 2 1 0 3 1 1 12.011 -0.03527939387 0.1581 3.35 0
6 2 1 0 3 1 1 12.011 -0.05065791979 0.1581 3.35 0
6 3 0 0 3 1 1 12.011 0.0002587154195 0.2955 4.346 0
6 2 1 0 3 1 1 12.011 -0.05281350846 0.1581 3.35 0
6 2 1 0 3 1 1 12.011 -0.06151757842 0.1581 3.35 0
6 2 1 0 3 1 1 12.011 -0.06007744867 0.1581 3.35 0
6 2 1 0 3 1 1 12.011 -0.03572875563 0.1581 3.35 0
6 3 0 0 3 1 1 12.011 0.07245812838 0.2955 4.346 0
6 2 2 0 4 0 1 12.011 0.01621143362 -0.2035 2.753 0
6 2 2 0 4 0 1 12.011 0.03060139532 -0.2035 2.753 0
6 2 1 0 3 1 1 12.011 -0.03727720131 0.1581 3.35 0
6 2 1 0 3 1 1 12.011 -0.04146839781 0.1581 3.35 0
0 1 1 0 0 0
1 2 1.5 1 1 0
2 3 1.5 1 1 0
3 4 1.5 1 1 0
4 5 1 1 0 0
5 6 1 0 1 0
6 7 1 0 1 0
7 8 1 0 1 0
8 9 1 0 0 0
9 10 1 0 0 0
10 11 1.5 1 1 0
11 12 1.5 1 1 0
12 13 1.5 1 1 0
13 14 1.5 1 1 0
14 15 1.5 1 1 0
15 16 1.5 1 1 0
16 17 1.5 1 1 0
17 18 1.5 1 1 0
18 19 1.5 1 1 0
19 20 1.5 1 1 0
20 21 1.5 1 1 0
21 22 1.5 1 1 0
8 23 1 0 1 0
23 24 1 0 1 0
4 25 1.5 1 1 0
25 26 1.5 1 1 0
26 1 1.5 1 1 0
24 5 1 0 1 0
14 10 1.5 1 1 0
22 17 1.5 1 1 0
22 13 1.5 1 1 0
33 36 1
6 1 3 0 4 0 0 12.011 0.005524739407 -0.2035 2.753 0
7 2 1 0 3 0 0 14.007 -0.3645703594 -0.5188 3 0
6 3 0 0 3 1 1 12.011 0.1827616642 0.4619 4.067 0
7 2 0 0 3 1 1 14.007 -0.2249564994 -0.3239 2.202 0
6 3 0 0 3 1 1 12.011 0.06011327541 0.136 3.509 0
6 1 3 0 4 0 0 12.011 -0.02057873819 0.08452 2.464 0
6 3 0 0 3 1 1 12.011 0.07916760852 0.2713 3.904 0
16 2 0 0 3 1 1 32.067 -0.09504839726 0.6237 6.691 0
6 3 0 0 3 1 1 12.011 0.105548521 0.2713 3.904 0
7 2 0 0 3 1 1 14.007 -0.2103932427 -0.3239 2.202 0
6 3 0 0 3 1 1 12.011 0.2273384353 0.4619 4.067 0
7 2 1 0 3 0 0 14.007 -0.3240901867 -0.5188 3 0
6 3 0 0 3 1 1 12.011 0.04293587655 0.4619 4.067 0
6 2 1 0 3 1 1 12.011 -0.03837482665 0.1581 3.35 0
6 2 1 0 3 1 1 12.011 -0.05813995555 0.1581 3.35 0
6 2 1 0 3 1 1 12.011 -0.03860355438 0.1581 3.35 0
6 3 0 0 3 1 1 12.011 0.03871828171 0.4619 4.067 0
6 2 1 0 3 1 1 12.011 -0.01505222132 0.1581 3.35 0
7 3 0 0 3 0 1 14.007 -0.3696294259 -0.4458 2.819 0
6 2 2 0 4 0 1 12.011 0.01951589519 -0.2035 2.753 0
6 2 2 0 4 0 1 12.011 -0.01771827951 0.1441 2.503 0
6 2 2 0 4 0 1 12.011 0.02219475114 -0.2035 2.753 0
7 3 0 0 3 0 1 14.007 -0.3411009441 -0.3187 1.839 0
6 2 2 0 4 0 1 12.011 0.03804174948 -0.2035 2.753 0
6 2 2 0 4 0 1 12.011 0.03546468118 -0.2035 2.753 0
6 3 0 0 3 0 0 12.011 0.2190053329 -0.2783 5.007 0
8 1 0 0 3 0 0 15.999 -0.2752377938 -0.1526 0 0
6 1 3 0 4 0 0 12.011 0.01503999554 0.1441 2.503 0
7 2 0 0 3 1 1 14.007 -0.2199312959 -0.3239 2.202 0
6 2 1 0 3 1 1 12.011 0.05092233668 0.1581 3.35 0
6 3 0 0 3 1 1 12.011 0.09770756972 0.136 3.509 0
6 2 0 0 2 0 0 12.011 0.1030988635 0.0017 3.888 0
7 1 0 0 2 0 0 14.007 -0.1922934735 0.01508 1.725 0
0 1 1 0 0 0
1 2 1 1 0 0
2 3 1.5 1 1 0
3 4 1.5 1 1 0
4 5 1 0 0 0
4 6 1.5 1 1 0
6 7 1.5 1 1 0
6 8 1 1 0 0
8 9 1.5 1 1 0
9 10 1.5 1 1 0
10 11 1 1 0 0
11 12 1 1 0 0
12 13 1.5 1 1 0
13 14 1.5 1 1 0
14 15 1.5 1 1 0
15 16 1.5 1 1 0
16 17 1.5 1 1 0
16 18 1 1 0 0
18 19 1 0 1 0
19 20 1 0 1 0
20 21 1 0 1 0
21 22 1 0 1 0
22 23 1 0 1 0
23 24 1 0 1 0
22 25 1 1 0 0
25 26 2 1 0 0
25 27 1 0 0 0
10 28 1.5 1 1 0
28 29 1.5 1 1 0
29 30 1.5 1 1 0
30 31 1 1 0 0
31 32 3 1 0 0
7 2 1.5 1 1 0
30 8 1.5 1 1 0
17 12 1.5 1 1 0
24 18 1 0 1 0
27 30 1
9 1 0 0 4 0 0 18.998 -0.207012155 0.4202 1.108 0
6 3 0 0 3 1 1 12.011 0.1227288656 0 3.257 0
6 2 1 0 3 1 1 12.011 -0.02600092482 0.1581 3.35 0
6 2 1 0 3 1 1 12.011 -0.05483208026 0.1581 3.35 0
6 3 0 0 3 1 1 12.011 -0.033723777 0.136 3.509 0
6 2 2 0 4 0 0 12.011 0.02347725121 -0.0516 2.488 0
7 3 0 0 4 0 1 14.007 -0.2955717715 -0.3187 1.839 0
6 2 2 0 4 0 1 12.011 0.0162525485 -0.2035 2.753 0
6 2 2 0 4 0 1 12.011 0.03177863329 -0.2035 2.753 0
7 3 0 0 3 0 1 14.007 -0.3560175228 -0.3187 1.839 0
6 2 2 0 4 0 1 12.011 0.03177863329 -0.2035 2.753 0
6 2 2 0 4 0 1 12.011 0.0162525485 -0.2035 2.753 0
6 3 0 0 3 0 1 12.011 0.1260219298 -0.2783 5.007 0
7 2 0 0 3 0 1 14.007 -0.1516859843 0.1836 2.428 0
7 3 0 0 3 1 1 14.007 -0.1910724253 -0.3239 2.202 0
6 3 0 0 3 1 1 12.011 0.1550296968 0.136 3.509 0
6 2 2 0 4 0 1 12.011 0.01660807428 -0.0516 2.488 0
6 2 2 0 4 0 1 12.011 0.01438228442 0.1441 2.503 0
7 2 0 0 3 1 1 14.007 -0.1330678478 -0.3239 2.202 0
7 2 0 0 3 1 1 14.007 -0.1234235984 -0.3239 2.202 0
6 3 0 0 3 1 1 12.011 0.2587968489 0.136 3.509 0
6 4 0 0 4 0 0 12.011 0.4530580176 -0.0967 2.576 0
9 1 0 0 4 0 0 18.998 -0.163074053 0.4202 1.108 0
9 1 0 0 4 0 0 18.998 -0.163074053 0.4202 1.108 0
9 1 0 0 4 0 0 18.998 -0.163074053 0.4202 1.108 0
6 2 1 0 3 1 1 12.011 -0.05483208026 0.1581 3.35 0
6 2 1 0 3 1 1 12.011 -0.02600092482 0.1581 3.35 0
0 1 1 0 0 0
1 2 1.5 1 1 0
2 3 1.5 1 1 0
3 4 1.5 1 1 0
4 5 1 0 0 0
5 6 1 0 0 0
6 7 1 0 1 0
7 8 1 0 1 0
8 9 1 0 1 0
9 10 1 0 1 0
10 11 1 0 1 0
9 12 1 1 0 0
12 13 2 1 1 0
13 14 1 1 1 0
14 15 1.5 1 1 0
15 16 1 0 1 0
16 17 1 0 1 0
15 18 1.5 1 1 0
18 19 1.5 1 1 0
19 20 1.5 1 1 0
20 21 1 0 0 0
21 22 1 0 0 0
21 23 1 0 0 0
21 24 1 0 0 0
4 25 1.5 1 1 0
25 26 1.5 1 1 0
26 1 1.5 1 1 0
11 6 1 0 1 0
17 12 1 0 1 0
20 14 1.5 1 1 0
38 41 1
6 1 3 0 4 0 0 12.011 -0.0397699588 0.08452 2.464 0
6 3 0 0 3 1 1 12.011 -0.05086365084 0.136 3.509 0
6 2 1 0 3 1 1 12.011 -0.05561698896 0.1581 3.35 0
6 2 1 0 3 1 1 12.011 -0.01884712822 0.1581 3.35 0
6 3 0 0 3 1 1 12.011 0.1323193712 0.5437 3.853 0
8 2 0 0 3 0 0 15.999 -0.4101907445 -0.4195 1.182 0
6 3 0 0 3 0 0 12.011 0.4155699984 -0.2783 5.007 0
8 1 0 0 3 0 0 15.999 -0.2238442077 0.4833 0.389 0
7 3 0 0 3 0 0 14.007 -0.2924265795 -0.3187 1.839 0
6 2 2 0 4 0 0 12.011 0.1219650528 -0.2035 2.753 0
6 3 0 0 3 0 0 12.011 0.3228499469 -0.2783 5.007 0
8 1 0 0 3 0 0 15.999 -0.2503317914 -0.1526 0 0
8 1 1 0 3 0 0 15.999 -0.479923204 -0.2893 0.8238 0
6 2 2 0 4 0 0 12.011 0.0498027767 -0.0516 2.488 0
6 3 0 0 3 1 1 12.011 -0.02474698914 0.136 3.509 0
6 2 1 0 3 1 1 12.011 -0.05697937267 0.1581 3.35 0
6 2 1 0 3 1 1 12.011 -0.05824386895 0.1581 3.35 0
6 2 1 0 3 1 1 12.011 -0.0199449447 0.1581 3.35 0
6 3 0 0 3 1 1 12.011 0.1191477206 0.5437 3.853 0
8 2 0 0 3 0 0 15.999 -0.4931793703 -0.4195 1.182 0
6 2 2 0 4 0 0 12.011 0.09386470245 -0.2035 2.753 0
6 2 2 0 4 0 0 12.011 0.02754125254 -0.0516 2.488 0
6 3 0 0 3 1 1 12.011 0.08588612563 0.136 3.509 0
7 2 0 0 3 1 1 14.007 -0.2140582239 -0.3239 2.202 0
6 3 0 0 3 1 1 12.011 0.2259959258 0.2713 3.904 0
6 3 0 0 3 1 1 12.011 0.0371964522 0.2713 3.904 0
6 2 1 0 3 1 1 12.011 -0.04806521213 0.1581 3.35 0
6 2 1 0 3 1 1 12.011 -0.0427350932 0.1581 3.35 0
6 3 0 0 3 1 1 12.011 0.04059760297 0.245 3.564 0
17 1 0 0 4 0 0 35.453 -0.08434369195 0.6895 5.853 0
6 2 1 0 3 1 1 12.011 -0.0427350932 0.1581 3.35 0
6 2 1 0 3 1 1 12.011 -0.04806521213 0.1581 3.35 0
8 2 0 0 3 1 1 15.999 -0.4411884983 0.1552 1.08 0
6 3 0 0 3 1 1 12.011 0.1247459513 0.136 3.509 0
6 1 3 0 4 0 0 12.011 -0.004179781117 0.08452 2.464 0
6 2 1 0 3 1 1 12.011 -0.01495884766 0.1581 3.35 0
6 2 1 0 3 1 1 12.011 -0.01884712822 0.1581 3.35 0
6 2 1 0 3 1 1 12.011 -0.05561698896 0.1581 3.35 0
0 1 1 0 0 0
1 2 1.5 1 1 0
2 3 1.5 1 1 0
3 4 1.5 1 1 0
4 5 1 1 0 0
5 6 1 1 0 0
6 7 2 1 0 0
6 8 1 1 0 0
8 9 1 0 0 0
9 10 1 0 0 0
10 11 2 1 0 0
10 12 1 1 0 0
8 13 1 0 0 0
13 14 1 0 0 0
14 15 1.5 1 1 0
15 16 1.5 1 1 0
16 17 1.5 1 1 0
17 18 1.5 1 1 0
18 19 1 1 0 0
19 20 1 0 0 0
20 21 1 0 0 0
21 22 1 0 0 0
22 23 1.5 1 1 0
23 24 1.5 1 1 0
24 25 1 1 0 0
25 26 1.5 1 1 0
26 27 1.5 1 1 0
27 28 1.5 1 1 0
28 29 1 0 0 0
28 30 1.5 1 1 0
30 31 1.5 1 1 0
24 32 1.5 1 1 0
32 33 1.5 1 1 0
33 34 1 0 0 0
18 35 1.5 1 1 0
4 36 1.5 1 1 0
36 37 1.5 1 1 0
37 1 1.5 1 1 0
35 14 1.5 1 1 0
33 22 1.5 1 1 0
31 25 1.5 1 1 0
30 33 1
8 1 0 0 3 0 0 15.999 -0.2751255037 -0.1526 0 0
6 3 0 0 3 0 0 12.011 0.2199741018 -0.2783 5.007 0
6 2 2 0 4 0 0 12.011 0.02648373108 0.1441 2.503 0
6 2 2 0 4 0 0 12.011 -0.04444871791 0.1441 2.503 0
6 2 2 0 4 0 0 12.011 -0.05159467918 0.1441 2.503 0
6 2 2 0 4 0 0 12.011 -0.04039978738 0.1441 2.503 0
6 2 2 0 4 0 0 12.011 -0.001723297562 -0.2035 2.753 0
7 3 0 0 4 0 1 14.007 -0.299823367 -0.3187 1.839 0
6 2 2 0 4 0 1 12.011 0.01590816987 -0.2035 2.753 0
6 2 2 0 4 0 1 12.011 0.03201418339 -0.2035 2.753 0
7 3 0 0 3 0 1 14.007 -0.3540553116 -0.4458 2.819 0
6 3 0 0 3 1 1 12.011 0.1280466834 0.4619 4.067 0
6 2 1 0 3 1 1 12.011 -0.0194058442 0.1581 3.35 0
6 2 1 0 3 1 1 12.011 -0.05706473221 0.1581 3.35 0
6 2 1 0 3 1 1 12.011 -0.04364923698 0.1581 3.35 0
6 2 1 0 3 1 1 12.011 0.02921685344 0.1581 3.35 0
7 2 0 0 3 1 1 14.007 -0.2393505122 -0.3239 2.202 0
6 2 2 0 4 0 1 12.011 0.03201418339 -0.2035 2.753 0
6 2 2 0 4 0 1 12.011 0.01590816987 -0.2035 2.753 0
7 2 1 0 3 0 0 14.007 -0.3492938133 -0.7096 2.173 0
6 3 1 0 4 0 1 12.011 0.05430135099 0.1193 2.582 0
6 2 2 0 4 0 1 12.011 -0.02820662302 0.1441 2.503 0
6 2 2 0 4 0 1 12.011 -0.04693546043 0.1441 2.503 0
6 2 2 0 4 0 1 12.011 -0.02744678757 -0.0516 2.488 0
6 3 0 0 3 1 1 12.011 -0.04273749568 0.136 3.509 0
6 2 1 0 3 1 1 12.011 -0.05869188345 0.1581 3.35 0
6 2 1 0 3 1 1 12.011 -0.06197179277 0.1581 3.35 0
6 2 1 0 3 1 1 12.011 -0.0618965287 0.1581 3.35 0
6 2 1 0 3 1 1 12.011 -0.05669493748 0.1581 3.35 0
6 3 0 0 3 1 1 12.011 -0.02247025713 0.136 3.509 0
0 1 2 1 0 0
1 2 1 0 0 0
2 3 1 0 0 0
3 4 1 0 0 0
4 5 1 0 0 0
5 6 1 0 0 0
6 7 1 0 0 0
7 8 1 0 1 0
8 9 1 0 1 0
9 10 1 0 1 0
10 11 1 1 0 0
11 12 1.5 1 1 0
12 13 1.5 1 1 0
13 14 1.5 1 1 0
14 15 1.5 1 1 0
15 16 1.5 1 1 0
10 17 1 0 1 0
17 18 1 0 1 0
1 19 1 1 0 0
19 20 1 0 0 0
20 21 1 0 1 0
21 22 1 0 1 0
22 23 1 0 1 0
23 24 1 0 1 0
24 25 1.5 1 1 0
25 26 1.5 1 1 0
26 27 1.5 1 1 0
27 28 1.5 1 1 0
28 29 1.5 1 1 0
18 7 1 0 1 0
29 20 1 0 1 0
16 11 1.5 1 1 0
29 24 1.5 1 1 0
44 50 1
6 1 3 0 4 0 0 12.011 0.03552272933 -0.2035 2.753 0
8 2 0 0 4 0 0 15.999 -0.3833603101 -0.0684 1.085 0
6 2 2 0 4 0 0 12.011 0.05891890516 -0.2035 2.753 0
6 2 2 0 4 0 0 12.011 0.02178163893 -0.2035 2.753 0
7 3 0 0 4 0 1 14.007 -0.298507927 -0.3187 1.839 0
6 2 2 0 4 0 1 12.011 0.01110377824 -0.2035 2.753 0
6 2 2 0 4 0 1 12.011 0.01153664607 -0.2035 2.753 0
7 3 0 0 4 0 1 14.007 -0.291943623 -0.3187 1.839 0
6 2 2 0 4 0 0 12.011 0.07819211095 -0.2035 2.753 0
6 3 0 0 3 0 0 12.011 0.238070592 -0.2783 5.007 0
8 1 0 0 3 0 0 15.999 -0.2732466563 -0.1526 0 0
7 2 1 0 3 0 0 14.007 -0.324344059 -0.5188 3 0
6 3 0 0 3 1 1 12.011 0.0501265181 0.4619 4.067 0
6 2 1 0 3 1 1 12.011 -0.03717099285 0.1581 3.35 0
6 2 1 0 3 1 1 12.011 -0.05071019528 0.1581 3.35 0
6 3 0 0 3 1 1 12.011 0.003414888032 0.2713 3.904 0
6 3 0 0 3 1 1 12.011 0.02665952391 0.2713 3.904 0
6 2 1 0 3 1 1 12.011 -0.04911436759 0.1581 3.35 0
6 2 1 0 3 1 1 12.011 -0.04460793162 0.1581 3.35 0
6 2 1 0 3 1 1 12.011 0.01405313161 0.1581 3.35 0
7 3 0 0 3 1 1 14.007 -0.2674041091 -0.3239 2.202 0
6 3 0 0 3 1 1 12.011 0.2594684608 -0.8186 3.135 0
8 1 0 0 3 0 0 15.999 -0.2688082845 0.1788 3.135 0
6 2 1 0 3 1 1 12.011 0.04661818949 0.1581 3.35 0
6 3 0 0 3 1 1 12.011 0.1362382037 0.4619 4.067 0
7 2 0 0 3 1 1 14.007 -0.2122630658 -0.3239 2.202 0
6 3 0 0 3 1 1 12.011 0.1494643022 0.2955 4.346 0
7 3 0 0 3 0 1 14.007 -0.3517575441 -0.4458 2.819 0
6 2 2 0 4 0 1 12.011 0.04279479561 -0.2035 2.753 0
6 2 2 0 4 0 1 12.011 0.06425797159 -0.2035 2.753 0
8 2 0 0 4 0 1 15.999 -0.3777758792 -0.0684 1.085 0
6 2 2 0 4 0 1 12.011 0.06425797159 -0.2035 2.753 0
6 2 2 0 4 0 1 12.011 0.04279479561 -0.2035 2.753 0
6 3 0 0 3 1 1 12.011 0.04556225061 0.2955 4.346 0
16 2 0 0 3 1 1 32.067 -0.1344494536 0.6237 6.691 0
6 3 0 0 3 1 1 12.011 0.03559170468 0.2955 4.346 0
6 2 1 0 3 1 1 12.011 -0.04428926751 0.1581 3.35 0
6 2 1 0 3 1 1 12.011 -0.06081967089 0.1581 3.35 0
6 2 1 0 3 1 1 12.011 -0.06154832273 0.1581 3.35 0
6 2 1 0 3 1 1 12.011 -0.05283054612 0.1581 3.35 0
6 3 0 0 3 1 1 12.011 0.002422653183 0.2955 4.346 0
6 3 0 0 3 1 1 12.011 0.02457085135 0.2955 4.346 0
6 2 2 0 4 0 1 12.011 0.01153664607 -0.2035 2.753 0
6 2 2 0 4 0 1 12.011 0.01110377824 -0.2035 2.753 0
0 1 1 0 0 0
1 2 1 0 0 0
2 3 1 0 0 0
3 4 1 0 0 0
4 5 1 0 1 0
5 6 1 0 1 0
6 7 1 0 1 0
7 8 1 0 0 0
8 9 1 0 0 0
9 10 2 1 0 0
9 11 1 1 0 0
11 12 1 1 0 0
12 13 1.5 1 1 0
13 14 1.5 1 1 0
14 15 1.5 1 1 0
15 16 1 1 0 0
16 17 1.5 1 1 0
17 18 1.5 1 1 0
18 19 1.5 1 1 0
19 20 1.5 1 1 0
20 21 1.5 1 1 0
21 22 2 1 0 0
21 23 1.5 1 1 0
23 24 1.5 1 1 0
24 25 1.5 1 1 0
25 26 1.5 1 1 0
24 27 1 1 0 0
27 28 1 0 1 0
28 29 1 0 1 0
29 30 1 0 1 0
30 31 1 0 1 0
31 32 1 0 1 0
15 33 1.5 1 1 0
33 34 1.5 1 1 0
34 35 1.5 1 1 0
35 36 1.5 1 1 0
36 37 1.5 1 1 0
37 38 1.5 1 1 0
38 39 1.5 1 1 0
39 40 1.5 1 1 0
40 41 1.5 1 1 0
7 42 1 0 1 0
42 43 1 0 1 0
43 4 1 0 1 0
41 12 1.5 1 1 0
26 16 1.5 1 1 0
26 20 1.5 1 1 0
32 27 1 0 1 0
41 33 1.5 1 1 0
40 35 1.5 1 1 0
27 28 1
6 1 3 0 4 0 0 12.011 -0.03046158517 0.1441 2.503 0
6 2 2 0 4 0 0 12.011 0.09036681664 -0.2035 2.753 0
8 2 0 0 3 0 0 15.999 -0.4498582647 -0.0684 1.085 0
6 3 0 0 3 0 0 12.011 0.4066594814 -0.2783 5.007 0
8 1 0 0 3 0 0 15.999 -0.224606974 0.4833 0.389 0
7 2 1 0 3 0 0 14.007 -0.3202128331 -0.7096 2.173 0
6 2 2 0 4 0 0 12.011 0.03326445337 -0.2035 2.753 0
6 2 2 0 4 0 0 12.011 0.01303836386 -0.2035 2.753 0
7 2 1 0 4 0 0 14.007 -0.3113299047 -0.7096 2.173 0
6 3 1 0 4 0 0 12.011 0.01671358052 -0.2051 2.731 0
6 2 2 0 4 0 0 12.011 -0.03456961626 0.1441 2.503 0
6 3 1 0 4 0 0 12.011 -0.0456202681 0 2.433 0
6 1 3 0 4 0 0 12.011 -0.06271521467 0.1441 2.503 0
6 1 3 0 4 0 0 12.011 -0.06271521467 0.1441 2.503 0
6 4 0 0 4 0 1 12.011 0.01065726489 -0.0967 2.576 0
6 3 0 0 3 1 1 12.011 -0.03998715424 0.136 3.509 0
6 2 1 0 3 1 1 12.011 -0.05473601807 0.1581 3.35 0
6 2 1 0 3 1 1 12.011 -0.01967223521 0.1581 3.35 0
6 3 0 0 3 1 1 12.011 0.1187900532 0.5437 3.853 0
8 2 0 0 3 0 0 15.999 -0.4938897585 -0.4195 1.182 0
6 2 2 0 4 0 0 12.011 0.08537228359 -0.2035 2.753 0
6 1 3 0 4 0 0 12.011 -0.03065091395 0.1441 2.503 0
6 2 1 0 3 1 1 12.011 -0.01967223521 0.1581 3.35 0
6 2 1 0 3 1 1 12.011 -0.05473601807 0.1581 3.35 0
6 2 2 0 4 0 1 12.011 -0.04197918293 0.1441 2.503 0
6 2 2 0 4 0 1 12.011 -0.05149024866 0.1441 2.503 0
6 2 2 0 4 0 1 12.011 -0.04197918293 0.1441 2.503 0
0 1 1 0 0 0
1 2 1 0 0 0
2 3 1 1 0 0
3 4 2 1 0 0
3 5 1 1 0 0
5 6 1 0 0 0
6 7 1 0 0 0
7 8 1 0 0 0
8 9 1 0 0 0
9 10 1 0 0 0
10 11 1 0 0 0
11 12 1 0 0 0
11 13 1 0 0 0
9 14 1 0 0 0
14 15 1 0 0 0
15 16 1.5 1 1 0
16 17 1.5 1 1 0
17 18 1.5 1 1 0
18 19 1 1 0 0
19 20 1 0 0 0
20 21 1 0 0 0
18 22 1.5 1 1 0
22 23 1.5 1 1 0
14 24 1 0 1 0
24 25 1 0 1 0
25 26 1 0 1 0
26 14 1 0 1 0
23 15 1.5 1 1 0
28 32 1
6 1 3 0 4 0 0 12.011 -0.01277338507 -0.2035 2.753 0
7 3 0 0 4 0 1 14.007 -0.2997254164 -0.3187 1.839 0
6 3 1 0 4 0 1 12.011 0.01020152331 -0.2051 2.731 -1
6 2 2 0 4 0 1 12.011 -0.03600675125 0.1441 2.503 0
6 2 2 0 4 0 1 12.011 -0.03534550242 0.1441 2.503 0
6 3 1 0 4 0 1 12.011 0.01936229151 -0.2051 2.731 1
6 3 1 0 4 0 1 12.011 0.03338826164 0.1193 2.582 -1
6 3 0 0 3 1 1 12.011 0.09834850132 0.136 3.509 0
7 2 0 0 3 1 1 14.007 -0.2486523322 -0.3239 2.202 0
6 2 1 0 3 1 1 12.011 0.04598981978 0.1581 3.35 0
6 3 0 0 3 1 1 12.011 0.05440453604 0.2713 3.904 0
6 3 0 0 3 1 1 12.011 -0.00654853387 0.2713 3.904 0
6 2 1 0 3 1 1 12.011 -0.05059940339 0.1581 3.35 0
6 2 1 0 3 1 1 12.011 -0.02567673272 0.1581 3.35 0
6 3 0 0 3 1 1 12.011 0.1227517028 0 3.257 0
9 1 0 0 4 0 0 18.998 -0.2070117562 0.4202 1.108 0
6 2 1 0 3 1 1 12.011 -0.02567673272 0.1581 3.35 0
6 2 1 0 3 1 1 12.011 -0.05059940339 0.1581 3.35 0
16 2 0 0 3 1 1 32.067 -0.1182883722 0.6237 6.691 0
6 3 1 0 4 0 1 12.011 -0.003979709009 0.1193 2.582 -1
6 3 0 0 3 1 1 12.011 -0.04398907105 0.136 3.509 0
6 2 1 0 3 1 1 12.011 -0.0572560924 0.1581 3.35 0
6 2 1 0 3 1 1 12.011 -0.04324356449 0.1581 3.35 0
6 3 0 0 3 1 1 12.011 0.04056869922 0.245 3.564 0
17 1 0 0 4 0 0 35.453 -0.08434412985 0.6895 5.853 0
6 2 1 0 3 1 1 12.011 -0.04324356449 0.1581 3.35 0
6 2 1 0 3 1 1 12.011 -0.0572560924 0.1581 3.35 0
6 2 2 0 4 0 1 12.011 -0.02988008847 0.1441 2.503 0
0 1 1 0 0 0
1 2 1 0 1 0
2 3 1 0 1 0
3 4 1 0 1 0
4 5 1 0 1 0
5 6 1 0 1 0
6 7 1 0 0 0
7 8 1.5 1 1 0
8 9 1.5 1 1 0
9 10 1.5 1 1 0
10 11 1 1 0 0
11 12 1.5 1 1 0
12 13 1.5 1 1 0
13 14 1.5 1 1 0
14 15 1 0 0 0
14 16 1.5 1 1 0
16 17 1.5 1 1 0
10 18 1.5 1 1 0
6 19 1 0 1 0
19 20 1 0 0 0
20 21 1.5 1 1 0
21 22 1.5 1 1 0
22 23 1.5 1 1 0
23 24 1 0 0 0
23 25 1.5 1 1 0
25 26 1.5 1 1 0
19 27 1 0 1 0
5 1 1 0 1 0
18 7 1.5 1 1 0
26 20 1.5 1 1 0
27 2 1 0 1 0
17 11 1.5 1 1 0
38 44 1
6 1 3 0 4 0 0 12.011 -0.03053546398 0.1441 2.503 0
6 2 2 0 4 0 0 12.011 0.08846693622 -0.2035 2.753 0
8 2 0 0 3 0 0 15.999 -0.4657228384 -0.0684 1.085 0
6 3 0 0 3 0 0 12.011 0.30996299 -0.2783 5.007 0
8 1 0 0 3 0 0 15.999 -0.2518945729 -0.1526 0 0
6 2 2 0 4 0 0 12.011 0.07621869475 -0.0516 2.488 0
6 3 0 0 3 1 1 12.011 0.02853657674 0.136 3.509 0
6 3 0 0 3 1 1 12.011 -0.01244362142 0.136 3.509 0
6 3 0 0 3 1 1 12.011 0.06665578227 0.136 3.509 0
7 3 0 0 3 1 1 14.007 -0.3079490698 -0.3239 2.202 0
6 2 2 0 4 0 0 12.011 0.05085300822 -0.0516 2.488 0
6 3 0 0 3 1 1 12.011 -0.02814070975 0.136 3.509 0
6 2 1 0 3 1 1 12.011 -0.05723661559 0.1581 3.35 0
6 2 1 0 3 1 1 12.011 -0.06192686278 0.1581 3.35 0
6 2 1 0 3 1 1 12.011 -0.06224649131 0.1581 3.35 0
6 2 1 0 3 1 1 12.011 -0.06192686278 0.1581 3.35 0
6 2 1 0 3 1 1 12.011 -0.05723661559 0.1581 3.35 0
6 3 0 0 3 1 1 12.011 0.195281969 0.5437 3.853 0
8 1 1 0 3 0 0 15.999 -0.4942100951 -0.2893 0.8238 0
6 3 1 0 4 0 1 12.011 0.1517761201 0.1193 2.582 1
8 2 0 0 3 0 1 15.999 -0.4789102213 -0.4195 1.182 0
6 3 0 0 3 1 1 12.011 0.1657913678 0.5437 3.853 0
6 3 0 0 3 1 1 12.011 0.1575250013 0.5437 3.853 0
8 1 1 0 3 0 0 15.999 -0.5042464399 -0.2893 0.8238 0
6 2 1 0 3 1 1 12.011 -0.01603379909 0.1581 3.35 0
6 2 1 0 3 1 1 12.011 -0.05472688656 0.1581 3.35 0
6 3 0 0 3 1 1 12.011 -0.03832641522 0.136 3.509 0
6 3 0 0 3 1 1 12.011 0.01463163713 0.136 3.509 0
6 4 0 0 4 0 1 12.011 0.07382494646 -0.0967 2.576 -1
6 2 2 0 4 0 1 12.011 -0.02361250709 0.1441 2.503 0
6 2 2 0 4 0 1 12.011 -0.0006311270103 -0.2035 2.753 0
7 3 0 0 4 0 1 14.007 -0.300134448 -0.3187 1.839 0
6 1 3 0 4 0 0 12.011 -0.01295862572 -0.2035 2.753 0
6 3 1 0 4 0 1 12.011 0.04347414291 -0.2051 2.731 1
6 2 2 0 4 0 1 12.011 -0.008893640056 -0.0516 2.488 0
6 4 0 0 4 0 1 12.011 0.09833846284 -0.2051 2.731 -1
8 1 1 0 4 0 0 15.999 -0.386787409 -0.2893 0.8238 0
6 2 2 0 4 0 1 12.011 0.006167157126 -0.0516 2.488 0
0 1 1 0 0 0
1 2 1 0 0 0
2 3 1 1 0 0
3 4 2 1 0 0
3 5 1 0 0 0
5 6 1 0 0 0
6 7 1.5 1 1 0
7 8 1.5 1 1 0
8 9 1.5 1 1 0
9 10 1 0 0 0
10 11 1 0 0 0
11 12 1.5 1 1 0
12 13 1.5 1 1 0
13 14 1.5 1 1 0
14 15 1.5 1 1 0
15 16 1.5 1 1 0
9 17 1.5 1 1 0
17 18 1 1 0 0
8 19 1 0 1 0
19 20 1 0 1 0
20 21 1 1 1 0
21 22 1.5 1 1 0
22 23 1 1 0 0
22 24 1.5 1 1 0
24 25 1.5 1 1 0
25 26 1.5 1 1 0
26 27 1.5 1 1 0
27 28 1 0 1 0
28 29 1 0 1 0
29 30 1 0 1 0
30 31 1 0 1 0
31 32 1 0 0 0
31 33 1 0 1 0
33 34 1 0 1 0
33 35 1 0 1 0
35 36 1 0 0 0
35 37 1 0 1 0
17 6 1.5 1 1 0
28 19 1 0 1 0
37 7 1 0 1 0
16 11 1.5 1 1 0
27 21 1.5 1 1 0
35 28 1 0 1 0
34 26 1 0 1 0
24 26 1
6 1 3 0 4 0 0 12.011 -0.06537107173 0.1441 2.503 0
6 2 2 0 4 0 0 12.011 -0.05585509851 0.1441 2.503 0
6 2 2 0 4 0 0 12.011 -0.04949647639 0.1441 2.503 0
6 2 2 0 4 0 0 12.011 -0.02789589899 -0.0516 2.488 0
6 3 0 0 3 1 1 12.011 -0.04793211416 0.136 3.509 0
6 2 1 0 3 1 1 12.011 -0.05767817377 0.1581 3.35 0
6 2 1 0 3 1 1 12.011 -0.04135614354 0.1581 3.35 0
6 3 0 0 3 1 1 12.011 0.0873326435 0.1893 2.673 0
16 4 0 0 4 0 0 32.067 0.2613893749 -0.0024 7.365 0
8 1 0 0 3 0 0 15.999 -0.2012475366 -0.3339 0.7774 0
8 1 0 0 3 0 0 15.999 -0.2012475366 -0.3339 0.7774 0
7 2 1 0 3 0 0 14.007 -0.2796231967 -0.5188 3 0
6 3 0 0 3 1 1 12.011 0.04915143211 0.4619 4.067 0
6 2 1 0 3 1 1 12.011 -0.0375946089 0.1581 3.35 0
6 2 1 0 3 1 1 12.011 -0.0553281054 0.1581 3.35 0
6 3 0 0 3 1 1 12.011 -0.02927012894 0.136 3.509 0
6 3 0 0 3 1 1 12.011 -0.0273388051 0.136 3.509 0
6 2 1 0 3 1 1 12.011 -0.03309198192 0.1581 3.35 0
6 2 2 0 4 0 1 12.011 0.02377433077 -0.0516 2.488 0
7 3 0 0 4 0 1 14.007 -0.2978393562 -0.3187 1.839 0
6 1 3 0 4 0 0 12.011 -0.01267834588 -0.2035 2.753 0
6 2 2 0 4 0 1 12.011 0.02369933534 -0.0516 2.488 0
6 2 1 0 3 1 1 12.011 -0.04135614354 0.1581 3.35 0
6 2 1 0 3 1 1 12.011 -0.05767817377 0.1581 3.35 0
0 1 1 0 0 0
1 2 1 0 0 0
2 3 1 0 0 0
3 4 1 0 0 0
4 5 1.5 1 1 0
5 6 1.5 1 1 0
6 7 1.5 1 1 0
7 8 1 0 0 0
8 9 2 0 0 0
8 10 2 0 0 0
8 11 1 0 0 0
11 12 1 1 0 0
12 13 1.5 1 1 0
13 14 1.5 1 1 0
14 15 1.5 1 1 0
15 16 1.5 1 1 0
16 17 1.5 1 1 0
16 18 1 0 1 0
18 19 1 0 1 0
19 20 1 0 0 0
19 21 1 0 1 0
7 22 1.5 1 1 0
22 23 1.5 1 1 0
23 4 1.5 1 1 0
17 12 1.5 1 1 0
21 15 1 0 1 0
34 40 1
6 1 3 0 4 0 0 12.011 0.07771754554 -0.2035 2.753 0
8 2 0 0 3 0 0 15.999 -0.4928574764 -0.4195 1.182 0
6 3 0 0 3 1 1 12.011 0.1605880677 0.5437 3.853 0
6 2 1 0 3 1 1 12.011 -0.01579506363 0.1581 3.35 0
6 2 1 0 3 1 1 12.011 -0.05472193622 0.1581 3.35 0
6 3 0 0 3 1 1 12.011 -0.03849688398 0.136 3.509 0
6 3 0 0 3 1 1 12.011 0.0123044483 0.136 3.509 0
6 3 0 0 3 1 1 12.011 0.1655100444 0.5437 3.853 0
8 2 0 0 3 0 1 15.999 -0.4818623583 -0.4195 1.182 0
6 3 1 0 4 0 1 12.011 0.142055114 -0.2051 2.731 1
6 4 0 0 4 0 1 12.011 0.05191119815 -0.0967 2.576 -1
6 2 2 0 4 0 1 12.011 -0.02585159408 0.1441 2.503 0
6 2 2 0 4 0 1 12.011 -0.000805674003 -0.2035 2.753 0
7 3 0 0 4 0 1 14.007 -0.3021269716 -0.3187 1.839 0
6 1 3 0 4 0 0 12.011 -0.01304436192 -0.2035 2.753 0
6 3 1 0 4 0 1 12.011 0.02396751437 -0.2051 2.731 1
6 2 2 0 4 0 1 12.011 -0.01083804145 -0.0516 2.488 0
6 4 0 0 4 0 1 12.011 0.02472747062 0 2.433 -1
6 2 1 0 3 0 1 12.011 -0.07611393373 0.1551 3.513 0
6 2 1 0 3 0 1 12.011 -0.05242839445 0.1551 3.513 0
6 4 0 0 4 0 1 12.011 0.1240643956 -0.2051 2.731 1
8 2 0 0 4 0 0 15.999 -0.3702098411 -0.0684 1.085 0
6 1 3 0 4 0 0 12.011 0.03684843974 -0.2035 2.753 0
6 2 2 0 4 0 1 12.011 -0.008646361575 0.1441 2.503 0
6 3 1 0 4 0 1 12.011 -0.001082727793 0.1193 2.582 -1
6 3 0 0 3 1 1 12.011 -0.03700179522 0.136 3.509 0
6 2 1 0 3 1 1 12.011 -0.05822612642 0.1581 3.35 0
6 2 1 0 3 1 1 12.011 -0.05515057772 0.1581 3.35 0
6 2 1 0 3 1 1 12.011 0.01589608281 0.1581 3.35 0
6 3 0 0 3 1 1 12.011 0.2692091828 0.4619 4.067 0
7 3 0 1 3 0 0 14.007 0.06219481133 -0.3396 0.2604 0
8 1 0 0 3 0 0 15.999 -0.2583094923 0.0335 3.367 0
8 1 0 -1 3 0 0 15.999 -0.2583094923 0.0335 3.367 0
6 2 1 0 3 1 1 12.011 0.01940111873 0.1581 3.35 0
0 1 1 0 0 0
1 2 1 1 0 0
2 3 1.5 1 1 0
3 4 1.5 1 1 0
4 5 1.5 1 1 0
5 6 1.5 1 1 0
6 7 1.5 1 1 0
7 8 1 1 1 0
8 9 1 0 1 0
9 10 1 0 1 0
10 11 1 0 1 0
11 12 1 0 1 0
12 13 1 0 1 0
13 14 1 0 0 0
13 15 1 0 1 0
15 16 1 0 1 0
15 17 1 0 1 0
17 18 1 0 1 0
18 19 2 0 1 0
19 20 1 0 1 0
20 21 1 0 0 0
21 22 1 0 0 0
20 23 1 0 1 0
23 24 1 0 1 0
24 25 1 0 0 0
25 26 1.5 1 1 0
26 27 1.5 1 1 0
27 28 1.5 1 1 0
28 29 1.5 1 1 0
29 30 1 1 0 0
30 31 2 1 0 0
30 32 1 1 0 0
29 33 1.5 1 1 0
7 2 1.5 1 1 0
20 9 1 0 1 0
33 25 1.5 1 1 0
16 5 1 0 1 0
24 17 1 0 1 0
10 6 1 0 1 0
17 10 1 0 1 0
35 40 1
8 1 0 0 3 0 0 15.999 -0.2693114054 0.1129 0.2215 0
6 3 0 0 3 0 0 12.011 0.2509934707 -0.2783 5.007 0
7 2 1 0 3 0 0 14.007 -0.3493069777 -0.7096 2.173 0
6 3 1 0 4 0 1 12.011 0.02925477496 -0.2051 2.731 0
6 2 2 0 4 0 1 12.011 -0.03082190753 0.1441 2.503 0
6 2 2 0 4 0 1 12.011 -0.03082190753 0.1441 2.503 0
6 3 0 0 3 1 1 12.011 0.03934755401 0.136 3.509 0
6 2 1 0 3 1 1 12.011 -0.04884703084 0.1581 3.35 0
6 2 1 0 3 1 1 12.011 -0.05356775678 0.1581 3.35 0
6 3 0 0 3 1 1 12.011 -0.01779619422 0.136 3.509 0
6 3 0 0 3 0 0 12.011 -0.01182142137 0.264 4.305 0
6 3 0 0 3 0 1 12.011 -0.05866052788 0.1551 3.513 0
6 2 2 0 4 0 1 12.011 -0.01528932204 0.1441 2.503 0
6 3 1 0 4 0 1 12.011 0.01364856681 -0.2051 2.731 0
6 2 2 0 4 0 1 12.011 -0.03571697744 0.1441 2.503 0
6 2 2 0 4 0 1 12.011 -0.03571697744 0.1441 2.503 0
6 3 1 0 4 0 1 12.011 0.01364856681 -0.2051 2.731 0
6 2 2 0 4 0 1 12.011 -0.01528932204 0.1441 2.503 0
7 3 0 0 4 0 1 14.007 -0.2964715895 -0.3187 1.839 0
6 2 2 0 4 0 0 12.011 0.002795688519 -0.2035 2.753 0
6 2 2 0 4 0 0 12.011 -0.0150137804 -0.0516 2.488 0
6 3 0 0 3 1 1 12.011 -0.04674715218 0.136 3.509 0
6 2 1 0 3 1 1 12.011 -0.0589963532 0.1581 3.35 0
6 2 1 0 3 1 1 12.011 -0.0619934648 0.1581 3.35 0
6 2 1 0 3 1 1 12.011 -0.062248726 0.1581 3.35 0
6 2 1 0 3 1 1 12.011 -0.0619934648 0.1581 3.35 0
6 2 1 0 3 1 1 12.011 -0.0589963532 0.1581 3.35 0
6 3 0 0 3 1 1 12.011 -0.01784525725 0.136 3.509 0
6 2 1 0 3 1 1 12.011 -0.05436275164 0.1581 3.35 0
6 2 1 0 3 1 1 12.011 -0.0616506118 0.1581 3.35 0
6 2 1 0 3 1 1 12.011 -0.06222538965 0.1581 3.35 0
6 2 1 0 3 1 1 12.011 -0.0616506118 0.1581 3.35 0
6 2 1 0 3 1 1 12.011 -0.05436275164 0.1581 3.35 0
6 2 1 0 3 1 1 12.011 -0.05356775678 0.1581 3.35 0
6 2 1 0 3 1 1 12.011 -0.04884703084 0.1581 3.35 0
0 1 2 1 0 0
1 2 1 1 0 0
2 3 1 0 0 0
3 4 1 0 1 0
4 5 1 0 1 0
1 6 1 1 0 0
6 7 1.5 1 1 0
7 8 1.5 1 1 0
8 9 1.5 1 1 0
9 10 1 1 0 0
10 11 2 1 0 0
11 12 1 0 1 0
12 13 1 0 1 0
13 14 1 0 1 0
14 15 1 0 1 0
15 16 1 0 1 0
16 17 1 0 1 0
16 18 1 0 1 0
18 19 1 0 0 0
19 20 1 0 0 0
20 21 1 0 0 0
21 22 1.5 1 1 0
22 23 1.5 1 1 0
23 24 1.5 1 1 0
24 25 1.5 1 1 0
25 26 1.5 1 1 0
10 27 1 1 0 0
27 28 1.5 1 1 0
28 29 1.5 1 1 0
29 30 1.5 1 1 0
30 31 1.5 1 1 0
31 32 1.5 1 1 0
9 33 1.5 1 1 0
33 34 1.5 1 1 0
5 3 1 0 1 0
34 6 1.5 1 1 0
17 11 1 0 1 0
26 21 1.5 1 1 0
32 27 1.5 1 1 0
18 13 1 0 1 0
25 29 1
6 1 3 0 4 0 0 12.011 0.0363435056 -0.2035 2.753 0
8 2 0 0 4 0 0 15.999 -0.3756568238 -0.0684 1.085 0
6 4 0 0 4 0 1 12.011 0.09323593986 -0.2051 2.731 -1
6 2 2 0 4 0 1 12.011 -0.02143080192 0.1441 2.503 0
6 2 2 0 4 0 1 12.011 -0.05043161148 0.1441 2.503 0
6 2 2 0 4 0 1 12.011 -0.05223917697 0.1441 2.503 0
6 2 2 0 4 0 1 12.011 -0.04060396475 0.1441 2.503 0
6 4 0 0 4 0 1 12.011 0.0275266502 -0.0967 2.576 -1
6 2 2 0 4 0 1 12.011 -0.02776759714 0.1441 2.503 0
6 2 2 0 4 0 1 12.011 -0.0004720879989 -0.2035 2.753 0
7 3 0 0 4 0 1 14.007 -0.2968375475 -0.3187 1.839 0
6 2 2 0 4 0 0 12.011 0.001396288677 -0.2035 2.753 0
6 3 1 0 4 0 1 12.011 -0.02858921369 0 2.433 0
6 2 2 0 4 0 1 12.011 -0.0492149503 0.1441 2.503 0
6 2 2 0 4 0 1 12.011 -0.05268333737 0.1441 2.503 0
6 2 2 0 4 0 1 12.011 -0.0492149503 0.1441 2.503 0
6 3 1 0 4 0 1 12.011 0.04355020909 -0.2051 2.731 1
6 2 2 0 4 0 1 12.011 -0.009027821105 -0.0516 2.488 0
6 3 0 0 3 1 1 12.011 -0.04219412819 0.136 3.509 0
6 2 1 0 3 1 1 12.011 -0.05501055802 0.1581 3.35 0
6 2 1 0 3 1 1 12.011 -0.0199330533 0.1581 3.35 0
6 3 0 0 3 1 1 12.011 0.1153934772 0.5437 3.853 0
8 1 1 0 3 0 0 15.999 -0.5079556427 -0.2893 0.8238 0
6 2 1 0 3 1 1 12.011 -0.01605978744 0.1581 3.35 0
6 3 0 0 3 1 1 12.011 -0.03187680172 0.136 3.509 0
0 1 1 0 0 0
1 2 1 0 0 0
2 3 1 0 1 0
3 4 1 0 1 0
4 5 1 0 1 0
5 6 1 0 1 0
6 7 1 0 1 0
7 8 1 0 1 0
8 9 1 0 1 0
9 10 1 0 1 0
10 11 1 0 0 0
11 12 1 0 0 0
12 13 1 0 1 0
13 14 1 0 1 0
14 15 1 0 1 0
10 16 1 0 1 0
16 17 1 0 1 0
17 18 1 0 1 0
18 19 1.5 1 1 0
19 20 1.5 1 1 0
20 21 1.5 1 1 0
21 22 1 1 0 0
21 23 1.5 1 1 0
23 24 1.5 1 1 0
7 2 1 0 1 0
15 12 1 0 1 0
24 18 1.5 1 1 0
16 2 1 0 1 0
24 7 1 0 1 0
20 21 1
6 1 3 0 4 0 0 12.011 -0.03771331737 0.08452 2.464 0
6 3 0 0 3 1 1 12.011 -0.02753210377 0.136 3.509 0
6 2 1 0 3 1 1 12.011 -0.05725499089 0.1581 3.35 0
6 2 1 0 3 1 1 12.011 -0.06185322326 0.1581 3.35 0
6 2 1 0 3 1 1 12.011 -0.06018182644 0.1581 3.35 0
6 2 1 0 3 1 1 12.011 -0.03830103069 0.1581 3.35 0
6 3 0 0 3 1 1 12.011 0.04249996415 0.4619 4.067 0
7 2 1 0 3 0 0 14.007 -0.3398386565 -0.5188 3 0
6 3 0 0 3 1 1 12.011 0.1360220899 0.4619 4.067 0
6 2 1 0 3 1 1 12.011 0.01838483951 0.1581 3.35 0
6 3 0 0 3 1 1 12.011 0.1353148029 0.245 3.564 0
17 1 0 0 4 0 0 35.453 -0.06206234439 0.6895 5.853 0
7 2 0 0 3 1 1 14.007 -0.210460828 -0.3239 2.202 0
6 3 0 0 3 1 1 12.011 0.1910090381 0.1893 2.673 0
16 2 0 0 4 0 0 32.067 -0.07422884767 0.6482 7.591 0
6 2 2 0 4 0 0 12.011 0.0989777089 -0.2035 2.753 0
6 3 0 0 3 0 0 12.011 0.3134418448 -0.2783 5.007 0
8 1 0 0 3 0 0 15.999 -0.2514690788 -0.1526 0 0
8 1 1 0 3 0 0 15.999 -0.4806125094 -0.2893 0.8238 0
7 2 0 0 3 1 1 14.007 -0.2049909619 -0.3239 2.202 0
0 1 1 0 0 0
1 2 1.5 1 1 0
2 3 1.5 1 1 0
3 4 1.5 1 1 0
4 5 1.5 1 1 0
5 6 1.5 1 1 0
6 7 1 1 0 0
7 8 1 1 0 0
8 9 1.5 1 1 0
9 10 1.5 1 1 0
10 11 1 0 0 0
10 12 1.5 1 1 0
12 13 1.5 1 1 0
13 14 1 0 0 0
14 15 1 0 0 0
15 16 1 0 0 0
16 17 2 1 0 0
16 18 1 1 0 0
13 19 1.5 1 1 0
6 1 1.5 1 1 0
19 8 1.5 1 1 0
30 34 1
6 1 3 0 4 0 0 12.011 -0.05862538374 0.1441 2.503 0
6 3 1 0 4 0 0 12.011 -0.02033509201 0.1193 2.582 0
6 1 3 0 4 0 0 12.011 -0.05862538374 0.1441 2.503 0
6 3 0 0 3 1 1 12.011 -0.02641550808 0.136 3.509 0
6 2 1 0 3 1 1 12.011 0.03024655484 0.1581 3.35 0
7 2 0 0 3 1 1 14.007 -0.2637296624 -0.3239 2.202 0
6 2 1 0 3 1 1 12.011 0.03617475244 0.1581 3.35 0
6 3 0 0 3 1 1 12.011 0.01883116369 0.2713 3.904 0
6 3 0 0 3 1 1 12.011 0.07390497659 0.2713 3.904 0
6 2 1 0 3 1 1 12.011 -0.009071096674 0.1581 3.35 0
6 3 0 0 3 1 1 12.011 0.07957391738 0.2955 4.346 0
6 3 0 0 3 1 1 12.011 0.0387914381 0.2955 4.346 0
6 2 1 0 3 1 1 12.011 0.03853959033 0.1581 3.35 0
7 2 0 0 3 1 1 14.007 -0.2553587534 -0.3239 2.202 0
6 2 1 0 3 1 1 12.011 0.05888805694 0.1581 3.35 0
7 2 0 0 3 1 1 14.007 -0.1737933938 -0.3239 2.202 0
7 3 0 0 3 1 1 14.007 -0.2145626725 -0.3239 2.202 0
6 3 0 0 3 1 1 12.011 0.1559423377 0.2713 3.904 0
6 2 1 0 3 1 1 12.011 -0.01703889382 0.1581 3.35 0
6 2 1 0 3 1 1 12.011 -0.05484090272 0.1581 3.35 0
6 2 1 0 3 1 1 12.011 -0.01922859348 0.1581 3.35 0
6 3 0 0 3 1 1 12.011 0.1306446762 0.4619 4.067 0
7 3 0 0 3 0 1 14.007 -0.3539980532 -0.4458 2.819 0
6 2 2 0 4 0 1 12.011 0.03176171035 -0.2035 2.753 0
6 2 2 0 4 0 1 12.011 0.01289577634 -0.2035 2.753 0
7 2 1 0 4 0 1 14.007 -0.3132132254 -0.7096 2.173 0
6 2 2 0 4 0 1 12.011 0.01289577634 -0.2035 2.753 0
6 2 2 0 4 0 1 12.011 0.03176171035 -0.2035 2.753 0
7 2 0 0 3 1 1 14.007 -0.2117297791 -0.3239 2.202 0
6 2 1 0 3 1 1 12.011 -0.04624221656 0.1581 3.35 0
0 1 1 0 0 0
1 2 1 0 0 0
1 3 1 0 0 0
3 4 1.5 1 1 0
4 5 1.5 1 1 0
5 6 1.5 1 1 0
6 7 1.5 1 1 0
7 8 1 1 0 0
8 9 1.5 1 1 0
9 10 1.5 1 1 0
10 11 1.5 1 1 0
11 12 1.5 1 1 0
12 13 1.5 1 1 0
11 14 1.5 1 1 0
14 15 1.5 1 1 0
15 16 1.5 1 1 0
16 17 1 1 0 0
17 18 1.5 1 1 0
18 19 1.5 1 1 0
19 20 1.5 1 1 0
20 21 1.5 1 1 0
21 22 1 1 0 0
22 23 1 0 1 0
23 24 1 0 1 0
24 25 1 0 1 0
25 26 1 0 1 0
26 27 1 0 1 0
21 28 1.5 1 1 0
7 29 1.5 1 1 0
29 3 1.5 1 1 0
13 8 1.5 1 1 0
28 17 1.5 1 1 0
16 10 1.5 1 1 0
27 22 1 0 1 0
18 21 1
6 2 2 0 4 0 1 12.011 -0.02800770092 0.1441 2.503 0
6 2 2 0 4 0 1 12.011 0.007382546504 -0.0516 2.488 0
6 3 0 0 3 1 1 12.011 0.1086868314 0.136 3.509 0
7 2 0 0 3 1 1 14.007 -0.2410423381 -0.3239 2.202 0
6 2 1 0 3 1 1 12.011 0.05328355114 0.1581 3.35 0
6 3 0 0 3 1 1 12.011 0.06809811563 0.2713 3.904 0
6 3 0 0 3 1 1 12.011 0.003712974393 0.2713 3.904 0
6 2 1 0 3 1 1 12.011 -0.04886786468 0.1581 3.35 0
6 2 1 0 3 1 1 12.011 -0.01539835277 0.1581 3.35 0
6 3 0 0 3 1 1 12.011 0.1609035397 0.5437 3.853 0
8 2 0 0 3 0 1 15.999 -0.486146865 -0.4195 1.182 0
6 2 2 0 4 0 1 12.011 0.1224214769 -0.2035 2.753 0
6 2 2 0 4 0 1 12.011 0.1224220398 -0.2035 2.753 0
8 2 0 0 3 0 1 15.999 -0.4861232943 -0.4195 1.182 0
6 3 0 0 3 1 1 12.011 0.1615329978 0.5437 3.853 0
6 2 1 0 3 1 1 12.011 -0.006655893582 0.1581 3.35 0
7 3 0 0 3 1 1 14.007 -0.3280098508 -0.3239 2.202 0
6 2 2 0 4 0 1 12.011 0.02469642371 -0.0516 2.488 0
0 1 1 0 1 0
1 2 1 0 1 0
2 3 1.5 1 1 0
3 4 1.5 1 1 0
4 5 1.5 1 1 0
5 6 1 1 0 0
6 7 1.5 1 1 0
7 8 1.5 1 1 0
8 9 1.5 1 1 0
9 10 1 1 1 0
10 11 1 0 1 0
11 12 1 0 1 0
12 13 1 0 1 0
13 14 1 1 1 0
14 15 1.5 1 1 0
5 16 1.5 1 1 0
16 17 1 0 1 0
17 0 1 0 1 0
16 2 1.5 1 1 0
15 6 1.5 1 1 0
14 9 1.5 1 1 0
30 33 1
8 1 0 0 3 0 0 15.999 -0.2485070335 0.4833 0.389 0
6 3 0 0 3 0 0 12.011 0.3188072904 -0.2783 5.007 0
7 2 1 0 3 0 0 14.007 -0.3357864293 -0.7096 2.173 0
6 2 2 0 4 0 0 12.011 0.04001434347 -0.2035 2.753 0
6 3 1 0 4 0 1 12.011 0.05294552547 -0.2051 2.731 -1
6 2 2 0 4 0 1 12.011 -0.005148389645 -0.0516 2.488 0
6 3 0 0 3 1 1 12.011 -0.04090439983 0.136 3.509 0
6 2 1 0 3 1 1 12.011 -0.05862272223 0.1581 3.35 0
6 2 1 0 3 1 1 12.011 -0.06197081396 0.1581 3.35 0
6 2 1 0 3 1 1 12.011 -0.0619071544 0.1581 3.35 0
6 2 1 0 3 1 1 12.011 -0.05697435477 0.1581 3.35 0
6 3 0 0 3 1 1 12.011 -0.02529563896 0.136 3.509 0
6 2 2 0 4 0 1 12.011 0.04573004862 -0.0516 2.488 0
7 3 0 0 3 0 1 14.007 -0.3398771741 -0.3187 1.839 0
6 3 0 0 3 0 0 12.011 0.1691178372 -0.2783 5.007 0
16 1 0 0 3 0 0 32.067 -0.04088532677 0.6482 7.591 0
7 2 1 0 3 0 0 14.007 -0.3609840912 -0.7096 2.173 0
6 2 2 0 4 0 0 12.011 0.03221458182 -0.2035 2.753 0
6 3 1 0 4 0 1 12.011 0.02414688805 -0.2051 2.731 1
6 2 2 0 4 0 1 12.011 -0.03484523899 0.1441 2.503 0
6 2 2 0 4 0 1 12.011 -0.03911111232 0.1441 2.503 0
6 2 2 0 4 0 1 12.011 -0.004498225637 -0.2035 2.753 0
7 2 1 0 4 0 1 14.007 -0.3122251572 -0.7096 2.173 0
7 2 1 0 3 0 0 14.007 -0.308019257 -0.5188 3 0
6 3 0 0 3 1 1 12.011 0.04236367088 0.4619 4.067 0
6 2 1 0 3 1 1 12.011 -0.03847496854 0.1581 3.35 0
6 2 1 0 3 1 1 12.011 -0.06020014981 0.1581 3.35 0
6 2 1 0 3 1 1 12.011 -0.06211739268 0.1581 3.35 0
6 2 1 0 3 1 1 12.011 -0.06020014981 0.1581 3.35 0
6 2 1 0 3 1 1 12.011 -0.03847496854 0.1581 3.35 0
0 1 2 1 0 0
1 2 1 1 0 0
2 3 1 0 0 0
3 4 1 0 0 0
4 5 1 0 1 0
5 6 1 0 1 0
6 7 1.5 1 1 0
7 8 1.5 1 1 0
8 9 1.5 1 1 0
9 10 1.5 1 1 0
10 11 1.5 1 1 0
11 12 1 0 1 0
12 13 1 0 1 0
13 14 1 1 0 0
14 15 2 1 0 0
14 16 1 1 0 0
16 17 1 0 0 0
17 18 1 0 0 0
18 19 1 0 1 0
19 20 1 0 1 0
20 21 1 0 1 0
21 22 1 0 1 0
1 23 1 1 0 0
23 24 1 1 0 0
24 25 1.5 1 1 0
25 26 1.5 1 1 0
26 27 1.5 1 1 0
27 28 1.5 1 1 0
28 29 1.5 1 1 0
13 4 1 0 1 0
22 18 1 0 1 0
29 24 1.5 1 1 0
11 6 1.5 1 1 0
35 38 1
6 1 3 0 4 0 0 12.011 0.006238988723 -0.2035 2.753 0
7 2 1 0 3 0 0 14.007 -0.3572977459 -0.5188 3 0
6 3 0 0 3 1 1 12.011 0.22189556 0.4619 4.067 0
7 2 0 0 3 1 1 14.007 -0.2203655323 -0.3239 2.202 0
6 2 1 0 3 1 1 12.011 0.0480731427 0.1581 3.35 0
6 3 0 0 3 1 1 12.011 0.06134257931 0.136 3.509 0
6 2 0 0 2 0 0 12.011 -0.06376002934 0.0017 3.888 0
6 2 0 0 2 0 0 12.011 -0.09555683504 0.0017 3.888 0
6 2 2 0 4 0 0 12.011 0.03473959459 0.1441 2.503 0
6 3 1 0 4 0 0 12.011 0.1117678548 -0.2051 2.731 -1
7 2 1 0 4 0 0 14.007 -0.1976669275 -0.7096 2.173 0
16 4 0 0 4 0 0 32.067 0.2408454567 -0.0024 7.365 0
8 1 0 0 3 0 0 15.999 -0.207078628 -0.3339 0.7774 0
8 1 0 0 3 0 0 15.999 -0.207078628 -0.3339 0.7774 0
6 3 0 0 3 1 1 12.011 0.08264529623 0.1893 2.673 0
6 2 1 0 3 1 1 12.011 -0.04148954564 0.1581 3.35 0
6 2 1 0 3 1 1 12.011 -0.05303457435 0.1581 3.35 0
6 3 0 0 3 1 1 12.011 -0.01831664698 0.2955 4.346 0
6 2 1 0 3 1 1 12.011 -0.05438150121 0.1581 3.35 0
6 2 1 0 3 1 1 12.011 -0.06162969575 0.1581 3.35 0
6 2 1 0 3 1 1 12.011 -0.06162902248 0.1581 3.35 0
6 2 1 0 3 1 1 12.011 -0.05433875995 0.1581 3.35 0
6 3 0 0 3 1 1 12.011 -0.01705569767 0.2955 4.346 0
6 2 1 0 3 1 1 12.011 -0.03425007481 0.1581 3.35 0
6 3 0 0 3 0 0 12.011 0.2412335452 -0.2783 5.007 0
8 1 0 0 3 0 0 15.999 -0.2729971178 -0.1526 0 0
7 3 0 0 3 0 0 14.007 -0.3413631108 -0.3187 1.839 0
6 1 3 0 4 0 0 12.011 0.009506097949 -0.2035 2.753 0
6 3 1 0 4 0 1 12.011 0.03136173035 -0.2051 2.731 0
6 2 2 0 4 0 1 12.011 -0.03257796441 0.1441 2.503 0
6 2 2 0 4 0 1 12.011 -0.05127208387 0.1441 2.503 0
6 2 2 0 4 0 1 12.011 -0.05127208387 0.1441 2.503 0
6 2 2 0 4 0 1 12.011 -0.03257796441 0.1441 2.503 0
6 2 1 0 3 1 1 12.011 0.0480731427 0.1581 3.35 0
7 2 0 0 3 1 1 14.007 -0.2203655323 -0.3239 2.202 0
0 1 1 0 0 0
1 2 1 1 0 0
2 3 1.5 1 1 0
3 4 1.5 1 1 0
4 5 1.5 1 1 0
5 6 1 1 0 0
6 7 3 1 0 0
7 8 1 0 0 0
8 9 1 0 0 0
9 10 1 0 0 0
10 11 1 0 0 0
11 12 2 0 0 0
11 13 2 0 0 0
11 14 1 0 0 0
14 15 1.5 1 1 0
15 16 1.5 1 1 0
16 17 1.5 1 1 0
17 18 1.5 1 1 0
18 19 1.5 1 1 0
19 20 1.5 1 1 0
20 21 1.5 1 1 0
21 22 1.5 1 1 0
22 23 1.5 1 1 0
9 24 1 0 0 0
24 25 2 1 0 0
24 26 1 1 0 0
26 27 1 0 0 0
26 28 1 0 0 0
28 29 1 0 1 0
29 30 1 0 1 0
30 31 1 0 1 0
31 32 1 0 1 0
5 33 1.5 1 1 0
33 34 1.5 1 1 0
34 2 1.5 1 1 0
23 14 1.5 1 1 0
32 28 1 0 1 0
22 17 1.5 1 1 0
34 37 1
6 1 3 0 4 0 0 12.011 0.07750652813 -0.2035 2.753 0
8 2 0 0 3 0 0 15.999 -0.4967677863 -0.4195 1.182 0
6 3 0 0 3 1 1 12.011 0.118405211 0.5437 3.853 0
6 2 1 0 3 1 1 12.011 -0.01924966436 0.1581 3.35 0
6 2 1 0 3 1 1 12.011 -0.0473599459 0.1581 3.35 0
6 3 0 0 3 1 1 12.011 0.02284464543 0.136 3.509 0
6 3 0 0 3 0 0 12.011 0.1950182722 -0.2783 5.007 0
8 1 0 0 3 0 0 15.999 -0.2885171557 0.1129 0.2215 0
6 3 0 0 3 1 1 12.011 0.05271813564 0.136 3.509 0
6 3 0 0 3 1 1 12.011 0.02865832185 0.136 3.509 0
6 1 3 0 4 0 0 12.011 -0.02338769863 0.08452 2.464 0
7 3 0 0 3 1 1 14.007 -0.3247222543 -0.3239 2.202 0
6 2 2 0 4 0 0 12.011 0.04941589422 -0.0516 2.488 0
6 3 0 0 3 1 1 12.011 -0.02452364352 0.136 3.509 0
6 2 1 0 3 1 1 12.011 -0.05696734559 0.1581 3.35 0
6 2 1 0 3 1 1 12.011 -0.05824297852 0.1581 3.35 0
6 2 1 0 3 1 1 12.011 -0.01990206169 0.1581 3.35 0
6 3 0 0 3 1 1 12.011 0.1204451426 0.5437 3.853 0
8 2 0 0 3 0 0 15.999 -0.479028368 -0.4195 1.182 0
6 3 1 0 4 0 0 12.011 0.1923526175 -0.2051 2.731 -1
6 1 3 0 4 0 0 12.011 -0.01666157357 0.1441 2.503 0
6 3 0 0 3 0 0 12.011 0.3440936725 -0.2783 5.007 0
8 1 0 0 3 0 0 15.999 -0.2480097444 -0.1526 0 0
8 1 1 0 3 0 0 15.999 -0.4785140543 -0.2893 0.8238 0
6 2 1 0 3 1 1 12.011 -0.01490396336 0.1581 3.35 0
6 3 0 0 3 1 1 12.011 0.1409451021 0.2955 4.346 0
7 2 0 0 3 1 1 14.007 -0.2351784326 -0.3239 2.202 0
6 3 0 0 3 1 1 12.011 0.03976277527 0.136 3.509 0
6 1 3 0 4 0 0 12.011 -0.02213552072 0.08452 2.464 0
6 2 1 0 3 1 1 12.011 -0.04007507788 0.1581 3.35 0
6 2 1 0 3 1 1 12.011 -0.04864034571 0.1581 3.35 0
6 3 0 0 3 1 1 12.011 0.03040440274 0.2955 4.346 0
6 2 1 0 3 1 1 12.011 -0.0473599459 0.1581 3.35 0
6 2 1 0 3 1 1 12.011 -0.01924966436 0.1581 3.35 0
0 1 1 0 0 0
1 2 1 1 0 0
2 3 1.5 1 1 0
3 4 1.5 1 1 0
4 5 1.5 1 1 0
5 6 1 1 0 0
6 7 2 1 0 0
6 8 1 1 0 0
8 9 1.5 1 1 0
9 10 1 0 0 0
9 11 1.5 1 1 0
11 12 1 0 0 0
12 13 1 0 0 0
13 14 1.5 1 1 0
14 15 1.5 1 1 0
15 16 1.5 1 1 0
16 17 1.5 1 1 0
17 18 1 1 0 0
18 19 1 0 0 0
19 20 1 0 0 0
19 21 1 0 0 0
21 22 2 1 0 0
21 23 1 1 0 0
17 24 1.5 1 1 0
11 25 1.5 1 1 0
25 26 1.5 1 1 0
26 27 1.5 1 1 0
27 28 1 0 0 0
27 29 1.5 1 1 0
29 30 1.5 1 1 0
30 31 1.5 1 1 0
5 32 1.5 1 1 0
32 33 1.5 1 1 0
33 2 1.5 1 1 0
31 8 1.5 1 1 0
24 13 1.5 1 1 0
31 25 1.5 1 1 0
21 23 1
17 1 0 0 4 0 0 35.453 -0.08256370504 0.6895 5.853 0
6 3 0 0 3 1 1 12.011 0.06299718465 0.245 3.564 0
6 2 1 0 3 1 1 12.011 -0.0417238822 0.1581 3.35 0
6 2 1 0 3 1 1 12.011 -0.05696999101 0.1581 3.35 0
6 2 1 0 3 1 1 12.011 -0.01755523354 0.1581 3.35 0
6 3 0 0 3 1 1 12.011 0.1491206265 0.5437 3.853 0
8 2 0 0 3 0 0 15.999 -0.4371132962 -0.4195 1.182 0
6 3 0 0 3 1 1 12.011 0.2222541135 0.5437 3.853 0
7 2 0 0 3 1 1 14.007 -0.2215095461 -0.3239 2.202 0
6 2 1 0 3 1 1 12.011 0.03087006939 0.1581 3.35 0
6 2 1 0 3 1 1 12.011 -0.04324251471 0.1581 3.35 0
6 2 1 0 3 1 1 12.011 -0.05182608447 0.1581 3.35 0
6 3 0 0 3 1 1 12.011 0.01791388447 0.136 3.509 0
6 3 1 0 4 0 1 12.011 -0.008426610739 0.1193 2.582 0
6 2 2 0 4 0 1 12.011 -0.03349562745 0.1441 2.503 0
6 2 2 0 4 0 1 12.011 -0.004304303823 -0.2035 2.753 0
7 2 1 0 4 0 1 14.007 -0.3166879363 -0.7096 2.173 0
6 2 2 0 4 0 1 12.011 -0.004304303823 -0.2035 2.753 0
6 2 2 0 4 0 1 12.011 -0.03349562745 0.1441 2.503 0
6 3 0 0 3 1 1 12.011 0.1018826837 0.245 3.564 0
17 1 0 0 4 0 0 35.453 -0.07860426235 0.6895 5.853 0
0 1 1 0 0 0
1 2 1.5 1 1 0
2 3 1.5 1 1 0
3 4 1.5 1 1 0
4 5 1.5 1 1 0
5 6 1 1 0 0
6 7 1 1 0 0
7 8 1.5 1 1 0
8 9 1.5 1 1 0
9 10 1.5 1 1 0
10 11 1.5 1 1 0
11 12 1.5 1 1 0
12 13 1 0 0 0
13 14 1 0 1 0
14 15 1 0 1 0
15 16 1 0 1 0
16 17 1 0 1 0
17 18 1 0 1 0
5 19 1.5 1 1 0
19 20 1 0 0 0
19 1 1.5 1 1 0
12 7 1.5 1 1 0
18 13 1 0 1 0
28 30 1
6 1 3 0 4 0 0 12.011 -0.06012650528 0.1441 2.503 0
6 4 0 0 4 0 0 12.011 -0.03705556264 0 2.433 0
6 1 3 0 4 0 0 12.011 -0.06012650528 0.1441 2.503 0
6 1 3 0 4 0 0 12.011 -0.06012650528 0.1441 2.503 0
6 2 2 0 4 0 0 12.011 -0.03575106642 0.1441 2.503 0
6 2 2 0 4 0 0 12.011 -0.004072789828 -0.2035 2.753 0
7 2 1 0 4 0 0 14.007 -0.3126559471 -0.7096 2.173 0
6 2 2 0 4 0 0 12.011 0.02050063881 -0.0516 2.488 0
6 3 0 0 3 1 1 12.011 -0.03412171567 0.136 3.509 0
6 2 1 0 3 1 1 12.011 -0.05712971341 0.1581 3.35 0
6 2 1 0 3 1 1 12.011 -0.05395898818 0.1581 3.35 0
6 3 0 0 3 1 1 12.011 -0.01546653483 0.2713 3.904 0
6 3 0 0 3 1 1 12.011 0.02007592987 0.2713 3.904 0
6 2 1 0 3 1 1 12.011 0.03595167365 0.1581 3.35 0
7 2 0 0 3 1 1 14.007 -0.2639962267 -0.3239 2.202 0
6 2 1 0 3 1 1 12.011 0.02812913062 0.1581 3.35 0
6 2 1 0 3 1 1 12.011 -0.0230437178 0.1581 3.35 0
6 3 0 0 3 1 1 12.011 0.09310015685 0.1893 2.673 0
16 4 0 0 4 0 0 32.067 0.243298527 -0.0024 7.365 0
8 1 0 0 3 0 0 15.999 -0.2068521758 -0.3339 0.7774 0
8 1 0 0 3 0 0 15.999 -0.2068521758 -0.3339 0.7774 0
7 3 0 0 4 0 1 14.007 -0.1978374552 -0.3187 1.839 0
6 2 2 0 4 0 1 12.011 0.01385352972 -0.2035 2.753 0
6 2 2 0 4 0 1 12.011 -0.0380379395 0.1441 2.503 0
6 2 2 0 4 0 1 12.011 -0.0380379395 0.1441 2.503 0
6 2 2 0 4 0 1 12.011 0.01385352972 -0.2035 2.753 0
6 2 1 0 3 1 1 12.011 -0.05395898818 0.1581 3.35 0
6 2 1 0 3 1 1 12.011 -0.05712971341 0.1581 3.35 0
0 1 1 0 0 0
1 2 1 0 0 0
1 3 1 0 0 0
1 4 1 0 0 0
4 5 1 0 0 0
5 6 1 0 0 0
6 7 1 0 0 0
7 8 1 0 0 0
8 9 1.5 1 1 0
9 10 1.5 1 1 0
10 11 1.5 1 1 0
11 12 1 1 0 0
12 13 1.5 1 1 0
13 14 1.5 1 1 0
14 15 1.5 1 1 0
15 16 1.5 1 1 0
16 17 1.5 1 1 0
17 18 1 0 0 0
18 19 2 0 0 0
18 20 2 0 0 0
18 21 1 0 0 0
21 22 1 0 1 0
22 23 1 0 1 0
23 24 1 0 1 0
24 25 1 0 1 0
11 26 1.5 1 1 0
26 27 1.5 1 1 0
27 8 1.5 1 1 0
17 12 1.5 1 1 0
25 21 1 0 1 0
37 41 1
9 1 0 0 4 0 0 18.998 -0.1661375432 0.4202 1.108 0
6 4 0 0 4 0 0 12.011 0.4159102142 -0.0967 2.576 0
9 1 0 0 4 0 0 18.998 -0.1661375432 0.4202 1.108 0
9 1 0 0 4 0 0 18.998 -0.1661375432 0.4202 1.108 0
6 3 0 0 3 1 1 12.011 0.05553204755 0.136 3.509 0
6 2 1 0 3 1 1 12.011 -0.04942620397 0.1581 3.35 0
6 2 1 0 3 1 1 12.011 -0.05438206673 0.1581 3.35 0
6 3 0 0 3 1 1 12.011 -0.02561509281 0.136 3.509 0
6 2 1 0 3 0 0 12.011 -0.05436557868 0.264 4.305 0
6 2 1 0 3 0 0 12.011 -0.05365269579 0.264 4.305 0
6 3 0 0 3 1 1 12.011 -0.01467494116 0.136 3.509 0
6 2 1 0 3 1 1 12.011 -0.03589060393 0.1581 3.35 0
6 2 1 0 3 1 1 12.011 0.02810581812 0.1581 3.35 0
7 2 0 0 3 1 1 14.007 -0.2562214536 -0.3239 2.202 0
6 3 0 0 3 1 1 12.011 0.07076814067 0.2955 4.346 0
6 2 1 0 3 1 1 12.011 -0.03548547935 0.1581 3.35 0
6 2 1 0 3 1 1 12.011 -0.0558895918 0.1581 3.35 0
6 3 0 0 3 1 1 12.011 -0.0353134246 0.136 3.509 0
6 3 1 0 4 0 0 12.011 0.03397704269 0.1193 2.582 0
6 3 0 0 3 1 1 12.011 -0.03598082064 0.136 3.509 0
6 2 1 0 3 1 1 12.011 -0.05659927902 0.1581 3.35 0
6 2 1 0 3 1 1 12.011 -0.04322023137 0.1581 3.35 0
6 3 0 0 3 1 1 12.011 0.04056946352 0.245 3.564 0
17 1 0 0 4 0 0 35.453 -0.0843441237 0.6895 5.853 0
6 2 1 0 3 1 1 12.011 -0.04322023137 0.1581 3.35 0
6 2 1 0 3 1 1 12.011 -0.05659927902 0.1581 3.35 0
6 3 0 0 3 1 1 12.011 -0.03598082064 0.136 3.509 0
6 2 1 0 3 1 1 12.011 -0.05659927902 0.1581 3.35 0
6 2 1 0 3 1 1 12.011 -0.04322023137 0.1581 3.35 0
6 3 0 0 3 1 1 12.011 0.04056946352 0.245 3.564 0
17 1 0 0 4 0 0 35.453 -0.0843441237 0.6895 5.853 0
6 2 1 0 3 1 1 12.011 -0.04322023137 0.1581 3.35 0
6 2 1 0 3 1 1 12.011 -0.05659927902 0.1581 3.35 0
6 2 1 0 3 1 1 12.011 -0.04802257001 0.1581 3.35 0
6 3 0 0 3 1 1 12.011 0.007711328691 0.2955 4.346 0
6 2 1 0 3 1 1 12.011 -0.05438206673 0.1581 3.35 0
6 2 1 0 3 1 1 12.011 -0.04942620397 0.1581 3.35 0
0 1 1 0 0 0
1 2 1 0 0 0
1 3 1 0 0 0
1 4 1 0 0 0
4 5 1.5 1 1 0
5 6 1.5 1 1 0
6 7 1.5 1 1 0
7 8 1 1 0 0
8 9 2 1 0 1
9 10 1 1 0 0
10 11 1.5 1 1 0
11 12 1.5 1 1 0
12 13 1.5 1 1 0
13 14 1.5 1 1 0
14 15 1.5 1 1 0
15 16 1.5 1 1 0
16 17 1.5 1 1 0
17 18 1 0 0 0
18 19 1 0 0 0
19 20 1.5 1 1 0
20 21 1.5 1 1 0
21 22 1.5 1 1 0
22 23 1 0 0 0
22 24 1.5 1 1 0
24 25 1.5 1 1 0
18 26 1 0 0 0
26 27 1.5 1 1 0
27 28 1.5 1 1 0
28 29 1.5 1 1 0
29 30 1 0 0 0
29 31 1.5 1 1 0
31 32 1.5 1 1 0
17 33 1.5 1 1 0
33 34 1.5 1 1 0
7 35 1.5 1 1 0
35 36 1.5 1 1 0
36 4 1.5 1 1 0
34 10 1.5 1 1 0
34 14 1.5 1 1 0
25 19 1.5 1 1 0
32 26 1.5 1 1 0
31 36 1
6 1 3 0 4 0 0 12.011 0.0775067938 -0.2035 2.753 0
8 2 0 0 3 0 0 15.999 -0.4967567604 -0.4195 1.182 0
6 3 0 0 3 1 1 12.011 0.1187007283 0.5437 3.853 0
6 2 1 0 3 1 1 12.011 -0.01996242699 0.1581 3.35 0
6 2 1 0 3 1 1 12.011 -0.05824431617 0.1581 3.35 0
6 2 1 0 3 1 1 12.011 -0.05699121031 0.1581 3.35 0
6 3 0 0 3 1 1 12.011 -0.02522813553 0.136 3.509 0
6 2 2 0 4 0 0 12.011 0.04016578833 -0.0516 2.488 0
7 2 1 0 3 0 0 14.007 -0.3809557339 -0.5188 3 0
6 3 0 0 3 1 1 12.011 0.0345489569 0.4619 4.067 0
6 2 1 0 3 1 1 12.011 -0.03866091962 0.1581 3.35 0
6 2 1 0 3 1 1 12.011 -0.05663486738 0.1581 3.35 0
6 3 0 0 3 1 1 12.011 -0.04251415995 0.136 3.509 0
6 3 0 0 3 1 1 12.011 -0.03610683168 0.136 3.509 0
6 2 1 0 3 1 1 12.011 -0.03488364028 0.1581 3.35 0
6 4 0 0 4 0 1 12.011 0.001188765052 -0.0967 2.576 1
6 2 2 0 4 0 1 12.011 -0.04312785814 0.1441 2.503 0
6 2 2 0 4 0 1 12.011 -0.05243291142 0.1441 2.503 0
6 2 2 0 4 0 1 12.011 -0.05291966588 0.1441 2.503 0
6 2 2 0 4 0 1 12.011 -0.04808444524 0.1441 2.503 0
6 3 1 0 4 0 1 12.011 -0.01563106796 0 2.433 1
6 3 1 0 4 0 1 12.011 0.01725979831 -0.2051 2.731 1
6 2 2 0 4 0 1 12.011 -0.01157085431 -0.0516 2.488 0
7 3 0 0 4 0 1 14.007 -0.2994405068 -0.3187 1.839 0
6 2 2 0 4 0 0 12.011 0.001285891243 -0.2035 2.753 0
6 3 1 0 4 0 1 12.011 -0.02856961404 0 2.433 0
6 2 2 0 4 0 1 12.011 -0.04891446226 0.1441 2.503 0
6 2 2 0 4 0 1 12.011 -0.04891446226 0.1441 2.503 0
6 2 2 0 4 0 1 12.011 -0.0006811111932 -0.2035 2.753 0
6 2 2 0 4 0 1 12.011 -0.03028983182 0.1441 2.503 0
6 2 1 0 3 1 1 12.011 -0.01498815342 0.1581 3.35 0
0 1 1 0 0 0
1 2 1 1 0 0
2 3 1.5 1 1 0
3 4 1.5 1 1 0
4 5 1.5 1 1 0
5 6 1.5 1 1 0
6 7 1 0 0 0
7 8 1 0 0 0
8 9 1 1 0 0
9 10 1.5 1 1 0
10 11 1.5 1 1 0
11 12 1.5 1 1 0
12 13 1.5 1 1 0
13 14 1.5 1 1 0
13 15 1 0 1 0
15 16 1 0 1 0
16 17 1 0 1 0
17 18 1 0 1 0
18 19 1 0 1 0
19 20 1 0 1 0
20 21 1 0 1 0
21 22 1 0 1 0
21 23 1 0 1 0
23 24 1 0 0 0
24 25 1 0 0 0
25 26 1 0 1 0
26 27 1 0 1 0
23 28 1 0 1 0
28 29 1 0 1 0
6 30 1.5 1 1 0
30 2 1.5 1 1 0
14 9 1.5 1 1 0
20 15 1 0 1 0
27 25 1 0 1 0
22 12 1 0 1 0
29 15 1 0 1 0
27 30 1
9 1 0 0 4 0 0 18.998 -0.2068495407 0.4202 1.108 0
6 3 0 0 3 1 1 12.011 0.1269552744 0 3.257 0
6 2 1 0 3 1 1 12.011 -0.01899563996 0.1581 3.35 0
6 3 0 0 3 1 1 12.011 0.004274934249 0.136 3.509 0
6 3 0 0 3 1 1 12.011 0.1641994846 0.5437 3.853 0
6 3 0 0 3 1 1 12.011 0.1639418455 0.5437 3.853 0
8 2 0 0 3 0 0 15.999 -0.4882532215 -0.4195 1.182 0
6 2 2 0 4 0 0 12.011 0.1008317942 -0.2035 2.753 0
6 2 2 0 4 0 0 12.011 0.02947375055 -0.2035 2.753 0
7 2 1 0 4 0 0 14.007 -0.3133350955 -0.7096 2.173 0
6 2 2 0 4 0 0 12.011 -0.004430309058 -0.2035 2.753 0
6 2 2 0 4 0 0 12.011 -0.03652272284 0.1441 2.503 0
6 2 2 0 4 0 0 12.011 -0.02456225181 -0.0516 2.488 0
6 3 0 0 3 1 1 12.011 -0.02248930775 0.136 3.509 0
6 2 1 0 3 1 1 12.011 0.004900550556 0.1581 3.35 0
7 2 1 0 3 1 1 14.007 -0.3608872745 -0.3239 2.202 0
6 3 0 0 3 1 1 12.011 0.04583787705 0.2955 4.346 0
6 2 1 0 3 1 1 12.011 -0.03509536453 0.1581 3.35 0
6 2 1 0 3 1 1 12.011 -0.02421435226 0.1581 3.35 0
6 3 0 0 3 1 1 12.011 0.123468866 0 3.257 0
9 1 0 0 4 0 0 18.998 -0.2069863723 0.4202 1.108 0
6 2 1 0 3 1 1 12.011 -0.01663495117 0.1581 3.35 0
6 3 0 0 3 1 1 12.011 0.005466056478 0.2955 4.346 0
6 2 1 0 3 1 1 12.011 0.01980418658 0.1581 3.35 0
8 2 0 0 3 0 1 15.999 -0.4890540615 -0.4195 1.182 0
6 2 2 0 4 0 1 12.011 0.09258845094 -0.2035 2.753 0
6 2 2 0 4 0 1 12.011 0.01048938341 -0.0516 2.488 0
0 1 1 0 0 0
1 2 1.5 1 1 0
2 3 1.5 1 1 0
3 4 1.5 1 1 0
4 5 1.5 1 1 0
5 6 1 1 0 0
6 7 1 0 0 0
7 8 1 0 0 0
8 9 1 0 0 0
9 10 1 0 0 0
10 11 1 0 0 0
11 12 1 0 0 0
12 13 1 0 0 0
13 14 1.5 1 1 0
14 15 1.5 1 1 0
15 16 1.5 1 1 0
16 17 1.5 1 1 0
17 18 1.5 1 1 0
18 19 1.5 1 1 0
19 20 1 0 0 0
19 21 1.5 1 1 0
21 22 1.5 1 1 0
5 23 1.5 1 1 0
4 24 1 1 1 0
24 25 1 0 1 0
25 26 1 0 1 0
23 1 1.5 1 1 0
26 3 1 0 1 0
22 13 1.5 1 1 0
22 16 1.5 1 1 0
35 37 1
6 1 3 0 4 0 0 12.011 0.08250983634 -0.2035 2.753 0
8 2 0 0 3 0 0 15.999 -0.4527173616 -0.0684 1.085 0
6 3 0 0 3 0 0 12.011 0.409818425 -0.2783 5.007 0
8 1 0 0 3 0 0 15.999 -0.2243445512 0.4833 0.389 0
7 3 0 0 3 0 0 14.007 -0.2926875488 -0.3187 1.839 0
6 2 2 0 4 0 0 12.011 0.1219523967 -0.2035 2.753 0
6 3 0 0 3 0 0 12.011 0.3228497051 -0.2783 5.007 0
8 1 0 0 3 0 0 15.999 -0.2503317936 -0.1526 0 0
8 1 1 0 3 0 0 15.999 -0.4799232054 -0.2893 0.8238 0
6 2 2 0 4 0 0 12.011 0.05269152425 -0.0516 2.488 0
6 3 0 0 3 1 1 12.011 0.01101627336 0.136 3.509 0
6 2 1 0 3 1 1 12.011 -0.01200769313 0.1581 3.35 0
6 3 0 0 3 1 1 12.011 0.1199519284 0.5437 3.853 0
8 2 0 0 3 0 0 15.999 -0.4871486043 -0.4195 1.182 0
6 2 2 0 4 0 0 12.011 0.1337645981 -0.0516 2.488 0
6 3 0 0 3 1 1 12.011 0.1198585041 0.136 3.509 0
7 2 0 0 3 1 1 14.007 -0.2104951882 -0.3239 2.202 0
6 3 0 0 3 1 1 12.011 0.2261221093 0.2713 3.904 0
6 3 0 0 3 1 1 12.011 0.03712538035 0.2713 3.904 0
6 2 1 0 3 1 1 12.011 -0.04894273732 0.1581 3.35 0
6 2 1 0 3 1 1 12.011 -0.04922854307 0.1581 3.35 0
6 3 0 0 3 1 1 12.011 0.05553857272 0.136 3.509 0
6 4 0 0 4 0 0 12.011 0.4159102664 -0.0967 2.576 0
9 1 0 0 4 0 0 18.998 -0.166137543 0.4202 1.108 0
9 1 0 0 4 0 0 18.998 -0.166137543 0.4202 1.108 0
9 1 0 0 4 0 0 18.998 -0.166137543 0.4202 1.108 0
6 2 1 0 3 1 1 12.011 -0.04922854307 0.1581 3.35 0
6 2 1 0 3 1 1 12.011 -0.04894273732 0.1581 3.35 0
8 2 0 0 3 1 1 15.999 -0.441046947 0.1552 1.08 0
6 3 0 0 3 1 1 12.011 0.1281657994 0.136 3.509 0
6 1 3 0 4 0 0 12.011 -0.004038770368 0.08452 2.464 0
6 2 1 0 3 1 1 12.011 -0.01701685976 0.1581 3.35 0
6 2 1 0 3 1 1 12.011 -0.02228215116 0.1581 3.35 0
6 3 0 0 3 1 1 12.011 0.1279635322 0 3.257 0
9 1 0 0 4 0 0 18.998 -0.2066281124 0.4202 1.108 0
0 1 1 0 0 0
1 2 1 1 0 0
2 3 2 1 0 0
2 4 1 1 0 0
4 5 1 0 0 0
5 6 1 0 0 0
6 7 2 1 0 0
6 8 1 1 0 0
4 9 1 0 0 0
9 10 1 0 0 0
10 11 1.5 1 1 0
11 12 1.5 1 1 0
12 13 1 1 0 0
13 14 1 0 0 0
14 15 1 0 0 0
15 16 1.5 1 1 0
16 17 1.5 1 1 0
17 18 1 1 0 0
18 19 1.5 1 1 0
19 20 1.5 1 1 0
20 21 1.5 1 1 0
21 22 1 0 0 0
22 23 1 0 0 0
22 24 1 0 0 0
22 25 1 0 0 0
21 26 1.5 1 1 0
26 27 1.5 1 1 0
17 28 1.5 1 1 0
28 29 1.5 1 1 0
29 30 1 0 0 0
12 31 1.5 1 1 0
31 32 1.5 1 1 0
32 33 1.5 1 1 0
33 34 1 0 0 0
33 10 1.5 1 1 0
29 15 1.5 1 1 0
27 18 1.5 1 1 0
37 41 1
8 1 0 0 3 0 0 15.999 -0.2687059406 0.1129 0.2215 0
6 3 0 0 3 0 0 12.011 0.2607505011 -0.2783 5.007 0
7 2 1 0 3 0 0 14.007 -0.3185805435 -0.5188 3 0
6 3 0 0 3 1 1 12.011 0.08777607056 0.4619 4.067 0
6 2 1 0 3 1 1 12.011 0.04977996167 0.1581 3.35 0
7 3 0 0 3 1 1 14.007 -0.2605089108 -0.3239 2.202 0
6 2 2 0 4 0 0 12.011 0.1199528397 -0.0516 2.488 0
6 3 0 0 3 0 0 12.011 0.2439607384 -0.2783 5.007 0
8 1 0 0 3 0 0 15.999 -0.2727331838 -0.1526 0 0
7 3 0 0 3 0 1 14.007 -0.3364687291 -0.3187 1.839 0
6 2 2 0 4 0 1 12.011 0.04412387138 -0.2035 2.753 0
6 2 2 0 4 0 1 12.011 0.06430623921 -0.2035 2.753 0
8 2 0 0 4 0 1 15.999 -0.3777741937 -0.0684 1.085 0
6 2 2 0 4 0 1 12.011 0.06430623921 -0.2035 2.753 0
6 2 2 0 4 0 1 12.011 0.04412387138 -0.2035 2.753 0
7 2 0 0 3 1 1 14.007 -0.1699720304 -0.3239 2.202 0
6 3 0 0 3 1 1 12.011 0.1196516281 0.2713 3.904 0
6 3 0 0 3 1 1 12.011 0.04797559483 0.2713 3.904 0
6 2 1 0 3 1 1 12.011 -0.03018659669 0.1581 3.35 0
6 3 0 0 3 1 1 12.011 0.04149809785 0.245 3.564 0
17 1 0 0 4 0 0 35.453 -0.08431566894 0.6895 5.853 0
6 2 1 0 3 1 1 12.011 -0.03979492228 0.1581 3.35 0
6 2 1 0 3 1 1 12.011 -0.01751468462 0.1581 3.35 0
6 3 0 0 3 1 1 12.011 0.135257837 0.5437 3.853 0
8 2 0 0 3 0 0 15.999 -0.4341111529 -0.4195 1.182 0
6 3 1 0 4 0 0 12.011 0.3870537419 -0.2051 2.731 0
9 1 0 0 4 0 0 18.998 -0.1667654225 0.4202 1.108 0
9 1 0 0 4 0 0 18.998 -0.1667654225 0.4202 1.108 0
6 3 0 0 3 1 1 12.011 0.1044059798 0.136 3.509 0
6 2 1 0 3 1 1 12.011 0.06452495169 0.1581 3.35 0
7 2 0 0 3 1 1 14.007 -0.1741580939 -0.3239 2.202 0
7 3 0 0 3 1 1 14.007 -0.2217734751 -0.3239 2.202 0
6 2 1 0 3 1 1 12.011 0.03240998044 0.1581 3.35 0
6 2 1 0 3 1 1 12.011 -0.02525234607 0.1581 3.35 0
6 2 1 0 3 1 1 12.011 0.03086678411 0.1581 3.35 0
7 2 0 0 3 1 1 14.007 -0.2363153542 -0.3239 2.202 0
6 3 0 0 3 1 1 12.011 0.1672772677 0.2955 4.346 0
0 1 2 1 0 0
1 2 1 1 0 0
2 3 1 1 0 0
3 4 1.5 1 1 0
4 5 1.5 1 1 0
5 6 1 0 0 0
6 7 1 0 0 0
7 8 2 1 0 0
7 9 1 1 0 0
9 10 1 0 1 0
10 11 1 0 1 0
11 12 1 0 1 0
12 13 1 0 1 0
13 14 1 0 1 0
5 15 1.5 1 1 0
15 16 1.5 1 1 0
16 17 1 1 0 0
17 18 1.5 1 1 0
18 19 1.5 1 1 0
19 20 1 0 0 0
19 21 1.5 1 1 0
21 22 1.5 1 1 0
22 23 1.5 1 1 0
23 24 1 1 0 0
24 25 1 0 0 0
25 26 1 0 0 0
25 27 1 0 0 0
1 28 1 1 0 0
28 29 1.5 1 1 0
29 30 1.5 1 1 0
30 31 1.5 1 1 0
31 32 1.5 1 1 0
32 33 1.5 1 1 0
33 34 1.5 1 1 0
34 35 1.5 1 1 0
35 36 1.5 1 1 0
16 3 1.5 1 1 0
23 17 1.5 1 1 0
36 28 1.5 1 1 0
14 9 1 0 1 0
36 31 1.5 1 1 0
38 42 1
6 1 3 0 4 0 0 12.011 -0.04743080231 0.1441 2.503 0
6 2 2 0 4 0 0 12.011 0.01761914067 -0.2035 2.753 0
7 3 0 0 3 0 0 14.007 -0.3418965969 -0.3187 1.839 0
6 1 3 0 4 0 0 12.011 0.009461562977 -0.2035 2.753 0
6 3 0 0 3 0 0 12.011 0.2560576035 -0.2783 5.007 0
8 1 0 0 3 0 0 15.999 -0.2689798954 0.1129 0.2215 0
6 3 0 0 3 1 1 12.011 0.07527478273 0.136 3.509 0
6 2 1 0 3 1 1 12.011 -0.04579717933 0.1581 3.35 0
6 2 1 0 3 1 1 12.011 -0.05180852102 0.1581 3.35 0
6 3 0 0 3 1 1 12.011 0.00320622816 0.2713 3.904 0
6 3 0 0 3 1 1 12.011 0.07439297055 0.2713 3.904 0
6 2 1 0 3 1 1 12.011 -0.03516774555 0.1581 3.35 0
6 2 1 0 3 1 1 12.011 -0.05080542393 0.1581 3.35 0
6 3 0 0 3 1 1 12.011 0.02344886615 0.136 3.509 0
6 3 0 0 3 1 1 12.011 0.2231770736 0.5437 3.853 0
7 2 0 0 3 1 1 14.007 -0.2128771951 -0.3239 2.202 0
8 2 0 0 3 0 1 15.999 -0.4383923024 -0.4195 1.182 0
6 3 0 0 3 1 1 12.011 0.1328606333 0.5437 3.853 0
6 2 1 0 3 1 1 12.011 -0.01891956953 0.1581 3.35 0
6 2 1 0 3 1 1 12.011 -0.05853956861 0.1581 3.35 0
6 2 1 0 3 1 1 12.011 -0.06170077873 0.1581 3.35 0
6 2 1 0 3 1 1 12.011 -0.05465728398 0.1581 3.35 0
6 3 0 0 3 1 1 12.011 0.003592770769 0.136 3.509 0
6 3 1 0 4 0 1 12.011 0.03188546187 0.1193 2.582 -1
6 4 0 0 4 0 0 12.011 0.05519434776 0 2.433 0
6 1 3 0 4 0 0 12.011 -0.0500918237 0.1441 2.503 0
6 1 3 0 4 0 0 12.011 -0.0500918237 0.1441 2.503 0
6 3 0 0 3 0 0 12.011 0.2323217346 -0.2783 5.007 0
8 1 0 0 3 0 0 15.999 -0.2740164653 -0.1526 0 0
7 2 1 0 3 0 0 14.007 -0.300037304 -0.5188 3 0
6 3 0 0 3 1 1 12.011 0.2115283387 0.4619 4.067 0
7 2 0 0 3 1 1 14.007 -0.1201384703 -0.3239 2.202 0
7 2 0 0 3 1 1 14.007 -0.1451098356 -0.3239 2.202 0
6 2 1 0 3 1 1 12.011 0.1055540041 0.1581 3.35 0
16 2 0 0 3 1 1 32.067 -0.08297300881 0.6237 6.691 0
6 2 1 0 3 1 1 12.011 -0.01604475903 0.1581 3.35 0
6 3 0 0 3 1 1 12.011 0.1361334431 0 3.257 0
9 1 0 0 4 0 0 18.998 -0.2061051855 0.4202 1.108 0
0 1 1 0 0 0
1 2 1 0 0 0
2 3 1 0 0 0
2 4 1 1 0 0
4 5 2 1 0 0
4 6 1 1 0 0
6 7 1.5 1 1 0
7 8 1.5 1 1 0
8 9 1.5 1 1 0
9 10 1 1 0 0
10 11 1.5 1 1 0
11 12 1.5 1 1 0
12 13 1.5 1 1 0
13 14 1.5 1 1 0
14 15 1.5 1 1 0
14 16 1 1 1 0
16 17 1 1 1 0
17 18 1.5 1 1 0
18 19 1.5 1 1 0
19 20 1.5 1 1 0
20 21 1.5 1 1 0
21 22 1.5 1 1 0
22 23 1 0 1 0
23 24 1 0 0 0
24 25 1 0 0 0
24 26 1 0 0 0
24 27 1 0 0 0
27 28 2 1 0 0
27 29 1 1 0 0
29 30 1 1 0 0
30 31 1.5 1 1 0
31 32 1.5 1 1 0
32 33 1.5 1 1 0
33 34 1.5 1 1 0
9 35 1.5 1 1 0
35 36 1.5 1 1 0
36 37 1 0 0 0
36 6 1.5 1 1 0
15 10 1.5 1 1 0
22 17 1.5 1 1 0
34 30 1.5 1 1 0
23 13 1 0 1 0
31 34 1
6 1 3 0 4 0 0 12.011 0.07762490247 -0.2035 2.753 0
8 2 0 0 3 0 0 15.999 -0.4945862545 -0.4195 1.182 0
6 3 0 0 3 1 1 12.011 0.141655016 0.5437 3.853 0
6 2 1 0 3 1 1 12.011 -0.01780624987 0.1581 3.35 0
6 2 1 0 3 1 1 12.011 -0.05842881478 0.1581 3.35 0
6 2 1 0 3 1 1 12.011 -0.05993244215 0.1581 3.35 0
6 2 1 0 3 1 1 12.011 -0.03492963702 0.1581 3.35 0
6 3 0 0 3 1 1 12.011 0.07941879349 0.4619 4.067 0
7 3 0 0 3 0 1 14.007 -0.3659776599 -0.4458 2.819 0
6 2 2 0 4 0 1 12.011 0.03071622817 -0.2035 2.753 0
6 2 2 0 4 0 1 12.011 0.01585624949 -0.2035 2.753 0
7 3 0 0 4 0 1 14.007 -0.2998240582 -0.3187 1.839 0
6 2 2 0 4 0 0 12.011 -0.001658098676 -0.2035 2.753 0
6 2 2 0 4 0 0 12.011 -0.03873972906 0.1441 2.503 0
6 2 2 0 4 0 0 12.011 -0.03446760786 0.1441 2.503 0
6 2 2 0 4 0 0 12.011 0.01775441377 -0.2035 2.753 0
7 2 1 0 3 0 0 14.007 -0.3513404992 -0.7096 2.173 0
6 3 0 0 3 0 0 12.011 0.2608912813 -0.2783 5.007 0
8 1 0 0 3 0 0 15.999 -0.2683791683 0.1129 0.2215 0
6 3 0 0 3 1 1 12.011 0.09301481218 0.136 3.509 0
6 2 1 0 3 1 1 12.011 -0.03058850302 0.1581 3.35 0
6 3 0 0 3 1 1 12.011 -0.005709509127 0.2955 4.346 0
6 2 1 0 3 1 1 12.011 -0.04009294345 0.1581 3.35 0
6 3 0 0 3 1 1 12.011 0.01367845005 0 3.104 0
53 1 0 0 4 0 0 126.904 -0.04429150335 0.8857 14.02 0
6 2 1 0 3 1 1 12.011 -0.04739658508 0.1581 3.35 0
6 2 1 0 3 1 1 12.011 -0.04325810621 0.1581 3.35 0
6 3 0 0 3 1 1 12.011 0.03514640655 0.2955 4.346 0
16 2 0 0 3 1 1 32.067 -0.1300378477 0.6237 6.691 0
6 2 2 0 4 0 1 12.011 0.01585624949 -0.2035 2.753 0
6 2 2 0 4 0 1 12.011 0.03071622817 -0.2035 2.753 0
0 1 1 0 0 0
1 2 1 1 0 0
2 3 1.5 1 1 0
3 4 1.5 1 1 0
4 5 1.5 1 1 0
5 6 1.5 1 1 0
6 7 1.5 1 1 0
7 8 1 1 0 0
8 9 1 0 1 0
9 10 1 0 1 0
10 11 1 0 1 0
11 12 1 0 0 0
12 13 1 0 0 0
13 14 1 0 0 0
14 15 1 0 0 0
15 16 1 0 0 0
16 17 1 1 0 0
17 18 2 1 0 0
17 19 1 1 0 0
19 20 1.5 1 1 0
20 21 1.5 1 1 0
21 22 1.5 1 1 0
22 23 1.5 1 1 0
23 24 1 0 0 0
23 25 1.5 1 1 0
25 26 1.5 1 1 0
26 27 1.5 1 1 0
27 28 1.5 1 1 0
11 29 1 0 1 0
29 30 1 0 1 0
7 2 1.5 1 1 0
30 8 1 0 1 0
28 19 1.5 1 1 0
27 21 1.5 1 1 0
41 45 1
6 1 3 0 4 0 0 12.011 -0.05790291132 0.1441 2.503 0
6 4 0 0 4 0 1 12.011 -0.0139620649 0 2.433 0
6 1 3 0 4 0 0 12.011 -0.05790291132 0.1441 2.503 0
6 2 2 0 4 0 1 12.011 0.02014554552 -0.2035 2.753 0
7 2 1 0 3 0 1 14.007 -0.3831759417 -0.5188 3 0
6 3 0 0 3 1 1 12.011 0.05763274446 0.4619 4.067 0
6 3 0 0 3 1 1 12.011 -0.02253976909 0.136 3.509 0
6 2 1 0 3 1 1 12.011 -0.05356419401 0.1581 3.35 0
6 3 0 0 3 1 1 12.011 -0.04396496639 0.136 3.509 0
6 2 2 0 4 0 0 12.011 -0.004471185341 -0.0516 2.488 0
6 2 2 0 4 0 0 12.011 0.04709539342 -0.2035 2.753 0
8 1 1 0 4 0 0 15.999 -0.396031308 -0.2893 0.8238 0
6 2 1 0 3 1 1 12.011 -0.03666825704 0.1581 3.35 0
6 3 0 0 3 1 1 12.011 0.1056508748 0.1893 2.673 0
16 4 0 0 4 0 0 32.067 0.2428805497 -0.0024 7.365 0
8 1 0 0 3 0 0 15.999 -0.2069982971 -0.3339 0.7774 0
8 1 0 0 3 0 0 15.999 -0.2069982971 -0.3339 0.7774 0
7 2 1 0 4 0 0 14.007 -0.1981456646 -0.7096 2.173 0
6 3 1 0 4 0 0 12.011 0.1072246234 -0.2051 2.731 -1
6 2 2 0 4 0 0 12.011 0.0248581942 -0.0516 2.488 0
6 3 0 0 3 1 1 12.011 0.09593498323 0.136 3.509 0
7 2 0 0 3 1 1 14.007 -0.2411342975 -0.3239 2.202 0
6 3 0 0 3 1 1 12.011 0.08150100394 0.2955 4.346 0
6 2 1 0 3 1 1 12.011 -0.03492698445 0.1581 3.35 0
6 2 1 0 3 1 1 12.011 -0.06001944598 0.1581 3.35 0
6 2 1 0 3 1 1 12.011 -0.06070644876 0.1581 3.35 0
6 2 1 0 3 1 1 12.011 -0.04267680132 0.1581 3.35 0
6 3 0 0 3 1 1 12.011 0.05455322905 0.2955 4.346 0
16 2 0 0 3 1 1 32.067 -0.1185444099 0.6237 6.691 0
6 3 0 0 3 0 0 12.011 0.2406930108 -0.2783 5.007 0
8 1 0 0 3 0 0 15.999 -0.273021632 -0.1526 0 0
7 3 0 0 3 0 1 14.007 -0.3412855808 -0.3187 1.839 0
6 2 2 0 4 0 1 12.011 0.020768264 -0.2035 2.753 0
6 2 2 0 4 0 1 12.011 -0.03243082166 0.1441 2.503 0
6 3 1 0 4 0 1 12.011 -0.03558236764 0 2.433 0
6 2 2 0 4 0 0 12.011 -0.0215836179 0.1441 2.503 0
6 2 2 0 4 0 0 12.011 0.08966747123 -0.2035 2.753 0
9 1 0 0 4 0 0 18.998 -0.2510973176 0.4202 1.108 0
6 2 2 0 4 0 1 12.011 -0.03243082166 0.1441 2.503 0
6 2 2 0 4 0 1 12.011 0.020768264 -0.2035 2.753 0
6 2 2 0 4 0 1 12.011 -0.01894404889 -0.0516 2.488 0
0 1 1 0 0 0
1 2 1 0 0 0
1 3 1 0 1 0
3 4 1 0 1 0
4 5 1 1 1 0
5 6 1.5 1 1 0
6 7 1.5 1 1 0
7 8 1.5 1 1 0
8 9 1 0 0 0
9 10 1 0 0 0
10 11 1 0 0 0
8 12 1.5 1 1 0
12 13 1.5 1 1 0
13 14 1 0 0 0
14 15 2 0 0 0
14 16 2 0 0 0
14 17 1 0 0 0
17 18 1 0 0 0
18 19 1 0 0 0
19 20 1 0 0 0
20 21 1.5 1 1 0
21 22 1.5 1 1 0
22 23 1.5 1 1 0
23 24 1.5 1 1 0
24 25 1.5 1 1 0
25 26 1.5 1 1 0
26 27 1.5 1 1 0
27 28 1.5 1 1 0
18 29 1 0 0 0
29 30 2 1 0 0
29 31 1 1 0 0
31 32 1 0 1 0
32 33 1 0 1 0
33 34 1 0 1 0
34 35 1 0 0 0
35 36 1 0 0 0
36 37 1 0 0 0
34 38 1 0 1 0
38 39 1 0 1 0
6 40 1 0 1 0
40 1 1 0 1 0
13 5 1.5 1 1 0
28 20 1.5 1 1 0
39 31 1 0 1 0
27 22 1.5 1 1 0
25 27 1
8 1 1 0 4 0 0 15.999 -0.181410725 -0.2893 0.8238 0
16 3 0 1 4 0 0 32.067 0.1809788731 -0.0024 7.365 0
6 2 2 0 4 0 0 12.011 0.1477306274 -0.2035 2.753 0
6 2 2 0 4 0 0 12.011 0.008502339452 0.1441 2.503 0
6 2 2 0 4 0 0 12.011 0.002738894107 -0.2035 2.753 0
7 3 0 0 4 0 1 14.007 -0.3031086105 -0.3187 1.839 0
6 2 2 0 4 0 1 12.011 -0.001286109347 -0.2035 2.753 0
6 2 2 0 4 0 1 12.011 -0.03344306413 0.1441 2.503 0
6 3 1 0 4 0 1 12.011 -0.0137633489 0.1193 2.582 0
6 3 0 0 3 1 1 12.011 -0.04471104455 0.136 3.509 0
6 2 1 0 3 1 1 12.011 -0.05728036586 0.1581 3.35 0
6 2 1 0 3 1 1 12.011 -0.04324394961 0.1581 3.35 0
6 3 0 0 3 1 1 12.011 0.04056869332 0.245 3.564 0
17 1 0 0 4 0 0 35.453 -0.08434412987 0.6895 5.853 0
6 2 1 0 3 1 1 12.011 -0.04324394961 0.1581 3.35 0
6 2 1 0 3 1 1 12.011 -0.05728036586 0.1581 3.35 0
6 2 2 0 4 0 1 12.011 -0.03344306413 0.1441 2.503 0
6 2 2 0 4 0 1 12.011 -0.001286109347 -0.2035 2.753 0
6 3 0 0 3 1 1 12.011 0.1896644306 0.1893 2.673 0
6 2 1 0 3 1 1 12.011 -0.000675544669 0.1581 3.35 0
6 2 1 0 3 1 1 12.011 -0.02121870549 0.1581 3.35 0
6 3 0 0 3 1 1 12.011 0.1230825644 0 3.257 0
9 1 0 0 4 0 0 18.998 -0.2070058554 0.4202 1.108 0
6 2 1 0 3 1 1 12.011 -0.02121870549 0.1581 3.35 0
6 2 1 0 3 1 1 12.011 -0.000675544669 0.1581 3.35 0
0 1 1 0 0 0
1 2 1 0 0 0
2 3 1 0 0 0
3 4 1 0 0 0
4 5 1 0 0 0
5 6 1 0 1 0
6 7 1 0 1 0
7 8 1 0 1 0
8 9 1 0 0 0
9 10 1.5 1 1 0
10 11 1.5 1 1 0
11 12 1.5 1 1 0
12 13 1 0 0 0
12 14 1.5 1 1 0
14 15 1.5 1 1 0
8 16 1 0 1 0
16 17 1 0 1 0
1 18 1 0 0 0
18 19 1.5 1 1 0
19 20 1.5 1 1 0
20 21 1.5 1 1 0
21 22 1 0 0 0
21 23 1.5 1 1 0
23 24 1.5 1 1 0
17 5 1 0 1 0
24 18 1.5 1 1 0
15 9 1.5 1 1 0
33 37 1
6 1 3 0 4 0 0 12.011 -0.03824571857 0.08452 2.464 0
6 3 0 0 3 1 1 12.011 -0.0327299271 0.136 3.509 0
6 2 1 0 3 1 1 12.011 -0.05594532802 0.1581 3.35 0
6 2 1 0 3 1 1 12.011 -0.0391913807 0.1581 3.35 0
6 3 0 0 3 1 1 12.011 0.05598959526 0.136 3.509 0
6 4 0 0 4 0 1 12.011 0.09388272696 -0.0967 2.576 -1
6 3 0 0 3 0 0 12.011 0.2293025968 -0.2783 5.007 0
7 1 2 0 3 0 0 14.007 -0.3688499893 -1.019 2.262 0
8 1 0 0 3 0 0 15.999 -0.2742592763 -0.1526 0 0
6 2 2 0 4 0 1 12.011 -0.01721198589 0.1441 2.503 0
6 3 1 0 4 0 1 12.011 0.01222862508 -0.2051 2.731 -1
6 2 2 0 4 0 1 12.011 -0.03595712593 0.1441 2.503 0
6 2 2 0 4 0 1 12.011 -0.03595712593 0.1441 2.503 0
6 3 1 0 4 0 1 12.011 0.01222862508 -0.2051 2.731 1
6 2 2 0 4 0 1 12.011 -0.01721198589 0.1441 2.503 0
7 3 0 0 4 0 1 14.007 -0.2861757134 -0.3187 1.839 0
6 3 1 0 4 0 0 12.011 0.0635508674 0.1193 2.582 0
6 3 0 0 3 1 1 12.011 -0.007587804458 0.136 3.509 0
6 2 1 0 3 1 1 12.011 -0.05561351815 0.1581 3.35 0
6 2 1 0 3 1 1 12.011 -0.06181821974 0.1581 3.35 0
6 2 1 0 3 1 1 12.011 -0.06076511666 0.1581 3.35 0
6 2 1 0 3 1 1 12.011 -0.04317218083 0.1581 3.35 0
6 3 0 0 3 1 1 12.011 0.04568647741 0.245 3.564 0
17 1 0 0 4 0 0 35.453 -0.08396533545 0.6895 5.853 0
6 3 0 0 3 1 1 12.011 -0.007587804458 0.136 3.509 0
6 2 1 0 3 1 1 12.011 -0.05561351815 0.1581 3.35 0
6 2 1 0 3 1 1 12.011 -0.06181821974 0.1581 3.35 0
6 2 1 0 3 1 1 12.011 -0.06076511666 0.1581 3.35 0
6 2 1 0 3 1 1 12.011 -0.04317218083 0.1581 3.35 0
6 3 0 0 3 1 1 12.011 0.04568647741 0.245 3.564 0
17 1 0 0 4 0 0 35.453 -0.08396533545 0.6895 5.853 0
7 2 0 0 3 1 1 14.007 -0.2598892846 -0.3239 2.202 0
6 2 1 0 3 1 1 12.011 0.03003145283 0.1581 3.35 0
0 1 1 0 0 0
1 2 1.5 1 1 0
2 3 1.5 1 1 0
3 4 1.5 1 1 0
4 5 1 0 0 0
5 6 1 0 0 0
6 7 1 1 0 0
6 8 2 1 0 0
5 9 1 0 1 0
9 10 1 0 1 0
10 11 1 0 1 0
11 12 1 0 1 0
12 13 1 0 1 0
13 14 1 0 1 0
13 15 1 0 1 0
15 16 1 0 0 0
16 17 1 0 0 0
17 18 1.5 1 1 0
18 19 1.5 1 1 0
19 20 1.5 1 1 0
20 21 1.5 1 1 0
21 22 1.5 1 1 0
22 23 1 0 0 0
16 24 1 0 0 0
24 25 1.5 1 1 0
25 26 1.5 1 1 0
26 27 1.5 1 1 0
27 28 1.5 1 1 0
28 29 1.5 1 1 0
29 30 1 0 0 0
4 31 1.5 1 1 0
31 32 1.5 1 1 0
32 1 1.5 1 1 0
14 5 1 0 1 0
22 17 1.5 1 1 0
29 24 1.5 1 1 0
15 10 1 0 1 0
23 25 1
8 1 0 0 3 0 0 15.999 -0.2941423082 0.1129 0.2215 0
6 3 0 0 3 0 0 12.011 0.163648862 -0.2783 5.007 0
6 2 2 0 4 0 0 12.011 0.02361178986 0.1441 2.503 0
6 2 2 0 4 0 0 12.011 0.005557022929 -0.2035 2.753 0
7 3 0 0 4 0 1 14.007 -0.299372985 -0.3187 1.839 0
6 2 2 0 4 0 1 12.011 0.01586930582 -0.2035 2.753 0
6 2 2 0 4 0 1 12.011 0.03058876944 -0.2035 2.753 0
7 3 0 0 3 0 1 14.007 -0.3689649488 -0.4458 2.819 0
6 3 0 0 3 1 1 12.011 0.0367624239 0.4619 4.067 0
6 2 1 0 3 1 1 12.011 -0.03727720132 0.1581 3.35 0
6 2 1 0 3 1 1 12.011 -0.04146839781 0.1581 3.35 0
6 3 0 0 3 1 1 12.011 0.04069993845 0.245 3.564 0
17 1 0 0 4 0 0 35.453 -0.08434184339 0.6895 5.853 0
6 2 1 0 3 1 1 12.011 -0.04146839781 0.1581 3.35 0
6 2 1 0 3 1 1 12.011 -0.03727720132 0.1581 3.35 0
6 2 2 0 4 0 1 12.011 0.03058876944 -0.2035 2.753 0
6 2 2 0 4 0 1 12.011 0.01586930582 -0.2035 2.753 0
6 3 0 0 3 1 1 12.011 0.01753946496 0.136 3.509 0
6 2 1 0 3 1 1 12.011 -0.05141815818 0.1581 3.35 0
6 2 1 0 3 1 1 12.011 -0.06154530681 0.1581 3.35 0
6 2 1 0 3 1 1 12.011 -0.06222194651 0.1581 3.35 0
6 2 1 0 3 1 1 12.011 -0.06154530681 0.1581 3.35 0
6 2 1 0 3 1 1 12.011 -0.05141815818 0.1581 3.35 0
0 1 2 1 0 0
1 2 1 0 0 0
2 3 1 0 0 0
3 4 1 0 0 0
4 5 1 0 1 0
5 6 1 0 1 0
6 7 1 0 1 0
7 8 1 1 0 0
8 9 1.5 1 1 0
9 10 1.5 1 1 0
10 11 1.5 1 1 0
11 12 1 0 0 0
11 13 1.5 1 1 0
13 14 1.5 1 1 0
7 15 1 0 1 0
15 16 1 0 1 0
1 17 1 1 0 0
17 18 1.5 1 1 0
18 19 1.5 1 1 0
19 20 1.5 1 1 0
20 21 1.5 1 1 0
21 22 1.5 1 1 0
16 4 1 0 1 0
22 17 1.5 1 1 0
14 8 1.5 1 1 0
30 34 1
6 1 3 0 4 0 0 12.011 -0.02200918915 0.08452 2.464 0
6 3 0 0 3 1 1 12.011 0.04311463627 0.136 3.509 0
6 2 1 0 3 1 1 12.011 -0.01930496329 0.1581 3.35 0
6 3 0 0 3 1 1 12.011 0.04311463627 0.136 3.509 0
6 1 3 0 4 0 0 12.011 -0.02200918915 0.08452 2.464 0
7 2 0 0 3 1 1 14.007 -0.2182866391 -0.3239 2.202 0
6 3 0 0 3 1 1 12.011 0.225279976 0.4619 4.067 0
7 3 0 0 3 0 1 14.007 -0.3400946136 -0.4458 2.819 0
6 2 2 0 4 0 1 12.011 0.02560674511 -0.2035 2.753 0
6 3 1 0 4 0 1 12.011 0.000311815997 0 2.433 0
6 2 2 0 4 0 1 12.011 0.02572129756 -0.2035 2.753 0
7 3 0 0 3 0 1 14.007 -0.337909431 -0.3187 1.839 0
6 3 0 0 3 0 0 12.011 0.2541878212 -0.2783 5.007 0
8 1 0 0 3 0 0 15.999 -0.2690594919 0.1129 0.2215 0
6 3 0 0 3 1 1 12.011 0.05239379641 0.136 3.509 0
6 2 1 0 3 1 1 12.011 -0.04573290232 0.1581 3.35 0
6 2 1 0 3 1 1 12.011 -0.025477702 0.1581 3.35 0
6 3 0 0 3 1 1 12.011 0.1235536993 0 3.257 0
9 1 0 0 4 0 0 18.998 -0.2069849429 0.4202 1.108 0
6 2 1 0 3 1 1 12.011 -0.01280272362 0.1581 3.35 0
6 3 0 0 3 1 1 12.011 0.05273167498 0.2713 3.904 0
6 3 0 0 3 1 1 12.011 0.2262776749 0.2713 3.904 0
7 2 0 0 3 1 1 14.007 -0.2179713399 -0.3239 2.202 0
6 2 1 0 3 1 1 12.011 0.06615022605 0.1581 3.35 0
6 2 1 0 3 1 1 12.011 0.1115149499 0.1581 3.35 0
8 2 0 0 3 1 1 15.999 -0.4445041896 0.1552 1.08 0
6 2 2 0 4 0 1 12.011 0.02572129756 -0.2035 2.753 0
6 3 1 0 4 0 1 12.011 0.000311815997 0 2.433 0
6 2 2 0 4 0 1 12.011 0.02560674511 -0.2035 2.753 0
7 2 0 0 3 1 1 14.007 -0.2182866391 -0.3239 2.202 0
0 1 1 0 0 0
1 2 1.5 1 1 0
2 3 1.5 1 1 0
3 4 1 0 0 0
3 5 1.5 1 1 0
5 6 1.5 1 1 0
6 7 1 1 0 0
7 8 1 0 1 0
8 9 1 0 1 0
9 10 1 0 1 0
10 11 1 0 1 0
11 12 1 1 0 0
12 13 2 1 0 0
12 14 1 1 0 0
14 15 1.5 1 1 0
15 16 1.5 1 1 0
16 17 1.5 1 1 0
17 18 1 0 0 0
17 19 1.5 1 1 0
19 20 1.5 1 1 0
20 21 1 1 0 0
21 22 1.5 1 1 0
22 23 1.5 1 1 0
23 24 1.5 1 1 0
24 25 1.5 1 1 0
11 26 1 0 1 0
26 27 1 0 1 0
27 28 1 0 1 0
6 29 1.5 1 1 0
29 1 1.5 1 1 0
28 7 1 0 1 0
27 9 1 0 1 0
20 14 1.5 1 1 0
25 21 1.5 1 1 0
31 35 1
6 1 3 0 4 0 0 12.011 -0.02442803232 0.08452 2.464 0
6 3 0 0 3 1 1 12.011 0.01277462745 0.136 3.509 0
6 2 1 0 3 1 1 12.011 -0.03005683582 0.1581 3.35 0
6 3 0 0 3 1 1 12.011 0.04173829154 0.2955 4.346 0
6 3 0 0 3 1 1 12.011 0.1283147217 0.5437 3.853 0
8 2 0 0 3 0 0 15.999 -0.490134778 -0.4195 1.182 0
6 2 2 0 4 0 0 12.011 0.1153747711 -0.2035 2.753 0
6 3 1 0 4 0 0 12.011 0.1006430664 -0.2051 2.731 1
8 1 1 0 4 0 0 15.999 -0.388230552 -0.2893 0.8238 0
6 2 2 0 4 0 0 12.011 0.02791780853 -0.2035 2.753 0
7 3 0 0 4 0 1 14.007 -0.2979175154 -0.3187 1.839 0
6 2 2 0 4 0 1 12.011 -0.0008953026894 -0.2035 2.753 0
6 2 2 0 4 0 1 12.011 -0.03341903631 0.1441 2.503 0
6 3 1 0 4 0 1 12.011 -0.01347821921 0.1193 2.582 1
6 3 0 0 3 1 1 12.011 -0.04393567526 0.136 3.509 0
6 2 1 0 3 1 1 12.011 -0.05501108444 0.1581 3.35 0
6 2 1 0 3 1 1 12.011 -0.0184282553 0.1581 3.35 0
6 3 0 0 3 1 1 12.011 0.1333650892 0.2955 4.346 0
8 2 0 0 3 1 1 15.999 -0.4643525626 0.1552 1.08 0
6 2 1 0 3 1 1 12.011 0.09177271046 0.1581 3.35 0
6 2 1 0 3 1 1 12.011 -0.01586740368 0.1581 3.35 0
6 3 0 0 3 1 1 12.011 0.02047910881 0.2955 4.346 0
6 2 1 0 3 1 1 12.011 -0.04761938044 0.1581 3.35 0
6 2 2 0 4 0 1 12.011 -0.03083656898 0.1441 2.503 0
6 3 1 0 4 0 1 12.011 0.007382827314 -0.2051 2.731 -1
6 1 3 0 4 0 0 12.011 -0.04951443118 0.1441 2.503 0
6 2 1 0 3 1 1 12.011 -0.01917630876 0.1581 3.35 0
6 2 1 0 3 1 1 12.011 -0.05647417717 0.1581 3.35 0
6 2 1 0 3 1 1 12.011 -0.03772954397 0.1581 3.35 0
6 3 0 0 3 1 1 12.011 0.04930739074 0.2955 4.346 0
7 2 1 0 3 1 1 14.007 -0.3585415223 -0.3239 2.202 0
0 1 1 0 0 0
1 2 1.5 1 1 0
2 3 1.5 1 1 0
3 4 1.5 1 1 0
4 5 1 1 0 0
5 6 1 0 0 0
6 7 1 0 0 0
7 8 1 0 0 0
7 9 1 0 0 0
9 10 1 0 0 0
10 11 1 0 1 0
11 12 1 0 1 0
12 13 1 0 1 0
13 14 1 0 0 0
14 15 1.5 1 1 0
15 16 1.5 1 1 0
16 17 1.5 1 1 0
17 18 1.5 1 1 0
18 19 1.5 1 1 0
19 20 1.5 1 1 0
20 21 1.5 1 1 0
21 22 1.5 1 1 0
13 23 1 0 1 0
23 24 1 0 1 0
24 25 1 0 0 0
4 26 1.5 1 1 0
26 27 1.5 1 1 0
27 28 1.5 1 1 0
28 29 1.5 1 1 0
29 30 1.5 1 1 0
30 1 1.5 1 1 0
29 3 1.5 1 1 0
24 10 1 0 1 0
22 14 1.5 1 1 0
21 17 1.5 1 1 0
23 25 1
9 1 0 0 4 0 0 18.998 -0.2070077108 0.4202 1.108 0
6 3 0 0 3 1 1 12.011 0.1229780142 0 3.257 0
6 2 1 0 3 1 1 12.011 -0.02264340071 0.1581 3.35 0
6 2 1 0 3 1 1 12.011 -0.0170614966 0.1581 3.35 0
6 3 0 0 3 1 1 12.011 0.1189944865 0.5437 3.853 0
8 2 0 0 3 0 0 15.999 -0.4935468394 -0.4195 1.182 0
6 2 2 0 4 0 0 12.011 0.08941024708 -0.2035 2.753 0
6 2 2 0 4 0 0 12.011 -0.005909608195 0.1441 2.503 0
6 2 2 0 4 0 0 12.011 0.001519297253 -0.2035 2.753 0
7 3 0 0 4 0 1 14.007 -0.2996937954 -0.3187 1.839 0
6 2 2 0 4 0 1 12.011 0.01591064035 -0.2035 2.753 0
6 2 2 0 4 0 1 12.011 0.03201420372 -0.2035 2.753 0
7 3 0 0 3 0 1 14.007 -0.3540553114 -0.4458 2.819 0
6 3 0 0 3 1 1 12.011 0.1280466834 0.4619 4.067 0
6 2 1 0 3 1 1 12.011 -0.0194058442 0.1581 3.35 0
6 2 1 0 3 1 1 12.011 -0.05706473221 0.1581 3.35 0
6 2 1 0 3 1 1 12.011 -0.04364923698 0.1581 3.35 0
6 2 1 0 3 1 1 12.011 0.02921685344 0.1581 3.35 0
7 2 0 0 3 1 1 14.007 -0.2393505122 -0.3239 2.202 0
6 2 2 0 4 0 1 12.011 0.03201420372 -0.2035 2.753 0
6 2 2 0 4 0 1 12.011 0.01591064035 -0.2035 2.753 0
6 2 1 0 3 1 1 12.011 -0.0170614966 0.1581 3.35 0
6 2 1 0 3 1 1 12.011 -0.02264340071 0.1581 3.35 0
0 1 1 0 0 0
1 2 1.5 1 1 0
2 3 1.5 1 1 0
3 4 1.5 1 1 0
4 5 1 1 0 0
5 6 1 0 0 0
6 7 1 0 0 0
7 8 1 0 0 0
8 9 1 0 0 0
9 10 1 0 1 0
10 11 1 0 1 0
11 12 1 0 1 0
12 13 1 1 0 0
13 14 1.5 1 1 0
14 15 1.5 1 1 0
15 16 1.5 1 1 0
16 17 1.5 1 1 0
17 18 1.5 1 1 0
12 19 1 0 1 0
19 20 1 0 1 0
4 21 1.5 1 1 0
21 22 1.5 1 1 0
22 1 1.5 1 1 0
20 9 1 0 1 0
18 13 1.5 1 1 0
33 36 1
6 1 3 0 4 0 0 12.011 0.006179310241 -0.2035 2.753 0
7 3 0 0 3 0 0 14.007 -0.3759885918 -0.4458 2.819 0
6 1 3 0 4 0 0 12.011 0.006179310241 -0.2035 2.753 0
6 3 0 0 3 1 1 12.011 0.05984274753 0.4619 4.067 0
6 2 1 0 3 1 1 12.011 -0.036636682 0.1581 3.35 0
6 2 1 0 3 1 1 12.011 -0.06005338459 0.1581 3.35 0
6 2 1 0 3 1 1 12.011 -0.06005303626 0.1581 3.35 0
6 2 1 0 3 1 1 12.011 -0.03661522521 0.1581 3.35 0
6 3 0 0 3 1 1 12.011 0.06042938481 0.4619 4.067 0
7 3 0 0 3 0 1 14.007 -0.3672938474 -0.4458 2.819 0
6 2 2 0 4 0 1 12.011 0.03066024998 -0.2035 2.753 0
6 2 2 0 4 0 1 12.011 0.01585526806 -0.2035 2.753 0
7 3 0 0 4 0 1 14.007 -0.2998252321 -0.3187 1.839 0
6 2 2 0 4 0 0 12.011 -0.001723314099 -0.2035 2.753 0
6 2 2 0 4 0 0 12.011 -0.04039978744 0.1441 2.503 0
6 2 2 0 4 0 0 12.011 -0.05159467918 0.1441 2.503 0
6 2 2 0 4 0 0 12.011 -0.04444871791 0.1441 2.503 0
6 2 2 0 4 0 0 12.011 0.02648373108 0.1441 2.503 0
6 3 0 0 3 0 0 12.011 0.2199741018 -0.2783 5.007 0
8 1 0 0 3 0 0 15.999 -0.2751255037 -0.1526 0 0
7 2 1 0 3 0 0 14.007 -0.3492938133 -0.7096 2.173 0
6 3 1 0 4 0 1 12.011 0.05430135099 0.1193 2.582 0
6 2 2 0 4 0 1 12.011 -0.02820662302 0.1441 2.503 0
6 2 2 0 4 0 1 12.011 -0.04693546043 0.1441 2.503 0
6 2 2 0 4 0 1 12.011 -0.02744678757 -0.0516 2.488 0
6 3 0 0 3 1 1 12.011 -0.04273749568 0.136 3.509 0
6 2 1 0 3 1 1 12.011 -0.05869188345 0.1581 3.35 0
6 2 1 0 3 1 1 12.011 -0.06197179277 0.1581 3.35 0
6 2 1 0 3 1 1 12.011 -0.0618965287 0.1581 3.35 0
6 2 1 0 3 1 1 12.011 -0.05669493748 0.1581 3.35 0
6 3 0 0 3 1 1 12.011 -0.02247025713 0.136 3.509 0
6 2 2 0 4 0 1 12.011 0.01585526806 -0.2035 2.753 0
6 2 2 0 4 0 1 12.011 0.03066024998 -0.2035 2.753 0
0 1 1 0 0 0
1 2 1 0 0 0
1 3 1 1 0 0
3 4 1.5 1 1 0
4 5 1.5 1 1 0
5 6 1.5 1 1 0
6 7 1.5 1 1 0
7 8 1.5 1 1 0
8 9 1 1 0 0
9 10 1 0 1 0
10 11 1 0 1 0
11 12 1 0 1 0
12 13 1 0 0 0
13 14 1 0 0 0
14 15 1 0 0 0
15 16 1 0 0 0
16 17 1 0 0 0
17 18 1 0 0 0
18 19 2 1 0 0
18 20 1 1 0 0
20 21 1 0 0 0
21 22 1 0 1 0
22 23 1 0 1 0
23 24 1 0 1 0
24 25 1 0 1 0
25 26 1.5 1 1 0
26 27 1.5 1 1 0
27 28 1.5 1 1 0
28 29 1.5 1 1 0
29 30 1.5 1 1 0
12 31 1 0 1 0
31 32 1 0 1 0
8 3 1.5 1 1 0
32 9 1 0 1 0
30 21 1 0 1 0
30 25 1.5 1 1 0
34 36 1
6 1 3 0 4 0 0 12.011 -0.02195458493 0.1441 2.503 0
6 3 0 0 3 0 0 12.011 0.06868160419 -0.2783 5.007 0
7 2 0 0 3 0 0 14.007 -0.09533779342 0.1836 2.428 0
8 2 0 0 3 0 0 15.999 -0.3930447555 -0.0684 1.085 0
6 2 2 0 4 0 0 12.011 0.1449873522 -0.2035 2.753 0
6 2 2 0 4 0 0 12.011 0.1260954785 -0.2035 2.753 0
9 1 0 0 4 0 0 18.998 -0.2472409692 0.4202 1.108 0
6 3 1 0 4 0 0 12.011 0.1019568146 0 2.433 0
6 2 2 0 4 0 0 12.011 -0.009015556614 -0.0516 2.488 0
6 3 0 0 3 1 1 12.011 -0.04650753161 0.136 3.509 0
6 2 1 0 3 1 1 12.011 -0.05532304343 0.1581 3.35 0
6 2 1 0 3 1 1 12.011 -0.01969313376 0.1581 3.35 0
6 3 0 0 3 1 1 12.011 0.1188245858 0.5437 3.853 0
8 2 0 0 3 0 0 15.999 -0.4931908308 -0.4195 1.182 0
6 2 2 0 4 0 0 12.011 0.09386443208 -0.2035 2.753 0
6 2 2 0 4 0 0 12.011 0.02754125033 -0.0516 2.488 0
6 3 0 0 3 1 1 12.011 0.08588612567 0.136 3.509 0
7 2 0 0 3 1 1 14.007 -0.2140582123 -0.3239 2.202 0
6 3 0 0 3 1 1 12.011 0.2259976538 0.2713 3.904 0
6 3 0 0 3 1 1 12.011 0.03729871864 0.2713 3.904 0
6 2 1 0 3 1 1 12.011 -0.0466374083 0.1581 3.35 0
6 2 1 0 3 1 1 12.011 -0.02553053913 0.1581 3.35 0
6 3 0 0 3 1 1 12.011 0.1227565958 0 3.257 0
9 1 0 0 4 0 0 18.998 -0.2070117155 0.4202 1.108 0
6 2 1 0 3 1 1 12.011 -0.02553053913 0.1581 3.35 0
6 2 1 0 3 1 1 12.011 -0.0466374083 0.1581 3.35 0
8 2 0 0 3 1 1 15.999 -0.4411884837 0.1552 1.08 0
6 3 0 0 3 1 1 12.011 0.1247459514 0.136 3.509 0
6 1 3 0 4 0 0 12.011 -0.004179781117 0.08452 2.464 0
6 2 1 0 3 1 1 12.011 -0.01969313376 0.1581 3.35 0
6 2 1 0 3 1 1 12.011 -0.05532304343 0.1581 3.35 0
6 3 0 0 3 0 0 12.011 0.3121979796 -0.2783 5.007 0
8 1 0 0 3 0 0 15.999 -0.2516759563 -0.1526 0 0
8 1 1 0 3 0 0 15.999 -0.4807375544 -0.2893 0.8238 0
0 1 1 0 0 0
1 2 2 1 0 1
2 3 1 1 0 0
3 4 1 0 0 0
4 5 1 0 0 0
5 6 1 0 0 0
1 7 1 0 0 0
7 8 1 0 0 0
8 9 1 0 0 0
9 10 1.5 1 1 0
10 11 1.5 1 1 0
11 12 1.5 1 1 0
12 13 1 1 0 0
13 14 1 0 0 0
14 15 1 0 0 0
15 16 1 0 0 0
16 17 1.5 1 1 0
17 18 1.5 1 1 0
18 19 1 1 0 0
19 20 1.5 1 1 0
20 21 1.5 1 1 0
21 22 1.5 1 1 0
22 23 1 0 0 0
22 24 1.5 1 1 0
24 25 1.5 1 1 0
18 26 1.5 1 1 0
26 27 1.5 1 1 0
27 28 1 0 0 0
12 29 1.5 1 1 0
29 30 1.5 1 1 0
7 31 1 0 0 0
31 32 2 1 0 0
31 33 1 1 0 0
30 9 1.5 1 1 0
27 16 1.5 1 1 0
25 19 1.5 1 1 0
30 34 1
6 1 3 0 4 0 0 12.011 -0.0427212073 0.1441 2.503 0
6 3 1 0 4 0 0 12.011 0.04876774925 0.1193 2.582 0
6 1 3 0 4 0 0 12.011 -0.0427212073 0.1441 2.503 0
7 3 0 0 3 1 1 14.007 -0.241920612 -0.3239 2.202 0
7 2 0 0 3 1 1 14.007 -0.1589953351 -0.3239 2.202 0
6 2 1 0 3 1 1 12.011 0.1380835864 0.1581 3.35 0
7 2 0 0 3 1 1 14.007 -0.2133587743 -0.3239 2.202 0
6 3 0 0 3 1 1 12.011 0.1780734863 0.2713 3.904 0
6 3 0 0 3 1 1 12.011 0.1260354804 0.2713 3.904 0
6 2 1 0 3 1 1 12.011 0.03536639584 0.1581 3.35 0
7 3 0 0 3 1 1 14.007 -0.3266613294 -0.3239 2.202 0
6 3 0 0 3 1 1 12.011 0.1441846762 0.2713 3.904 0
7 2 0 0 3 1 1 14.007 -0.2248281389 -0.3239 2.202 0
6 3 0 0 3 1 1 12.011 0.05950841059 0.2713 3.904 0
6 2 1 0 3 1 1 12.011 -0.04687993686 0.1581 3.35 0
6 2 1 0 3 1 1 12.011 -0.05326357287 0.1581 3.35 0
6 3 0 0 3 1 1 12.011 -0.01152242151 0.2713 3.904 0
6 3 0 0 3 1 1 12.011 0.01982140866 0.2713 3.904 0
6 2 1 0 3 1 1 12.011 0.05678492091 0.1581 3.35 0
7 2 0 0 3 1 1 14.007 -0.1807945977 -0.3239 2.202 0
7 3 0 0 3 1 1 14.007 -0.2698016886 -0.3239 2.202 0
6 2 2 0 4 0 0 12.011 0.06405451791 -0.0516 2.488 0
6 2 2 0 4 0 0 12.011 0.06271931181 -0.2035 2.753 0
8 1 1 0 4 0 0 15.999 -0.3944506145 -0.2893 0.8238 0
6 2 1 0 3 1 1 12.011 0.03274530121 0.1581 3.35 0
6 2 1 0 3 1 1 12.011 -0.01121014575 0.1581 3.35 0
6 3 0 0 3 1 1 12.011 0.130466826 0.5437 3.853 0
8 2 0 0 3 0 1 15.999 -0.4909377203 -0.4195 1.182 0
6 2 2 0 4 0 1 12.011 0.1061689949 -0.2035 2.753 0
6 2 2 0 4 0 1 12.011 0.05828743353 -0.0516 2.488 0
0 1 1 0 0 0
1 2 1 0 0 0
1 3 1 0 0 0
3 4 1.5 1 1 0
4 5 1.5 1 1 0
5 6 1.5 1 1 0
6 7 1.5 1 1 0
7 8 1 1 0 0
8 9 1.5 1 1 0
9 10 1.5 1 1 0
10 11 1.5 1 1 0
11 12 1.5 1 1 0
11 13 1 1 1 0
13 14 1.5 1 1 0
14 15 1.5 1 1 0
15 16 1.5 1 1 0
16 17 1 1 0 0
17 18 1.5 1 1 0
18 19 1.5 1 1 0
19 20 1.5 1 1 0
20 21 1 0 0 0
21 22 1 0 0 0
22 23 1 0 0 0
20 24 1.5 1 1 0
16 25 1.5 1 1 0
25 26 1.5 1 1 0
26 27 1 1 1 0
27 28 1 0 1 0
28 29 1 0 1 0
7 3 1.5 1 1 0
12 8 1.5 1 1 0
26 13 1.5 1 1 0
29 10 1 0 1 0
24 17 1.5 1 1 0
16 16 1
6 1 3 0 4 0 0 12.011 -0.06384330062 0.1441 2.503 0
6 2 2 0 4 0 0 12.011 -0.03254711547 0.1441 2.503 0
6 4 0 0 4 0 1 12.011 0.12815676 0 2.433 0
6 2 2 0 4 0 0 12.011 -0.02945465567 0.1441 2.503 0
6 2 2 0 4 0 0 12.011 -0.04943730125 0.1441 2.503 0
6 3 1 0 4 0 0 12.011 -0.04708296431 0 2.433 0
6 1 3 0 4 0 0 12.011 -0.06277282538 0.1441 2.503 0
6 1 3 0 4 0 0 12.011 -0.06277282538 0.1441 2.503 0
6 3 0 0 3 0 1 12.011 0.2431939721 -0.2783 5.007 0
8 1 0 0 3 0 0 15.999 -0.2733541202 -0.1526 0 0
7 2 1 0 3 0 1 14.007 -0.2768228775 -0.7096 2.173 0
6 3 0 0 3 0 1 12.011 0.327631869 -0.2783 5.007 0
8 1 0 0 3 0 0 15.999 -0.2479264198 0.4833 0.389 0
7 2 1 0 3 0 1 14.007 -0.2768228775 -0.7096 2.173 0
6 3 0 0 3 0 1 12.011 0.2431939721 -0.2783 5.007 0
8 1 0 0 3 0 0 15.999 -0.2733541202 -0.1526 0 0
0 1 1 0 0 0
1 2 1 0 0 0
2 3 1 0 0 0
3 4 1 0 0 0
4 5 1 0 0 0
5 6 1 0 0 0
5 7 1 0 0 0
2 8 1 0 1 0
8 9 2 1 0 0
8 10 1 1 1 0
10 11 1 1 1 0
11 12 2 1 0 0
11 13 1 1 1 0
13 14 1 1 1 0
14 15 2 1 0 0
14 2 1 0 1 0
8 7 1
6 1 3 0 4 0 0 12.011 -0.06538238318 0.1441 2.503 0
6 2 2 0 4 0 0 12.011 -0.05617165552 0.1441 2.503 0
6 2 2 0 4 0 0 12.011 -0.05356719938 0.1441 2.503 0
6 2 2 0 4 0 0 12.011 -0.05323196679 0.1441 2.503 0
6 2 2 0 4 0 0 12.011 -0.05112390675 0.1441 2.503 0
6 2 2 0 4 0 0 12.011 -0.02987740636 0.1441 2.503 0
6 2 2 0 4 0 0 12.011 0.04305240722 -0.2035 2.753 0
8 1 1 0 4 0 0 15.999 -0.3963765693 -0.2893 0.8238 0
0 1 1 0 0 0
1 2 1 0 0 0
2 3 1 0 0 0
3 4 1 0 0 0
4 5 1 0 0 0
5 6 1 0 0 0
6 7 1 0 0 0
32 34 1
6 1 3 0 4 0 0 12.011 -0.02410199839 0.08452 2.464 0
6 3 0 0 3 1 1 12.011 0.01868214287 0.136 3.509 0
6 2 1 0 3 1 1 12.011 -0.0405182728 0.1581 3.35 0
6 2 1 0 3 1 1 12.011 -0.03054907631 0.1581 3.35 0
6 3 0 0 3 1 1 12.011 0.1140435244 0.4619 4.067 0
7 2 1 0 3 0 0 14.007 -0.277821437 -0.5188 3 0
16 4 0 0 4 0 0 32.067 0.2365930152 -0.0024 7.365 0
8 1 0 0 3 0 0 15.999 -0.2062767929 -0.3339 0.7774 0
8 1 0 0 3 0 0 15.999 -0.2062767929 -0.3339 0.7774 0
6 2 2 0 4 0 0 12.011 0.09429071308 -0.0516 2.488 0
6 3 0 0 3 1 1 12.011 -0.03114301549 0.136 3.509 0
6 2 1 0 3 1 1 12.011 -0.05794642671 0.1581 3.35 0
6 2 1 0 3 1 1 12.011 -0.06195960496 0.1581 3.35 0
6 2 1 0 3 1 1 12.011 -0.06224767271 0.1581 3.35 0
6 2 1 0 3 1 1 12.011 -0.06195960496 0.1581 3.35 0
6 2 1 0 3 1 1 12.011 -0.05794642671 0.1581 3.35 0
6 3 0 0 3 1 1 12.011 0.2750456304 -0.8186 3.135 0
8 1 0 0 3 0 0 15.999 -0.2669515623 0.1788 3.135 0
7 3 0 0 3 1 1 14.007 -0.3017360871 -0.3239 2.202 0
6 2 2 0 4 0 0 12.011 0.104764282 -0.0516 2.488 0
6 3 0 0 3 0 0 12.011 0.2398348562 -0.2783 5.007 0
8 1 0 0 3 0 0 15.999 -0.2730305501 -0.1526 0 0
7 2 1 0 3 0 0 14.007 -0.3504716759 -0.7096 2.173 0
6 2 2 0 4 0 0 12.011 0.04279550629 -0.0516 2.488 0
6 3 0 0 3 1 1 12.011 -0.02847789158 0.136 3.509 0
6 2 1 0 3 1 1 12.011 -0.05723814402 0.1581 3.35 0
6 2 1 0 3 1 1 12.011 -0.06160431774 0.1581 3.35 0
6 2 1 0 3 1 1 12.011 -0.05773468864 0.1581 3.35 0
6 3 0 0 3 1 1 12.011 -0.03405017904 0.136 3.509 0
6 2 2 0 4 0 0 12.011 0.01777205848 -0.0516 2.488 0
7 1 2 0 4 0 0 14.007 -0.3264973332 -1.019 2.262 0
6 2 1 0 3 1 1 12.011 -0.05274891985 0.1581 3.35 0
0 1 1 0 0 0
1 2 1.5 1 1 0
2 3 1.5 1 1 0
3 4 1.5 1 1 0
4 5 1 1 0 0
5 6 1 0 0 0
6 7 2 0 0 0
6 8 2 0 0 0
6 9 1 0 0 0
9 10 1 0 0 0
10 11 1.5 1 1 0
11 12 1.5 1 1 0
12 13 1.5 1 1 0
13 14 1.5 1 1 0
14 15 1.5 1 1 0
4 16 1.5 1 1 0
16 17 2 1 0 0
16 18 1.5 1 1 0
18 19 1 0 0 0
19 20 1 0 0 0
20 21 2 1 0 0
20 22 1 1 0 0
22 23 1 0 0 0
23 24 1 0 0 0
24 25 1.5 1 1 0
25 26 1.5 1 1 0
26 27 1.5 1 1 0
27 28 1.5 1 1 0
28 29 1 0 0 0
29 30 1 0 0 0
28 31 1.5 1 1 0
18 1 1.5 1 1 0
31 24 1.5 1 1 0
15 10 1.5 1 1 0
16 17 1
6 2 1 0 3 1 1 12.011 -0.06224872601 0.1581 3.35 0
6 2 1 0 3 1 1 12.011 -0.06199346603 0.1581 3.35 0
6 2 1 0 3 1 1 12.011 -0.05899651314 0.1581 3.35 0
6 3 0 0 3 1 1 12.011 -0.04675702323 0.136 3.509 0
6 2 2 0 4 0 0 12.011 -0.0152894675 -0.0516 2.488 0
6 2 2 0 4 0 0 12.011 -0.0007811150112 -0.2035 2.753 0
7 2 1 0 4 0 0 14.007 -0.3151291639 -0.7096 2.173 0
6 2 2 0 4 0 0 12.011 0.007934730434 -0.2035 2.753 0
6 2 2 0 4 0 0 12.011 0.01068215164 -0.2035 2.753 0
7 3 0 0 4 0 1 14.007 -0.3020743556 -0.3187 1.839 0
6 2 2 0 4 0 1 12.011 -0.001772253547 -0.2035 2.753 0
6 2 2 0 4 0 1 12.011 -0.03919867542 0.1441 2.503 0
6 2 2 0 4 0 1 12.011 -0.03919867542 0.1441 2.503 0
6 2 2 0 4 0 1 12.011 -0.001772253547 -0.2035 2.753 0
6 2 1 0 3 1 1 12.011 -0.05899651314 0.1581 3.35 0
6 2 1 0 3 1 1 12.011 -0.06199346603 0.1581 3.35 0
0 1 1.5 1 1 0
1 2 1.5 1 1 0
2 3 1.5 1 1 0
3 4 1 0 0 0
4 5 1 0 0 0
5 6 1 0 0 0
6 7 1 0 0 0
7 8 1 0 0 0
8 9 1 0 0 0
9 10 1 0 1 0
10 11 1 0 1 0
11 12 1 0 1 0
12 13 1 0 1 0
3 14 1.5 1 1 0
14 15 1.5 1 1 0
15 0 1.5 1 1 0
13 9 1 0 1 0
22 24 1
8 1 0 0 3 0 0 15.999 -0.2520839188 -0.1526 0 0
6 3 0 0 3 0 0 12.011 0.3073381738 -0.2783 5.007 0
8 1 1 0 3 0 0 15.999 -0.4809859043 -0.2893 0.8238 0
6 2 2 0 4 0 0 12.011 0.07109147658 0.1441 2.503 0
6 3 0 0 3 0 1 12.011 -0.02832251188 0.264 4.305 0
6 2 1 0 3 0 1 12.011 -0.04990839664 0.1551 3.513 0
6 3 0 0 3 0 1 12.011 -0.01688092691 0.264 4.305 0
6 2 1 0 3 0 0 12.011 -0.04706906524 0.264 4.305 0
6 3 0 0 3 1 1 12.011 -0.02497095597 0.136 3.509 0
6 2 1 0 3 1 1 12.011 -0.05384153622 0.1581 3.35 0
6 2 1 0 3 1 1 12.011 -0.04738283752 0.1581 3.35 0
6 3 0 0 3 1 1 12.011 0.01751786827 0.198 3.18 0
35 1 0 0 4 0 0 79.904 -0.05083893694 0.8456 8.927 0
6 2 1 0 3 1 1 12.011 -0.04738283752 0.1581 3.35 0
6 2 1 0 3 1 1 12.011 -0.05384153622 0.1581 3.35 0
6 3 0 0 3 1 1 12.011 -0.01061055341 0.136 3.509 0
6 2 1 0 3 1 1 12.011 -0.05086016445 0.1581 3.35 0
6 2 1 0 3 1 1 12.011 -0.02566212948 0.1581 3.35 0
6 3 0 0 3 1 1 12.011 0.1233586249 0 3.257 0
9 1 0 0 4 0 0 18.998 -0.2069883433 0.4202 1.108 0
6 2 1 0 3 1 1 12.011 -0.01813692932 0.1581 3.35 0
6 3 0 0 3 1 1 12.011 -0.01107266446 0.136 3.509 0
0 1 2 1 0 0
1 2 1 1 0 0
1 3 1 0 0 0
3 4 1 0 0 0
4 5 2 1 1 0
5 6 1 1 1 0
6 7 2 1 0 1
7 8 1 1 0 0
8 9 1.5 1 1 0
9 10 1.5 1 1 0
10 11 1.5 1 1 0
11 12 1 0 0 0
11 13 1.5 1 1 0
13 14 1.5 1 1 0
6 15 1 1 1 0
15 16 1.5 1 1 0
16 17 1.5 1 1 0
17 18 1.5 1 1 0
18 19 1 0 0 0
18 20 1.5 1 1 0
20 21 1.5 1 1 0
21 4 1 1 1 0
14 8 1.5 1 1 0
21 15 1.5 1 1 0
36 39 1
6 1 3 0 4 0 0 12.011 -0.04741818606 0.1441 2.503 0
6 2 2 0 4 0 0 12.011 0.01793031264 -0.2035 2.753 0
7 3 0 0 3 0 0 14.007 -0.3392065057 -0.3187 1.839 0
6 2 2 0 4 0 0 12.011 0.01793031264 -0.2035 2.753 0
6 1 3 0 4 0 0 12.011 -0.04741818606 0.1441 2.503 0
6 3 0 0 3 0 0 12.011 0.253332196 -0.2783 5.007 0
8 1 0 0 3 0 0 15.999 -0.269088663 0.1129 0.2215 0
6 3 0 0 3 1 1 12.011 0.03966662331 0.136 3.509 0
6 2 1 0 3 1 1 12.011 -0.04738423681 0.1581 3.35 0
6 2 1 0 3 1 1 12.011 -0.03760325475 0.1581 3.35 0
6 3 0 0 3 1 1 12.011 0.04134096042 0.4619 4.067 0
7 3 0 0 3 0 0 14.007 -0.3382644594 -0.4458 2.819 0
6 3 0 0 3 1 1 12.011 0.04166420035 0.4619 4.067 0
6 2 1 0 3 1 1 12.011 -0.03837467522 0.1581 3.35 0
6 2 1 0 3 1 1 12.011 -0.05982413983 0.1581 3.35 0
6 2 1 0 3 1 1 12.011 -0.0563047104 0.1581 3.35 0
6 3 0 0 3 1 1 12.011 -0.01780259284 0.136 3.509 0
6 3 1 0 4 0 0 12.011 0.07621921223 0.1193 2.582 0
6 1 3 0 4 0 0 12.011 -0.03468856818 0.1441 2.503 0
8 1 1 0 4 0 0 15.999 -0.3887108822 -0.2893 0.8238 0
6 2 1 0 3 1 1 12.011 -0.03259277563 0.1581 3.35 0
6 3 1 0 4 0 1 12.011 0.03660922732 -0.2051 2.731 0
6 2 2 0 4 0 1 12.011 -0.01933114264 0.1441 2.503 0
6 2 2 0 4 0 1 12.011 0.0004571751074 -0.2035 2.753 0
7 3 0 0 4 0 1 14.007 -0.2989274949 -0.3187 1.839 0
6 2 2 0 4 0 0 12.011 0.02332647288 -0.0516 2.488 0
6 3 0 0 3 1 1 12.011 -0.03393250113 0.136 3.509 0
6 2 1 0 3 1 1 12.011 -0.05774081468 0.1581 3.35 0
6 2 1 0 3 1 1 12.011 -0.06194539671 0.1581 3.35 0
6 2 1 0 3 1 1 12.011 -0.0622471058 0.1581 3.35 0
6 2 1 0 3 1 1 12.011 -0.06194539671 0.1581 3.35 0
6 2 1 0 3 1 1 12.011 -0.05774081468 0.1581 3.35 0
6 2 2 0 4 0 1 12.011 0.0004571751074 -0.2035 2.753 0
6 2 2 0 4 0 1 12.011 -0.01933114264 0.1441 2.503 0
6 2 1 0 3 1 1 12.011 -0.03760325475 0.1581 3.35 0
6 2 1 0 3 1 1 12.011 -0.04738423681 0.1581 3.35 0
0 1 1 0 0 0
1 2 1 0 0 0
2 3 1 0 0 0
3 4 1 0 0 0
2 5 1 1 0 0
5 6 2 1 0 0
5 7 1 1 0 0
7 8 1.5 1 1 0
8 9 1.5 1 1 0
9 10 1.5 1 1 0
10 11 1 1 0 0
11 12 1 1 0 0
12 13 1.5 1 1 0
13 14 1.5 1 1 0
14 15 1.5 1 1 0
15 16 1.5 1 1 0
16 17 1 0 0 0
17 18 1 0 0 0
17 19 1 0 0 0
16 20 1.5 1 1 0
11 21 1 0 0 0
21 22 1 0 1 0
22 23 1 0 1 0
23 24 1 0 1 0
24 25 1 0 0 0
25 26 1 0 0 0
26 27 1.5 1 1 0
27 28 1.5 1 1 0
28 29 1.5 1 1 0
29 30 1.5 1 1 0
30 31 1.5 1 1 0
24 32 1 0 1 0
32 33 1 0 1 0
10 34 1.5 1 1 0
34 35 1.5 1 1 0
35 7 1.5 1 1 0
20 12 1.5 1 1 0
33 21 1 0 1 0
31 26 1.5 1 1 0
35 38 1
6 1 3 0 4 0 0 12.011 0.0775100687 -0.2035 2.753 0
8 2 0 0 3 0 0 15.999 -0.4966244478 -0.4195 1.182 0
6 3 0 0 3 1 1 12.011 0.1220752991 0.5437 3.853 0
6 2 1 0 3 1 1 12.011 -0.01944299074 0.1581 3.35 0
6 2 1 0 3 1 1 12.011 -0.05195202224 0.1581 3.35 0
6 3 0 0 3 1 1 12.011 -0.008704775111 0.136 3.509 0
6 1 3 0 4 0 0 12.011 -0.03609608843 0.08452 2.464 0
6 3 0 0 3 1 1 12.011 0.1258310551 0.5437 3.853 0
8 2 0 0 3 0 0 15.999 -0.4897018251 -0.4195 1.182 0
6 3 1 0 4 0 0 12.011 0.1022077759 -0.2051 2.731 0
6 2 2 0 4 0 0 12.011 -0.002791188215 0.1441 2.503 0
6 2 2 0 4 0 0 12.011 0.001664579863 -0.2035 2.753 0
7 3 0 0 4 0 1 14.007 -0.3030384329 -0.3187 1.839 0
6 2 2 0 4 0 1 12.011 0.0001078364377 -0.2035 2.753 0
6 2 2 0 4 0 1 12.011 -0.01917078534 0.1441 2.503 0
6 3 1 0 4 0 1 12.011 0.04121381198 0.1193 2.582 0
7 3 0 0 3 1 1 14.007 -0.288746201 -0.3239 2.202 0
6 3 0 0 3 1 1 12.011 0.3296148389 -0.8186 3.135 0
8 1 0 0 3 0 0 15.999 -0.247579578 0.1788 3.135 0
7 3 0 0 3 1 1 14.007 -0.2821912003 -0.3239 2.202 0
6 2 2 0 4 0 0 12.011 0.07312420086 -0.0516 2.488 0
16 2 0 0 4 0 0 32.067 -0.1433653949 0.6482 7.591 0
6 1 3 0 4 0 0 12.011 -0.01661032919 -0.2035 2.753 0
6 3 0 0 3 1 1 12.011 0.07022630382 0.2955 4.346 0
6 2 1 0 3 1 1 12.011 -0.03606790015 0.1581 3.35 0
6 2 1 0 3 1 1 12.011 -0.06003727739 0.1581 3.35 0
6 2 1 0 3 1 1 12.011 -0.06003764795 0.1581 3.35 0
6 2 1 0 3 1 1 12.011 -0.03609042601 0.1581 3.35 0
6 3 0 0 3 1 1 12.011 0.06963008373 0.2955 4.346 0
6 2 2 0 4 0 1 12.011 -0.01917078534 0.1441 2.503 0
6 2 2 0 4 0 1 12.011 0.0001078364377 -0.2035 2.753 0
6 3 1 0 4 0 0 12.011 -0.009811430413 0 2.433 0
6 1 3 0 4 0 0 12.011 -0.05923856263 0.1441 2.503 0
6 1 3 0 4 0 0 12.011 -0.05923856263 0.1441 2.503 0
6 2 1 0 3 1 1 12.011 0.02250221181 0.1581 3.35 0
0 1 1 0 0 0
1 2 1 1 0 0
2 3 1.5 1 1 0
3 4 1.5 1 1 0
4 5 1.5 1 1 0
5 6 1 0 0 0
5 7 1.5 1 1 0
7 8 1 1 0 0
8 9 1 0 0 0
9 10 1 0 0 0
10 11 1 0 0 0
11 12 1 0 0 0
12 13 1 0 1 0
13 14 1 0 1 0
14 15 1 0 1 0
15 16 1 0 0 0
16 17 1.5 1 1 0
17 18 2 1 0 0
17 19 1.5 1 1 0
19 20 1 0 0 0
20 21 1 0 0 0
21 22 1 0 0 0
19 23 1.5 1 1 0
23 24 1.5 1 1 0
24 25 1.5 1 1 0
25 26 1.5 1 1 0
26 27 1.5 1 1 0
27 28 1.5 1 1 0
15 29 1 0 1 0
29 30 1 0 1 0
9 31 1 0 0 0
31 32 1 0 0 0
31 33 1 0 0 0
7 34 1.5 1 1 0
34 2 1.5 1 1 0
30 12 1 0 1 0
28 16 1.5 1 1 0
28 23 1.5 1 1 0
38 40 1
6 1 3 0 4 0 0 12.011 -0.06505535025 0.1441 2.503 0
6 2 2 0 4 0 0 12.011 -0.05157505111 0.1441 2.503 0
6 3 1 0 4 0 0 12.011 -0.02001068386 0 2.433 -1
6 1 3 0 4 0 0 12.011 -0.06051469056 0.1441 2.503 0
6 3 1 0 4 0 1 12.011 0.08953579671 -0.2051 2.731 -1
7 2 1 0 4 0 1 14.007 -0.3022303288 -0.7096 2.173 0
6 2 2 0 4 0 1 12.011 0.03022438551 -0.2035 2.753 0
6 2 2 0 4 0 1 12.011 0.1006758871 -0.2035 2.753 0
8 2 0 0 3 0 1 15.999 -0.4916432103 -0.4195 1.182 0
6 3 0 0 3 1 1 12.011 0.1260669289 0.5437 3.853 0
6 2 1 0 3 1 1 12.011 -0.0193364596 0.1581 3.35 0
6 2 1 0 3 1 1 12.011 -0.05854122483 0.1581 3.35 0
6 2 1 0 3 1 1 12.011 -0.06140193394 0.1581 3.35 0
6 2 1 0 3 1 1 12.011 -0.05127343999 0.1581 3.35 0
6 3 0 0 3 1 1 12.011 0.01625652175 0.136 3.509 0
6 2 1 0 3 0 1 12.011 -0.05352039291 0.264 4.305 0
6 2 1 0 3 0 1 12.011 -0.06467626313 0.1551 3.513 0
6 2 2 0 4 0 1 12.011 0.0361280872 -0.2035 2.753 0
7 2 1 0 3 0 1 14.007 -0.3508258954 -0.7096 2.173 0
6 3 0 0 3 0 1 12.011 0.2426717274 -0.2783 5.007 0
8 1 0 0 3 0 0 15.999 -0.2727030826 -0.1526 0 0
6 3 1 0 4 0 1 12.011 0.1117452619 -0.2051 2.731 1
6 2 2 0 4 0 0 12.011 0.001671496664 -0.0516 2.488 0
6 3 0 0 3 1 1 12.011 -0.04544281516 0.136 3.509 0
6 2 1 0 3 1 1 12.011 -0.05895111061 0.1581 3.35 0
6 2 1 0 3 1 1 12.011 -0.0619927356 0.1581 3.35 0
6 2 1 0 3 1 1 12.011 -0.06224871479 0.1581 3.35 0
6 2 1 0 3 1 1 12.011 -0.0619927356 0.1581 3.35 0
6 2 1 0 3 1 1 12.011 -0.05895111061 0.1581 3.35 0
7 2 1 0 3 0 1 14.007 -0.342198231 -0.7096 2.173 0
6 3 0 0 3 0 1 12.011 0.2426653666 -0.2783 5.007 0
8 1 0 0 3 0 0 15.999 -0.2727084068 -0.1526 0 0
6 3 1 0 4 0 1 12.011 0.1074359255 -0.2051 2.731 1
6 1 3 0 4 0 0 12.011 -0.03541189348 0.1441 2.503 0
7 3 0 0 3 0 1 14.007 -0.3326527966 -0.3187 1.839 0
6 1 3 0 4 0 0 12.011 0.01004509062 -0.2035 2.753 0
6 3 0 0 3 0 1 12.011 0.2398974733 -0.2783 5.007 0
8 1 0 0 3 0 0 15.999 -0.273051729 -0.1526 0 0
0 1 1 0 0 0
1 2 1 0 0 0
2 3 1 0 0 0
2 4 1 0 0 0
4 5 1 0 1 0
5 6 1 0 1 0
6 7 1 0 1 0
7 8 1 0 1 0
8 9 1 1 1 0
9 10 1.5 1 1 0
10 11 1.5 1 1 0
11 12 1.5 1 1 0
12 13 1.5 1 1 0
13 14 1.5 1 1 0
14 15 1 1 1 0
15 16 2 1 1 -1
16 17 1 0 1 0
17 18 1 0 1 0
18 19 1 1 1 0
19 20 2 1 0 0
19 21 1 0 1 0
21 22 1 0 0 0
22 23 1 0 0 0
23 24 1.5 1 1 0
24 25 1.5 1 1 0
25 26 1.5 1 1 0
26 27 1.5 1 1 0
27 28 1.5 1 1 0
21 29 1 0 1 0
29 30 1 1 1 0
30 31 2 1 0 0
30 32 1 0 1 0
32 33 1 0 0 0
32 34 1 0 1 0
34 35 1 0 0 0
34 36 1 1 1 0
36 37 2 1 0 0
36 4 1 0 1 0
14 9 1.5 1 1 0
28 23 1.5 1 1 0
38 42 1
6 1 3 0 4 0 0 12.011 0.0775100687 -0.2035 2.753 0
8 2 0 0 3 0 0 15.999 -0.4966244478 -0.4195 1.182 0
6 3 0 0 3 1 1 12.011 0.1220752991 0.5437 3.853 0
6 2 1 0 3 1 1 12.011 -0.01944299074 0.1581 3.35 0
6 2 1 0 3 1 1 12.011 -0.05195202224 0.1581 3.35 0
6 3 0 0 3 1 1 12.011 -0.008704775111 0.136 3.509 0
6 1 3 0 4 0 0 12.011 -0.03609608843 0.08452 2.464 0
6 3 0 0 3 1 1 12.011 0.1258310551 0.5437 3.853 0
8 2 0 0 3 0 0 15.999 -0.4897018251 -0.4195 1.182 0
6 3 1 0 4 0 0 12.011 0.1022077759 -0.2051 2.731 0
6 2 2 0 4 0 0 12.011 -0.002791188215 0.1441 2.503 0
6 2 2 0 4 0 0 12.011 0.001664579863 -0.2035 2.753 0
7 3 0 0 4 0 1 14.007 -0.3030384329 -0.3187 1.839 0
6 2 2 0 4 0 1 12.011 0.0001078364288 -0.2035 2.753 0
6 2 2 0 4 0 1 12.011 -0.01917078764 0.1441 2.503 0
6 3 1 0 4 0 1 12.011 0.04121353846 0.1193 2.582 0
7 3 0 0 3 1 1 14.007 -0.2887593148 -0.3239 2.202 0
6 3 0 0 3 1 1 12.011 0.3292860369 -0.8186 3.135 0
8 1 0 0 3 0 0 15.999 -0.247596277 0.1788 3.135 0
7 3 0 0 3 1 1 14.007 -0.2842258697 -0.3239 2.202 0
6 2 2 0 4 0 0 12.011 0.08880508547 -0.0516 2.488 0
6 3 0 0 3 1 1 12.011 0.1615831113 0.136 3.509 0
7 2 0 0 3 1 1 14.007 -0.2260254249 -0.3239 2.202 0
6 2 1 0 3 1 1 12.011 0.1005578811 0.1581 3.35 0
16 2 0 0 3 1 1 32.067 -0.02261912742 0.6237 6.691 0
7 2 0 0 3 1 1 14.007 -0.1741998448 -0.3239 2.202 0
6 3 0 0 3 1 1 12.011 0.06981355932 0.2955 4.346 0
6 2 1 0 3 1 1 12.011 -0.03608684503 0.1581 3.35 0
6 2 1 0 3 1 1 12.011 -0.06003761652 0.1581 3.35 0
6 2 1 0 3 1 1 12.011 -0.06003765352 0.1581 3.35 0
6 2 1 0 3 1 1 12.011 -0.03609077882 0.1581 3.35 0
6 3 0 0 3 1 1 12.011 0.06961091525 0.2955 4.346 0
6 2 2 0 4 0 1 12.011 -0.01917078764 0.1441 2.503 0
6 2 2 0 4 0 1 12.011 0.0001078364288 -0.2035 2.753 0
6 3 1 0 4 0 0 12.011 -0.009811430413 0 2.433 0
6 1 3 0 4 0 0 12.011 -0.05923856263 0.1441 2.503 0
6 1 3 0 4 0 0 12.011 -0.05923856263 0.1441 2.503 0
6 2 1 0 3 1 1 12.011 0.02250221181 0.1581 3.35 0
0 1 1 0 0 0
1 2 1 1 0 0
2 3 1.5 1 1 0
3 4 1.5 1 1 0
4 5 1.5 1 1 0
5 6 1 0 0 0
5 7 1.5 1 1 0
7 8 1 1 0 0
8 9 1 0 0 0
9 10 1 0 0 0
10 11 1 0 0 0
11 12 1 0 0 0
12 13 1 0 1 0
13 14 1 0 1 0
14 15 1 0 1 0
15 16 1 0 0 0
16 17 1.5 1 1 0
17 18 2 1 0 0
17 19 1.5 1 1 0
19 20 1 0 0 0
20 21 1 0 0 0
21 22 1.5 1 1 0
22 23 1.5 1 1 0
23 24 1.5 1 1 0
24 25 1.5 1 1 0
19 26 1.5 1 1 0
26 27 1.5 1 1 0
27 28 1.5 1 1 0
28 29 1.5 1 1 0
29 30 1.5 1 1 0
30 31 1.5 1 1 0
15 32 1 0 1 0
32 33 1 0 1 0
9 34 1 0 0 0
34 35 1 0 0 0
34 36 1 0 0 0
7 37 1.5 1 1 0
37 2 1.5 1 1 0
33 12 1 0 1 0
31 16 1.5 1 1 0
25 21 1.5 1 1 0
31 26 1.5 1 1 0
35 39 1
6 1 3 0 4 0 0 12.011 -0.02220264159 0.08452 2.464 0
6 3 0 0 3 1 1 12.011 0.03799599331 0.136 3.509 0
6 2 1 0 3 1 1 12.011 -0.0401469002 0.1581 3.35 0
6 2 1 0 3 1 1 12.011 -0.04892299701 0.1581 3.35 0
6 3 0 0 3 1 1 12.011 0.02358054805 0.2955 4.346 0
6 3 0 0 3 1 1 12.011 0.04621190146 0.4619 4.067 0
7 3 0 0 3 0 1 14.007 -0.3684186521 -0.4458 2.819 0
6 2 2 0 4 0 1 12.011 0.03061016098 -0.2035 2.753 0
6 2 2 0 4 0 1 12.011 0.01586738609 -0.2035 2.753 0
7 3 0 0 4 0 1 14.007 -0.2994952178 -0.3187 1.839 0
6 2 2 0 4 0 0 12.011 0.002333374508 -0.2035 2.753 0
6 2 2 0 4 0 0 12.011 -0.01495754636 -0.0516 2.488 0
6 3 0 0 3 1 1 12.011 -0.04468279948 0.136 3.509 0
6 2 1 0 3 1 1 12.011 -0.05884481836 0.1581 3.35 0
6 2 1 0 3 1 1 12.011 -0.05992588023 0.1581 3.35 0
6 2 1 0 3 1 1 12.011 -0.03850589783 0.1581 3.35 0
6 3 0 0 3 1 1 12.011 0.04125720508 0.4619 4.067 0
7 2 1 0 3 0 0 14.007 -0.3219869735 -0.5188 3 0
6 3 0 0 3 0 0 12.011 0.2552639909 -0.2783 5.007 0
8 1 0 0 3 0 0 15.999 -0.2689280069 0.1129 0.2215 0
6 3 0 0 3 1 1 12.011 0.04257012528 0.136 3.509 0
6 2 1 0 3 1 1 12.011 -0.0492422904 0.1581 3.35 0
6 2 1 0 3 1 1 12.011 -0.05856425327 0.1581 3.35 0
6 2 1 0 3 1 1 12.011 -0.02627327005 0.1581 3.35 0
6 3 0 0 3 1 1 12.011 0.123505098 0 3.257 0
9 1 0 0 4 0 0 18.998 -0.2069857494 0.4202 1.108 0
6 2 1 0 3 1 1 12.011 -0.01352507493 0.1581 3.35 0
6 2 1 0 3 1 1 12.011 -0.03525856656 0.1581 3.35 0
6 2 2 0 4 0 1 12.011 0.01586738609 -0.2035 2.753 0
6 2 2 0 4 0 1 12.011 0.03061016098 -0.2035 2.753 0
6 2 1 0 3 1 1 12.011 -0.03797963088 0.1581 3.35 0
6 2 1 0 3 1 1 12.011 -0.05801662181 0.1581 3.35 0
6 2 1 0 3 1 1 12.011 -0.0356485019 0.1581 3.35 0
6 3 0 0 3 1 1 12.011 0.0725504984 0.2955 4.346 0
7 2 0 0 3 1 1 14.007 -0.2530617036 -0.3239 2.202 0
0 1 1 0 0 0
1 2 1.5 1 1 0
2 3 1.5 1 1 0
3 4 1.5 1 1 0
4 5 1.5 1 1 0
5 6 1 1 0 0
6 7 1 0 1 0
7 8 1 0 1 0
8 9 1 0 1 0
9 10 1 0 0 0
10 11 1 0 0 0
11 12 1 0 0 0
12 13 1.5 1 1 0
13 14 1.5 1 1 0
14 15 1.5 1 1 0
15 16 1.5 1 1 0
16 17 1 1 0 0
17 18 1 1 0 0
18 19 2 1 0 0
18 20 1 1 0 0
20 21 1.5 1 1 0
21 22 1.5 1 1 0
22 23 1.5 1 1 0
23 24 1.5 1 1 0
24 25 1 0 0 0
24 26 1.5 1 1 0
16 27 1.5 1 1 0
9 28 1 0 1 0
28 29 1 0 1 0
5 30 1.5 1 1 0
30 31 1.5 1 1 0
31 32 1.5 1 1 0
32 33 1.5 1 1 0
33 34 1.5 1 1 0
34 1 1.5 1 1 0
33 4 1.5 1 1 0
29 6 1 0 1 0
27 12 1.5 1 1 0
26 20 1.5 1 1 0
24 27 1
6 2 1 0 3 1 1 12.011 -0.06222164018 0.1581 3.35 0
6 2 1 0 3 1 1 12.011 -0.06153717659 0.1581 3.35 0
6 2 1 0 3 1 1 12.011 -0.05126819662 0.1581 3.35 0
6 3 0 0 3 1 1 12.011 0.01716211335 0.2713 3.904 0
6 3 0 0 3 1 1 12.011 0.1371629388 0.2713 3.904 0
7 2 0 0 3 1 1 14.007 -0.232241981 -0.3239 2.202 0
6 3 0 0 3 1 1 12.011 0.07285857233 0.136 3.509 0
6 2 2 0 4 0 0 12.011 0.04240521356 -0.0516 2.488 0
7 3 0 0 4 0 1 14.007 -0.2939436474 -0.3187 1.839 0
6 2 2 0 4 0 1 12.011 0.0162752925 -0.2035 2.753 0
6 2 2 0 4 0 1 12.011 0.03065467616 -0.2035 2.753 0
7 3 0 0 3 0 1 14.007 -0.3677227278 -0.4458 2.819 0
6 3 0 0 3 1 1 12.011 0.05531252593 0.4619 4.067 0
6 2 1 0 3 1 1 12.011 -0.03563849561 0.1581 3.35 0
6 2 1 0 3 1 1 12.011 -0.04175702534 0.1581 3.35 0
6 2 1 0 3 1 1 12.011 0.02689651906 0.1581 3.35 0
7 2 0 0 3 1 1 14.007 -0.262568577 -0.3239 2.202 0
6 2 1 0 3 1 1 12.011 0.05013368648 0.1581 3.35 0
6 2 2 0 4 0 1 12.011 0.03065467616 -0.2035 2.753 0
6 2 2 0 4 0 1 12.011 0.0162752925 -0.2035 2.753 0
6 2 1 0 3 1 1 12.011 0.02545647361 0.1581 3.35 0
7 2 1 0 3 1 1 14.007 -0.3442827551 -0.3239 2.202 0
6 2 1 0 3 1 1 12.011 -0.05126819662 0.1581 3.35 0
6 2 1 0 3 1 1 12.011 -0.06153717659 0.1581 3.35 0
0 1 1.5 1 1 0
1 2 1.5 1 1 0
2 3 1.5 1 1 0
3 4 1 1 0 0
4 5 1.5 1 1 0
5 6 1.5 1 1 0
6 7 1 0 0 0
7 8 1 0 0 0
8 9 1 0 1 0
9 10 1 0 1 0
10 11 1 0 1 0
11 12 1 1 0 0
12 13 1.5 1 1 0
13 14 1.5 1 1 0
14 15 1.5 1 1 0
15 16 1.5 1 1 0
16 17 1.5 1 1 0
11 18 1 0 1 0
18 19 1 0 1 0
6 20 1.5 1 1 0
20 21 1.5 1 1 0
3 22 1.5 1 1 0
22 23 1.5 1 1 0
23 0 1.5 1 1 0
21 4 1.5 1 1 0
19 8 1 0 1 0
17 12 1.5 1 1 0
30 31 1
6 1 3 0 4 0 0 12.011 -0.03961262521 0.08452 2.464 0
6 3 0 0 3 1 1 12.011 -0.04666023822 0.136 3.509 0
6 2 1 0 3 1 1 12.011 -0.01698313489 0.1581 3.35 0
6 3 0 0 3 1 1 12.011 0.1198528782 0.5437 3.853 0
8 2 0 0 3 0 0 15.999 -0.4934271603 -0.4195 1.182 0
6 2 2 0 4 0 0 12.011 0.09154202441 -0.2035 2.753 0
6 2 2 0 4 0 0 12.011 0.01835042575 0.1441 2.503 0
6 2 2 0 4 0 0 12.011 0.1201193091 -0.2035 2.753 0
8 2 0 0 3 0 0 15.999 -0.3927355019 -0.0684 1.085 0
7 2 0 0 3 0 0 14.007 -0.04960028361 0.1836 2.428 0
6 3 0 0 3 0 0 12.011 0.2277292431 -0.2783 5.007 0
7 1 2 0 3 0 0 14.007 -0.3673197044 -1.019 2.262 0
7 1 2 0 3 0 0 14.007 -0.3673197044 -1.019 2.262 0
6 2 1 0 3 1 1 12.011 -0.007158634381 0.1581 3.35 0
6 3 0 0 3 1 1 12.011 0.04346803891 0.136 3.509 0
6 3 0 0 3 0 0 12.011 0.2538015033 -0.2783 5.007 0
8 1 0 0 3 0 0 15.999 -0.2690737064 0.1129 0.2215 0
7 3 0 0 3 0 0 14.007 -0.334188414 -0.3187 1.839 0
6 2 2 0 4 0 0 12.011 0.02140981637 -0.2035 2.753 0
6 2 2 0 4 0 0 12.011 -0.03309135448 0.1441 2.503 0
6 3 1 0 4 0 0 12.011 -0.0454500125 0 2.433 0
6 1 3 0 4 0 0 12.011 -0.06270800548 0.1441 2.503 0
6 1 3 0 4 0 0 12.011 -0.06270800548 0.1441 2.503 0
6 2 2 0 4 0 0 12.011 0.04910281194 -0.0516 2.488 0
6 3 0 0 3 1 1 12.011 0.00965431982 0.136 3.509 0
6 2 1 0 3 1 1 12.011 -0.01882098378 0.1581 3.35 0
6 2 1 0 3 1 1 12.011 0.09056339494 0.1581 3.35 0
8 2 0 0 3 1 1 15.999 -0.4722665035 0.1552 1.08 0
6 2 1 0 3 1 1 12.011 0.09519773693 0.1581 3.35 0
6 2 1 0 3 1 1 12.011 -0.04624284159 0.1581 3.35 0
0 1 1 0 0 0
1 2 1.5 1 1 0
2 3 1.5 1 1 0
3 4 1 1 0 0
4 5 1 0 0 0
5 6 1 0 0 0
6 7 1 0 0 0
7 8 1 0 0 0
8 9 1 1 0 0
9 10 2 1 0 0
10 11 1 1 0 0
10 12 1 1 0 0
3 13 1.5 1 1 0
13 14 1.5 1 1 0
14 15 1 1 0 0
15 16 2 1 0 0
15 17 1 1 0 0
17 18 1 0 0 0
18 19 1 0 0 0
19 20 1 0 0 0
20 21 1 0 0 0
20 22 1 0 0 0
17 23 1 0 0 0
23 24 1 0 0 0
24 25 1.5 1 1 0
25 26 1.5 1 1 0
26 27 1.5 1 1 0
27 28 1.5 1 1 0
14 29 1.5 1 1 0
29 1 1.5 1 1 0
28 24 1.5 1 1 0
33 37 1
6 1 3 0 4 0 0 12.011 -0.01328145942 -0.2035 2.753 0
7 3 0 0 4 0 1 14.007 -0.3038260982 -0.3187 1.839 0
6 2 2 0 4 0 1 12.011 0.01068597187 -0.2035 2.753 0
6 2 2 0 4 0 1 12.011 0.01098132377 -0.2035 2.753 0
7 3 0 0 4 0 1 14.007 -0.3006662072 -0.3187 1.839 0
6 2 2 0 4 0 0 12.011 0.001477646726 -0.2035 2.753 0
6 2 2 0 4 0 0 12.011 -0.005910340789 0.1441 2.503 0
6 2 2 0 4 0 0 12.011 0.08941023066 -0.2035 2.753 0
8 2 0 0 3 0 0 15.999 -0.493547756 -0.4195 1.182 0
6 3 0 0 3 1 1 12.011 0.118939696 0.5437 3.853 0
6 2 1 0 3 1 1 12.011 -0.01788294635 0.1581 3.35 0
6 2 1 0 3 1 1 12.011 -0.03429436691 0.1581 3.35 0
6 3 0 0 3 1 1 12.011 0.04801662206 0.2713 3.904 0
7 3 0 0 3 1 1 14.007 -0.2910344199 -0.3239 2.202 0
6 3 0 0 3 1 1 12.011 0.1639109462 0.2713 3.904 0
6 3 0 0 3 1 1 12.011 0.1061697232 0.2713 3.904 0
6 2 1 0 3 1 1 12.011 -0.0325413548 0.1581 3.35 0
6 2 1 0 3 1 1 12.011 -0.05845336849 0.1581 3.35 0
6 2 1 0 3 1 1 12.011 -0.04376631834 0.1581 3.35 0
6 2 1 0 3 1 1 12.011 0.02762579722 0.1581 3.35 0
7 2 0 0 3 1 1 14.007 -0.2529697148 -0.3239 2.202 0
7 2 0 0 3 1 1 14.007 -0.2261125186 -0.3239 2.202 0
6 3 0 0 3 1 1 12.011 0.0925372675 0.2955 4.346 0
6 2 1 0 3 1 1 12.011 0.001720079181 0.1581 3.35 0
6 3 0 0 3 1 1 12.011 0.1250155101 0 3.257 0
9 1 0 0 4 0 0 18.998 -0.2069255983 0.4202 1.108 0
6 2 1 0 3 1 1 12.011 -0.02407612197 0.1581 3.35 0
6 2 1 0 3 1 1 12.011 -0.03284930916 0.1581 3.35 0
6 3 0 0 3 1 1 12.011 0.07363514996 0.2955 4.346 0
6 2 1 0 3 1 1 12.011 -0.03429436691 0.1581 3.35 0
6 2 1 0 3 1 1 12.011 -0.01788294635 0.1581 3.35 0
6 2 2 0 4 0 1 12.011 0.01098132377 -0.2035 2.753 0
6 2 2 0 4 0 1 12.011 0.01068597187 -0.2035 2.753 0
0 1 1 0 0 0
1 2 1 0 1 0
2 3 1 0 1 0
3 4 1 0 1 0
4 5 1 0 0 0
5 6 1 0 0 0
6 7 1 0 0 0
7 8 1 0 0 0
8 9 1 1 0 0
9 10 1.5 1 1 0
10 11 1.5 1 1 0
11 12 1.5 1 1 0
12 13 1 1 0 0
13 14 1.5 1 1 0
14 15 1 1 0 0
15 16 1.5 1 1 0
16 17 1.5 1 1 0
17 18 1.5 1 1 0
18 19 1.5 1 1 0
19 20 1.5 1 1 0
14 21 1.5 1 1 0
21 22 1.5 1 1 0
22 23 1.5 1 1 0
23 24 1.5 1 1 0
24 25 1 0 0 0
24 26 1.5 1 1 0
26 27 1.5 1 1 0
27 28 1.5 1 1 0
12 29 1.5 1 1 0
29 30 1.5 1 1 0
4 31 1 0 1 0
31 32 1 0 1 0
32 1 1 0 1 0
30 9 1.5 1 1 0
28 13 1.5 1 1 0
20 15 1.5 1 1 0
28 22 1.5 1 1 0
18 20 1
6 1 3 0 4 0 0 12.011 -0.03904469856 0.08452 2.464 0
6 3 0 0 3 1 1 12.011 -0.04020110727 0.136 3.509 0
6 2 1 0 3 1 1 12.011 -0.0402612295 0.1581 3.35 0
6 2 1 0 3 1 1 12.011 0.02704108495 0.1581 3.35 0
7 2 0 0 3 1 1 14.007 -0.2640671411 -0.3239 2.202 0
6 2 1 0 3 1 1 12.011 0.03485076665 0.1581 3.35 0
6 3 0 0 3 1 1 12.011 0.002936666479 0.2713 3.904 0
6 3 0 0 3 1 1 12.011 -0.01589516093 0.2713 3.904 0
6 2 1 0 3 1 1 12.011 -0.05367360475 0.1581 3.35 0
6 2 1 0 3 1 1 12.011 -0.05357268849 0.1581 3.35 0
6 3 0 0 3 1 1 12.011 -0.01315620108 0.2955 4.346 0
6 2 1 0 3 1 1 12.011 -0.01196339793 0.1581 3.35 0
6 3 0 0 3 1 1 12.011 0.1234171513 0.4619 4.067 0
7 1 2 0 3 0 0 14.007 -0.383684215 -1.027 2.827 0
7 2 0 0 3 1 1 14.007 -0.2391150034 -0.3239 2.202 0
6 2 1 0 3 1 1 12.011 0.03707565869 0.1581 3.35 0
6 3 0 0 3 1 1 12.011 0.0007765940866 0.2955 4.346 0
6 2 1 0 3 1 1 12.011 -0.04488189068 0.1581 3.35 0
0 1 1 0 0 0
1 2 1.5 1 1 0
2 3 1.5 1 1 0
3 4 1.5 1 1 0
4 5 1.5 1 1 0
5 6 1.5 1 1 0
6 7 1 1 0 0
7 8 1.5 1 1 0
8 9 1.5 1 1 0
9 10 1.5 1 1 0
10 11 1.5 1 1 0
11 12 1.5 1 1 0
12 13 1 1 0 0
12 14 1.5 1 1 0
14 15 1.5 1 1 0
15 16 1.5 1 1 0
16 17 1.5 1 1 0
6 1 1.5 1 1 0
17 7 1.5 1 1 0
16 10 1.5 1 1 0
26 28 1
6 1 3 0 4 0 0 12.011 0.07750677975 -0.2035 2.753 0
8 2 0 0 3 0 0 15.999 -0.4967579556 -0.4195 1.182 0
6 3 0 0 3 1 1 12.011 0.1186338921 0.5437 3.853 0
6 2 1 0 3 1 1 12.011 -0.01996473686 0.1581 3.35 0
6 2 1 0 3 1 1 12.011 -0.05831054427 0.1581 3.35 0
6 2 1 0 3 1 1 12.011 -0.05872686586 0.1581 3.35 0
6 3 0 0 3 1 1 12.011 -0.04306970537 0.136 3.509 0
6 2 2 0 4 0 0 12.011 -0.01490028031 -0.0516 2.488 0
6 2 2 0 4 0 0 12.011 0.002184535947 -0.2035 2.753 0
7 3 0 0 4 0 1 14.007 -0.3029861653 -0.3187 1.839 0
6 2 2 0 4 0 1 12.011 -0.00158424552 -0.2035 2.753 0
6 2 2 0 4 0 1 12.011 -0.03719718231 0.1441 2.503 0
6 3 1 0 4 0 1 12.011 -0.03489841022 0 2.433 0
6 2 2 0 4 0 0 12.011 -0.02368625348 -0.0516 2.488 0
6 3 0 0 3 1 1 12.011 -0.02982900155 0.136 3.509 0
6 2 1 0 3 1 1 12.011 -0.01563484304 0.1581 3.35 0
6 3 0 0 3 1 1 12.011 0.1187127883 0.5437 3.853 0
8 2 0 0 3 0 0 15.999 -0.4967565901 -0.4195 1.182 0
6 1 3 0 4 0 0 12.011 0.07750679556 -0.2035 2.753 0
6 2 1 0 3 1 1 12.011 -0.01884321295 0.1581 3.35 0
6 2 1 0 3 1 1 12.011 -0.04401658883 0.1581 3.35 0
6 3 0 0 3 1 1 12.011 0.02095952872 0.198 3.18 0
35 1 0 0 4 0 0 79.904 -0.05053294076 0.8456 8.927 0
6 2 2 0 4 0 1 12.011 -0.03719718231 0.1441 2.503 0
6 2 2 0 4 0 1 12.011 -0.00158424552 -0.2035 2.753 0
6 2 1 0 3 1 1 12.011 -0.01672131737 0.1581 3.35 0
0 1 1 0 0 0
1 2 1 1 0 0
2 3 1.5 1 1 0
3 4 1.5 1 1 0
4 5 1.5 1 1 0
5 6 1.5 1 1 0
6 7 1 0 0 0
7 8 1 0 0 0
8 9 1 0 0 0
9 10 1 0 1 0
10 11 1 0 1 0
11 12 1 0 1 0
12 13 1 0 0 0
13 14 1 0 0 0
14 15 1.5 1 1 0
15 16 1.5 1 1 0
16 17 1 1 0 0
17 18 1 0 0 0
16 19 1.5 1 1 0
19 20 1.5 1 1 0
20 21 1.5 1 1 0
21 22 1 0 0 0
12 23 1 0 1 0
23 24 1 0 1 0
6 25 1.5 1 1 0
25 2 1.5 1 1 0
24 9 1 0 1 0
21 14 1.5 1 1 0
16 17 1
7 1 2 0 4 0 0 14.007 -0.3264975008 -1.019 2.262 0
6 2 2 0 4 0 0 12.011 0.01776148488 -0.0516 2.488 0
6 3 0 0 3 1 1 12.011 -0.03434789477 0.136 3.509 0
6 2 1 0 3 1 1 12.011 -0.05713929273 0.1581 3.35 0
6 2 1 0 3 1 1 12.011 -0.05406035693 0.1581 3.35 0
6 3 0 0 3 1 1 12.011 -0.01838242198 0.2713 3.904 0
6 3 0 0 3 1 1 12.011 -0.01838242198 0.2713 3.904 0
6 2 1 0 3 1 1 12.011 -0.05406035693 0.1581 3.35 0
6 2 1 0 3 1 1 12.011 -0.05713929273 0.1581 3.35 0
6 3 0 0 3 1 1 12.011 -0.03434789477 0.136 3.509 0
6 2 2 0 4 0 0 12.011 0.01776148488 -0.0516 2.488 0
7 1 2 0 4 0 0 14.007 -0.3264975008 -1.019 2.262 0
6 2 1 0 3 1 1 12.011 -0.05713929273 0.1581 3.35 0
6 2 1 0 3 1 1 12.011 -0.05406035693 0.1581 3.35 0
6 2 1 0 3 1 1 12.011 -0.05406035693 0.1581 3.35 0
6 2 1 0 3 1 1 12.011 -0.05713929273 0.1581 3.35 0
0 1 1 0 0 0
1 2 1 0 0 0
2 3 1.5 1 1 0
3 4 1.5 1 1 0
4 5 1.5 1 1 0
5 6 1 1 0 0
6 7 1.5 1 1 0
7 8 1.5 1 1 0
8 9 1.5 1 1 0
9 10 1 0 0 0
10 11 1 0 0 0
9 12 1.5 1 1 0
12 13 1.5 1 1 0
5 14 1.5 1 1 0
14 15 1.5 1 1 0
15 2 1.5 1 1 0
13 6 1.5 1 1 0
16 18 1
6 2 1 0 3 1 1 12.011 -0.06222354284 0.1581 3.35 0
6 2 1 0 3 1 1 12.011 -0.06159450648 0.1581 3.35 0
6 2 1 0 3 1 1 12.011 -0.05281707473 0.1581 3.35 0
6 3 0 0 3 1 1 12.011 0.0001217969119 0.2713 3.904 0
6 2 1 0 3 1 1 12.011 -0.05281707473 0.1581 3.35 0
6 2 1 0 3 1 1 12.011 -0.06159450648 0.1581 3.35 0
6 3 0 0 3 1 1 12.011 0.07092241518 0.2713 3.904 0
6 2 1 0 3 1 1 12.011 -0.03511587674 0.1581 3.35 0
6 2 1 0 3 1 1 12.011 -0.05064990014 0.1581 3.35 0
6 3 0 0 3 1 1 12.011 0.000198796627 0.2955 4.346 0
6 2 1 0 3 1 1 12.011 -0.0528145268 0.1581 3.35 0
6 2 1 0 3 1 1 12.011 -0.06151759426 0.1581 3.35 0
6 2 1 0 3 1 1 12.011 -0.06007845694 0.1581 3.35 0
6 2 1 0 3 1 1 12.011 -0.03578889928 0.1581 3.35 0
6 3 0 0 3 1 1 12.011 0.07090107312 0.2955 4.346 0
7 2 0 0 3 1 1 14.007 -0.2477976856 -0.3239 2.202 0
0 1 1.5 1 1 0
1 2 1.5 1 1 0
2 3 1.5 1 1 0
3 4 1.5 1 1 0
4 5 1.5 1 1 0
3 6 1 1 0 0
6 7 1.5 1 1 0
7 8 1.5 1 1 0
8 9 1.5 1 1 0
9 10 1.5 1 1 0
10 11 1.5 1 1 0
11 12 1.5 1 1 0
12 13 1.5 1 1 0
13 14 1.5 1 1 0
14 15 1.5 1 1 0
5 0 1.5 1 1 0
15 6 1.5 1 1 0
14 9 1.5 1 1 0
23 26 1
16 2 0 0 3 1 1 32.067 -0.1517828152 0.6237 6.691 0
6 2 1 0 3 1 1 12.011 -0.001473405506 0.1581 3.35 0
6 3 0 0 3 1 1 12.011 -0.007684625425 0.2713 3.904 0
6 2 1 0 3 1 1 12.011 -0.04362760807 0.1581 3.35 0
6 2 1 0 3 1 1 12.011 -0.008698165638 0.1581 3.35 0
6 3 0 0 3 1 1 12.011 -0.01754899071 0.2713 3.904 0
6 2 1 0 3 1 1 12.011 -0.05406866057 0.1581 3.35 0
6 2 1 0 3 1 1 12.011 -0.05812095509 0.1581 3.35 0
6 3 0 0 3 1 1 12.011 -0.04417773213 0.136 3.509 0
6 2 1 0 3 1 1 12.011 -0.05812095509 0.1581 3.35 0
6 2 1 0 3 1 1 12.011 -0.05406866057 0.1581 3.35 0
6 3 1 0 4 0 1 12.011 -0.007110329937 0.1193 2.582 0
6 2 2 0 4 0 1 12.011 -0.03668209538 0.1441 2.503 0
6 3 1 0 4 0 1 12.011 0.009051228199 0.1193 2.582 0
6 3 0 0 3 1 1 12.011 0.05353939338 0.136 3.509 0
7 2 0 0 3 1 1 14.007 -0.2193055693 -0.3239 2.202 0
6 3 0 0 3 1 1 12.011 0.2024693932 0.4619 4.067 0
7 1 2 0 3 0 0 14.007 -0.3691400588 -1.027 2.827 0
7 3 0 0 3 1 1 14.007 -0.2822486241 -0.3239 2.202 0
6 1 3 0 4 0 0 12.011 0.01771458874 -0.1444 2.412 0
6 3 0 0 3 1 1 12.011 0.2543541789 -0.8186 3.135 0
8 1 0 0 3 0 0 15.999 -0.2692318895 0.1788 3.135 0
6 2 1 0 3 1 1 12.011 0.02556245371 0.1581 3.35 0
0 1 1.5 1 1 0
1 2 1.5 1 1 0
2 3 1.5 1 1 0
3 4 1.5 1 1 0
2 5 1 1 0 0
5 6 1.5 1 1 0
6 7 1.5 1 1 0
7 8 1.5 1 1 0
8 9 1.5 1 1 0
9 10 1.5 1 1 0
8 11 1 0 0 0
11 12 1 0 1 0
12 13 1 0 1 0
13 14 1 0 0 0
14 15 1.5 1 1 0
15 16 1.5 1 1 0
16 17 1 1 0 0
16 18 1.5 1 1 0
18 19 1 0 0 0
18 20 1.5 1 1 0
20 21 2 1 0 0
20 22 1.5 1 1 0
4 0 1.5 1 1 0
10 5 1.5 1 1 0
13 11 1 0 1 0
14 22 1.5 1 1 0
34 37 1
6 1 3 0 4 0 0 12.011 -0.0007465098865 0.1441 2.503 0
6 3 0 0 3 0 0 12.011 0.1633198868 -0.2783 5.007 0
8 1 0 0 3 0 0 15.999 -0.2943503079 0.1129 0.2215 0
6 3 0 0 3 1 1 12.011 0.06309794651 0.136 3.509 0
6 3 0 0 3 1 1 12.011 -0.03282196005 0.136 3.509 0
6 1 3 0 4 0 0 12.011 -0.03877133147 0.08452 2.464 0
6 2 1 0 3 1 1 12.011 -0.01458649125 0.1581 3.35 0
6 3 0 0 3 1 1 12.011 0.1422443024 0.2955 4.346 0
8 2 0 0 3 1 1 15.999 -0.422552573 0.1552 1.08 0
6 3 0 0 3 1 1 12.011 0.3359647073 -0.8186 3.135 0
8 1 0 0 3 0 0 15.999 -0.2464408307 0.1788 3.135 0
6 2 1 0 3 1 1 12.011 0.02748506492 0.1581 3.35 0
6 3 0 0 3 1 1 12.011 -0.02913060939 0.136 3.509 0
6 1 3 0 4 0 0 12.011 -0.03863361344 0.08452 2.464 0
6 3 0 0 3 1 1 12.011 0.06333135194 0.2955 4.346 0
6 3 0 0 3 1 1 12.011 0.1410910295 0.5437 3.853 0
8 2 0 0 3 0 0 15.999 -0.4920330694 -0.4195 1.182 0
6 2 2 0 4 0 0 12.011 0.08831111252 -0.2035 2.753 0
6 2 2 0 4 0 0 12.011 -0.01752853318 0.1441 2.503 0
6 2 2 0 4 0 0 12.011 -0.03717639281 0.1441 2.503 0
6 2 2 0 4 0 0 12.011 -0.001597960534 -0.2035 2.753 0
7 3 0 0 4 0 1 14.007 -0.299823009 -0.3187 1.839 0
6 2 2 0 4 0 1 12.011 0.01585571841 -0.2035 2.753 0
6 2 2 0 4 0 1 12.011 0.03068645132 -0.2035 2.753 0
7 3 0 0 3 0 1 14.007 -0.3666047502 -0.4458 2.819 0
6 3 0 0 3 1 1 12.011 0.07299969056 0.4619 4.067 0
6 2 1 0 3 1 1 12.011 -0.03573368968 0.1581 3.35 0
6 2 1 0 3 1 1 12.011 -0.05999665356 0.1581 3.35 0
6 2 1 0 3 1 1 12.011 -0.05920328135 0.1581 3.35 0
6 2 1 0 3 1 1 12.011 -0.0241499848 0.1581 3.35 0
6 3 0 0 3 1 1 12.011 0.1459881994 0 3.257 0
9 1 0 0 4 0 0 18.998 -0.2047111109 0.4202 1.108 0
6 2 2 0 4 0 1 12.011 0.03068645132 -0.2035 2.753 0
6 2 2 0 4 0 1 12.011 0.01585571841 -0.2035 2.753 0
0 1 1 0 0 0
1 2 2 1 0 0
1 3 1 1 0 0
3 4 1.5 1 1 0
4 5 1 0 0 0
4 6 1.5 1 1 0
6 7 1.5 1 1 0
7 8 1.5 1 1 0
8 9 1.5 1 1 0
9 10 2 1 0 0
9 11 1.5 1 1 0
11 12 1.5 1 1 0
12 13 1 0 0 0
12 14 1.5 1 1 0
14 15 1.5 1 1 0
15 16 1 1 0 0
16 17 1 0 0 0
17 18 1 0 0 0
18 19 1 0 0 0
19 20 1 0 0 0
20 21 1 0 0 0
21 22 1 0 1 0
22 23 1 0 1 0
23 24 1 0 1 0
24 25 1 1 0 0
25 26 1.5 1 1 0
26 27 1.5 1 1 0
27 28 1.5 1 1 0
28 29 1.5 1 1 0
29 30 1.5 1 1 0
30 31 1 0 0 0
24 32 1 0 1 0
32 33 1 0 1 0
15 3 1.5 1 1 0
33 21 1 0 1 0
14 7 1.5 1 1 0
30 25 1.5 1 1 0
37 41 1
6 1 3 0 4 0 0 12.011 -0.007031280351 0.1441 2.503 0
6 3 0 0 3 0 0 12.011 0.09253583024 -0.2783 5.007 0
7 1 1 0 3 0 0 14.007 -0.2887160659 0.08387 1.757 0
7 3 0 0 3 0 1 14.007 -0.3605080407 -0.3187 1.839 0
6 2 2 0 4 0 1 12.011 0.02236475475 -0.2035 2.753 0
6 2 2 0 4 0 1 12.011 0.001913565215 0.1441 2.503 0
6 3 1 0 4 0 1 12.011 0.1020736892 -0.2051 2.731 0
8 2 0 0 3 0 0 15.999 -0.4902168639 -0.4195 1.182 0
6 3 0 0 3 1 1 12.011 0.1215298977 0.5437 3.853 0
6 2 1 0 3 1 1 12.011 -0.01771579308 0.1581 3.35 0
6 2 1 0 3 1 1 12.011 -0.03244656272 0.1581 3.35 0
6 3 0 0 3 1 1 12.011 0.06873451264 0.2955 4.346 0
6 3 0 0 3 1 1 12.011 0.09250112129 0.2955 4.346 0
6 2 1 0 3 1 1 12.011 0.008052207153 0.1581 3.35 0
7 2 0 0 3 1 1 14.007 -0.2324754977 -0.3239 2.202 0
6 3 0 0 3 1 1 12.011 0.1150982873 0.136 3.509 0
6 4 0 0 4 0 0 12.011 0.02015607151 -0.0967 2.576 0
6 1 3 0 4 0 0 12.011 -0.05306190676 0.1441 2.503 0
6 1 3 0 4 0 0 12.011 -0.05306190676 0.1441 2.503 0
6 1 3 0 4 0 0 12.011 -0.05306190676 0.1441 2.503 0
7 3 0 0 3 1 1 14.007 -0.3230356732 -0.3239 2.202 0
6 2 2 0 4 0 0 12.011 0.04937151671 -0.0516 2.488 0
6 3 0 0 3 1 1 12.011 -0.02756167738 0.136 3.509 0
6 2 1 0 3 1 1 12.011 -0.05659857723 0.1581 3.35 0
6 2 1 0 3 1 1 12.011 -0.0540404751 0.1581 3.35 0
6 3 0 0 3 1 1 12.011 -0.01833470676 0.2955 4.346 0
6 2 1 0 3 1 1 12.011 -0.0536518802 0.1581 3.35 0
6 2 1 0 3 1 1 12.011 -0.05067032763 0.1581 3.35 0
6 3 0 0 3 1 1 12.011 0.0166227939 0.136 3.509 0
6 3 0 0 3 0 0 12.011 0.12229565 -0.2783 5.007 0
7 1 1 0 3 0 0 14.007 -0.2844871288 0.08387 1.757 0
7 1 2 0 3 0 0 14.007 -0.38368183 -1.019 2.262 0
6 2 1 0 3 1 1 12.011 -0.04341629343 0.1581 3.35 0
6 3 0 0 3 1 1 12.011 -0.01733173653 0.2955 4.346 0
6 2 1 0 3 1 1 12.011 -0.04932980709 0.1581 3.35 0
6 2 2 0 4 0 1 12.011 0.001913565215 0.1441 2.503 0
6 2 2 0 4 0 1 12.011 0.02236475475 -0.2035 2.753 0
0 1 1 0 0 0
1 2 2 1 0 0
1 3 1 1 0 0
3 4 1 0 1 0
4 5 1 0 1 0
5 6 1 0 1 0
6 7 1 0 0 0
7 8 1 1 0 0
8 9 1.5 1 1 0
9 10 1.5 1 1 0
10 11 1.5 1 1 0
11 12 1.5 1 1 0
12 13 1.5 1 1 0
12 14 1.5 1 1 0
14 15 1.5 1 1 0
15 16 1 0 0 0
16 17 1 0 0 0
16 18 1 0 0 0
16 19 1 0 0 0
15 20 1.5 1 1 0
20 21 1 0 0 0
21 22 1 0 0 0
22 23 1.5 1 1 0
23 24 1.5 1 1 0
24 25 1.5 1 1 0
25 26 1.5 1 1 0
26 27 1.5 1 1 0
27 28 1.5 1 1 0
28 29 1 1 0 0
29 30 2 1 0 0
29 31 1 1 0 0
28 32 1.5 1 1 0
32 33 1.5 1 1 0
33 34 1.5 1 1 0
6 35 1 0 1 0
35 36 1 0 1 0
36 3 1 0 1 0
13 8 1.5 1 1 0
34 22 1.5 1 1 0
20 11 1.5 1 1 0
33 25 1.5 1 1 0
24 25 1
6 1 3 0 4 0 0 12.011 -0.06538237671 0.1441 2.503 0
6 2 2 0 4 0 0 12.011 -0.0561708537 0.1441 2.503 0
6 2 2 0 4 0 0 12.011 -0.05352141051 0.1441 2.503 0
6 2 2 0 4 0 0 12.011 -0.0520980237 0.1441 2.503 0
6 2 2 0 4 0 0 12.011 -0.04040524355 0.1441 2.503 0
6 2 2 0 4 0 0 12.011 -0.001567059597 -0.2035 2.753 0
7 3 0 0 4 0 1 14.007 -0.30005925 -0.3187 1.839 0
6 2 2 0 4 0 1 12.011 0.001838855988 -0.2035 2.753 0
6 3 1 0 4 0 1 12.011 -0.02190914986 0 2.433 1
6 1 3 0 4 0 0 12.011 -0.0604388666 0.1441 2.503 0
6 4 0 0 4 0 1 12.011 -0.002128397676 -0.0967 2.576 1
6 1 3 0 4 0 0 12.011 -0.05517871673 0.1441 2.503 0
6 3 0 0 3 1 1 12.011 -0.03804359782 0.136 3.509 0
6 2 1 0 3 1 1 12.011 -0.05820793021 0.1581 3.35 0
6 2 1 0 3 1 1 12.011 -0.05829818461 0.1581 3.35 0
6 2 1 0 3 1 1 12.011 -0.02020821373 0.1581 3.35 0
6 3 0 0 3 1 1 12.011 0.1153714789 0.5437 3.853 0
8 1 1 0 3 0 0 15.999 -0.5079560094 -0.2893 0.8238 0
6 2 1 0 3 1 1 12.011 -0.01644706509 0.1581 3.35 0
6 2 2 0 4 0 1 12.011 -0.02772730195 0.1441 2.503 0
6 3 1 0 4 0 1 12.011 0.01037219691 -0.2051 2.731 1
6 2 2 0 4 0 0 12.011 -0.03777105601 0.1441 2.503 0
6 2 2 0 4 0 0 12.011 -0.05468175586 0.1441 2.503 0
6 1 3 0 4 0 0 12.011 -0.06532464065 0.1441 2.503 0
0 1 1 0 0 0
1 2 1 0 0 0
2 3 1 0 0 0
3 4 1 0 0 0
4 5 1 0 0 0
5 6 1 0 0 0
6 7 1 0 1 0
7 8 1 0 1 0
8 9 1 0 0 0
8 10 1 0 1 0
10 11 1 0 0 0
10 12 1 0 0 0
12 13 1.5 1 1 0
13 14 1.5 1 1 0
14 15 1.5 1 1 0
15 16 1.5 1 1 0
16 17 1 1 0 0
16 18 1.5 1 1 0
10 19 1 0 1 0
19 20 1 0 1 0
20 21 1 0 0 0
21 22 1 0 0 0
22 23 1 0 0 0
20 6 1 0 1 0
18 12 1.5 1 1 0
33 36 1
7 1 2 0 3 0 0 14.007 -0.3655993642 -1.019 2.262 0
6 3 0 0 3 0 0 12.011 0.2482055172 -0.2783 5.007 0
8 1 0 0 3 0 0 15.999 -0.2695521586 0.1129 0.2215 0
6 3 0 0 3 1 1 12.011 0.03936025637 0.136 3.509 0
6 2 1 0 3 1 1 12.011 -0.04945227983 0.1581 3.35 0
6 2 1 0 3 1 1 12.011 -0.06118880696 0.1581 3.35 0
6 2 1 0 3 1 1 12.011 -0.0587115756 0.1581 3.35 0
6 3 0 0 3 1 1 12.011 -0.04399915447 0.136 3.509 0
6 3 1 0 4 0 1 12.011 -0.01319805381 0.1193 2.582 1
6 2 2 0 4 0 1 12.011 -0.03054526287 0.1441 2.503 0
6 3 1 0 4 0 1 12.011 0.01053089697 -0.2051 2.731 -1
6 2 2 0 4 0 1 12.011 -0.03601786687 0.1441 2.503 0
6 2 2 0 4 0 1 12.011 -0.03601786687 0.1441 2.503 0
6 3 1 0 4 0 1 12.011 0.01053089697 -0.2051 2.731 1
6 2 2 0 4 0 1 12.011 -0.03054526287 0.1441 2.503 0
7 3 0 0 4 0 1 14.007 -0.2956381141 -0.3187 1.839 0
6 2 2 0 4 0 0 12.011 0.01646911562 -0.2035 2.753 0
6 2 2 0 4 0 0 12.011 0.03333056777 -0.2035 2.753 0
7 3 0 0 3 0 0 14.007 -0.3394129709 -0.3187 1.839 0
6 2 2 0 4 0 0 12.011 0.02090283687 -0.2035 2.753 0
6 2 2 0 4 0 0 12.011 -0.03137573988 0.1441 2.503 0
6 2 2 0 4 0 0 12.011 -0.02620365708 -0.0516 2.488 0
6 3 0 0 3 1 1 12.011 -0.0479523964 0.136 3.509 0
6 2 1 0 3 1 1 12.011 -0.05904403678 0.1581 3.35 0
6 2 1 0 3 1 1 12.011 -0.06199427941 0.1581 3.35 0
6 2 1 0 3 1 1 12.011 -0.06224873886 0.1581 3.35 0
6 2 1 0 3 1 1 12.011 -0.06199427941 0.1581 3.35 0
6 2 1 0 3 1 1 12.011 -0.05904403678 0.1581 3.35 0
6 3 0 0 3 0 0 12.011 0.2478189335 -0.2783 5.007 0
8 1 0 0 3 0 0 15.999 -0.2722126359 -0.1526 0 0
6 2 2 0 4 0 0 12.011 0.1220119262 -0.2035 2.753 0
8 1 1 0 4 0 0 15.999 -0.3865321287 -0.2893 0.8238 0
6 2 1 0 3 1 1 12.011 -0.04596672914 0.1581 3.35 0
0 1 1 1 0 0
1 2 2 1 0 0
1 3 1 1 0 0
3 4 1.5 1 1 0
4 5 1.5 1 1 0
5 6 1.5 1 1 0
6 7 1.5 1 1 0
7 8 1 0 0 0
8 9 1 0 1 0
9 10 1 0 1 0
10 11 1 0 1 0
11 12 1 0 1 0
12 13 1 0 1 0
13 14 1 0 1 0
13 15 1 0 1 0
15 16 1 0 0 0
16 17 1 0 0 0
17 18 1 0 0 0
18 19 1 0 0 0
19 20 1 0 0 0
20 21 1 0 0 0
21 22 1 0 0 0
22 23 1.5 1 1 0
23 24 1.5 1 1 0
24 25 1.5 1 1 0
25 26 1.5 1 1 0
26 27 1.5 1 1 0
18 28 1 1 0 0
28 29 2 1 0 0
28 30 1 0 0 0
30 31 1 0 0 0
7 32 1.5 1 1 0
32 3 1.5 1 1 0
14 8 1 0 1 0
27 22 1.5 1 1 0
15 10 1 0 1 0
22 25 1
6 1 3 0 4 0 0 12.011 -0.04507447361 0.1441 2.503 0
6 3 1 0 4 0 0 12.011 0.02187287193 -0.2051 2.731 0
6 1 3 0 4 0 0 12.011 -0.04507447361 0.1441 2.503 0
7 2 1 0 3 0 0 14.007 -0.3671199775 -0.5188 3 0
6 3 0 0 3 1 1 12.011 0.1398096477 0.4619 4.067 0
6 3 0 0 3 1 1 12.011 0.1152596437 0.2713 3.904 0
6 3 0 0 3 1 1 12.011 0.004806214913 0.2713 3.904 0
6 2 1 0 3 1 1 12.011 -0.05050654614 0.1581 3.35 0
6 2 1 0 3 1 1 12.011 -0.03571962867 0.1581 3.35 0
6 3 0 0 3 1 1 12.011 0.06502518255 0.2955 4.346 0
7 2 1 0 3 1 1 14.007 -0.2778315945 -0.3239 2.202 0
7 2 0 0 3 1 1 14.007 -0.1830309011 -0.3239 2.202 0
6 2 1 0 3 1 1 12.011 0.05659125247 0.1581 3.35 0
6 3 0 0 3 1 1 12.011 0.02024585202 0.2955 4.346 0
6 2 1 0 3 1 1 12.011 -0.04162765258 0.1581 3.35 0
7 2 0 0 3 1 1 14.007 -0.20840811 -0.3239 2.202 0
6 3 0 0 3 1 1 12.011 0.2354743079 0.2955 4.346 0
7 2 0 0 3 1 1 14.007 -0.2208342503 -0.3239 2.202 0
6 2 1 0 3 1 1 12.011 0.03232701997 0.1581 3.35 0
6 2 1 0 3 1 1 12.011 -0.02683830672 0.1581 3.35 0
6 2 1 0 3 1 1 12.011 0.01544374087 0.1581 3.35 0
7 3 0 0 3 1 1 14.007 -0.2697291708 -0.3239 2.202 0
0 1 1 0 0 0
1 2 1 0 0 0
1 3 1 0 0 0
3 4 1 1 0 0
4 5 1.5 1 1 0
5 6 1 1 0 0
6 7 1.5 1 1 0
7 8 1.5 1 1 0
8 9 1.5 1 1 0
9 10 1.5 1 1 0
10 11 1.5 1 1 0
11 12 1.5 1 1 0
12 13 1.5 1 1 0
13 14 1.5 1 1 0
5 15 1.5 1 1 0
15 16 1.5 1 1 0
16 17 1.5 1 1 0
17 18 1.5 1 1 0
18 19 1.5 1 1 0
19 20 1.5 1 1 0
20 21 1.5 1 1 0
21 4 1.5 1 1 0
14 6 1.5 1 1 0
21 16 1.5 1 1 0
13 9 1.5 1 1 0
30 32 1
6 1 3 0 4 0 0 12.011 -0.03596218431 0.08452 2.464 0
6 3 0 0 3 1 1 12.011 -0.00529868365 0.136 3.509 0
6 2 1 0 3 1 1 12.011 -0.01332372875 0.1581 3.35 0
6 3 0 0 3 1 1 12.011 0.1199789366 0.5437 3.853 0
8 2 0 0 3 0 0 15.999 -0.4864170209 -0.4195 1.182 0
6 2 2 0 4 0 0 12.011 0.1397176267 -0.0516 2.488 0
6 3 0 0 3 1 1 12.011 0.131234534 0.136 3.509 0
7 2 0 0 3 1 1 14.007 -0.2372307344 -0.3239 2.202 0
6 3 0 0 3 1 1 12.011 0.08449208853 0.2713 3.904 0
6 3 0 0 3 1 1 12.011 0.001282828152 0.2713 3.904 0
6 2 1 0 3 1 1 12.011 -0.05217323368 0.1581 3.35 0
6 2 1 0 3 1 1 12.011 -0.04934756328 0.1581 3.35 0
6 3 0 0 3 1 1 12.011 0.05553462077 0.136 3.509 0
6 4 0 0 4 0 0 12.011 0.4159102347 -0.0967 2.576 0
9 1 0 0 4 0 0 18.998 -0.1661375431 0.4202 1.108 0
9 1 0 0 4 0 0 18.998 -0.1661375431 0.4202 1.108 0
9 1 0 0 4 0 0 18.998 -0.1661375431 0.4202 1.108 0
6 2 1 0 3 1 1 12.011 -0.04934756328 0.1581 3.35 0
6 2 1 0 3 1 1 12.011 -0.05217323368 0.1581 3.35 0
6 3 0 0 3 1 1 12.011 0.0297069488 0.136 3.509 0
6 1 3 0 4 0 0 12.011 -0.02798413899 0.08452 2.464 0
16 2 0 0 3 1 1 32.067 -0.1199504269 0.6237 6.691 0
6 2 1 0 3 1 1 12.011 -0.01624504988 0.1581 3.35 0
6 2 1 0 3 1 1 12.011 -0.01598284967 0.1581 3.35 0
6 3 0 0 3 1 1 12.011 0.1228619394 0.5437 3.853 0
8 2 0 0 3 0 0 15.999 -0.481635214 -0.4195 1.182 0
6 2 2 0 4 0 0 12.011 0.1851072098 -0.2035 2.753 0
6 3 0 0 3 0 0 12.011 0.3412224043 -0.2783 5.007 0
8 1 0 0 3 0 0 15.999 -0.2483547323 -0.1526 0 0
8 1 1 0 3 0 0 15.999 -0.4787231759 -0.2893 0.8238 0
0 1 1 0 0 0
1 2 1.5 1 1 0
2 3 1.5 1 1 0
3 4 1 1 0 0
4 5 1 0 0 0
5 6 1 0 0 0
6 7 1.5 1 1 0
7 8 1.5 1 1 0
8 9 1 1 0 0
9 10 1.5 1 1 0
10 11 1.5 1 1 0
11 12 1.5 1 1 0
12 13 1 0 0 0
13 14 1 0 0 0
13 15 1 0 0 0
13 16 1 0 0 0
12 17 1.5 1 1 0
17 18 1.5 1 1 0
8 19 1.5 1 1 0
19 20 1 0 0 0
19 21 1.5 1 1 0
3 22 1.5 1 1 0
22 23 1.5 1 1 0
23 24 1.5 1 1 0
24 25 1 1 0 0
25 26 1 0 0 0
26 27 1 0 0 0
27 28 2 1 0 0
27 29 1 1 0 0
24 1 1.5 1 1 0
21 6 1.5 1 1 0
18 9 1.5 1 1 0
36 39 1
8 1 0 0 3 0 0 15.999 -0.2524721785 -0.1526 0 0
6 3 0 0 3 0 0 12.011 0.3031777657 -0.2783 5.007 0
8 1 1 0 3 0 0 15.999 -0.4812219344 -0.2893 0.8238 0
6 2 2 0 4 0 0 12.011 0.04935915849 0.1441 2.503 0
6 2 2 0 4 0 0 12.011 -0.0173588702 -0.0516 2.488 0
6 3 0 0 3 1 1 12.011 -0.04676621652 0.136 3.509 0
6 2 1 0 3 1 1 12.011 -0.05898416437 0.1581 3.35 0
6 2 1 0 3 1 1 12.011 -0.0613175314 0.1581 3.35 0
6 2 1 0 3 1 1 12.011 -0.05264374059 0.1581 3.35 0
6 3 0 0 3 1 1 12.011 0.004779263707 0.2713 3.904 0
6 3 0 0 3 1 1 12.011 0.1268692104 0.2713 3.904 0
7 2 0 0 3 1 1 14.007 -0.0782803582 -0.3239 2.202 0
8 2 0 0 3 1 1 15.999 -0.3547815904 0.1552 1.08 0
6 3 0 0 3 1 1 12.011 0.179785834 0.2713 3.904 0
6 3 0 0 3 1 1 12.011 0.02088692823 0.2713 3.904 0
6 2 1 0 3 1 1 12.011 -0.05110931292 0.1581 3.35 0
6 2 1 0 3 1 1 12.011 -0.06153365238 0.1581 3.35 0
6 2 1 0 3 1 1 12.011 -0.06222155549 0.1581 3.35 0
6 2 1 0 3 1 1 12.011 -0.06153365238 0.1581 3.35 0
6 2 1 0 3 1 1 12.011 -0.05110931292 0.1581 3.35 0
6 3 0 0 3 1 1 12.011 0.1150300355 0.136 3.509 0
6 3 0 0 3 0 0 12.011 0.2571890941 -0.2783 5.007 0
8 1 0 0 3 0 0 15.999 -0.269066178 0.1129 0.2215 0
7 2 1 0 3 0 0 14.007 -0.3484233133 -0.7096 2.173 0
6 2 2 0 4 0 0 12.011 0.05196585216 -0.2035 2.753 0
6 2 2 0 4 0 0 12.011 0.1056067948 -0.2035 2.753 0
8 2 0 0 3 0 0 15.999 -0.490191785 -0.4195 1.182 0
6 3 0 0 3 1 1 12.011 0.1375833492 0.5437 3.853 0
6 2 1 0 3 1 1 12.011 -0.01691998391 0.1581 3.35 0
6 2 1 0 3 1 1 12.011 -0.03973694696 0.1581 3.35 0
6 3 0 0 3 1 1 12.011 0.0423047388 0.245 3.564 0
17 1 0 0 4 0 0 35.453 -0.08428413635 0.6895 5.853 0
6 2 1 0 3 1 1 12.011 -0.02101623703 0.1581 3.35 0
6 3 0 0 3 1 1 12.011 0.08404221932 0.245 3.564 0
17 1 0 0 4 0 0 35.453 -0.08022233114 0.6895 5.853 0
6 2 1 0 3 1 1 12.011 -0.04942604323 0.1581 3.35 0
0 1 2 1 0 0
1 2 1 1 0 0
1 3 1 0 0 0
3 4 1 0 0 0
4 5 1 0 0 0
5 6 1.5 1 1 0
6 7 1.5 1 1 0
7 8 1.5 1 1 0
8 9 1.5 1 1 0
9 10 1 1 0 0
10 11 1.5 1 1 0
11 12 1.5 1 1 0
12 13 1.5 1 1 0
13 14 1 1 0 0
14 15 1.5 1 1 0
15 16 1.5 1 1 0
16 17 1.5 1 1 0
17 18 1.5 1 1 0
18 19 1.5 1 1 0
13 20 1.5 1 1 0
20 21 1 1 0 0
21 22 2 1 0 0
21 23 1 1 0 0
23 24 1 0 0 0
24 25 1 0 0 0
25 26 1 0 0 0
26 27 1 1 0 0
27 28 1.5 1 1 0
28 29 1.5 1 1 0
29 30 1.5 1 1 0
30 31 1 0 0 0
30 32 1.5 1 1 0
32 33 1.5 1 1 0
33 34 1 0 0 0
9 35 1.5 1 1 0
35 5 1.5 1 1 0
20 10 1.5 1 1 0
33 27 1.5 1 1 0
19 14 1.5 1 1 0
21 23 1
9 1 0 0 4 0 0 18.998 -0.2028435847 0.4202 1.108 0
6 3 0 0 3 1 1 12.011 0.1660805662 0 3.257 0
6 2 1 0 3 1 1 12.011 -0.00373539384 0.1581 3.35 0
6 3 0 0 3 1 1 12.011 0.04373779172 0.245 3.564 0
17 1 0 0 4 0 0 35.453 -0.08422945772 0.6895 5.853 0
6 2 1 0 3 1 1 12.011 -0.03962842809 0.1581 3.35 0
6 2 1 0 3 1 1 12.011 -0.01537448502 0.1581 3.35 0
6 3 0 0 3 1 1 12.011 0.1555036952 0.5437 3.853 0
8 2 0 0 3 0 0 15.999 -0.4823185777 -0.4195 1.182 0
6 3 1 0 4 0 0 12.011 0.127928846 0.1193 2.582 1
6 3 0 0 3 1 1 12.011 -0.007374132761 0.136 3.509 0
6 2 1 0 3 1 1 12.011 -0.05532732095 0.1581 3.35 0
6 2 1 0 3 1 1 12.011 -0.06185568351 0.1581 3.35 0
6 2 1 0 3 1 1 12.011 -0.06224412005 0.1581 3.35 0
6 2 1 0 3 1 1 12.011 -0.06185568351 0.1581 3.35 0
6 2 1 0 3 1 1 12.011 -0.05532732095 0.1581 3.35 0
6 3 1 0 4 0 1 12.011 0.01384878642 0 2.433 -1
6 2 2 0 4 0 1 12.011 -0.03270854143 0.1441 2.503 0
6 2 2 0 4 0 1 12.011 -0.00441483604 -0.2035 2.753 0
7 2 1 0 4 0 1 14.007 -0.3162870726 -0.7096 2.173 0
6 2 2 0 4 0 1 12.011 0.001883111462 -0.2035 2.753 0
0 1 1 0 0 0
1 2 1.5 1 1 0
2 3 1.5 1 1 0
3 4 1 0 0 0
3 5 1.5 1 1 0
5 6 1.5 1 1 0
6 7 1.5 1 1 0
7 8 1 1 0 0
8 9 1 0 0 0
9 10 1 0 0 0
10 11 1.5 1 1 0
11 12 1.5 1 1 0
12 13 1.5 1 1 0
13 14 1.5 1 1 0
14 15 1.5 1 1 0
9 16 1 0 0 0
16 17 1 0 1 0
17 18 1 0 1 0
18 19 1 0 1 0
19 20 1 0 1 0
7 1 1.5 1 1 0
15 10 1.5 1 1 0
20 16 1 0 1 0
22 24 1
8 1 0 0 3 0 0 15.999 -0.2464524173 0.1788 3.135 0
6 3 0 0 3 1 1 12.011 0.3356904845 -0.8186 3.135 0
6 2 1 0 3 1 1 12.011 0.02441777972 0.1581 3.35 0
6 2 1 0 3 1 1 12.011 -0.0440042811 0.1581 3.35 0
6 3 0 0 3 1 1 12.011 0.01758528239 0.2955 4.346 0
6 2 1 0 3 1 1 12.011 -0.05090997986 0.1581 3.35 0
6 2 1 0 3 1 1 12.011 -0.05688011297 0.1581 3.35 0
6 3 0 0 3 1 1 12.011 -0.03041684953 0.136 3.509 0
6 2 2 0 4 0 0 12.011 0.0207126403 -0.0516 2.488 0
7 2 1 0 4 0 0 14.007 -0.3109248459 -0.7096 2.173 0
6 2 2 0 4 0 0 12.011 0.01283177522 -0.2035 2.753 0
6 2 2 0 4 0 0 12.011 0.02718816886 -0.2035 2.753 0
7 2 1 0 3 0 0 14.007 -0.3837692657 -0.5188 3 0
6 3 0 0 3 1 1 12.011 0.03400839053 0.4619 4.067 0
6 2 1 0 3 1 1 12.011 -0.03896549173 0.1581 3.35 0
6 2 1 0 3 1 1 12.011 -0.06021469288 0.1581 3.35 0
6 2 1 0 3 1 1 12.011 -0.06211782446 0.1581 3.35 0
6 2 1 0 3 1 1 12.011 -0.06021469288 0.1581 3.35 0
6 2 1 0 3 1 1 12.011 -0.03896549173 0.1581 3.35 0
6 2 1 0 3 1 1 12.011 -0.01402995992 0.1581 3.35 0
6 3 0 0 3 1 1 12.011 0.138249901 0.2955 4.346 0
8 2 0 0 3 1 1 15.999 -0.4227178298 0.1552 1.08 0
0 1 2 1 0 0
1 2 1.5 1 1 0
2 3 1.5 1 1 0
3 4 1.5 1 1 0
4 5 1.5 1 1 0
5 6 1.5 1 1 0
6 7 1.5 1 1 0
7 8 1 0 0 0
8 9 1 0 0 0
9 10 1 0 0 0
10 11 1 0 0 0
11 12 1 0 0 0
12 13 1 1 0 0
13 14 1.5 1 1 0
14 15 1.5 1 1 0
15 16 1.5 1 1 0
16 17 1.5 1 1 0
17 18 1.5 1 1 0
7 19 1.5 1 1 0
19 20 1.5 1 1 0
20 21 1.5 1 1 0
21 1 1.5 1 1 0
20 4 1.5 1 1 0
18 13 1.5 1 1 0
27 30 1
7 1 2 0 3 0 0 14.007 -0.3655057268 -1.019 2.262 0
6 3 0 0 3 0 0 12.011 0.2512316215 -0.2783 5.007 0
8 1 0 0 3 0 0 15.999 -0.2694301719 0.1129 0.2215 0
6 3 0 0 3 1 1 12.011 0.07541461812 0.136 3.509 0
6 2 1 0 3 1 1 12.011 0.04347291457 0.1581 3.35 0
7 2 0 0 3 1 1 14.007 -0.2379653893 -0.3239 2.202 0
6 3 0 0 3 1 1 12.011 0.1345070277 0.4619 4.067 0
7 2 1 0 3 0 0 14.007 -0.3655228699 -0.5188 3 0
6 3 1 0 4 0 1 12.011 0.04003556725 -0.2051 2.731 -1
6 2 2 0 4 0 1 12.011 -0.03037877103 0.1441 2.503 0
6 2 2 0 4 0 1 12.011 -0.03867057626 0.1441 2.503 0
6 2 2 0 4 0 1 12.011 -0.004728058581 -0.2035 2.753 0
7 2 1 0 4 0 1 14.007 -0.3146929609 -0.7096 2.173 0
6 2 2 0 4 0 1 12.011 0.0154599055 -0.2035 2.753 0
6 3 0 0 3 1 1 12.011 0.03636939503 0.2955 4.346 0
6 2 1 0 3 1 1 12.011 -0.03187297004 0.1581 3.35 0
6 3 0 0 3 1 1 12.011 0.03570343994 0.2713 3.904 0
16 2 0 0 3 1 1 32.067 -0.1341656082 0.6237 6.691 0
6 3 0 0 3 1 1 12.011 0.05291673709 0.2955 4.346 0
6 3 0 0 3 1 1 12.011 -0.006655191614 0.2713 3.904 0
6 2 1 0 3 1 1 12.011 -0.05054865606 0.1581 3.35 0
6 2 1 0 3 1 1 12.011 -0.02411473523 0.1581 3.35 0
6 3 0 0 3 1 1 12.011 0.1413286578 0 3.257 0
9 1 0 0 4 0 0 18.998 -0.2053609946 0.4202 1.108 0
6 3 0 0 3 1 1 12.011 0.0769238908 0.245 3.564 0
17 1 0 0 4 0 0 35.453 -0.08111478637 0.6895 5.853 0
6 2 1 0 3 1 1 12.011 -0.03183844169 0.1581 3.35 0
0 1 1 1 0 0
1 2 2 1 0 0
1 3 1 1 0 0
3 4 1.5 1 1 0
4 5 1.5 1 1 0
5 6 1.5 1 1 0
6 7 1 1 0 0
7 8 1 0 0 0
8 9 1 0 1 0
9 10 1 0 1 0
10 11 1 0 1 0
11 12 1 0 1 0
12 13 1 0 1 0
6 14 1.5 1 1 0
14 15 1.5 1 1 0
15 16 1.5 1 1 0
16 17 1.5 1 1 0
17 18 1.5 1 1 0
16 19 1 1 0 0
19 20 1.5 1 1 0
20 21 1.5 1 1 0
21 22 1.5 1 1 0
22 23 1 0 0 0
22 24 1.5 1 1 0
24 25 1 0 0 0
24 26 1.5 1 1 0
18 3 1.5 1 1 0
13 8 1 0 1 0
18 14 1.5 1 1 0
26 19 1.5 1 1 0
25 28 1
7 1 0 0 2 0 0 14.007 -0.1924370458 0.01508 1.725 0
6 2 0 0 2 0 0 12.011 0.09910957043 0.0017 3.888 0
6 3 0 0 3 1 1 12.011 0.05202323033 0.136 3.509 0
6 2 1 0 3 1 1 12.011 -0.04377548227 0.1581 3.35 0
6 2 1 0 3 1 1 12.011 -0.05306786156 0.1581 3.35 0
6 3 0 0 3 1 1 12.011 -0.01828859311 0.2713 3.904 0
6 3 0 0 3 1 1 12.011 -0.01753291233 0.2713 3.904 0
6 2 1 0 3 1 1 12.011 -0.05063324903 0.1581 3.35 0
6 2 1 0 3 1 1 12.011 -0.01807926258 0.1581 3.35 0
6 3 0 0 3 1 1 12.011 0.1338144228 0.2955 4.346 0
8 2 0 0 3 1 1 15.999 -0.4610313405 0.1552 1.08 0
6 3 0 0 3 1 1 12.011 0.1061018161 0.136 3.509 0
6 2 2 0 4 0 0 12.011 0.01839845273 -0.0516 2.488 0
6 2 2 0 4 0 0 12.011 0.005318990203 -0.2035 2.753 0
7 3 0 0 4 0 1 14.007 -0.300223181 -0.3187 1.839 0
6 2 2 0 4 0 1 12.011 0.000761569076 -0.2035 2.753 0
6 2 2 0 4 0 1 12.011 -0.01289314715 0.1441 2.503 0
6 3 1 0 4 0 1 12.011 0.0678856635 -0.2051 2.731 0
8 1 1 0 4 0 0 15.999 -0.3917449052 -0.2893 0.8238 0
6 2 2 0 4 0 1 12.011 0.02432914016 -0.2035 2.753 0
6 2 1 0 3 1 1 12.011 -0.01256027001 0.1581 3.35 0
6 3 0 0 3 1 1 12.011 0.02111591285 0.2955 4.346 0
6 2 1 0 3 1 1 12.011 -0.04323248941 0.1581 3.35 0
6 2 1 0 3 1 1 12.011 -0.05306786156 0.1581 3.35 0
6 2 1 0 3 1 1 12.011 -0.04377548227 0.1581 3.35 0
0 1 3 1 0 0
1 2 1 1 0 0
2 3 1.5 1 1 0
3 4 1.5 1 1 0
4 5 1.5 1 1 0
5 6 1 1 0 0
6 7 1.5 1 1 0
7 8 1.5 1 1 0
8 9 1.5 1 1 0
9 10 1.5 1 1 0
10 11 1.5 1 1 0
11 12 1 0 0 0
12 13 1 0 0 0
13 14 1 0 0 0
14 15 1 0 1 0
15 16 1 0 1 0
16 17 1 0 1 0
17 18 1 0 0 0
17 19 1 0 1 0
11 20 1.5 1 1 0
20 21 1.5 1 1 0
21 22 1.5 1 1 0
5 23 1.5 1 1 0
23 24 1.5 1 1 0
24 2 1.5 1 1 0
22 6 1.5 1 1 0
21 9 1.5 1 1 0
19 14 1 0 1 0
35 41 1
6 1 3 0 4 0 0 12.011 0.03642625892 -0.2035 2.753 0
8 2 0 0 4 0 0 15.999 -0.3739742285 -0.0684 1.085 0
6 4 0 0 4 0 1 12.011 0.1099113828 -0.2051 2.731 1
6 2 2 0 4 0 1 12.011 -0.01920810396 0.1441 2.503 0
6 2 2 0 4 0 1 12.011 -0.04216641157 0.1441 2.503 0
6 4 0 0 4 0 1 12.011 0.0002940482201 0 2.433 -1
6 2 2 0 4 0 1 12.011 -0.03762846238 0.1441 2.503 0
6 3 1 0 4 0 1 12.011 0.009621945204 0 2.433 1
6 2 2 0 4 0 0 12.011 0.02315697362 -0.2035 2.753 0
7 2 1 0 3 0 0 14.007 -0.3542833704 -0.7096 2.173 0
6 3 0 0 3 0 0 12.011 0.2388070498 -0.2783 5.007 0
8 1 0 0 3 0 0 15.999 -0.2732139224 -0.1526 0 0
6 3 1 0 4 0 0 12.011 0.1075112145 -0.2051 2.731 -1
7 1 2 0 4 0 0 14.007 -0.3179859756 -1.019 2.262 0
6 2 2 0 4 0 0 12.011 0.06726387273 -0.2035 2.753 0
8 1 1 0 4 0 0 15.999 -0.3942069878 -0.2893 0.8238 0
6 3 1 0 4 0 1 12.011 0.02024156723 -0.2051 2.731 1
6 2 2 0 4 0 1 12.011 -0.01115420656 -0.0516 2.488 0
6 3 0 0 3 1 1 12.011 -0.03852170678 0.136 3.509 0
6 2 1 0 3 1 1 12.011 -0.05473021679 0.1581 3.35 0
6 2 1 0 3 1 1 12.011 -0.01603417445 0.1581 3.35 0
6 3 0 0 3 1 1 12.011 0.1575046976 0.5437 3.853 0
8 1 1 0 3 0 0 15.999 -0.5042466597 -0.2893 0.8238 0
6 3 0 0 3 1 1 12.011 0.1652409456 0.5437 3.853 0
6 3 0 0 3 1 1 12.011 0.01194190472 0.136 3.509 0
6 4 0 0 4 0 1 12.011 0.04756695122 -0.0967 2.576 -1
6 2 2 0 4 0 1 12.011 -0.02618259681 0.1441 2.503 0
6 2 2 0 4 0 1 12.011 -0.0005142760523 -0.2035 2.753 0
7 3 0 0 4 0 1 14.007 -0.2991572594 -0.3187 1.839 0
6 2 2 0 4 0 0 12.011 0.00129774862 -0.2035 2.753 0
6 3 1 0 4 0 1 12.011 -0.02856940704 0 2.433 0
6 2 2 0 4 0 1 12.011 -0.04891446058 0.1441 2.503 0
6 2 2 0 4 0 1 12.011 -0.04891446058 0.1441 2.503 0
6 3 1 0 4 0 1 12.011 0.1384555746 -0.2051 2.731 1
8 2 0 0 3 0 1 15.999 -0.4822225309 -0.4195 1.182 0
0 1 1 0 0 0
1 2 1 0 0 0
2 3 1 0 1 0
3 4 1 0 1 0
4 5 1 0 1 0
5 6 1 0 1 0
6 7 1 0 1 0
7 8 1 0 0 0
8 9 1 0 0 0
9 10 1 1 0 0
10 11 2 1 0 0
10 12 1 0 0 0
12 13 1 0 0 0
12 14 1 0 0 0
14 15 1 0 0 0
5 16 1 0 1 0
16 17 1 0 1 0
17 18 1 0 1 0
18 19 1.5 1 1 0
19 20 1.5 1 1 0
20 21 1.5 1 1 0
21 22 1 1 0 0
21 23 1.5 1 1 0
23 24 1.5 1 1 0
24 25 1 0 1 0
25 26 1 0 1 0
26 27 1 0 1 0
27 28 1 0 1 0
28 29 1 0 0 0
29 30 1 0 0 0
30 31 1 0 1 0
31 32 1 0 1 0
25 33 1 0 1 0
33 34 1 0 1 0
7 2 1 0 1 0
28 16 1 0 1 0
32 30 1 0 1 0
33 2 1 0 1 0
25 5 1 0 1 0
24 18 1.5 1 1 0
34 23 1 1 1 0
68 74 1
6 1 3 0 4 0 0 12.011 -0.04753112485 0.1441 2.503 0
6 2 2 0 4 0 0 12.011 0.01489790532 -0.2035 2.753 0
7 3 0 0 3 0 0 14.007 -0.3719813996 -0.4458 2.819 0
6 2 2 0 4 0 0 12.011 0.01489790532 -0.2035 2.753 0
6 1 3 0 4 0 0 12.011 -0.04753112485 0.1441 2.503 0
6 3 0 0 3 1 1 12.011 0.04033548685 0.4619 4.067 0
6 2 1 0 3 1 1 12.011 -0.03786387891 0.1581 3.35 0
6 2 1 0 3 1 1 12.011 -0.04852310731 0.1581 3.35 0
6 3 0 0 3 1 1 12.011 0.02595412556 0.2955 4.346 0
6 3 0 0 3 1 1 12.011 0.005010745164 0.2713 3.904 0
6 3 0 0 3 1 1 12.011 0.004309272094 0.2713 3.904 0
6 2 1 0 3 1 1 12.011 -0.05158181061 0.1581 3.35 0
6 2 1 0 3 1 1 12.011 -0.04142045514 0.1581 3.35 0
6 3 0 0 3 1 1 12.011 0.08341165118 0.1893 2.673 0
16 4 0 0 4 0 0 32.067 0.2401057882 -0.0024 7.365 0
8 1 0 0 3 0 0 15.999 -0.2071033455 -0.3339 0.7774 0
8 1 0 0 3 0 0 15.999 -0.2071033455 -0.3339 0.7774 0
7 2 1 0 4 0 0 14.007 -0.2111514585 -0.7096 2.173 0
6 2 2 0 4 0 0 12.011 0.0107136453 -0.2035 2.753 0
6 2 2 0 4 0 0 12.011 -0.03954136106 0.1441 2.503 0
6 2 2 0 4 0 0 12.011 -0.05156594708 0.1441 2.503 0
6 2 2 0 4 0 0 12.011 -0.0444485505 0.1441 2.503 0
6 2 2 0 4 0 0 12.011 0.02646750477 0.1441 2.503 0
6 3 0 0 3 0 0 12.011 0.2196132048 -0.2783 5.007 0
8 1 0 0 3 0 0 15.999 -0.2751419725 -0.1526 0 0
7 2 1 0 3 0 0 14.007 -0.3526813586 -0.7096 2.173 0
6 2 2 0 4 0 0 12.011 0.05173529368 -0.2035 2.753 0
6 2 2 0 4 0 0 12.011 0.1086057556 -0.2035 2.753 0
8 2 0 0 3 0 0 15.999 -0.4635343621 -0.0684 1.085 0
6 3 0 0 3 0 0 12.011 0.3107172366 -0.2783 5.007 0
8 1 0 0 3 0 0 15.999 -0.2518660892 -0.1526 0 0
6 3 1 0 4 0 1 12.011 0.0792523643 0 2.433 -1
6 3 1 0 4 0 1 12.011 0.023507692 -0.2051 2.731 0
6 2 2 0 4 0 1 12.011 -0.03518440214 0.1441 2.503 0
6 2 2 0 4 0 1 12.011 -0.03600394197 0.1441 2.503 0
6 3 1 0 4 0 1 12.011 0.01020735408 -0.2051 2.731 0
6 2 2 0 4 0 1 12.011 -0.02971971184 0.1441 2.503 0
6 3 1 0 4 0 1 12.011 0.0002251808501 0.1193 2.582 -1
6 3 0 0 3 1 1 12.011 -0.04234625557 0.136 3.509 0
6 2 1 0 3 1 1 12.011 -0.05714713827 0.1581 3.35 0
6 2 1 0 3 1 1 12.011 -0.04171838655 0.1581 3.35 0
6 3 0 0 3 1 1 12.011 0.05920096359 0.245 3.564 0
17 1 0 0 4 0 0 35.453 -0.08271284042 0.6895 5.853 0
6 3 0 0 3 1 1 12.011 0.05946556563 0.245 3.564 0
17 1 0 0 4 0 0 35.453 -0.08270234554 0.6895 5.853 0
6 2 1 0 3 1 1 12.011 -0.03847252959 0.1581 3.35 0
7 3 0 0 4 0 1 14.007 -0.2995626766 -0.3187 1.839 0
6 1 3 0 4 0 0 12.011 -0.01277031478 -0.2035 2.753 0
6 2 1 0 3 1 1 12.011 -0.02031433516 0.1581 3.35 0
6 3 0 0 3 1 1 12.011 0.1030739902 0.1893 2.673 0
16 4 0 0 4 0 0 32.067 0.29468011 -0.0024 7.365 0
8 1 0 0 3 0 0 15.999 -0.1941312677 -0.3339 0.7774 0
8 1 0 0 3 0 0 15.999 -0.1941312677 -0.3339 0.7774 0
8 1 1 0 4 0 0 15.999 -0.2817744827 -0.2893 0.8238 0
6 3 0 0 3 1 1 12.011 0.02630597808 0.2713 3.904 0
6 2 1 0 3 1 1 12.011 -0.04400086063 0.1581 3.35 0
6 2 1 0 3 1 1 12.011 0.0101651009 0.1581 3.35 0
6 3 0 0 3 1 1 12.011 0.2031634785 -0.8186 3.135 0
7 3 0 1 3 0 0 14.007 -0.230400606 -0.4806 2.134 0
6 2 2 0 4 0 0 12.011 0.1401817415 -0.2035 2.753 0
6 1 3 0 4 0 0 12.011 -0.005614466712 0.1441 2.503 0
6 2 2 0 4 0 0 12.011 0.1401817415 -0.2035 2.753 0
6 1 3 0 4 0 0 12.011 -0.005614466712 0.1441 2.503 0
6 2 1 0 3 1 1 12.011 0.05267811727 0.1581 3.35 0
6 3 0 0 3 1 1 12.011 0.1414336288 0.2713 3.904 0
8 2 0 0 3 1 1 15.999 -0.4557254605 0.1552 1.08 0
6 3 0 0 3 1 1 12.011 0.136901799 0.2955 4.346 0
6 2 1 0 3 1 1 12.011 0.00479250664 0.1581 3.35 0
0 1 1 0 0 0
1 2 1 0 0 0
2 3 1 0 0 0
3 4 1 0 0 0
2 5 1 1 0 0
5 6 1.5 1 1 0
6 7 1.5 1 1 0
7 8 1.5 1 1 0
8 9 1.5 1 1 0
9 10 1 1 0 0
10 11 1.5 1 1 0
11 12 1.5 1 1 0
12 13 1.5 1 1 0
13 14 1 0 0 0
14 15 2 0 0 0
14 16 2 0 0 0
14 17 1 0 0 0
17 18 1 0 0 0
18 19 1 0 0 0
19 20 1 0 0 0
20 21 1 0 0 0
21 22 1 0 0 0
22 23 1 0 0 0
23 24 2 1 0 0
23 25 1 1 0 0
25 26 1 0 0 0
26 27 1 0 0 0
27 28 1 0 0 0
28 29 1 1 0 0
29 30 2 1 0 0
29 31 1 0 0 0
31 32 1 0 1 0
32 33 1 0 1 0
33 34 1 0 1 0
34 35 1 0 1 0
35 36 1 0 1 0
36 37 1 0 1 0
37 38 1 0 0 0
38 39 1.5 1 1 0
39 40 1.5 1 1 0
40 41 1.5 1 1 0
41 42 1 0 0 0
41 43 1.5 1 1 0
43 44 1 0 0 0
43 45 1.5 1 1 0
35 46 1 0 1 0
46 47 1 0 0 0
13 48 1.5 1 1 0
48 49 1.5 1 1 0
49 50 1 0 0 0
50 51 2 0 0 0
50 52 2 0 0 0
50 53 1 0 0 0
9 54 1.5 1 1 0
54 55 1.5 1 1 0
55 56 1.5 1 1 0
56 57 1.5 1 1 0
57 58 2 1 0 0
58 59 1 0 0 0
59 60 1 0 0 0
58 61 1 0 0 0
61 62 1 0 0 0
57 63 1.5 1 1 0
63 64 1.5 1 1 0
64 65 1.5 1 1 0
65 66 1.5 1 1 0
66 67 1.5 1 1 0
67 5 1.5 1 1 0
66 8 1.5 1 1 0
49 10 1.5 1 1 0
64 54 1 1 1 0
37 31 1 0 1 0
45 38 1.5 1 1 0
46 32 1 0 1 0
40 47 1
6 1 3 0 4 0 0 12.011 0.03642625892 -0.2035 2.753 0
8 2 0 0 4 0 0 15.999 -0.3739742285 -0.0684 1.085 0
6 4 0 0 4 0 1 12.011 0.1099113828 -0.2051 2.731 1
6 2 2 0 4 0 1 12.011 -0.01920810396 0.1441 2.503 0
6 2 2 0 4 0 1 12.011 -0.04216641157 0.1441 2.503 0
6 4 0 0 4 0 1 12.011 0.00029404822 0 2.433 -1
6 2 2 0 4 0 1 12.011 -0.03762846242 0.1441 2.503 0
6 3 1 0 4 0 1 12.011 0.009621934091 0 2.433 1
6 2 2 0 4 0 0 12.011 0.02315562258 -0.2035 2.753 0
7 2 1 0 3 0 0 14.007 -0.3543510055 -0.7096 2.173 0
6 3 0 0 3 0 0 12.011 0.2367708304 -0.2783 5.007 0
8 1 0 0 3 0 0 15.999 -0.2733022042 -0.1526 0 0
6 3 1 0 4 0 0 12.011 0.08819178364 -0.2051 2.731 -1
7 1 2 0 4 0 0 14.007 -0.3196235573 -1.019 2.262 0
6 2 2 0 4 0 0 12.011 -0.003545319596 -0.0516 2.488 0
6 3 0 0 3 1 1 12.011 -0.0459470574 0.136 3.509 0
6 2 1 0 3 1 1 12.011 -0.05897032843 0.1581 3.35 0
6 2 1 0 3 1 1 12.011 -0.06199305897 0.1581 3.35 0
6 2 1 0 3 1 1 12.011 -0.06224871986 0.1581 3.35 0
6 2 1 0 3 1 1 12.011 -0.06199305897 0.1581 3.35 0
6 2 1 0 3 1 1 12.011 -0.05897032843 0.1581 3.35 0
6 3 1 0 4 0 1 12.011 0.02024156723 -0.2051 2.731 1
6 2 2 0 4 0 1 12.011 -0.01115420656 -0.0516 2.488 0
6 3 0 0 3 1 1 12.011 -0.03852170678 0.136 3.509 0
6 2 1 0 3 1 1 12.011 -0.05473021679 0.1581 3.35 0
6 2 1 0 3 1 1 12.011 -0.01603417445 0.1581 3.35 0
6 3 0 0 3 1 1 12.011 0.1575046976 0.5437 3.853 0
8 1 1 0 3 0 0 15.999 -0.5042466597 -0.2893 0.8238 0
6 3 0 0 3 1 1 12.011 0.1652409456 0.5437 3.853 0
6 3 0 0 3 1 1 12.011 0.01194190472 0.136 3.509 0
6 4 0 0 4 0 1 12.011 0.04756695122 -0.0967 2.576 -1
6 2 2 0 4 0 1 12.011 -0.02618259681 0.1441 2.503 0
6 2 2 0 4 0 1 12.011 -0.0005142760523 -0.2035 2.753 0
7 3 0 0 4 0 1 14.007 -0.2991572594 -0.3187 1.839 0
6 2 2 0 4 0 0 12.011 0.00129774862 -0.2035 2.753 0
6 3 1 0 4 0 1 12.011 -0.02856940704 0 2.433 0
6 2 2 0 4 0 1 12.011 -0.04891446058 0.1441 2.503 0
6 2 2 0 4 0 1 12.011 -0.04891446058 0.1441 2.503 0
6 3 1 0 4 0 1 12.011 0.1384555746 -0.2051 2.731 1
8 2 0 0 3 0 1 15.999 -0.4822225309 -0.4195 1.182 0
0 1 1 0 0 0
1 2 1 0 0 0
2 3 1 0 1 0
3 4 1 0 1 0
4 5 1 0 1 0
5 6 1 0 1 0
6 7 1 0 1 0
7 8 1 0 0 0
8 9 1 0 0 0
9 10 1 1 0 0
10 11 2 1 0 0
10 12 1 0 0 0
12 13 1 0 0 0
12 14 1 0 0 0
14 15 1 0 0 0
15 16 1.5 1 1 0
16 17 1.5 1 1 0
17 18 1.5 1 1 0
18 19 1.5 1 1 0
19 20 1.5 1 1 0
5 21 1 0 1 0
21 22 1 0 1 0
22 23 1 0 1 0
23 24 1.5 1 1 0
24 25 1.5 1 1 0
25 26 1.5 1 1 0
26 27 1 1 0 0
26 28 1.5 1 1 0
28 29 1.5 1 1 0
29 30 1 0 1 0
30 31 1 0 1 0
31 32 1 0 1 0
32 33 1 0 1 0
33 34 1 0 0 0
34 35 1 0 0 0
35 36 1 0 1 0
36 37 1 0 1 0
30 38 1 0 1 0
38 39 1 0 1 0
7 2 1 0 1 0
20 15 1.5 1 1 0
33 21 1 0 1 0
37 35 1 0 1 0
38 2 1 0 1 0
30 5 1 0 1 0
29 23 1.5 1 1 0
39 28 1 1 1 0
33 35 1
6 1 3 0 4 0 0 12.011 0.08073421032 -0.2035 2.753 0
8 2 0 0 3 0 0 15.999 -0.4662659621 -0.0684 1.085 0
6 3 0 0 3 0 0 12.011 0.3470284312 -0.2783 5.007 0
8 1 0 0 3 0 0 15.999 -0.2478040265 -0.1526 0 0
6 3 1 0 4 0 0 12.011 0.2023642706 -0.2051 2.731 0
6 2 2 0 4 0 0 12.011 0.02061841534 -0.0516 2.488 0
6 3 0 0 3 1 1 12.011 -0.04371164928 0.136 3.509 0
6 2 1 0 3 1 1 12.011 -0.05888691408 0.1581 3.35 0
6 2 1 0 3 1 1 12.011 -0.06199166895 0.1581 3.35 0
6 2 1 0 3 1 1 12.011 -0.06224869817 0.1581 3.35 0
6 2 1 0 3 1 1 12.011 -0.06199166895 0.1581 3.35 0
6 2 1 0 3 1 1 12.011 -0.05888691408 0.1581 3.35 0
8 2 0 0 3 0 0 15.999 -0.4497157737 -0.0684 1.085 0
6 3 0 0 3 0 0 12.011 0.3106200804 -0.2783 5.007 0
8 1 0 0 3 0 0 15.999 -0.2518684393 -0.1526 0 0
6 2 2 0 4 0 0 12.011 0.07071197853 -0.0516 2.488 0
6 3 0 0 3 1 1 12.011 -0.03581287457 0.136 3.509 0
6 2 1 0 3 1 1 12.011 -0.05837897728 0.1581 3.35 0
6 2 1 0 3 1 1 12.011 -0.06086432593 0.1581 3.35 0
6 2 1 0 3 1 1 12.011 -0.04856762623 0.1581 3.35 0
6 3 0 0 3 1 1 12.011 0.007818560495 0.1893 2.673 0
16 2 0 0 4 0 0 32.067 -0.1213304297 0.6482 7.591 0
6 2 2 0 4 0 0 12.011 0.02401196851 -0.0516 2.488 0
6 3 0 0 3 1 1 12.011 -0.02318589151 0.136 3.509 0
6 2 1 0 3 1 1 12.011 -0.0573270206 0.1581 3.35 0
6 2 1 0 3 1 1 12.011 -0.06191235313 0.1581 3.35 0
6 2 1 0 3 1 1 12.011 -0.061387834 0.1581 3.35 0
6 2 1 0 3 1 1 12.011 -0.04737909652 0.1581 3.35 0
6 3 0 0 3 1 1 12.011 0.06347436873 0.136 3.509 0
6 3 0 0 3 0 0 12.011 0.3354930134 -0.2783 5.007 0
8 1 0 0 3 0 0 15.999 -0.2463863578 0.1129 0.2215 0
8 1 1 0 3 0 0 15.999 -0.4776315429 -0.2893 0.8238 0
6 2 1 0 3 1 1 12.011 -0.04478064988 0.1581 3.35 0
0 1 1 0 0 0
1 2 1 1 0 0
2 3 2 1 0 0
2 4 1 0 0 0
4 5 1 0 0 0
5 6 1 0 0 0
6 7 1.5 1 1 0
7 8 1.5 1 1 0
8 9 1.5 1 1 0
9 10 1.5 1 1 0
10 11 1.5 1 1 0
4 12 1 0 0 0
12 13 1 1 0 0
13 14 2 1 0 0
13 15 1 0 0 0
15 16 1 0 0 0
16 17 1.5 1 1 0
17 18 1.5 1 1 0
18 19 1.5 1 1 0
19 20 1.5 1 1 0
20 21 1 0 0 0
21 22 1 0 0 0
22 23 1 0 0 0
23 24 1.5 1 1 0
24 25 1.5 1 1 0
25 26 1.5 1 1 0
26 27 1.5 1 1 0
27 28 1.5 1 1 0
28 29 1 1 0 0
29 30 2 1 0 0
29 31 1 1 0 0
20 32 1.5 1 1 0
11 6 1.5 1 1 0
32 16 1.5 1 1 0
28 23 1.5 1 1 0
39 44 1
6 1 3 0 4 0 0 12.011 0.07750710716 -0.2035 2.753 0
8 2 0 0 3 0 0 15.999 -0.4967429666 -0.4195 1.182 0
6 3 0 0 3 1 1 12.011 0.1191211659 0.5437 3.853 0
6 2 1 0 3 1 1 12.011 -0.01787593743 0.1581 3.35 0
6 2 1 0 3 1 1 12.011 -0.03432170226 0.1581 3.35 0
6 3 0 0 3 1 1 12.011 0.04591260382 0.2955 4.346 0
7 2 1 0 3 1 1 14.007 -0.3608754733 -0.3239 2.202 0
6 2 1 0 3 1 1 12.011 0.005185473006 0.1581 3.35 0
6 3 0 0 3 1 1 12.011 -0.01930597839 0.136 3.509 0
6 3 1 0 4 0 1 12.011 -0.0116509097 0.1193 2.582 0
6 2 2 0 4 0 1 12.011 -0.03336463091 0.1441 2.503 0
6 2 2 0 4 0 1 12.011 -0.00128828636 -0.2035 2.753 0
7 3 0 0 4 0 1 14.007 -0.3032918243 -0.3187 1.839 0
6 2 2 0 4 0 0 12.011 -0.001807105668 -0.2035 2.753 0
6 2 2 0 4 0 0 12.011 -0.0387161347 0.1441 2.503 0
6 2 2 0 4 0 0 12.011 -0.03369370997 0.1441 2.503 0
6 2 2 0 4 0 0 12.011 0.02859997856 -0.2035 2.753 0
7 3 0 0 3 0 1 14.007 -0.2820627556 -0.3187 1.839 0
6 3 0 0 3 0 1 12.011 0.2298228647 -0.2783 5.007 0
8 1 0 0 3 0 0 15.999 -0.2743957226 -0.1526 0 0
6 2 2 0 4 0 1 12.011 0.04297071881 0.1441 2.503 0
6 3 1 0 4 0 1 12.011 0.07442870256 0.1193 2.582 0
6 3 0 0 3 1 1 12.011 -0.00950572693 0.136 3.509 0
6 2 1 0 3 1 1 12.011 0.005725719112 0.1581 3.35 0
7 2 1 0 3 1 1 14.007 -0.360859859 -0.3239 2.202 0
6 3 0 0 3 1 1 12.011 0.04592828959 0.2955 4.346 0
6 2 1 0 3 1 1 12.011 -0.03432147099 0.1581 3.35 0
6 2 1 0 3 1 1 12.011 -0.01787593403 0.1581 3.35 0
6 3 0 0 3 1 1 12.011 0.1191213908 0.5437 3.853 0
8 2 0 0 3 0 0 15.999 -0.4967429649 -0.4195 1.182 0
6 1 3 0 4 0 0 12.011 0.07750710716 -0.2035 2.753 0
6 2 1 0 3 1 1 12.011 -0.01027418471 0.1581 3.35 0
6 3 0 0 3 1 1 12.011 0.007063392393 0.2955 4.346 0
6 3 0 0 3 0 1 12.011 0.2368122327 -0.2783 5.007 0
8 1 0 0 3 0 0 15.999 -0.2737013489 -0.1526 0 0
6 2 2 0 4 0 1 12.011 -0.00128828636 -0.2035 2.753 0
6 2 2 0 4 0 1 12.011 -0.03336463091 0.1441 2.503 0
6 3 0 0 3 1 1 12.011 0.006523358615 0.2955 4.346 0
6 2 1 0 3 1 1 12.011 -0.01028963748 0.1581 3.35 0
0 1 1 0 0 0
1 2 1 1 0 0
2 3 1.5 1 1 0
3 4 1.5 1 1 0
4 5 1.5 1 1 0
5 6 1.5 1 1 0
6 7 1.5 1 1 0
7 8 1.5 1 1 0
8 9 1 0 0 0
9 10 1 0 1 0
10 11 1 0 1 0
11 12 1 0 1 0
12 13 1 0 0 0
13 14 1 0 0 0
14 15 1 0 0 0
15 16 1 0 0 0
16 17 1 0 0 0
17 18 1 1 1 0
18 19 2 1 0 0
18 20 1 0 1 0
20 21 1 0 1 0
21 22 1 0 0 0
22 23 1.5 1 1 0
23 24 1.5 1 1 0
24 25 1.5 1 1 0
25 26 1.5 1 1 0
26 27 1.5 1 1 0
27 28 1.5 1 1 0
28 29 1 1 0 0
29 30 1 0 0 0
28 31 1.5 1 1 0
31 32 1.5 1 1 0
21 33 1 0 1 0
33 34 2 1 0 0
12 35 1 0 1 0
35 36 1 0 1 0
8 37 1.5 1 1 0
37 38 1.5 1 1 0
38 2 1.5 1 1 0
37 5 1.5 1 1 0
36 9 1 0 1 0
33 17 1 1 1 0
32 22 1.5 1 1 0
32 25 1.5 1 1 0
19 21 1
6 1 3 0 4 0 0 12.011 -0.03685946074 0.08452 2.464 0
6 3 0 0 3 1 1 12.011 -0.01502256994 0.136 3.509 0
6 2 1 0 3 1 1 12.011 -0.05251615783 0.1581 3.35 0
6 3 0 0 3 1 1 12.011 -0.03874544767 0.136 3.509 0
6 3 1 0 4 0 1 12.011 0.02201372408 0.1193 2.582 0
6 2 2 0 4 0 1 12.011 0.009174883991 -0.2035 2.753 0
7 3 0 0 4 0 1 14.007 -0.3011623025 -0.3187 1.839 0
6 1 3 0 4 0 0 12.011 -0.01299634985 -0.2035 2.753 0
6 2 2 0 4 0 1 12.011 0.02335369822 -0.0516 2.488 0
6 3 0 0 3 1 1 12.011 -0.03006621738 0.136 3.509 0
6 2 1 0 3 1 1 12.011 -0.05744151702 0.1581 3.35 0
6 2 1 0 3 1 1 12.011 -0.06192472349 0.1581 3.35 0
6 2 1 0 3 1 1 12.011 -0.0619495891 0.1581 3.35 0
6 2 1 0 3 1 1 12.011 -0.05804835333 0.1581 3.35 0
6 3 0 0 3 1 1 12.011 -0.03471614611 0.136 3.509 0
6 2 1 0 3 1 1 12.011 -0.05544407641 0.1581 3.35 0
6 2 1 0 3 1 1 12.011 -0.02574848032 0.1581 3.35 0
6 3 0 0 3 1 1 12.011 0.1256325826 0 3.257 0
9 1 0 0 4 0 0 18.998 -0.2067175242 0.4202 1.108 0
0 1 1 0 0 0
1 2 1.5 1 1 0
2 3 1.5 1 1 0
3 4 1 0 0 0
4 5 1 0 1 0
5 6 1 0 1 0
6 7 1 0 0 0
6 8 1 0 1 0
8 9 1 0 1 0
9 10 1.5 1 1 0
10 11 1.5 1 1 0
11 12 1.5 1 1 0
12 13 1.5 1 1 0
13 14 1.5 1 1 0
3 15 1.5 1 1 0
15 16 1.5 1 1 0
16 17 1.5 1 1 0
17 18 1 0 0 0
17 1 1.5 1 1 0
14 4 1 0 1 0
14 9 1.5 1 1 0
35 40 1
6 1 3 0 4 0 0 12.011 -0.03977380762 0.08452 2.464 0
6 3 0 0 3 1 1 12.011 -0.05109008533 0.136 3.509 0
6 2 1 0 3 1 1 12.011 -0.05870844144 0.1581 3.35 0
6 2 1 0 3 1 1 12.011 -0.05409425287 0.1581 3.35 0
6 3 0 0 3 1 1 12.011 -0.01758072273 0.2713 3.904 0
6 3 0 0 3 1 1 12.011 -0.005616788822 0.2713 3.904 0
6 2 1 0 3 1 1 12.011 -0.05357757465 0.1581 3.35 0
6 2 1 0 3 1 1 12.011 -0.0616015417 0.1581 3.35 0
6 2 1 0 3 1 1 12.011 -0.06142952124 0.1581 3.35 0
6 2 1 0 3 1 1 12.011 -0.04882300133 0.1581 3.35 0
6 3 0 0 3 1 1 12.011 0.04735439003 0.136 3.509 0
6 3 0 0 3 0 0 12.011 0.2540027767 -0.2783 5.007 0
8 1 0 0 3 0 0 15.999 -0.2690628684 0.1129 0.2215 0
7 3 0 0 3 0 1 14.007 -0.3379120578 -0.3187 1.839 0
6 2 2 0 4 0 1 12.011 0.02572127339 -0.2035 2.753 0
6 3 1 0 4 0 1 12.011 0.0003118160852 0 2.433 0
6 2 2 0 4 0 1 12.011 0.02560677161 -0.2035 2.753 0
7 3 0 0 3 0 1 14.007 -0.3400927972 -0.4458 2.819 0
6 3 0 0 3 1 1 12.011 0.2253723973 0.4619 4.067 0
7 2 0 0 3 1 1 14.007 -0.22145185 -0.3239 2.202 0
6 2 1 0 3 1 1 12.011 0.03300287562 0.1581 3.35 0
6 2 1 0 3 1 1 12.011 -0.01714675169 0.1581 3.35 0
6 3 0 0 3 1 1 12.011 0.07578061984 0.2713 3.904 0
6 3 0 0 3 1 1 12.011 0.0003039280381 0.2713 3.904 0
6 2 1 0 3 1 1 12.011 -0.05281402428 0.1581 3.35 0
6 2 1 0 3 1 1 12.011 -0.06159448276 0.1581 3.35 0
6 2 1 0 3 1 1 12.011 -0.06222354266 0.1581 3.35 0
6 2 1 0 3 1 1 12.011 -0.06159448276 0.1581 3.35 0
6 2 1 0 3 1 1 12.011 -0.05281402428 0.1581 3.35 0
7 2 0 0 3 1 1 14.007 -0.2128723339 -0.3239 2.202 0
6 2 2 0 4 0 1 12.011 0.02560677161 -0.2035 2.753 0
6 3 1 0 4 0 1 12.011 0.0003118160852 0 2.433 0
6 2 2 0 4 0 1 12.011 0.02572127339 -0.2035 2.753 0
6 2 1 0 3 1 1 12.011 -0.05409425287 0.1581 3.35 0
6 2 1 0 3 1 1 12.011 -0.05870844144 0.1581 3.35 0
0 1 1 0 0 0
1 2 1.5 1 1 0
2 3 1.5 1 1 0
3 4 1.5 1 1 0
4 5 1 1 0 0
5 6 1.5 1 1 0
6 7 1.5 1 1 0
7 8 1.5 1 1 0
8 9 1.5 1 1 0
9 10 1.5 1 1 0
10 11 1 1 0 0
11 12 2 1 0 0
11 13 1 1 0 0
13 14 1 0 1 0
14 15 1 0 1 0
15 16 1 0 1 0
16 17 1 0 1 0
17 18 1 1 0 0
18 19 1.5 1 1 0
19 20 1.5 1 1 0
20 21 1.5 1 1 0
21 22 1.5 1 1 0
22 23 1 1 0 0
23 24 1.5 1 1 0
24 25 1.5 1 1 0
25 26 1.5 1 1 0
26 27 1.5 1 1 0
27 28 1.5 1 1 0
22 29 1.5 1 1 0
17 30 1 0 1 0
30 31 1 0 1 0
31 32 1 0 1 0
4 33 1.5 1 1 0
33 34 1.5 1 1 0
34 1 1.5 1 1 0
10 5 1.5 1 1 0
32 13 1 0 1 0
31 15 1 0 1 0
29 18 1.5 1 1 0
28 23 1.5 1 1 0
181 184 1
6 1 3 0 4 0 0 12.011 -0.06503679917 0.1441 2.503 0
6 2 2 0 4 0 0 12.011 -0.05109903273 0.1441 2.503 0
6 3 1 0 4 0 0 12.011 -0.0150263464 0 2.433 -1
6 1 3 0 4 0 0 12.011 -0.06003758677 0.1441 2.503 0
6 3 1 0 4 0 0 12.011 0.1102713092 -0.2051 2.731 -1
7 2 1 0 3 0 0 14.007 -0.3422346401 -0.7096 2.173 0
6 3 0 0 3 0 0 12.011 0.2435875787 -0.2783 5.007 0
8 1 0 0 3 0 0 15.999 -0.2726687611 -0.1526 0 0
6 3 1 0 4 0 0 12.011 0.1165261295 -0.2051 2.731 1
6 2 2 0 4 0 0 12.011 0.01971007255 -0.2035 2.753 0
16 1 1 0 4 0 0 32.067 -0.1766592914 0.6482 7.591 0
7 2 1 0 3 0 0 14.007 -0.3417339594 -0.7096 2.173 0
6 3 0 0 3 0 0 12.011 0.2430980246 -0.2783 5.007 0
8 1 0 0 3 0 0 15.999 -0.2726903751 -0.1526 0 0
6 3 1 0 4 0 0 12.011 0.1117579323 -0.2051 2.731 -1
6 2 2 0 4 0 0 12.011 0.001671685588 -0.0516 2.488 0
6 3 0 0 3 1 1 12.011 -0.04544281377 0.136 3.509 0
6 2 1 0 3 1 1 12.011 -0.0589511106 0.1581 3.35 0
6 2 1 0 3 1 1 12.011 -0.0619927356 0.1581 3.35 0
6 2 1 0 3 1 1 12.011 -0.06224871479 0.1581 3.35 0
6 2 1 0 3 1 1 12.011 -0.0619927356 0.1581 3.35 0
6 2 1 0 3 1 1 12.011 -0.0589511106 0.1581 3.35 0
7 2 1 0 3 0 0 14.007 -0.3421948791 -0.7096 2.173 0
6 3 0 0 3 0 0 12.011 0.2427474556 -0.2783 5.007 0
8 1 0 0 3 0 0 15.999 -0.2727042707 -0.1526 0 0
6 3 1 0 4 0 0 12.011 0.1079790037 -0.2051 2.731 -1
6 2 2 0 4 0 0 12.011 -0.02135014088 0.1441 2.503 0
6 3 1 0 4 0 0 12.011 -0.04466451306 0 2.433 0
6 1 3 0 4 0 0 12.011 -0.06268219302 0.1441 2.503 0
6 1 3 0 4 0 0 12.011 -0.06268219302 0.1441 2.503 0
7 2 1 0 3 0 0 14.007 -0.3425109018 -0.7096 2.173 0
6 3 0 0 3 0 0 12.011 0.2427269094 -0.2783 5.007 0
8 1 0 0 3 0 0 15.999 -0.2727046528 -0.1526 0 0
6 3 1 0 4 0 0 12.011 0.1077374135 -0.2051 2.731 -1
6 2 2 0 4 0 0 12.011 -0.02362617037 0.1441 2.503 0
6 2 2 0 4 0 0 12.011 -0.04963444258 0.1441 2.503 0
6 2 2 0 4 0 0 12.011 -0.04080171141 0.1441 2.503 0
6 2 2 0 4 0 0 12.011 -0.007726005462 -0.2035 2.753 0
7 1 2 0 4 0 0 14.007 -0.3304734915 -1.019 2.262 0
7 2 1 0 3 0 0 14.007 -0.3424941215 -0.7096 2.173 0
6 3 0 0 3 0 0 12.011 0.2435787318 -0.2783 5.007 0
8 1 0 0 3 0 0 15.999 -0.2726689251 -0.1526 0 0
6 3 1 0 4 0 0 12.011 0.116525964 -0.2051 2.731 1
6 2 2 0 4 0 0 12.011 0.01971007115 -0.2035 2.753 0
16 1 1 0 4 0 0 32.067 -0.1766592914 0.6482 7.591 0
7 2 1 0 3 0 0 14.007 -0.3417339608 -0.7096 2.173 0
6 3 0 0 3 0 0 12.011 0.2430980246 -0.2783 5.007 0
8 1 0 0 3 0 0 15.999 -0.2726903751 -0.1526 0 0
6 3 1 0 4 0 0 12.011 0.1117579308 -0.2051 2.731 -1
6 2 2 0 4 0 0 12.011 0.001671685582 -0.0516 2.488 0
6 3 0 0 3 1 1 12.011 -0.04544281377 0.136 3.509 0
6 2 1 0 3 1 1 12.011 -0.0589511106 0.1581 3.35 0
6 2 1 0 3 1 1 12.011 -0.0619927356 0.1581 3.35 0
6 2 1 0 3 1 1 12.011 -0.06224871479 0.1581 3.35 0
6 2 1 0 3 1 1 12.011 -0.0619927356 0.1581 3.35 0
6 2 1 0 3 1 1 12.011 -0.0589511106 0.1581 3.35 0
7 2 1 0 3 0 0 14.007 -0.3421950325 -0.7096 2.173 0
6 3 0 0 3 0 0 12.011 0.2427376951 -0.2783 5.007 0
8 1 0 0 3 0 0 15.999 -0.2727044679 -0.1526 0 0
6 3 1 0 4 0 0 12.011 0.1077829872 -0.2051 2.731 -1
6 2 2 0 4 0 0 12.011 -0.02200036626 0.1441 2.503 0
6 2 2 0 4 0 0 12.011 -0.03322052509 0.1441 2.503 0
6 2 2 0 4 0 0 12.011 0.01754934015 -0.2035 2.753 0
7 2 1 0 3 0 0 14.007 -0.3567617478 -0.7096 2.173 0
6 3 0 0 3 0 0 12.011 0.1852050305 -0.2783 5.007 0
7 1 1 0 3 0 0 14.007 -0.2696220712 0.08387 1.757 0
7 1 2 0 3 0 0 14.007 -0.370160438 -1.019 2.262 0
7 2 1 0 3 0 0 14.007 -0.3429433248 -0.7096 2.173 0
6 3 0 0 3 0 0 12.011 0.2375979872 -0.2783 5.007 0
8 1 0 0 3 0 0 15.999 -0.2732769595 -0.1526 0 0
6 3 1 0 4 0 0 12.011 0.09296583563 -0.2051 2.731 -1
7 1 2 0 4 0 0 14.007 -0.3194700036 -1.019 2.262 0
6 2 2 0 4 0 0 12.011 0.05046076669 0.1441 2.503 0
6 3 0 0 3 0 0 12.011 0.2190173849 -0.2783 5.007 0
7 1 2 0 3 0 0 14.007 -0.3696148729 -1.019 2.262 0
8 1 0 0 3 0 0 15.999 -0.275289357 -0.1526 0 0
6 3 0 0 3 0 0 12.011 0.2430048015 -0.2783 5.007 0
8 1 0 0 3 0 0 15.999 -0.2726924558 -0.1526 0 0
7 2 1 0 3 0 0 14.007 -0.342496822 -0.7096 2.173 0
6 3 1 0 4 0 0 12.011 0.1082214304 -0.2051 2.731 -1
6 2 2 0 4 0 0 12.011 -0.01488807729 0.1441 2.503 0
6 2 2 0 4 0 0 12.011 0.02871203682 0.1441 2.503 0
6 3 0 0 3 0 0 12.011 0.2170078492 -0.2783 5.007 0
7 1 2 0 3 0 0 14.007 -0.3696786186 -1.019 2.262 0
8 1 0 0 3 0 0 15.999 -0.2753724344 -0.1526 0 0
6 3 0 0 3 0 0 12.011 0.2425281048 -0.2783 5.007 0
8 1 0 0 3 0 0 15.999 -0.2727131963 -0.1526 0 0
7 2 1 0 3 0 0 14.007 -0.3452522484 -0.7096 2.173 0
6 2 2 0 4 0 0 12.011 0.09671625517 -0.2035 2.753 0
6 3 0 0 3 0 0 12.011 0.2396217009 -0.2783 5.007 0
8 1 0 0 3 0 0 15.999 -0.273043449 -0.1526 0 0
7 2 1 0 3 0 0 14.007 -0.3405136604 -0.7096 2.173 0
6 3 1 0 4 0 0 12.011 0.1335404208 -0.2051 2.731 -1
6 3 0 0 3 0 0 12.011 0.2452047201 -0.2783 5.007 0
8 1 0 0 3 0 0 15.999 -0.2725973764 -0.1526 0 0
7 2 1 0 3 0 0 14.007 -0.3451635267 -0.7096 2.173 0
6 2 2 0 4 0 0 12.011 0.09671684344 -0.2035 2.753 0
6 3 0 0 3 0 0 12.011 0.2395605375 -0.2783 5.007 0
8 1 0 0 3 0 0 15.999 -0.2730446205 -0.1526 0 0
7 2 1 0 3 0 0 14.007 -0.3421851849 -0.7096 2.173 0
6 3 1 0 4 0 0 12.011 0.1181752558 -0.2051 2.731 -1
6 2 2 0 4 0 0 12.011 0.07466443139 0.1441 2.503 0
6 3 0 0 3 0 0 12.011 0.3054810604 -0.2783 5.007 0
8 1 0 0 3 0 0 15.999 -0.2523756128 -0.1526 0 0
8 1 1 0 3 0 0 15.999 -0.4811623083 -0.2893 0.8238 0
6 3 0 0 3 0 0 12.011 0.2433439087 -0.2783 5.007 0
8 1 0 0 3 0 0 15.999 -0.2726857591 -0.1526 0 0
7 2 1 0 3 0 0 14.007 -0.3422583711 -0.7096 2.173 0
6 3 1 0 4 0 0 12.011 0.1100186222 -0.2051 2.731 -1
6 3 0 0 3 0 0 12.011 0.2429937977 -0.2783 5.007 0
8 1 0 0 3 0 0 15.999 -0.2726926635 -0.1526 0 0
7 2 1 0 3 0 0 14.007 -0.3425123235 -0.7096 2.173 0
6 3 1 0 4 0 0 12.011 0.1077368721 -0.2051 2.731 -1
6 2 2 0 4 0 0 12.011 -0.02362617493 0.1441 2.503 0
6 2 2 0 4 0 0 12.011 -0.0496344426 0.1441 2.503 0
6 2 2 0 4 0 0 12.011 -0.04080171141 0.1441 2.503 0
6 2 2 0 4 0 0 12.011 -0.007726005462 -0.2035 2.753 0
7 1 2 0 4 0 0 14.007 -0.3304734915 -1.019 2.262 0
6 3 0 0 3 0 0 12.011 0.2427168569 -0.2783 5.007 0
8 1 0 0 3 0 0 15.999 -0.2727048396 -0.1526 0 0
7 2 1 0 3 0 0 14.007 -0.3428066782 -0.7096 2.173 0
6 3 1 0 4 0 0 12.011 0.1049355319 -0.2051 2.731 -1
6 1 3 0 4 0 0 12.011 -0.03562112033 0.1441 2.503 0
6 3 0 0 3 0 0 12.011 0.2424647222 -0.2783 5.007 0
8 1 0 0 3 0 0 15.999 -0.2727165052 -0.1526 0 0
7 2 1 0 3 0 0 14.007 -0.3417539905 -0.7096 2.173 0
6 3 1 0 4 0 0 12.011 0.1165255742 -0.2051 2.731 1
6 2 2 0 4 0 0 12.011 0.01971006784 -0.2035 2.753 0
16 1 1 0 4 0 0 32.067 -0.1766592915 0.6482 7.591 0
6 3 0 0 3 0 0 12.011 0.2435789442 -0.2783 5.007 0
8 1 0 0 3 0 0 15.999 -0.2726689234 -0.1526 0 0
7 2 1 0 3 0 0 14.007 -0.3424774392 -0.7096 2.173 0
6 3 1 0 4 0 0 12.011 0.1082955127 -0.2051 2.731 -1
6 2 2 0 4 0 0 12.011 -0.01317505745 0.1441 2.503 0
6 2 2 0 4 0 0 12.011 0.04778653039 0.1441 2.503 0
6 3 0 0 3 0 0 12.011 0.3029356727 -0.2783 5.007 0
8 1 0 0 3 0 0 15.999 -0.2524840569 -0.1526 0 0
8 1 1 0 3 0 0 15.999 -0.4812292625 -0.2893 0.8238 0
6 3 0 0 3 0 0 12.011 0.2427535577 -0.2783 5.007 0
8 1 0 0 3 0 0 15.999 -0.2727042118 -0.1526 0 0
7 2 1 0 3 0 0 14.007 -0.3421934193 -0.7096 2.173 0
6 3 1 0 4 0 0 12.011 0.1118357974 -0.2051 2.731 -1
6 2 2 0 4 0 0 12.011 0.003784251851 -0.0516 2.488 0
6 3 0 0 3 1 1 12.011 -0.02006734372 0.136 3.509 0
6 2 1 0 3 1 1 12.011 0.004992636937 0.1581 3.35 0
7 2 1 0 3 1 1 14.007 -0.3608884729 -0.3239 2.202 0
6 3 0 0 3 1 1 12.011 0.04563014389 0.2955 4.346 0
6 2 1 0 3 1 1 12.011 -0.03800301926 0.1581 3.35 0
6 2 1 0 3 1 1 12.011 -0.06015891165 0.1581 3.35 0
6 2 1 0 3 1 1 12.011 -0.06150923066 0.1581 3.35 0
6 2 1 0 3 1 1 12.011 -0.05256236874 0.1581 3.35 0
6 3 0 0 3 1 1 12.011 0.002652595661 0.2955 4.346 0
6 3 0 0 3 0 0 12.011 0.2430648358 -0.2783 5.007 0
8 1 0 0 3 0 0 15.999 -0.2726909914 -0.1526 0 0
7 2 1 0 3 0 0 14.007 -0.3427960583 -0.7096 2.173 0
6 3 1 0 4 0 0 12.011 0.1049357364 -0.2051 2.731 -1
6 1 3 0 4 0 0 12.011 -0.03562111862 0.1441 2.503 0
6 3 0 0 3 0 0 12.011 0.242464724 -0.2783 5.007 0
8 1 0 0 3 0 0 15.999 -0.2727165052 -0.1526 0 0
7 2 1 0 3 0 0 14.007 -0.3417539827 -0.7096 2.173 0
6 3 1 0 4 0 0 12.011 0.1165265012 -0.2051 2.731 1
6 2 2 0 4 0 0 12.011 0.0197100756 -0.2035 2.753 0
16 1 1 0 4 0 0 32.067 -0.1766592914 0.6482 7.591 0
6 3 0 0 3 0 0 12.011 0.2436298532 -0.2783 5.007 0
8 1 0 0 3 0 0 15.999 -0.2726680042 -0.1526 0 0
7 2 1 0 3 0 0 14.007 -0.3408848948 -0.7096 2.173 0
6 3 1 0 4 0 0 12.011 0.127054294 -0.2051 2.731 -1
6 2 2 0 4 0 0 12.011 -0.01311988971 0.1441 2.503 0
6 2 2 0 4 0 0 12.011 0.02877950532 0.1441 2.503 0
6 3 0 0 3 0 0 12.011 0.2170090438 -0.2783 5.007 0
7 1 2 0 3 0 0 14.007 -0.3696786105 -1.019 2.262 0
8 1 0 0 3 0 0 15.999 -0.2753724241 -0.1526 0 0
6 3 0 0 3 0 0 12.011 0.3257111874 -0.2783 5.007 0
8 1 0 0 3 0 0 15.999 -0.2499922831 -0.1526 0 0
8 1 1 0 3 0 0 15.999 -0.479717312 -0.2893 0.8238 0
6 3 1 0 4 0 0 12.011 -0.01760765183 0 2.433 0
6 1 3 0 4 0 0 12.011 -0.06029356385 0.1441 2.503 0
6 1 3 0 4 0 0 12.011 -0.06029356385 0.1441 2.503 0
6 3 1 0 4 0 0 12.011 0.08044350902 -0.2051 2.731 1
6 1 3 0 4 0 0 12.011 -0.03637741439 0.1441 2.503 0
8 1 1 0 4 0 0 15.999 -0.3907168993 -0.2893 0.8238 0
0 1 1 0 0 0
1 2 1 0 0 0
2 3 1 0 0 0
2 4 1 0 0 0
4 5 1 0 0 0
5 6 1 1 0 0
6 7 2 1 0 0
6 8 1 0 0 0
8 9 1 0 0 0
9 10 1 0 0 0
8 11 1 0 0 0
11 12 1 1 0 0
12 13 2 1 0 0
12 14 1 0 0 0
14 15 1 0 0 0
15 16 1 0 0 0
16 17 1.5 1 1 0
17 18 1.5 1 1 0
18 19 1.5 1 1 0
19 20 1.5 1 1 0
20 21 1.5 1 1 0
14 22 1 0 0 0
22 23 1 1 0 0
23 24 2 1 0 0
23 25 1 0 0 0
25 26 1 0 0 0
26 27 1 0 0 0
27 28 1 0 0 0
27 29 1 0 0 0
25 30 1 0 0 0
30 31 1 1 0 0
31 32 2 1 0 0
31 33 1 0 0 0
33 34 1 0 0 0
34 35 1 0 0 0
35 36 1 0 0 0
36 37 1 0 0 0
37 38 1 0 0 0
33 39 1 0 0 0
39 40 1 1 0 0
40 41 2 1 0 0
40 42 1 0 0 0
42 43 1 0 0 0
43 44 1 0 0 0
42 45 1 0 0 0
45 46 1 1 0 0
46 47 2 1 0 0
46 48 1 0 0 0
48 49 1 0 0 0
49 50 1 0 0 0
50 51 1.5 1 1 0
51 52 1.5 1 1 0
52 53 1.5 1 1 0
53 54 1.5 1 1 0
54 55 1.5 1 1 0
48 56 1 0 0 0
56 57 1 1 0 0
57 58 2 1 0 0
57 59 1 0 0 0
59 60 1 0 0 0
60 61 1 0 0 0
61 62 1 0 0 0
62 63 1 0 0 0
63 64 1 1 0 0
64 65 2 1 0 0
64 66 1 1 0 0
59 67 1 0 0 0
67 68 1 1 0 0
68 69 2 1 0 0
68 70 1 0 0 0
70 71 1 0 0 0
70 72 1 0 0 0
72 73 1 0 0 0
73 74 1 1 0 0
73 75 2 1 0 0
4 76 1 0 0 0
76 77 2 1 0 0
76 78 1 1 0 0
78 79 1 0 0 0
79 80 1 0 0 0
80 81 1 0 0 0
81 82 1 0 0 0
82 83 1 1 0 0
82 84 2 1 0 0
79 85 1 0 0 0
85 86 2 1 0 0
85 87 1 1 0 0
87 88 1 0 0 0
88 89 1 0 0 0
89 90 2 1 0 0
89 91 1 1 0 0
91 92 1 0 0 0
92 93 1 0 0 0
93 94 2 1 0 0
93 95 1 1 0 0
95 96 1 0 0 0
96 97 1 0 0 0
97 98 2 1 0 0
97 99 1 1 0 0
99 100 1 0 0 0
100 101 1 0 0 0
101 102 1 0 0 0
102 103 2 1 0 0
102 104 1 1 0 0
100 105 1 0 0 0
105 106 2 1 0 0
105 107 1 1 0 0
107 108 1 0 0 0
108 109 1 0 0 0
109 110 2 1 0 0
109 111 1 1 0 0
111 112 1 0 0 0
112 113 1 0 0 0
113 114 1 0 0 0
114 115 1 0 0 0
115 116 1 0 0 0
116 117 1 0 0 0
112 118 1 0 0 0
118 119 2 1 0 0
118 120 1 1 0 0
120 121 1 0 0 0
121 122 1 0 0 0
121 123 1 0 0 0
123 124 2 1 0 0
123 125 1 1 0 0
125 126 1 0 0 0
126 127 1 0 0 0
127 128 1 0 0 0
126 129 1 0 0 0
129 130 2 1 0 0
129 131 1 1 0 0
131 132 1 0 0 0
132 133 1 0 0 0
133 134 1 0 0 0
134 135 1 0 0 0
135 136 2 1 0 0
135 137 1 1 0 0
132 138 1 0 0 0
138 139 2 1 0 0
138 140 1 1 0 0
140 141 1 0 0 0
141 142 1 0 0 0
142 143 1 0 0 0
143 144 1.5 1 1 0
144 145 1.5 1 1 0
145 146 1.5 1 1 0
146 147 1.5 1 1 0
147 148 1.5 1 1 0
148 149 1.5 1 1 0
149 150 1.5 1 1 0
150 151 1.5 1 1 0
141 152 1 0 0 0
152 153 2 1 0 0
152 154 1 1 0 0
154 155 1 0 0 0
155 156 1 0 0 0
155 157 1 0 0 0
157 158 2 1 0 0
157 159 1 1 0 0
159 160 1 0 0 0
160 161 1 0 0 0
161 162 1 0 0 0
160 163 1 0 0 0
163 164 2 1 0 0
163 165 1 1 0 0
165 166 1 0 0 0
166 167 1 0 0 0
167 168 1 0 0 0
168 169 1 0 0 0
169 170 1 1 0 0
169 171 2 1 0 0
166 172 1 0 0 0
172 173 2 1 0 0
172 174 1 1 0 0
108 175 1 0 0 0
175 176 1 0 0 0
175 177 1 0 0 0
92 178 1 0 0 0
178 179 1 0 0 0
178 180 1 0 0 0
21 16 1.5 1 1 0
55 50 1.5 1 1 0
151 143 1.5 1 1 0
151 146 1.5 1 1 0
21 26 1
9 1 0 0 4 0 0 18.998 -0.2070016649 0.4202 1.108 0
6 3 0 0 3 1 1 12.011 0.1229828287 0 3.257 0
6 2 1 0 3 1 1 12.011 -0.02630340761 0.1581 3.35 0
6 2 1 0 3 1 1 12.011 -0.05908448994 0.1581 3.35 0
6 2 1 0 3 1 1 12.011 -0.05878994767 0.1581 3.35 0
6 3 0 0 3 1 1 12.011 -0.04385167897 0.136 3.509 0
6 2 2 0 4 0 0 12.011 -0.01517521128 -0.0516 2.488 0
6 2 2 0 4 0 0 12.011 -0.000549684351 -0.2035 2.753 0
7 2 1 0 4 0 0 14.007 -0.3130558039 -0.7096 2.173 0
6 3 1 0 4 0 1 12.011 0.01347739516 -0.2051 2.731 -1
6 3 1 0 4 0 1 12.011 -0.019417821 0 2.433 0
6 3 1 0 4 0 1 12.011 -0.03338987729 0 2.433 0
6 2 2 0 4 0 1 12.011 -0.04636155499 0.1441 2.503 0
6 3 1 0 4 0 1 12.011 -0.03311440369 0 2.433 0
6 3 1 0 4 0 1 12.011 -0.03166029378 0 2.433 0
6 3 1 0 4 0 1 12.011 -0.03455046626 0 2.433 0
6 2 2 0 4 0 1 12.011 -0.04640780148 0.1441 2.503 0
6 3 1 0 4 0 1 12.011 -0.0330683826 0 2.433 0
6 3 1 0 4 0 1 12.011 -0.03023481273 0 2.433 0
6 3 1 0 4 0 1 12.011 -0.0191435753 0 2.433 0
6 2 1 0 3 1 1 12.011 -0.02305834109 0.1581 3.35 0
0 1 1 0 0 0
1 2 1.5 1 1 0
2 3 1.5 1 1 0
3 4 1.5 1 1 0
4 5 1.5 1 1 0
5 6 1 0 0 0
6 7 1 0 0 0
7 8 1 0 0 0
8 9 1 0 0 0
9 10 1 0 1 0
10 11 1 0 1 0
11 12 1 0 1 0
12 13 1 0 1 0
13 14 1 0 1 0
14 15 1 0 1 0
15 16 1 0 1 0
16 17 1 0 1 0
17 18 1 0 1 0
18 19 1 0 1 0
5 20 1.5 1 1 0
20 1 1.5 1 1 0
19 9 1 0 1 0
17 10 1 0 1 0
15 11 1 0 1 0
19 13 1 0 1 0
18 14 1 0 1 0
33 36 1
6 1 3 0 4 0 0 12.011 -0.03282893142 0.08452 2.464 0
6 3 0 0 3 1 1 12.011 0.03066472408 0.136 3.509 0
6 2 1 0 3 1 1 12.011 0.01736717582 0.1581 3.35 0
7 3 0 0 3 1 1 14.007 -0.2959837577 -0.3239 2.202 0
6 3 1 0 4 0 1 12.011 0.05087359332 0.1193 2.582 -1
6 2 2 0 4 0 1 12.011 -0.02962374935 0.1441 2.503 0
6 2 2 0 4 0 1 12.011 -0.03837992205 0.1441 2.503 0
6 2 2 0 4 0 1 12.011 -0.00135365055 -0.2035 2.753 0
7 3 0 0 4 0 1 14.007 -0.2970214086 -0.3187 1.839 0
6 2 2 0 4 0 0 12.011 0.02354964185 -0.0516 2.488 0
6 3 0 0 3 1 1 12.011 -0.030177449 0.136 3.509 0
6 2 1 0 3 1 1 12.011 -0.05660572392 0.1581 3.35 0
6 2 1 0 3 1 1 12.011 -0.04354884037 0.1581 3.35 0
6 3 0 0 3 1 1 12.011 0.1020672009 0.136 3.509 0
6 3 0 0 3 0 0 12.011 0.3390019952 -0.2783 5.007 0
8 1 0 0 3 0 0 15.999 -0.24623735 0.1129 0.2215 0
8 1 1 0 3 0 0 15.999 -0.477539537 -0.2893 0.8238 0
6 3 0 0 3 1 1 12.011 0.1417848526 0.5437 3.853 0
8 2 0 0 3 0 0 15.999 -0.4564015796 -0.4195 1.182 0
6 3 0 0 3 1 1 12.011 0.1284545 0.5437 3.853 0
6 2 1 0 3 1 1 12.011 -0.01920316397 0.1581 3.35 0
6 2 1 0 3 1 1 12.011 -0.05708134341 0.1581 3.35 0
6 2 1 0 3 1 1 12.011 -0.04325425084 0.1581 3.35 0
6 3 0 0 3 1 1 12.011 0.0442555934 0.245 3.564 0
17 1 0 0 4 0 0 35.453 -0.08420029927 0.6895 5.853 0
6 2 1 0 3 1 1 12.011 -0.0006146656043 0.1581 3.35 0
6 2 1 0 3 1 1 12.011 -0.01387976267 0.1581 3.35 0
6 2 2 0 4 0 1 12.011 0.01955955792 -0.2035 2.753 0
6 3 0 0 3 1 1 12.011 0.3281284482 -0.8186 3.135 0
8 1 0 0 3 0 0 15.999 -0.2477721676 0.1788 3.135 0
7 2 1 0 3 1 1 14.007 -0.2737639276 -0.3239 2.202 0
6 3 0 0 3 1 1 12.011 0.2559011116 -0.8186 3.135 0
8 1 0 0 3 0 0 15.999 -0.2691079469 0.1788 3.135 0
0 1 1 0 0 0
1 2 1.5 1 1 0
2 3 1.5 1 1 0
3 4 1 0 0 0
4 5 1 0 1 0
5 6 1 0 1 0
6 7 1 0 1 0
7 8 1 0 1 0
8 9 1 0 0 0
9 10 1 0 0 0
10 11 1.5 1 1 0
11 12 1.5 1 1 0
12 13 1.5 1 1 0
13 14 1 1 0 0
14 15 2 1 0 0
14 16 1 1 0 0
13 17 1.5 1 1 0
17 18 1 1 0 0
18 19 1 1 0 0
19 20 1.5 1 1 0
20 21 1.5 1 1 0
21 22 1.5 1 1 0
22 23 1.5 1 1 0
23 24 1 0 0 0
23 25 1.5 1 1 0
17 26 1.5 1 1 0
8 27 1 0 1 0
3 28 1.5 1 1 0
28 29 2 1 0 0
28 30 1.5 1 1 0
30 31 1.5 1 1 0
31 32 2 1 0 0
31 1 1.5 1 1 0
27 4 1 0 1 0
26 10 1.5 1 1 0
25 19 1.5 1 1 0
43 51 1
8 1 1 0 3 0 0 15.999 -0.5042464399 -0.2893 0.8238 0
6 3 0 0 3 1 1 12.011 0.1575250194 0.5437 3.853 0
6 2 1 0 3 1 1 12.011 -0.016033799 0.1581 3.35 0
6 2 1 0 3 1 1 12.011 -0.05472688221 0.1581 3.35 0
6 3 0 0 3 1 1 12.011 -0.0383258536 0.136 3.509 0
6 3 0 0 3 1 1 12.011 0.014643282 0.136 3.509 0
6 3 0 0 3 1 1 12.011 0.1657935088 0.5437 3.853 0
8 2 0 0 3 0 1 15.999 -0.4788309488 -0.4195 1.182 0
6 3 1 0 4 0 1 12.011 0.1536247318 0.1193 2.582 1
6 3 0 0 3 1 1 12.011 0.08524025015 0.136 3.509 0
7 2 0 0 3 1 1 14.007 -0.2563901973 -0.3239 2.202 0
6 2 1 0 3 1 1 12.011 0.0351109497 0.1581 3.35 0
6 3 0 0 3 1 1 12.011 0.0002903531996 0.2713 3.904 0
6 3 0 0 3 1 1 12.011 -0.01684687392 0.2713 3.904 0
6 2 1 0 3 1 1 12.011 -0.05432667481 0.1581 3.35 0
6 2 1 0 3 1 1 12.011 -0.06165002076 0.1581 3.35 0
6 2 1 0 3 1 1 12.011 -0.06222538051 0.1581 3.35 0
6 2 1 0 3 1 1 12.011 -0.06165002076 0.1581 3.35 0
6 2 1 0 3 1 1 12.011 -0.05432667481 0.1581 3.35 0
6 2 1 0 3 1 1 12.011 -0.04753851913 0.1581 3.35 0
6 3 0 0 3 1 1 12.011 -0.01895195463 0.136 3.509 0
6 2 2 0 4 0 1 12.011 0.006052281836 -0.0516 2.488 0
6 4 0 0 4 0 1 12.011 0.1018013373 -0.2051 2.731 -1
8 2 0 0 4 0 0 15.999 -0.3718997687 -0.0684 1.085 0
6 2 2 0 4 0 0 12.011 0.04746952824 -0.2035 2.753 0
6 2 2 0 4 0 0 12.011 -0.0293044087 0.1441 2.503 0
6 2 2 0 4 0 0 12.011 -0.0480863328 0.1441 2.503 0
6 3 1 0 4 0 1 12.011 -0.03696754871 0 2.433 0
6 2 2 0 4 0 1 12.011 -0.02666750372 0.1441 2.503 0
6 2 2 0 4 0 1 12.011 0.0468193393 -0.2035 2.753 0
8 2 0 0 4 0 1 15.999 -0.3814307069 -0.0684 1.085 0
6 2 2 0 4 0 1 12.011 0.0468193393 -0.2035 2.753 0
6 2 2 0 4 0 1 12.011 -0.02666750372 0.1441 2.503 0
6 3 1 0 4 0 1 12.011 0.04406598544 -0.2051 2.731 1
6 2 2 0 4 0 1 12.011 -0.008871343704 -0.0516 2.488 0
7 3 0 0 4 0 1 14.007 -0.2968189471 -0.3187 1.839 0
6 2 2 0 4 0 0 12.011 0.001396936465 -0.2035 2.753 0
6 3 1 0 4 0 1 12.011 -0.028567671 0 2.433 0
6 2 2 0 4 0 1 12.011 -0.0489144465 0.1441 2.503 0
6 2 2 0 4 0 1 12.011 -0.0489144465 0.1441 2.503 0
6 2 2 0 4 0 1 12.011 -0.0003137958256 -0.2035 2.753 0
6 2 2 0 4 0 1 12.011 -0.02358889676 0.1441 2.503 0
6 4 0 0 4 0 1 12.011 0.07417813889 -0.0967 2.576 -1
0 1 1 1 0 0
1 2 1.5 1 1 0
2 3 1.5 1 1 0
3 4 1.5 1 1 0
4 5 1.5 1 1 0
5 6 1.5 1 1 0
6 7 1 1 1 0
7 8 1 0 1 0
8 9 1 0 1 0
9 10 1.5 1 1 0
10 11 1.5 1 1 0
11 12 1.5 1 1 0
12 13 1 1 0 0
13 14 1.5 1 1 0
14 15 1.5 1 1 0
15 16 1.5 1 1 0
16 17 1.5 1 1 0
17 18 1.5 1 1 0
12 19 1.5 1 1 0
19 20 1.5 1 1 0
20 21 1 0 1 0
21 22 1 0 1 0
22 23 1 0 0 0
23 24 1 0 0 0
24 25 1 0 0 0
25 26 1 0 0 0
26 27 1 0 0 0
27 28 1 0 1 0
28 29 1 0 1 0
29 30 1 0 1 0
30 31 1 0 1 0
31 32 1 0 1 0
22 33 1 0 1 0
33 34 1 0 1 0
33 35 1 0 1 0
35 36 1 0 0 0
36 37 1 0 0 0
37 38 1 0 1 0
38 39 1 0 1 0
35 40 1 0 1 0
40 41 1 0 1 0
41 42 1 0 1 0
6 1 1.5 1 1 0
42 8 1 0 1 0
34 4 1 0 1 0
39 37 1 0 1 0
42 5 1 0 1 0
20 9 1.5 1 1 0
42 22 1 0 1 0
18 13 1.5 1 1 0
32 27 1 0 1 0
32 34 1
6 1 3 0 4 0 0 12.011 0.07750760405 -0.2035 2.753 0
8 2 0 0 3 0 0 15.999 -0.4967217393 -0.4195 1.182 0
6 3 0 0 3 1 1 12.011 0.1197316654 0.5437 3.853 0
6 2 1 0 3 1 1 12.011 -0.0198946992 0.1581 3.35 0
6 2 1 0 3 1 1 12.011 -0.05721849015 0.1581 3.35 0
6 2 1 0 3 1 1 12.011 -0.04135496492 0.1581 3.35 0
6 3 0 0 3 1 1 12.011 0.09099325038 0.1893 2.673 0
16 4 0 0 4 0 0 32.067 0.2617065261 -0.0024 7.365 0
8 1 0 0 3 0 0 15.999 -0.2012420784 -0.3339 0.7774 0
8 1 0 0 3 0 0 15.999 -0.2012420784 -0.3339 0.7774 0
7 2 1 0 3 0 0 14.007 -0.2741080025 -0.5188 3 0
6 3 0 0 3 1 1 12.011 0.1142937024 0.4619 4.067 0
6 2 1 0 3 1 1 12.011 -0.03081093002 0.1581 3.35 0
6 2 1 0 3 1 1 12.011 -0.0435088554 0.1581 3.35 0
6 2 1 0 3 1 1 12.011 0.007829382365 0.1581 3.35 0
7 3 0 0 3 1 1 14.007 -0.3043245794 -0.3239 2.202 0
6 2 2 0 4 0 0 12.011 0.1045102066 -0.0516 2.488 0
6 3 0 0 3 0 0 12.011 0.2399060242 -0.2783 5.007 0
8 1 0 0 3 0 0 15.999 -0.2730292381 -0.1526 0 0
7 2 1 0 3 0 0 14.007 -0.3480331887 -0.7096 2.173 0
6 2 2 0 4 0 0 12.011 0.06972894968 -0.0516 2.488 0
6 3 0 0 3 1 1 12.011 0.1126591203 0.136 3.509 0
7 2 0 0 3 1 1 14.007 -0.2360772489 -0.3239 2.202 0
6 3 0 0 3 1 1 12.011 0.1157189809 0.136 3.509 0
6 3 0 0 3 0 0 12.011 0.1421888139 -0.2783 5.007 0
7 1 1 0 3 0 0 14.007 -0.2831049436 0.08387 1.757 0
7 1 2 0 3 0 0 14.007 -0.3823514367 -1.019 2.262 0
6 2 1 0 3 1 1 12.011 0.02214938541 0.1581 3.35 0
16 2 0 0 3 1 1 32.067 -0.1247172393 0.6237 6.691 0
6 3 0 0 3 1 1 12.011 0.2748516221 -0.8186 3.135 0
8 1 0 0 3 0 0 15.999 -0.2669598055 0.1788 3.135 0
6 2 1 0 3 1 1 12.011 0.0006137548912 0.1581 3.35 0
0 1 1 0 0 0
1 2 1 1 0 0
2 3 1.5 1 1 0
3 4 1.5 1 1 0
4 5 1.5 1 1 0
5 6 1.5 1 1 0
6 7 1 0 0 0
7 8 2 0 0 0
7 9 2 0 0 0
7 10 1 0 0 0
10 11 1 1 0 0
11 12 1.5 1 1 0
12 13 1.5 1 1 0
13 14 1.5 1 1 0
14 15 1.5 1 1 0
15 16 1 0 0 0
16 17 1 0 0 0
17 18 2 1 0 0
17 19 1 1 0 0
19 20 1 0 0 0
20 21 1 0 0 0
21 22 1.5 1 1 0
22 23 1.5 1 1 0
23 24 1 1 0 0
24 25 2 1 0 0
24 26 1 1 0 0
23 27 1.5 1 1 0
27 28 1.5 1 1 0
15 29 1.5 1 1 0
29 30 2 1 0 0
6 31 1.5 1 1 0
31 2 1.5 1 1 0
29 11 1.5 1 1 0
28 21 1.5 1 1 0
30 34 1
6 1 3 0 4 0 0 12.011 -0.01903187747 0.08452 2.464 0
6 3 0 0 3 1 1 12.011 0.07858836945 0.136 3.509 0
7 2 0 0 3 1 1 14.007 -0.215210858 -0.3239 2.202 0
6 3 0 0 3 1 1 12.011 0.2252199327 0.4619 4.067 0
7 3 0 0 3 0 1 14.007 -0.340099982 -0.4458 2.819 0
6 2 2 0 4 0 1 12.011 0.02560661109 -0.2035 2.753 0
6 3 1 0 4 0 1 12.011 0.0003118371108 0 2.433 0
6 2 2 0 4 0 1 12.011 0.02572402876 -0.2035 2.753 0
7 3 0 0 3 0 1 14.007 -0.337769636 -0.3187 1.839 0
6 3 0 0 3 0 0 12.011 0.2586310653 -0.2783 5.007 0
8 1 0 0 3 0 0 15.999 -0.2688769662 0.1129 0.2215 0
6 3 0 0 3 1 1 12.011 0.1027569963 0.136 3.509 0
6 3 0 0 3 1 1 12.011 0.1377348502 0 3.257 0
9 1 0 0 4 0 0 18.998 -0.206041991 0.4202 1.108 0
6 2 1 0 3 1 1 12.011 -0.02531905551 0.1581 3.35 0
6 2 1 0 3 1 1 12.011 -0.05709324373 0.1581 3.35 0
6 2 1 0 3 1 1 12.011 -0.03348688644 0.1581 3.35 0
6 3 0 0 3 1 1 12.011 0.1013553456 0.2713 3.904 0
7 3 0 0 3 1 1 14.007 -0.1507110621 -0.3239 2.202 0
7 2 0 0 3 1 1 14.007 -0.1568579166 -0.3239 2.202 0
6 2 1 0 3 1 1 12.011 0.06971218616 0.1581 3.35 0
6 2 1 0 3 1 1 12.011 0.06971218616 0.1581 3.35 0
7 2 0 0 3 1 1 14.007 -0.1568579166 -0.3239 2.202 0
6 2 2 0 4 0 1 12.011 0.02572402876 -0.2035 2.753 0
6 3 1 0 4 0 1 12.011 0.0003118371108 0 2.433 0
6 2 2 0 4 0 1 12.011 0.02560661109 -0.2035 2.753 0
7 2 0 0 3 1 1 14.007 -0.2183856946 -0.3239 2.202 0
6 2 1 0 3 1 1 12.011 0.06852349335 0.1581 3.35 0
6 3 0 0 3 1 1 12.011 0.1623331147 0 3.257 0
9 1 0 0 4 0 0 18.998 -0.2032818504 0.4202 1.108 0
0 1 1 0 0 0
1 2 1.5 1 1 0
2 3 1.5 1 1 0
3 4 1 1 0 0
4 5 1 0 1 0
5 6 1 0 1 0
6 7 1 0 1 0
7 8 1 0 1 0
8 9 1 1 0 0
9 10 2 1 0 0
9 11 1 1 0 0
11 12 1.5 1 1 0
12 13 1 0 0 0
12 14 1.5 1 1 0
14 15 1.5 1 1 0
15 16 1.5 1 1 0
16 17 1.5 1 1 0
17 18 1 1 0 0
18 19 1.5 1 1 0
19 20 1.5 1 1 0
20 21 1.5 1 1 0
21 22 1.5 1 1 0
8 23 1 0 1 0
23 24 1 0 1 0
24 25 1 0 1 0
3 26 1.5 1 1 0
26 27 1.5 1 1 0
27 28 1.5 1 1 0
28 29 1 0 0 0
28 1 1.5 1 1 0
25 4 1 0 1 0
24 6 1 0 1 0
17 11 1.5 1 1 0
22 18 1.5 1 1 0
14 15 1
6 1 3 0 4 0 0 12.011 -0.02246311335 0.08452 2.464 0
6 3 0 0 3 1 1 12.011 0.03743108635 0.136 3.509 0
6 2 1 0 3 1 1 12.011 0.0260970485 0.1581 3.35 0
6 3 0 0 3 1 1 12.011 0.2711127146 -0.8186 3.135 0
8 1 0 0 3 0 0 15.999 -0.2674023974 0.1788 3.135 0
7 3 0 0 3 1 1 14.007 -0.2179229696 -0.3239 2.202 0
6 3 0 0 3 1 1 12.011 0.06663898357 0.2713 3.904 0
6 2 1 0 3 1 1 12.011 -0.03629630889 0.1581 3.35 0
6 2 1 0 3 1 1 12.011 -0.06012014733 0.1581 3.35 0
6 2 1 0 3 1 1 12.011 -0.06211475245 0.1581 3.35 0
6 2 1 0 3 1 1 12.011 -0.06012014733 0.1581 3.35 0
6 2 1 0 3 1 1 12.011 -0.03629630889 0.1581 3.35 0
7 3 0 0 3 1 1 14.007 -0.2853631788 -0.3239 2.202 0
6 1 3 0 4 0 0 12.011 0.02851840468 -0.1444 2.412 0
0 1 1 0 0 0
1 2 1.5 1 1 0
2 3 1.5 1 1 0
3 4 2 1 0 0
3 5 1.5 1 1 0
5 6 1 1 0 0
6 7 1.5 1 1 0
7 8 1.5 1 1 0
8 9 1.5 1 1 0
9 10 1.5 1 1 0
10 11 1.5 1 1 0
5 12 1.5 1 1 0
12 13 1 0 0 0
12 1 1.5 1 1 0
11 6 1.5 1 1 0
32 35 1
6 1 3 0 4 0 0 12.011 -0.01871153874 0.08452 2.464 0
6 3 0 0 3 1 1 12.011 0.08071109281 0.136 3.509 0
6 2 1 0 3 1 1 12.011 0.004751920483 0.1581 3.35 0
6 3 0 0 3 1 1 12.011 0.1510484697 0.136 3.509 0
6 3 1 0 4 0 0 12.011 0.1213604403 0.1193 2.582 0
6 2 2 0 4 0 0 12.011 -0.00712651833 -0.0516 2.488 0
6 3 0 0 3 1 1 12.011 -0.04668143229 0.136 3.509 0
6 2 1 0 3 1 1 12.011 -0.05873046076 0.1581 3.35 0
6 2 1 0 3 1 1 12.011 -0.05877010854 0.1581 3.35 0
6 3 0 0 3 1 1 12.011 -0.04798704683 0.136 3.509 0
6 2 2 0 4 0 0 12.011 -0.02751195032 -0.0516 2.488 0
6 2 2 0 4 0 0 12.011 -0.04352318824 0.1441 2.503 0
6 2 2 0 4 0 0 12.011 -0.00652603876 -0.0516 2.488 0
6 3 0 0 3 1 1 12.011 0.08251111193 0.136 3.509 0
7 2 0 0 3 1 1 14.007 -0.2141952622 -0.3239 2.202 0
6 3 0 0 3 1 1 12.011 0.2259920206 0.2713 3.904 0
6 3 0 0 3 1 1 12.011 0.03709232839 0.2713 3.904 0
6 2 1 0 3 1 1 12.011 -0.04954568319 0.1581 3.35 0
6 2 1 0 3 1 1 12.011 -0.06147480971 0.1581 3.35 0
6 2 1 0 3 1 1 12.011 -0.06221959064 0.1581 3.35 0
6 2 1 0 3 1 1 12.011 -0.06147480971 0.1581 3.35 0
6 2 1 0 3 1 1 12.011 -0.04954568319 0.1581 3.35 0
8 2 0 0 3 1 1 15.999 -0.4411909443 0.1552 1.08 0
6 3 0 0 3 1 1 12.011 0.1246114208 0.136 3.509 0
6 1 3 0 4 0 0 12.011 -0.0041822471 0.08452 2.464 0
6 2 1 0 3 1 1 12.011 -0.05877010854 0.1581 3.35 0
6 2 1 0 3 1 1 12.011 -0.05873046076 0.1581 3.35 0
6 3 0 0 3 0 0 12.011 0.3141663608 -0.2783 5.007 0
8 1 0 0 3 0 0 15.999 -0.2515903344 -0.1526 0 0
8 1 1 0 3 0 0 15.999 -0.4806846965 -0.2893 0.8238 0
8 2 0 0 3 1 1 15.999 -0.3602194389 0.1552 1.08 0
7 2 0 0 3 1 1 14.007 -0.08504951922 -0.3239 2.202 0
0 1 1 0 0 0
1 2 1.5 1 1 0
2 3 1.5 1 1 0
3 4 1 0 0 0
4 5 1 0 0 0
5 6 1 0 0 0
6 7 1.5 1 1 0
7 8 1.5 1 1 0
8 9 1.5 1 1 0
9 10 1 0 0 0
10 11 1 0 0 0
11 12 1 0 0 0
12 13 1 0 0 0
13 14 1.5 1 1 0
14 15 1.5 1 1 0
15 16 1 1 0 0
16 17 1.5 1 1 0
17 18 1.5 1 1 0
18 19 1.5 1 1 0
19 20 1.5 1 1 0
20 21 1.5 1 1 0
15 22 1.5 1 1 0
22 23 1.5 1 1 0
23 24 1 0 0 0
9 25 1.5 1 1 0
25 26 1.5 1 1 0
4 27 1 0 0 0
27 28 2 1 0 0
27 29 1 1 0 0
3 30 1.5 1 1 0
30 31 1.5 1 1 0
31 1 1.5 1 1 0
26 6 1.5 1 1 0
23 13 1.5 1 1 0
21 16 1.5 1 1 0
30 32 1
7 1 1 0 3 0 0 14.007 -0.2844874322 0.08387 1.757 0
6 3 0 0 3 0 0 12.011 0.1222734288 -0.2783 5.007 0
7 1 2 0 3 0 0 14.007 -0.3836821308 -1.019 2.262 0
6 3 0 0 3 1 1 12.011 0.01600834061 0.136 3.509 0
6 2 1 0 3 1 1 12.011 -0.05090809055 0.1581 3.35 0
6 2 1 0 3 1 1 12.011 -0.05490153468 0.1581 3.35 0
6 3 0 0 3 1 1 12.011 -0.01072105845 0.136 3.509 0
6 2 2 0 4 0 0 12.011 0.113304062 -0.0516 2.488 0
8 2 0 0 3 0 0 15.999 -0.4889067964 -0.4195 1.182 0
6 3 0 0 3 1 1 12.011 0.1195862693 0.5437 3.853 0
6 2 1 0 3 1 1 12.011 -0.01992811688 0.1581 3.35 0
6 2 1 0 3 1 1 12.011 -0.05830992851 0.1581 3.35 0
6 2 1 0 3 1 1 12.011 -0.05872638619 0.1581 3.35 0
6 3 0 0 3 1 1 12.011 -0.04303960256 0.136 3.509 0
6 2 2 0 4 0 0 12.011 -0.01403933622 -0.0516 2.488 0
6 2 2 0 4 0 0 12.011 0.01476760649 -0.2035 2.753 0
7 2 1 0 4 0 0 14.007 -0.2108187252 -0.7096 2.173 0
16 4 0 0 4 0 0 32.067 0.2400720855 -0.0024 7.365 0
8 1 0 0 3 0 0 15.999 -0.207103886 -0.3339 0.7774 0
8 1 0 0 3 0 0 15.999 -0.207103886 -0.3339 0.7774 0
6 3 0 0 3 1 1 12.011 0.08208575806 0.1893 2.673 0
6 2 1 0 3 1 1 12.011 -0.04064931724 0.1581 3.35 0
6 2 1 0 3 1 1 12.011 -0.04218059295 0.1581 3.35 0
6 3 0 0 3 1 1 12.011 0.04063567851 0.245 3.564 0
17 1 0 0 4 0 0 35.453 -0.08434305049 0.6895 5.853 0
6 2 1 0 3 1 1 12.011 -0.04218059295 0.1581 3.35 0
6 2 1 0 3 1 1 12.011 -0.04064931724 0.1581 3.35 0
6 2 1 0 3 1 1 12.011 -0.01668422928 0.1581 3.35 0
6 2 1 0 3 1 1 12.011 -0.05490153468 0.1581 3.35 0
6 2 1 0 3 1 1 12.011 -0.05090809055 0.1581 3.35 0
0 1 2 1 0 0
1 2 1 1 0 0
1 3 1 1 0 0
3 4 1.5 1 1 0
4 5 1.5 1 1 0
5 6 1.5 1 1 0
6 7 1 0 0 0
7 8 1 0 0 0
8 9 1 1 0 0
9 10 1.5 1 1 0
10 11 1.5 1 1 0
11 12 1.5 1 1 0
12 13 1.5 1 1 0
13 14 1 0 0 0
14 15 1 0 0 0
15 16 1 0 0 0
16 17 1 0 0 0
17 18 2 0 0 0
17 19 2 0 0 0
17 20 1 0 0 0
20 21 1.5 1 1 0
21 22 1.5 1 1 0
22 23 1.5 1 1 0
23 24 1 0 0 0
23 25 1.5 1 1 0
25 26 1.5 1 1 0
13 27 1.5 1 1 0
6 28 1.5 1 1 0
28 29 1.5 1 1 0
29 3 1.5 1 1 0
27 9 1.5 1 1 0
26 20 1.5 1 1 0
7 6 1
6 1 3 0 4 0 0 12.011 -0.06235036979 0.1441 2.503 0
6 3 1 0 4 0 0 12.011 -0.04023067382 0 2.433 0
6 1 3 0 4 0 0 12.011 -0.06235036979 0.1441 2.503 0
6 2 2 0 4 0 0 12.011 0.008089812655 0.1441 2.503 0
6 3 0 0 3 0 0 12.011 0.1295951212 -0.2783 5.007 0
8 1 0 0 3 0 0 15.999 -0.3000199627 -0.1526 0 0
6 1 3 0 4 0 0 12.011 -0.005657027316 0.1441 2.503 0
0 1 1 0 0 0
1 2 1 0 0 0
1 3 1 0 0 0
3 4 1 0 0 0
4 5 2 0 0 0
4 6 1 0 0 0
21 23 1
6 1 3 0 4 0 0 12.011 -0.01369439638 -0.2035 2.753 0
7 3 0 0 4 0 0 14.007 -0.3093320145 -0.3187 1.839 0
6 1 3 0 4 0 0 12.011 -0.01369439638 -0.2035 2.753 0
6 2 2 0 4 0 0 12.011 -0.0007837220113 -0.2035 2.753 0
6 2 2 0 4 0 0 12.011 -0.02227762067 0.1441 2.503 0
6 2 2 0 4 0 0 12.011 0.02435683163 -0.2035 2.753 0
7 3 0 0 3 0 1 14.007 -0.3395508507 -0.4458 2.819 0
6 3 0 0 3 1 1 12.011 0.05523616027 0.4619 4.067 0
6 2 1 0 3 1 1 12.011 -0.0372361607 0.1581 3.35 0
6 2 1 0 3 1 1 12.011 -0.06011375124 0.1581 3.35 0
6 2 1 0 3 1 1 12.011 -0.06098894413 0.1581 3.35 0
6 2 1 0 3 1 1 12.011 -0.04611756883 0.1581 3.35 0
6 3 0 0 3 1 1 12.011 0.03600154129 0.1893 2.673 0
16 2 0 0 4 0 1 32.067 -0.08570652637 0.6482 7.591 0
6 3 0 0 3 1 1 12.011 0.03610795352 0.1893 2.673 0
6 2 1 0 3 1 1 12.011 -0.04463710648 0.1581 3.35 0
6 2 1 0 3 1 1 12.011 -0.04224671587 0.1581 3.35 0
6 3 0 0 3 1 1 12.011 0.04270397596 0.245 3.564 0
17 1 0 0 4 0 0 35.453 -0.08426211512 0.6895 5.853 0
6 2 1 0 3 1 1 12.011 -0.0185210571 0.1581 3.35 0
6 3 0 0 3 1 1 12.011 0.05673003115 0.4619 4.067 0
0 1 1 0 0 0
1 2 1 0 0 0
1 3 1 0 0 0
3 4 1 0 0 0
4 5 1 0 0 0
5 6 1 0 0 0
6 7 1 1 1 0
7 8 1.5 1 1 0
8 9 1.5 1 1 0
9 10 1.5 1 1 0
10 11 1.5 1 1 0
11 12 1.5 1 1 0
12 13 1 0 1 0
13 14 1 0 1 0
14 15 1.5 1 1 0
15 16 1.5 1 1 0
16 17 1.5 1 1 0
17 18 1 0 0 0
17 19 1.5 1 1 0
19 20 1.5 1 1 0
20 6 1 1 1 0
12 7 1.5 1 1 0
20 14 1.5 1 1 0
21 23 1
6 2 1 0 3 1 1 12.011 0.09225505919 0.1581 3.35 0
7 2 0 0 3 1 1 14.007 -0.2420270675 -0.3239 2.202 0
6 3 0 0 3 1 1 12.011 0.05816388374 0.136 3.509 0
6 2 2 0 4 0 0 12.011 -0.007112631078 -0.0516 2.488 0
6 2 2 0 4 0 0 12.011 -0.02774935459 0.1441 2.503 0
6 2 2 0 4 0 0 12.011 0.04301893602 -0.0516 2.488 0
7 3 0 0 3 1 1 14.007 -0.2522773181 -0.3239 2.202 0
6 2 1 0 3 1 1 12.011 0.04839084445 0.1581 3.35 0
6 3 0 0 3 1 1 12.011 0.08294174372 0.136 3.509 0
6 2 2 0 4 0 0 12.011 -0.004075699758 -0.0516 2.488 0
6 3 1 0 4 0 1 12.011 -0.03573876188 0 2.433 0
6 2 2 0 4 0 1 12.011 -0.0500714486 0.1441 2.503 0
6 2 2 0 4 0 1 12.011 -0.0530298077 0.1441 2.503 0
6 2 2 0 4 0 1 12.011 -0.05329546941 0.1441 2.503 0
6 2 2 0 4 0 1 12.011 -0.05329546941 0.1441 2.503 0
6 2 2 0 4 0 1 12.011 -0.0530298077 0.1441 2.503 0
6 2 2 0 4 0 1 12.011 -0.0500714486 0.1441 2.503 0
7 2 0 0 3 1 1 14.007 -0.1354549217 -0.3239 2.202 0
7 2 0 0 3 1 1 14.007 -0.06717371734 -0.3239 2.202 0
6 2 1 0 3 1 1 12.011 0.02353462475 0.1581 3.35 0
7 2 1 0 3 1 1 14.007 -0.3509049526 -0.3239 2.202 0
0 1 1.5 1 1 0
1 2 1.5 1 1 0
2 3 1 0 0 0
3 4 1 0 0 0
4 5 1 0 0 0
5 6 1 0 0 0
6 7 1.5 1 1 0
7 8 1.5 1 1 0
8 9 1 0 0 0
9 10 1 0 0 0
10 11 1 0 1 0
11 12 1 0 1 0
12 13 1 0 1 0
13 14 1 0 1 0
14 15 1 0 1 0
15 16 1 0 1 0
8 17 1.5 1 1 0
17 18 1.5 1 1 0
2 19 1.5 1 1 0
19 20 1.5 1 1 0
20 0 1.5 1 1 0
18 6 1.5 1 1 0
16 10 1 0 1 0
26 29 1
6 1 3 0 4 0 0 12.011 -0.01278371714 -0.2035 2.753 0
7 3 0 0 4 0 1 14.007 -0.299621045 -0.3187 1.839 0
6 2 2 0 4 0 1 12.011 -0.0007230204521 -0.2035 2.753 0
6 2 2 0 4 0 1 12.011 -0.03054535043 0.1441 2.503 0
6 4 0 0 4 0 1 12.011 -0.001237912536 -0.0967 2.576 1
6 3 0 0 3 1 1 12.011 -0.03801058777 0.136 3.509 0
6 2 1 0 3 1 1 12.011 -0.05820742402 0.1581 3.35 0
6 2 1 0 3 1 1 12.011 -0.05829818144 0.1581 3.35 0
6 2 1 0 3 1 1 12.011 -0.02020821371 0.1581 3.35 0
6 3 0 0 3 1 1 12.011 0.1153714821 0.5437 3.853 0
8 1 1 0 3 0 0 15.999 -0.5079560094 -0.2893 0.8238 0
6 2 1 0 3 1 1 12.011 -0.01644655903 0.1581 3.35 0
6 2 2 0 4 0 1 12.011 -0.03957795205 0.1441 2.503 0
6 2 2 0 4 0 1 12.011 -0.02928624857 0.1441 2.503 0
6 3 0 0 3 0 1 12.011 -0.05243810472 0.1551 3.513 0
6 2 1 0 3 0 0 12.011 -0.05415641138 0.264 4.305 0
6 3 0 0 3 1 1 12.011 -0.02406633343 0.136 3.509 0
6 2 1 0 3 1 1 12.011 -0.05339851279 0.1581 3.35 0
6 2 1 0 3 1 1 12.011 -0.04140762817 0.1581 3.35 0
6 3 0 0 3 1 1 12.011 0.05922372297 0.245 3.564 0
17 1 0 0 4 0 0 35.453 -0.08271244614 0.6895 5.853 0
6 3 0 0 3 1 1 12.011 0.05977642133 0.245 3.564 0
17 1 0 0 4 0 0 35.453 -0.08269036725 0.6895 5.853 0
6 2 1 0 3 1 1 12.011 -0.03472794063 0.1581 3.35 0
6 3 1 0 4 0 1 12.011 0.03157943389 -0.2051 2.731 -1
6 2 2 0 4 0 1 12.011 -0.02383119298 0.1441 2.503 0
0 1 1 0 0 0
1 2 1 0 1 0
2 3 1 0 1 0
3 4 1 0 1 0
4 5 1 0 0 0
5 6 1.5 1 1 0
6 7 1.5 1 1 0
7 8 1.5 1 1 0
8 9 1.5 1 1 0
9 10 1 1 0 0
9 11 1.5 1 1 0
4 12 1 0 1 0
12 13 1 0 1 0
13 14 1 0 1 0
14 15 2 1 0 -1
15 16 1 1 0 0
16 17 1.5 1 1 0
17 18 1.5 1 1 0
18 19 1.5 1 1 0
19 20 1 0 0 0
19 21 1.5 1 1 0
21 22 1 0 0 0
21 23 1.5 1 1 0
14 24 1 0 1 0
24 25 1 0 1 0
24 1 1 0 1 0
25 4 1 0 1 0
11 5 1.5 1 1 0
23 16 1.5 1 1 0
36 40 1
6 1 3 0 4 0 0 12.011 0.07759265319 -0.2035 2.753 0
8 2 0 0 3 0 0 15.999 -0.4951462918 -0.4195 1.182 0
6 3 0 0 3 1 1 12.011 0.1366636603 0.5437 3.853 0
6 2 1 0 3 1 1 12.011 -0.01653546604 0.1581 3.35 0
6 2 1 0 3 1 1 12.011 -0.03624106838 0.1581 3.35 0
6 3 0 0 3 1 1 12.011 0.04866484039 0.136 3.509 0
6 4 0 0 4 0 1 12.011 0.03292780004 -0.0967 2.576 -1
6 2 2 0 4 0 0 12.011 0.02868157355 -0.2035 2.753 0
7 2 1 0 3 0 0 14.007 -0.3553887545 -0.7096 2.173 0
6 3 0 0 3 0 0 12.011 0.2164033399 -0.2783 5.007 0
6 1 3 0 4 0 0 12.011 0.01482213594 0.1441 2.503 0
8 1 0 0 3 0 0 15.999 -0.2754680806 -0.1526 0 0
6 2 2 0 4 0 1 12.011 -0.0244395391 0.1441 2.503 0
6 3 1 0 4 0 1 12.011 0.01178954058 -0.2051 2.731 -1
6 2 2 0 4 0 1 12.011 -0.03597129308 0.1441 2.503 0
6 2 2 0 4 0 1 12.011 -0.03597129308 0.1441 2.503 0
6 3 1 0 4 0 1 12.011 0.01178954058 -0.2051 2.731 1
6 2 2 0 4 0 1 12.011 -0.0244395391 0.1441 2.503 0
7 3 0 0 4 0 1 14.007 -0.2862039536 -0.3187 1.839 0
6 3 1 0 4 0 0 12.011 0.06355047882 0.1193 2.582 0
6 3 0 0 3 1 1 12.011 -0.007587807555 0.136 3.509 0
6 2 1 0 3 1 1 12.011 -0.05561351816 0.1581 3.35 0
6 2 1 0 3 1 1 12.011 -0.06181821974 0.1581 3.35 0
6 2 1 0 3 1 1 12.011 -0.06076511666 0.1581 3.35 0
6 2 1 0 3 1 1 12.011 -0.04317218083 0.1581 3.35 0
6 3 0 0 3 1 1 12.011 0.04568647739 0.245 3.564 0
17 1 0 0 4 0 0 35.453 -0.08396533545 0.6895 5.853 0
6 3 0 0 3 1 1 12.011 -0.007587807555 0.136 3.509 0
6 2 1 0 3 1 1 12.011 -0.05561351816 0.1581 3.35 0
6 2 1 0 3 1 1 12.011 -0.06181821974 0.1581 3.35 0
6 2 1 0 3 1 1 12.011 -0.06076511666 0.1581 3.35 0
6 2 1 0 3 1 1 12.011 -0.04317218083 0.1581 3.35 0
6 3 0 0 3 1 1 12.011 0.04568647739 0.245 3.564 0
17 1 0 0 4 0 0 35.453 -0.08396533545 0.6895 5.853 0
7 2 0 0 3 1 1 14.007 -0.2567739088 -0.3239 2.202 0
6 2 1 0 3 1 1 12.011 0.0691644193 0.1581 3.35 0
0 1 1 0 0 0
1 2 1 1 0 0
2 3 1.5 1 1 0
3 4 1.5 1 1 0
4 5 1.5 1 1 0
5 6 1 0 0 0
6 7 1 0 0 0
7 8 1 0 0 0
8 9 1 1 0 0
9 10 1 0 0 0
9 11 2 1 0 0
6 12 1 0 1 0
12 13 1 0 1 0
13 14 1 0 1 0
14 15 1 0 1 0
15 16 1 0 1 0
16 17 1 0 1 0
16 18 1 0 1 0
18 19 1 0 0 0
19 20 1 0 0 0
20 21 1.5 1 1 0
21 22 1.5 1 1 0
22 23 1.5 1 1 0
23 24 1.5 1 1 0
24 25 1.5 1 1 0
25 26 1 0 0 0
19 27 1 0 0 0
27 28 1.5 1 1 0
28 29 1.5 1 1 0
29 30 1.5 1 1 0
30 31 1.5 1 1 0
31 32 1.5 1 1 0
32 33 1 0 0 0
5 34 1.5 1 1 0
34 35 1.5 1 1 0
35 2 1.5 1 1 0
17 6 1 0 1 0
25 20 1.5 1 1 0
32 27 1.5 1 1 0
18 13 1 0 1 0
41 49 1
6 1 3 0 4 0 0 12.011 -0.02358815261 0.08452 2.464 0
6 3 0 0 3 1 1 12.011 0.02329317227 0.136 3.509 0
6 3 0 0 3 1 1 12.011 0.006066725352 0.2713 3.904 0
6 3 0 0 3 1 1 12.011 -0.01631253772 0.2713 3.904 0
6 2 1 0 3 1 1 12.011 -0.05430642056 0.1581 3.35 0
6 2 1 0 3 1 1 12.011 -0.06164968177 0.1581 3.35 0
6 2 1 0 3 1 1 12.011 -0.06222537521 0.1581 3.35 0
6 2 1 0 3 1 1 12.011 -0.06164968177 0.1581 3.35 0
6 2 1 0 3 1 1 12.011 -0.05430642056 0.1581 3.35 0
6 3 0 0 3 1 1 12.011 -0.01205438913 0.136 3.509 0
6 3 0 0 3 1 1 12.011 0.0642001748 0.136 3.509 0
7 3 0 0 3 1 1 14.007 -0.3403357631 -0.3239 2.202 0
6 2 2 0 4 0 0 12.011 0.04766560915 -0.0516 2.488 0
6 3 0 0 3 1 1 12.011 -0.02826586968 0.136 3.509 0
6 2 1 0 3 1 1 12.011 -0.05723872525 0.1581 3.35 0
6 2 1 0 3 1 1 12.011 -0.06192687928 0.1581 3.35 0
6 2 1 0 3 1 1 12.011 -0.06224649144 0.1581 3.35 0
6 2 1 0 3 1 1 12.011 -0.06192687928 0.1581 3.35 0
6 2 1 0 3 1 1 12.011 -0.05723872525 0.1581 3.35 0
6 3 1 0 4 0 1 12.011 0.1516892142 0.1193 2.582 1
8 2 0 0 3 0 1 15.999 -0.4789117815 -0.4195 1.182 0
6 3 0 0 3 1 1 12.011 0.1657913502 0.5437 3.853 0
6 3 0 0 3 1 1 12.011 0.1575250012 0.5437 3.853 0
8 1 1 0 3 0 0 15.999 -0.5042464399 -0.2893 0.8238 0
6 2 1 0 3 1 1 12.011 -0.01603379909 0.1581 3.35 0
6 2 1 0 3 1 1 12.011 -0.05472688485 0.1581 3.35 0
6 3 0 0 3 1 1 12.011 -0.03832620027 0.136 3.509 0
6 3 0 0 3 1 1 12.011 0.01463163125 0.136 3.509 0
6 4 0 0 4 0 1 12.011 0.07382402201 -0.0967 2.576 -1
6 2 2 0 4 0 1 12.011 -0.02360037523 0.1441 2.503 0
6 2 2 0 4 0 1 12.011 -0.0003141554157 -0.2035 2.753 0
7 3 0 0 4 0 1 14.007 -0.2968290152 -0.3187 1.839 0
6 2 2 0 4 0 0 12.011 0.001396754299 -0.2035 2.753 0
6 3 1 0 4 0 1 12.011 -0.02856767245 0 2.433 0
6 2 2 0 4 0 1 12.011 -0.04891444651 0.1441 2.503 0
6 2 2 0 4 0 1 12.011 -0.04891444651 0.1441 2.503 0
6 3 1 0 4 0 1 12.011 0.04378995075 -0.2051 2.731 0
6 2 2 0 4 0 1 12.011 -0.008881309341 -0.0516 2.488 0
6 4 0 0 4 0 1 12.011 0.09836032138 -0.2051 2.731 -1
8 1 1 0 4 0 0 15.999 -0.3867869914 -0.2893 0.8238 0
6 2 2 0 4 0 1 12.011 0.006360449866 -0.0516 2.488 0
0 1 1 0 0 0
1 2 1.5 1 1 0
2 3 1 1 0 0
3 4 1.5 1 1 0
4 5 1.5 1 1 0
5 6 1.5 1 1 0
6 7 1.5 1 1 0
7 8 1.5 1 1 0
2 9 1.5 1 1 0
9 10 1.5 1 1 0
10 11 1.5 1 1 0
11 12 1 0 0 0
12 13 1 0 0 0
13 14 1.5 1 1 0
14 15 1.5 1 1 0
15 16 1.5 1 1 0
16 17 1.5 1 1 0
17 18 1.5 1 1 0
10 19 1 0 1 0
19 20 1 0 1 0
20 21 1 1 1 0
21 22 1.5 1 1 0
22 23 1 1 0 0
22 24 1.5 1 1 0
24 25 1.5 1 1 0
25 26 1.5 1 1 0
26 27 1.5 1 1 0
27 28 1 0 1 0
28 29 1 0 1 0
29 30 1 0 1 0
30 31 1 0 1 0
31 32 1 0 0 0
32 33 1 0 0 0
33 34 1 0 1 0
34 35 1 0 1 0
31 36 1 0 1 0
36 37 1 0 1 0
36 38 1 0 1 0
38 39 1 0 0 0
38 40 1 0 1 0
11 1 1.5 1 1 0
18 13 1.5 1 1 0
28 19 1 0 1 0
35 33 1 0 1 0
8 3 1.5 1 1 0
40 9 1 0 1 0
27 21 1.5 1 1 0
38 28 1 0 1 0
37 26 1 0 1 0
31 35 1
6 1 3 0 4 0 0 12.011 -0.02833430691 0.08452 2.464 0
6 3 0 0 3 1 1 12.011 0.02527326099 0.136 3.509 0
16 2 0 0 3 1 1 32.067 -0.1189264031 0.6237 6.691 0
6 3 0 0 3 1 1 12.011 0.1235057087 0.2713 3.904 0
6 3 0 0 3 1 1 12.011 0.01437739423 0.2713 3.904 0
6 2 1 0 3 1 1 12.011 -0.04800291358 0.1581 3.35 0
6 2 1 0 3 1 1 12.011 -0.01519426269 0.1581 3.35 0
6 3 0 0 3 1 1 12.011 0.1653400528 0.5437 3.853 0
6 3 0 0 3 1 1 12.011 0.1659990477 0.5437 3.853 0
6 2 1 0 3 1 1 12.011 -0.005621307238 0.1581 3.35 0
8 2 0 0 3 0 1 15.999 -0.4535709338 -0.4195 1.182 0
6 2 2 0 4 0 1 12.011 0.230800682 -0.2035 2.753 0
8 2 0 0 3 0 1 15.999 -0.4535950466 -0.4195 1.182 0
7 2 0 0 3 1 1 14.007 -0.2406977583 -0.3239 2.202 0
6 3 0 0 3 1 1 12.011 0.05831720141 0.136 3.509 0
6 2 2 0 4 0 0 12.011 0.02512123619 -0.0516 2.488 0
6 2 2 0 4 0 0 12.011 0.09377282022 -0.2035 2.753 0
8 2 0 0 3 0 0 15.999 -0.4931818812 -0.4195 1.182 0
6 3 0 0 3 1 1 12.011 0.1191003139 0.5437 3.853 0
6 2 1 0 3 1 1 12.011 -0.01966242604 0.1581 3.35 0
6 2 1 0 3 1 1 12.011 -0.05478831358 0.1581 3.35 0
6 3 0 0 3 1 1 12.011 -0.04084189806 0.136 3.509 0
6 3 0 0 3 1 1 12.011 -0.04081112954 0.136 3.509 0
6 2 1 0 3 1 1 12.011 -0.01646663391 0.1581 3.35 0
6 2 2 0 4 0 1 12.011 -0.02686817215 -0.0516 2.488 0
6 2 2 0 4 0 1 12.011 -0.04171230018 0.1441 2.503 0
6 3 1 0 4 0 1 12.011 -0.005122419926 0.1193 2.582 -1
6 2 2 0 4 0 0 12.011 0.05221122261 0.1441 2.503 0
6 3 0 0 3 0 0 12.011 0.3034624817 -0.2783 5.007 0
8 1 0 0 3 0 0 15.999 -0.2524597889 -0.1526 0 0
8 1 1 0 3 0 0 15.999 -0.4812142859 -0.2893 0.8238 0
0 1 1 0 0 0
1 2 1.5 1 1 0
2 3 1.5 1 1 0
3 4 1 1 0 0
4 5 1.5 1 1 0
5 6 1.5 1 1 0
6 7 1.5 1 1 0
7 8 1.5 1 1 0
8 9 1.5 1 1 0
8 10 1 1 1 0
10 11 1 0 1 0
11 12 1 0 1 0
3 13 1.5 1 1 0
13 14 1.5 1 1 0
14 15 1 0 0 0
15 16 1 0 0 0
16 17 1 0 0 0
17 18 1 1 0 0
18 19 1.5 1 1 0
19 20 1.5 1 1 0
20 21 1.5 1 1 0
21 22 1.5 1 1 0
22 23 1.5 1 1 0
22 24 1 0 1 0
24 25 1 0 1 0
25 26 1 0 1 0
26 27 1 0 0 0
27 28 1 0 0 0
28 29 2 1 0 0
28 30 1 1 0 0
14 1 1.5 1 1 0
23 18 1.5 1 1 0
9 4 1.5 1 1 0
26 21 1 0 1 0
12 7 1 1 1 0
28 31 1
8 1 0 0 3 0 0 15.999 -0.2679877051 0.1129 0.2215 0
6 3 0 0 3 0 0 12.011 0.2652861578 -0.2783 5.007 0
7 2 1 0 3 0 0 14.007 -0.3198890687 -0.5188 3 0
6 3 0 0 3 1 1 12.011 0.06115604396 0.4619 4.067 0
6 2 1 0 3 1 1 12.011 -0.0168627407 0.1581 3.35 0
6 3 0 0 3 1 1 12.011 0.08438037227 0.1893 2.673 0
16 4 0 0 4 0 0 32.067 0.2428049039 -0.0024 7.365 0
8 1 0 0 3 0 0 15.999 -0.206873083 -0.3339 0.7774 0
8 1 0 0 3 0 0 15.999 -0.206873083 -0.3339 0.7774 0
7 3 0 0 4 0 1 14.007 -0.193243937 -0.3187 1.839 0
6 2 2 0 4 0 1 12.011 0.03743475224 -0.2035 2.753 0
6 2 2 0 4 0 1 12.011 0.06048901729 -0.2035 2.753 0
8 2 0 0 4 0 1 15.999 -0.378710662 -0.0684 1.085 0
6 2 2 0 4 0 1 12.011 0.06048901729 -0.2035 2.753 0
6 2 2 0 4 0 1 12.011 0.03743475224 -0.2035 2.753 0
6 2 1 0 3 1 1 12.011 -0.04048331271 0.1581 3.35 0
6 2 1 0 3 1 1 12.011 -0.04005171732 0.1581 3.35 0
6 3 0 0 3 1 1 12.011 0.06422641629 0.245 3.564 0
17 1 0 0 4 0 0 35.453 -0.08205998101 0.6895 5.853 0
6 3 0 0 3 1 1 12.011 0.09270773365 0.136 3.509 0
6 2 1 0 3 1 1 12.011 -0.03502041284 0.1581 3.35 0
6 3 0 0 3 1 1 12.011 -0.03325548133 0.136 3.509 0
6 3 0 0 3 1 1 12.011 0.008567585944 0.136 3.509 0
16 2 0 0 3 1 1 32.067 -0.1348502107 0.6237 6.691 0
6 2 2 0 4 0 1 12.011 -0.01809185428 -0.0516 2.488 0
6 2 2 0 4 0 1 12.011 -0.0481188952 0.1441 2.503 0
6 2 2 0 4 0 1 12.011 -0.04884816016 0.1441 2.503 0
6 2 2 0 4 0 1 12.011 -0.02674788455 -0.0516 2.488 0
0 1 2 1 0 0
1 2 1 1 0 0
2 3 1 1 0 0
3 4 1.5 1 1 0
4 5 1.5 1 1 0
5 6 1 0 0 0
6 7 2 0 0 0
6 8 2 0 0 0
6 9 1 0 0 0
9 10 1 0 1 0
10 11 1 0 1 0
11 12 1 0 1 0
12 13 1 0 1 0
13 14 1 0 1 0
5 15 1.5 1 1 0
15 16 1.5 1 1 0
16 17 1.5 1 1 0
17 18 1 0 0 0
1 19 1 1 0 0
19 20 1.5 1 1 0
20 21 1.5 1 1 0
21 22 1.5 1 1 0
22 23 1.5 1 1 0
22 24 1 0 1 0
24 25 1 0 1 0
25 26 1 0 1 0
26 27 1 0 1 0
17 3 1.5 1 1 0
23 19 1.5 1 1 0
14 9 1 0 1 0
27 21 1 0 1 0
23 25 1
8 1 0 0 3 0 0 15.999 -0.2464524173 0.1788 3.135 0
6 3 0 0 3 1 1 12.011 0.3356904845 -0.8186 3.135 0
6 2 1 0 3 1 1 12.011 0.02441777972 0.1581 3.35 0
6 2 1 0 3 1 1 12.011 -0.0440042811 0.1581 3.35 0
6 3 0 0 3 1 1 12.011 0.01758528239 0.2955 4.346 0
6 2 1 0 3 1 1 12.011 -0.0509099799 0.1581 3.35 0
6 2 1 0 3 1 1 12.011 -0.05688012358 0.1581 3.35 0
6 3 0 0 3 1 1 12.011 -0.03041817298 0.136 3.509 0
6 2 2 0 4 0 0 12.011 0.02063923197 -0.0516 2.488 0
7 2 1 0 4 0 0 14.007 -0.3126065698 -0.7096 2.173 0
6 2 2 0 4 0 0 12.011 -0.002896210137 -0.2035 2.753 0
6 2 2 0 4 0 0 12.011 -0.02317933971 0.1441 2.503 0
6 2 2 0 4 0 0 12.011 0.01585569146 -0.2035 2.753 0
7 2 1 0 3 0 0 14.007 -0.3849979305 -0.5188 3 0
6 3 0 0 3 1 1 12.011 0.03396434658 0.4619 4.067 0
6 2 1 0 3 1 1 12.011 -0.03896626747 0.1581 3.35 0
6 2 1 0 3 1 1 12.011 -0.06021469905 0.1581 3.35 0
6 2 1 0 3 1 1 12.011 -0.06211782451 0.1581 3.35 0
6 2 1 0 3 1 1 12.011 -0.06021469905 0.1581 3.35 0
6 2 1 0 3 1 1 12.011 -0.03896626747 0.1581 3.35 0
6 2 1 0 3 1 1 12.011 -0.01402997054 0.1581 3.35 0
6 3 0 0 3 1 1 12.011 0.138249901 0.2955 4.346 0
8 2 0 0 3 1 1 15.999 -0.4227178298 0.1552 1.08 0
0 1 2 1 0 0
1 2 1.5 1 1 0
2 3 1.5 1 1 0
3 4 1.5 1 1 0
4 5 1.5 1 1 0
5 6 1.5 1 1 0
6 7 1.5 1 1 0
7 8 1 0 0 0
8 9 1 0 0 0
9 10 1 0 0 0
10 11 1 0 0 0
11 12 1 0 0 0
12 13 1 0 0 0
13 14 1 1 0 0
14 15 1.5 1 1 0
15 16 1.5 1 1 0
16 17 1.5 1 1 0
17 18 1.5 1 1 0
18 19 1.5 1 1 0
7 20 1.5 1 1 0
20 21 1.5 1 1 0
21 22 1.5 1 1 0
22 1 1.5 1 1 0
21 4 1.5 1 1 0
19 14 1.5 1 1 0
26 28 1
6 1 3 0 4 0 0 12.011 0.009907779749 -0.2035 2.753 0
7 3 0 0 3 0 0 14.007 -0.3358870613 -0.3187 1.839 0
6 3 0 0 3 0 0 12.011 0.2416699434 -0.2783 5.007 0
8 1 0 0 3 0 0 15.999 -0.2728270923 -0.1526 0 0
6 2 2 0 4 0 0 12.011 0.09433931398 -0.2035 2.753 0
7 2 1 0 3 0 0 14.007 -0.3761576222 -0.5188 3 0
6 3 0 0 3 1 1 12.011 0.03439082406 0.4619 4.067 0
6 2 1 0 3 1 1 12.011 -0.0389543559 0.1581 3.35 0
6 2 1 0 3 1 1 12.011 -0.06021453127 0.1581 3.35 0
6 2 1 0 3 1 1 12.011 -0.06211782212 0.1581 3.35 0
6 2 1 0 3 1 1 12.011 -0.06021453127 0.1581 3.35 0
6 2 1 0 3 1 1 12.011 -0.0389543559 0.1581 3.35 0
6 3 1 0 4 0 0 12.011 0.06933195555 0.1193 2.582 -1
6 2 2 0 4 0 0 12.011 0.02306988915 -0.2035 2.753 0
7 3 0 0 4 0 1 14.007 -0.2982778067 -0.3187 1.839 0
6 2 2 0 4 0 1 12.011 0.0008476009349 -0.2035 2.753 0
6 2 2 0 4 0 1 12.011 -0.01289160202 0.1441 2.503 0
6 3 1 0 4 0 1 12.011 0.06788722016 -0.2051 2.731 -1
8 1 1 0 4 0 0 15.999 -0.391744892 -0.2893 0.8238 0
6 2 2 0 4 0 1 12.011 0.02441511485 -0.2035 2.753 0
6 3 0 0 3 1 1 12.011 -0.02418636397 0.136 3.509 0
6 2 1 0 3 1 1 12.011 -0.05691503983 0.1581 3.35 0
6 2 1 0 3 1 1 12.011 -0.06191552992 0.1581 3.35 0
6 2 1 0 3 1 1 12.011 -0.06224612355 0.1581 3.35 0
6 2 1 0 3 1 1 12.011 -0.06191552992 0.1581 3.35 0
6 2 1 0 3 1 1 12.011 -0.05691503983 0.1581 3.35 0
0 1 1 0 0 0
1 2 1 1 0 0
2 3 2 1 0 0
2 4 1 0 0 0
4 5 1 0 0 0
5 6 1 1 0 0
6 7 1.5 1 1 0
7 8 1.5 1 1 0
8 9 1.5 1 1 0
9 10 1.5 1 1 0
10 11 1.5 1 1 0
1 12 1 0 0 0
12 13 1 0 0 0
13 14 1 0 0 0
14 15 1 0 1 0
15 16 1 0 1 0
16 17 1 0 1 0
17 18 1 0 0 0
17 19 1 0 1 0
12 20 1 0 0 0
20 21 1.5 1 1 0
21 22 1.5 1 1 0
22 23 1.5 1 1 0
23 24 1.5 1 1 0
24 25 1.5 1 1 0
11 6 1.5 1 1 0
19 14 1 0 1 0
25 20 1.5 1 1 0
28 30 1
6 1 3 0 4 0 0 12.011 0.07762490247 -0.2035 2.753 0
8 2 0 0 3 0 0 15.999 -0.4945862545 -0.4195 1.182 0
6 3 0 0 3 1 1 12.011 0.141655016 0.5437 3.853 0
6 2 1 0 3 1 1 12.011 -0.01780624987 0.1581 3.35 0
6 2 1 0 3 1 1 12.011 -0.05842881478 0.1581 3.35 0
6 2 1 0 3 1 1 12.011 -0.05993244215 0.1581 3.35 0
6 2 1 0 3 1 1 12.011 -0.03492963702 0.1581 3.35 0
6 3 0 0 3 1 1 12.011 0.07941879349 0.4619 4.067 0
7 3 0 0 3 0 1 14.007 -0.3659776598 -0.4458 2.819 0
6 2 2 0 4 0 1 12.011 0.03071623878 -0.2035 2.753 0
6 2 2 0 4 0 1 12.011 0.01585753477 -0.2035 2.753 0
7 3 0 0 4 0 1 14.007 -0.2997572618 -0.3187 1.839 0
6 2 2 0 4 0 0 12.011 -2.020218575e-05 -0.2035 2.753 0
6 2 2 0 4 0 0 12.011 -0.02204695562 0.1441 2.503 0
6 2 2 0 4 0 0 12.011 0.02982983993 -0.2035 2.753 0
7 3 0 0 3 0 1 14.007 -0.2806974658 -0.3187 1.839 0
6 3 0 0 3 0 1 12.011 0.2313382406 -0.2783 5.007 0
8 1 0 0 3 0 0 15.999 -0.2743302506 -0.1526 0 0
6 2 2 0 4 0 1 12.011 0.05655380477 0.1441 2.503 0
6 3 1 0 4 0 1 12.011 0.1170648519 -0.2051 2.731 -1
7 2 1 0 3 0 0 14.007 -0.3440079383 -0.7096 2.173 0
6 3 0 0 3 0 0 12.011 0.217033515 -0.2783 5.007 0
6 1 3 0 4 0 0 12.011 0.01484337332 0.1441 2.503 0
8 1 0 0 3 0 0 15.999 -0.2754466749 -0.1526 0 0
6 3 0 0 3 0 1 12.011 0.2517732707 -0.2783 5.007 0
8 1 0 0 3 0 0 15.999 -0.2719992798 -0.1526 0 0
6 2 2 0 4 0 1 12.011 0.01585753477 -0.2035 2.753 0
6 2 2 0 4 0 1 12.011 0.03071623878 -0.2035 2.753 0
0 1 1 0 0 0
1 2 1 1 0 0
2 3 1.5 1 1 0
3 4 1.5 1 1 0
4 5 1.5 1 1 0
5 6 1.5 1 1 0
6 7 1.5 1 1 0
7 8 1 1 0 0
8 9 1 0 1 0
9 10 1 0 1 0
10 11 1 0 1 0
11 12 1 0 0 0
12 13 1 0 0 0
13 14 1 0 0 0
14 15 1 0 0 0
15 16 1 1 1 0
16 17 2 1 0 0
16 18 1 0 1 0
18 19 1 0 1 0
19 20 1 0 0 0
20 21 1 1 0 0
21 22 1 0 0 0
21 23 2 1 0 0
19 24 1 0 1 0
24 25 2 1 0 0
11 26 1 0 1 0
26 27 1 0 1 0
7 2 1.5 1 1 0
27 8 1 0 1 0
24 15 1 1 1 0
19 20 1
6 1 3 0 4 0 0 12.011 -0.01612094418 -0.2035 2.753 0
7 2 1 0 4 0 0 14.007 -0.3155518169 -0.7096 2.173 0
6 2 2 0 4 0 0 12.011 0.02393384197 -0.0516 2.488 0
6 3 0 0 3 1 1 12.011 0.009684358726 0.136 3.509 0
6 2 1 0 3 1 1 12.011 -0.03973258806 0.1581 3.35 0
6 3 0 0 3 1 1 12.011 0.01806997596 0.198 3.18 0
35 1 0 0 4 0 0 79.904 -0.05082359282 0.8456 8.927 0
6 2 1 0 3 1 1 12.011 -0.04425120286 0.1581 3.35 0
6 2 1 0 3 1 1 12.011 -0.01784754835 0.1581 3.35 0
6 3 0 0 3 1 1 12.011 0.1314925917 0.5437 3.853 0
8 2 0 0 3 0 0 15.999 -0.4570382873 -0.4195 1.182 0
6 3 0 0 3 1 1 12.011 0.1270244174 0.5437 3.853 0
6 2 1 0 3 1 1 12.011 -0.01819834437 0.1581 3.35 0
6 2 1 0 3 1 1 12.011 -0.04490516694 0.1581 3.35 0
6 3 0 0 3 1 1 12.011 0.007177171649 0.1893 2.673 0
16 2 0 0 4 0 0 32.067 -0.1295972265 0.6482 7.591 0
6 1 3 0 4 0 0 12.011 -0.01363100749 -0.2035 2.753 0
6 2 1 0 3 1 1 12.011 -0.04490516694 0.1581 3.35 0
6 2 1 0 3 1 1 12.011 -0.01819834437 0.1581 3.35 0
0 1 1 0 0 0
1 2 1 0 0 0
2 3 1 0 0 0
3 4 1.5 1 1 0
4 5 1.5 1 1 0
5 6 1 0 0 0
5 7 1.5 1 1 0
7 8 1.5 1 1 0
8 9 1.5 1 1 0
9 10 1 1 0 0
10 11 1 1 0 0
11 12 1.5 1 1 0
12 13 1.5 1 1 0
13 14 1.5 1 1 0
14 15 1 0 0 0
15 16 1 0 0 0
14 17 1.5 1 1 0
17 18 1.5 1 1 0
9 3 1.5 1 1 0
18 11 1.5 1 1 0
32 35 1
6 1 3 0 4 0 0 12.011 -0.0397731309 0.08452 2.464 0
6 3 0 0 3 1 1 12.011 -0.05104572409 0.136 3.509 0
6 2 1 0 3 1 1 12.011 -0.05795938915 0.1581 3.35 0
6 2 1 0 3 1 1 12.011 -0.04136580273 0.1581 3.35 0
6 3 0 0 3 1 1 12.011 0.08737734508 0.1893 2.673 0
6 2 1 0 3 1 1 12.011 -0.04136580273 0.1581 3.35 0
6 2 1 0 3 1 1 12.011 -0.05795938915 0.1581 3.35 0
16 4 0 0 4 0 0 32.067 0.2625658413 -0.0024 7.365 0
8 1 0 0 3 0 0 15.999 -0.201203517 -0.3339 0.7774 0
8 1 0 0 3 0 0 15.999 -0.201203517 -0.3339 0.7774 0
7 2 1 0 3 0 0 14.007 -0.2625663079 -0.5188 3 0
6 3 0 0 3 1 1 12.011 0.1559725349 0.4619 4.067 0
6 3 0 0 3 1 1 12.011 0.1027746014 0.136 3.509 0
6 2 1 0 3 1 1 12.011 0.06448267228 0.1581 3.35 0
7 2 0 0 3 1 1 14.007 -0.1736267644 -0.3239 2.202 0
7 3 0 0 3 1 1 14.007 -0.2158466899 -0.3239 2.202 0
6 3 0 0 3 1 1 12.011 0.06697311013 0.2713 3.904 0
6 2 1 0 3 1 1 12.011 -0.03628140314 0.1581 3.35 0
6 2 1 0 3 1 1 12.011 -0.06011988214 0.1581 3.35 0
6 2 1 0 3 1 1 12.011 -0.0621147482 0.1581 3.35 0
6 2 1 0 3 1 1 12.011 -0.06011988214 0.1581 3.35 0
6 2 1 0 3 1 1 12.011 -0.03628140314 0.1581 3.35 0
6 3 0 0 3 0 0 12.011 0.2564830545 -0.2783 5.007 0
8 1 0 0 3 0 0 15.999 -0.2690892776 0.1129 0.2215 0
7 2 1 0 3 0 0 14.007 -0.3477926411 -0.7096 2.173 0
6 2 2 0 4 0 0 12.011 0.04306129127 -0.0516 2.488 0
6 3 0 0 3 1 1 12.011 -0.02878905239 0.136 3.509 0
6 2 1 0 3 1 1 12.011 -0.05725952498 0.1581 3.35 0
6 2 1 0 3 1 1 12.011 -0.06192723394 0.1581 3.35 0
6 2 1 0 3 1 1 12.011 -0.06224649703 0.1581 3.35 0
6 2 1 0 3 1 1 12.011 -0.06192723394 0.1581 3.35 0
6 2 1 0 3 1 1 12.011 -0.05725952498 0.1581 3.35 0
0 1 1 0 0 0
1 2 1.5 1 1 0
2 3 1.5 1 1 0
3 4 1.5 1 1 0
4 5 1.5 1 1 0
5 6 1.5 1 1 0
4 7 1 0 0 0
7 8 2 0 0 0
7 9 2 0 0 0
7 10 1 0 0 0
10 11 1 1 0 0
11 12 1.5 1 1 0
12 13 1.5 1 1 0
13 14 1.5 1 1 0
14 15 1.5 1 1 0
15 16 1 1 0 0
16 17 1.5 1 1 0
17 18 1.5 1 1 0
18 19 1.5 1 1 0
19 20 1.5 1 1 0
20 21 1.5 1 1 0
12 22 1 1 0 0
22 23 2 1 0 0
22 24 1 1 0 0
24 25 1 0 0 0
25 26 1 0 0 0
26 27 1.5 1 1 0
27 28 1.5 1 1 0
28 29 1.5 1 1 0
29 30 1.5 1 1 0
30 31 1.5 1 1 0
6 1 1.5 1 1 0
15 11 1.5 1 1 0
21 16 1.5 1 1 0
31 26 1.5 1 1 0
31 33 1
6 1 3 0 4 0 0 12.011 -0.06532318285 0.1441 2.503 0
6 2 2 0 4 0 0 12.011 -0.054595205 0.1441 2.503 0
6 2 2 0 4 0 0 12.011 -0.03543590495 0.1441 2.503 0
6 3 1 0 4 0 1 12.011 0.03786752868 -0.2051 2.731 -1
6 2 2 0 4 0 1 12.011 0.01532172466 -0.2035 2.753 0
7 3 0 0 4 0 1 14.007 -0.2960374612 -0.3187 1.839 0
6 2 2 0 4 0 0 12.011 0.02716945899 -0.0516 2.488 0
6 3 0 0 3 1 1 12.011 0.009659058311 0.136 3.509 0
6 2 1 0 3 1 1 12.011 -0.03529793688 0.1581 3.35 0
6 3 0 0 3 1 1 12.011 0.0411429 0.245 3.564 0
17 1 0 0 4 0 0 35.453 -0.08432830517 0.6895 5.853 0
6 2 1 0 3 1 1 12.011 -0.03982376773 0.1581 3.35 0
6 2 1 0 3 1 1 12.011 -0.0181201547 0.1581 3.35 0
6 3 0 0 3 1 1 12.011 0.1242864654 0.5437 3.853 0
8 2 0 0 3 0 0 15.999 -0.4815747349 -0.4195 1.182 0
6 2 2 0 4 0 0 12.011 0.1851087547 -0.2035 2.753 0
6 3 0 0 3 0 0 12.011 0.341222418 -0.2783 5.007 0
8 1 0 0 3 0 0 15.999 -0.2483547323 -0.1526 0 0
8 1 1 0 3 0 0 15.999 -0.4787231758 -0.2893 0.8238 0
6 2 2 0 4 0 1 12.011 0.01249864281 -0.2035 2.753 0
6 2 2 0 4 0 1 12.011 0.02698183735 -0.2035 2.753 0
7 3 0 0 4 0 1 14.007 -0.1922290915 -0.3187 1.839 0
16 4 0 0 4 0 0 32.067 0.2429091406 -0.0024 7.365 0
8 1 0 0 3 0 0 15.999 -0.2068654677 -0.3339 0.7774 0
8 1 0 0 3 0 0 15.999 -0.2068654677 -0.3339 0.7774 0
6 3 0 0 3 1 1 12.011 0.08221815738 0.1893 2.673 0
6 2 1 0 3 1 1 12.011 -0.04212095849 0.1581 3.35 0
6 2 1 0 3 1 1 12.011 -0.06091998553 0.1581 3.35 0
6 2 1 0 3 1 1 12.011 -0.06218164781 0.1581 3.35 0
6 2 1 0 3 1 1 12.011 -0.06091998553 0.1581 3.35 0
6 2 1 0 3 1 1 12.011 -0.04212095849 0.1581 3.35 0
0 1 1 0 0 0
1 2 1 0 0 0
2 3 1 0 0 0
3 4 1 0 1 0
4 5 1 0 1 0
5 6 1 0 0 0
6 7 1 0 0 0
7 8 1.5 1 1 0
8 9 1.5 1 1 0
9 10 1 0 0 0
9 11 1.5 1 1 0
11 12 1.5 1 1 0
12 13 1.5 1 1 0
13 14 1 1 0 0
14 15 1 0 0 0
15 16 1 0 0 0
16 17 2 1 0 0
16 18 1 1 0 0
5 19 1 0 1 0
19 20 1 0 1 0
20 21 1 0 1 0
21 22 1 0 0 0
22 23 2 0 0 0
22 24 2 0 0 0
22 25 1 0 0 0
25 26 1.5 1 1 0
26 27 1.5 1 1 0
27 28 1.5 1 1 0
28 29 1.5 1 1 0
29 30 1.5 1 1 0
21 3 1 0 1 0
13 7 1.5 1 1 0
30 25 1.5 1 1 0
25 27 1
8 1 1 0 4 0 0 15.999 -0.3850687864 -0.2893 0.8238 0
6 4 0 0 4 0 1 12.011 0.09204817928 -0.0967 2.576 0
6 3 0 0 3 1 1 12.011 -0.01635100847 0.136 3.509 0
6 2 1 0 3 1 1 12.011 -0.05467576101 0.1581 3.35 0
6 2 1 0 3 1 1 12.011 -0.0431467188 0.1581 3.35 0
6 3 0 0 3 1 1 12.011 0.04057195139 0.245 3.564 0
17 1 0 0 4 0 0 35.453 -0.08434410337 0.6895 5.853 0
6 2 1 0 3 1 1 12.011 -0.0431467188 0.1581 3.35 0
6 2 1 0 3 1 1 12.011 -0.05467576101 0.1581 3.35 0
6 2 2 0 4 0 1 12.011 -0.007005861396 0.1441 2.503 0
6 2 2 0 4 0 1 12.011 0.001209615358 -0.2035 2.753 0
7 3 0 0 4 0 1 14.007 -0.3030626717 -0.3187 1.839 0
6 2 2 0 4 0 0 12.011 -0.001070477317 -0.2035 2.753 0
6 2 2 0 4 0 0 12.011 -0.03092552513 0.1441 2.503 0
6 2 2 0 4 0 0 12.011 -0.0007844610585 -0.2035 2.753 0
16 2 0 0 4 0 0 32.067 -0.1261178229 0.6482 7.591 0
6 3 0 0 3 1 1 12.011 0.007396336735 0.1893 2.673 0
6 2 1 0 3 1 1 12.011 -0.04569176195 0.1581 3.35 0
6 2 1 0 3 1 1 12.011 -0.02521076452 0.1581 3.35 0
6 3 0 0 3 1 1 12.011 0.12278703 0 3.257 0
9 1 0 0 4 0 0 18.998 -0.2070111207 0.4202 1.108 0
6 2 1 0 3 1 1 12.011 -0.02521076452 0.1581 3.35 0
6 2 1 0 3 1 1 12.011 -0.04569176195 0.1581 3.35 0
6 2 2 0 4 0 1 12.011 0.001209615358 -0.2035 2.753 0
6 2 2 0 4 0 1 12.011 -0.007005861396 0.1441 2.503 0
0 1 1 0 0 0
1 2 1 0 0 0
2 3 1.5 1 1 0
3 4 1.5 1 1 0
4 5 1.5 1 1 0
5 6 1 0 0 0
5 7 1.5 1 1 0
7 8 1.5 1 1 0
1 9 1 0 1 0
9 10 1 0 1 0
10 11 1 0 1 0
11 12 1 0 0 0
12 13 1 0 0 0
13 14 1 0 0 0
14 15 1 0 0 0
15 16 1 0 0 0
16 17 1.5 1 1 0
17 18 1.5 1 1 0
18 19 1.5 1 1 0
19 20 1 0 0 0
19 21 1.5 1 1 0
21 22 1.5 1 1 0
11 23 1 0 1 0
23 24 1 0 1 0
24 1 1 0 1 0
8 2 1.5 1 1 0
22 16 1.5 1 1 0
32 35 1
6 1 3 0 4 0 0 12.011 0.07762490247 -0.2035 2.753 0
8 2 0 0 3 0 0 15.999 -0.4945862545 -0.4195 1.182 0
6 3 0 0 3 1 1 12.011 0.141655016 0.5437 3.853 0
6 2 1 0 3 1 1 12.011 -0.01780624987 0.1581 3.35 0
6 2 1 0 3 1 1 12.011 -0.05842881478 0.1581 3.35 0
6 2 1 0 3 1 1 12.011 -0.05993244215 0.1581 3.35 0
6 2 1 0 3 1 1 12.011 -0.03492963702 0.1581 3.35 0
6 3 0 0 3 1 1 12.011 0.07941879349 0.4619 4.067 0
7 3 0 0 3 0 1 14.007 -0.3659776599 -0.4458 2.819 0
6 2 2 0 4 0 1 12.011 0.03071622817 -0.2035 2.753 0
6 2 2 0 4 0 1 12.011 0.01585624949 -0.2035 2.753 0
7 3 0 0 4 0 1 14.007 -0.2998240582 -0.3187 1.839 0
6 2 2 0 4 0 0 12.011 -0.001658098661 -0.2035 2.753 0
6 2 2 0 4 0 0 12.011 -0.03873972531 0.1441 2.503 0
6 2 2 0 4 0 0 12.011 -0.03446714433 0.1441 2.503 0
6 2 2 0 4 0 0 12.011 0.01778047598 -0.2035 2.753 0
7 2 1 0 3 0 0 14.007 -0.3507708334 -0.7096 2.173 0
6 3 0 0 3 0 0 12.011 0.2672306559 -0.2783 5.007 0
8 1 0 0 3 0 0 15.999 -0.2676072648 0.1129 0.2215 0
6 3 0 0 3 1 1 12.011 0.1049473465 0.136 3.509 0
6 2 1 0 3 1 1 12.011 -0.02353475464 0.1581 3.35 0
6 3 0 0 3 1 1 12.011 0.001502465741 0.2955 4.346 0
6 2 1 0 3 1 1 12.011 -0.03494802455 0.1581 3.35 0
6 3 0 0 3 1 1 12.011 0.05272975044 0.136 3.509 0
6 2 0 0 2 0 0 12.011 0.09913387274 0.0017 3.888 0
7 1 0 0 2 0 0 14.007 -0.1924366621 0.01508 1.725 0
6 2 1 0 3 1 1 12.011 -0.04228322471 0.1581 3.35 0
6 2 1 0 3 1 1 12.011 -0.03667973737 0.1581 3.35 0
6 3 0 0 3 1 1 12.011 0.04605134346 0.2955 4.346 0
7 2 1 0 3 1 1 14.007 -0.3505283394 -0.3239 2.202 0
6 2 2 0 4 0 1 12.011 0.01585624949 -0.2035 2.753 0
6 2 2 0 4 0 1 12.011 0.03071622817 -0.2035 2.753 0
0 1 1 0 0 0
1 2 1 1 0 0
2 3 1.5 1 1 0
3 4 1.5 1 1 0
4 5 1.5 1 1 0
5 6 1.5 1 1 0
6 7 1.5 1 1 0
7 8 1 1 0 0
8 9 1 0 1 0
9 10 1 0 1 0
10 11 1 0 1 0
11 12 1 0 0 0
12 13 1 0 0 0
13 14 1 0 0 0
14 15 1 0 0 0
15 16 1 0 0 0
16 17 1 1 0 0
17 18 2 1 0 0
17 19 1 1 0 0
19 20 1.5 1 1 0
20 21 1.5 1 1 0
21 22 1.5 1 1 0
22 23 1.5 1 1 0
23 24 1 1 0 0
24 25 3 1 0 0
23 26 1.5 1 1 0
26 27 1.5 1 1 0
27 28 1.5 1 1 0
28 29 1.5 1 1 0
11 30 1 0 1 0
30 31 1 0 1 0
7 2 1.5 1 1 0
31 8 1 0 1 0
29 19 1.5 1 1 0
28 21 1.5 1 1 0
31 35 1
6 1 3 0 4 0 0 12.011 -0.03053567327 0.1441 2.503 0
6 2 2 0 4 0 0 12.011 0.08845500656 -0.2035 2.753 0
8 2 0 0 3 0 0 15.999 -0.4659517934 -0.0684 1.085 0
6 3 0 0 3 0 0 12.011 0.3060037046 -0.2783 5.007 0
8 1 0 0 3 0 0 15.999 -0.2522722274 -0.1526 0 0
6 2 2 0 4 0 0 12.011 0.05533425319 0.1441 2.503 0
6 3 1 0 4 0 1 12.011 0.03093675571 0 2.433 1
6 2 2 0 4 0 1 12.011 -0.0113315834 0.1441 2.503 0
6 4 0 0 4 0 1 12.011 0.09128119788 -0.2051 2.731 -1
8 1 1 0 4 0 0 15.999 -0.3872676409 -0.2893 0.8238 0
6 3 1 0 4 0 1 12.011 0.04332870386 -0.2051 2.731 1
6 2 2 0 4 0 1 12.011 -0.009036636041 -0.0516 2.488 0
6 3 0 0 3 1 1 12.011 -0.0421803934 0.136 3.509 0
6 2 1 0 3 1 1 12.011 -0.05500243352 0.1581 3.35 0
6 2 1 0 3 1 1 12.011 -0.01968885984 0.1581 3.35 0
6 3 0 0 3 1 1 12.011 0.1186765625 0.5437 3.853 0
8 2 0 0 3 0 0 15.999 -0.4967572174 -0.4195 1.182 0
6 1 3 0 4 0 0 12.011 0.0775067883 -0.2035 2.753 0
6 2 1 0 3 1 1 12.011 -0.01580196891 0.1581 3.35 0
6 3 0 0 3 1 1 12.011 -0.03143236904 0.136 3.509 0
6 4 0 0 4 0 1 12.011 0.03416698602 -0.0967 2.576 1
6 2 2 0 4 0 1 12.011 -0.02734345392 0.1441 2.503 0
6 2 2 0 4 0 1 12.011 -0.0004588271251 -0.2035 2.753 0
7 3 0 0 4 0 1 14.007 -0.2968464587 -0.3187 1.839 0
6 2 2 0 4 0 0 12.011 0.001396478087 -0.2035 2.753 0
6 3 1 0 4 0 1 12.011 -0.0285676745 0 2.433 0
6 2 2 0 4 0 1 12.011 -0.04891444652 0.1441 2.503 0
6 2 2 0 4 0 1 12.011 -0.04891444652 0.1441 2.503 0
6 2 2 0 4 0 1 12.011 0.01900903791 0.1441 2.503 0
6 3 0 0 3 0 1 12.011 0.1371727322 -0.2783 5.007 0
8 1 0 0 3 0 0 15.999 -0.2993459713 -0.1526 0 0
0 1 1 0 0 0
1 2 1 0 0 0
2 3 1 1 0 0
3 4 2 1 0 0
3 5 1 0 0 0
5 6 1 0 0 0
6 7 1 0 1 0
7 8 1 0 1 0
8 9 1 0 0 0
8 10 1 0 1 0
10 11 1 0 1 0
11 12 1 0 1 0
12 13 1.5 1 1 0
13 14 1.5 1 1 0
14 15 1.5 1 1 0
15 16 1 1 0 0
16 17 1 0 0 0
15 18 1.5 1 1 0
18 19 1.5 1 1 0
19 20 1 0 1 0
20 21 1 0 1 0
21 22 1 0 1 0
22 23 1 0 1 0
23 24 1 0 0 0
24 25 1 0 0 0
25 26 1 0 1 0
26 27 1 0 1 0
20 28 1 0 1 0
28 29 1 0 1 0
29 30 2 0 0 0
29 6 1 0 1 0
20 8 1 0 1 0
27 25 1 0 1 0
23 10 1 0 1 0
19 12 1.5 1 1 0
39 43 1
6 1 3 0 4 0 0 12.011 -0.03541189348 0.1441 2.503 0
6 3 1 0 4 0 1 12.011 0.107435927 -0.2051 2.731 -1
6 3 0 0 3 0 1 12.011 0.2426653654 -0.2783 5.007 0
8 1 0 0 3 0 0 15.999 -0.2727084068 -0.1526 0 0
7 2 1 0 3 0 1 14.007 -0.3421983973 -0.7096 2.173 0
6 3 1 0 4 0 1 12.011 0.1117359553 -0.2051 2.731 -1
6 2 2 0 4 0 0 12.011 0.001674784536 -0.0516 2.488 0
6 3 0 0 3 1 1 12.011 -0.04523677525 0.136 3.509 0
6 2 1 0 3 1 1 12.011 -0.05604232733 0.1581 3.35 0
6 2 1 0 3 1 1 12.011 -0.02604826762 0.1581 3.35 0
6 3 0 0 3 1 1 12.011 0.1227272404 0 3.257 0
9 1 0 0 4 0 0 18.998 -0.2070121686 0.4202 1.108 0
6 2 1 0 3 1 1 12.011 -0.02604826762 0.1581 3.35 0
6 2 1 0 3 1 1 12.011 -0.05604232733 0.1581 3.35 0
6 3 0 0 3 0 1 12.011 0.2424355872 -0.2783 5.007 0
8 1 0 0 3 0 0 15.999 -0.2727125601 -0.1526 0 0
7 2 1 0 3 0 1 14.007 -0.3540059974 -0.7096 2.173 0
6 2 2 0 4 0 1 12.011 0.02085778124 -0.2035 2.753 0
6 3 1 0 4 0 1 12.011 -0.01627012409 0 2.433 -1
6 2 2 0 4 0 1 12.011 -0.04077198972 0.1441 2.503 0
6 3 1 0 4 0 1 12.011 -0.00764986389 0.1193 2.582 -1
6 3 0 0 3 1 1 12.011 -0.002438968339 0.136 3.509 0
6 2 1 0 3 1 1 12.011 -0.05505349077 0.1581 3.35 0
6 2 1 0 3 1 1 12.011 -0.06171391732 0.1581 3.35 0
6 2 1 0 3 1 1 12.011 -0.05856438095 0.1581 3.35 0
6 2 1 0 3 1 1 12.011 -0.01966539024 0.1581 3.35 0
6 3 0 0 3 1 1 12.011 0.1223413406 0.5437 3.853 0
8 2 0 0 3 0 1 15.999 -0.4919726192 -0.4195 1.182 0
6 2 2 0 4 0 1 12.011 0.100658425 -0.2035 2.753 0
6 2 2 0 4 0 1 12.011 0.03022424279 -0.2035 2.753 0
7 2 1 0 4 0 1 14.007 -0.3022214069 -0.7096 2.173 0
6 3 1 0 4 0 1 12.011 0.08981106729 -0.2051 2.731 1
6 3 1 0 4 0 1 12.011 -0.01688183895 0 2.433 0
6 2 2 0 4 0 1 12.011 -0.04810822894 0.1441 2.503 0
6 2 2 0 4 0 1 12.011 -0.04810822894 0.1441 2.503 0
6 3 0 0 3 0 1 12.011 0.2399085928 -0.2783 5.007 0
8 1 0 0 3 0 0 15.999 -0.2730515215 -0.1526 0 0
7 3 0 0 3 0 1 14.007 -0.3326526352 -0.3187 1.839 0
6 1 3 0 4 0 0 12.011 0.01004509212 -0.2035 2.753 0
0 1 1 0 0 0
1 2 1 0 1 0
2 3 2 1 0 0
2 4 1 1 1 0
4 5 1 0 1 0
5 6 1 0 0 0
6 7 1 0 0 0
7 8 1.5 1 1 0
8 9 1.5 1 1 0
9 10 1.5 1 1 0
10 11 1 0 0 0
10 12 1.5 1 1 0
12 13 1.5 1 1 0
5 14 1 0 1 0
14 15 2 1 0 0
14 16 1 1 1 0
16 17 1 0 1 0
17 18 1 0 1 0
18 19 1 0 1 0
19 20 1 0 1 0
20 21 1 0 1 0
21 22 1.5 1 1 0
22 23 1.5 1 1 0
23 24 1.5 1 1 0
24 25 1.5 1 1 0
25 26 1.5 1 1 0
26 27 1 1 1 0
27 28 1 0 1 0
28 29 1 0 1 0
29 30 1 0 1 0
30 31 1 0 1 0
31 32 1 0 0 0
32 33 1 0 1 0
33 34 1 0 1 0
31 35 1 0 1 0
35 36 2 1 0 0
35 37 1 1 1 0
37 38 1 0 0 0
37 1 1 0 1 0
13 7 1.5 1 1 0
20 18 1 0 1 0
26 21 1.5 1 1 0
34 32 1 0 1 0
32 36 1
35 1 0 0 4 0 0 79.904 -0.05052210463 0.8456 8.927 0
6 3 0 0 3 1 1 12.011 0.02121768075 0.198 3.18 0
6 2 1 0 3 1 1 12.011 -0.04768338863 0.1581 3.35 0
6 2 1 0 3 1 1 12.011 -0.06112589098 0.1581 3.35 0
6 2 1 0 3 1 1 12.011 -0.06190062001 0.1581 3.35 0
6 2 1 0 3 1 1 12.011 -0.05737932581 0.1581 3.35 0
6 3 0 0 3 1 1 12.011 -0.02402628241 0.136 3.509 0
6 3 1 0 4 0 1 12.011 0.05122320385 0.1193 2.582 0
6 2 2 0 4 0 1 12.011 0.08352547277 -0.2035 2.753 0
7 2 2 1 4 0 1 14.007 -0.34503536 -1.95 0 0
6 2 2 0 4 0 1 12.011 0.08814927846 -0.2035 2.753 0
6 3 1 0 4 0 1 12.011 0.09926973441 0 2.433 0
6 3 0 0 3 0 0 12.011 0.2322520076 -0.2783 5.007 0
8 1 0 0 3 0 0 15.999 -0.2742811051 -0.1526 0 0
7 3 0 0 3 0 1 14.007 -0.3351571179 -0.3187 1.839 0
6 2 2 0 4 0 1 12.011 0.02169085364 -0.2035 2.753 0
6 2 2 0 4 0 1 12.011 -0.02840733683 0.1441 2.503 0
6 3 1 0 4 0 1 12.011 -0.01222443382 0.1193 2.582 0
6 2 2 0 4 0 1 12.011 -0.02133076773 0.1441 2.503 0
6 3 1 0 4 0 1 12.011 0.05747686353 0.1193 2.582 0
6 3 0 0 3 1 1 12.011 -0.02543193335 0.136 3.509 0
6 2 1 0 3 1 1 12.011 -0.05696401239 0.1581 3.35 0
6 2 1 0 3 1 1 12.011 -0.06191636254 0.1581 3.35 0
6 2 1 0 3 1 1 12.011 -0.06224613667 0.1581 3.35 0
6 2 1 0 3 1 1 12.011 -0.06191636254 0.1581 3.35 0
6 2 1 0 3 1 1 12.011 -0.05696401239 0.1581 3.35 0
6 3 0 0 3 1 1 12.011 -0.04475415045 0.136 3.509 0
6 2 1 0 3 1 1 12.011 -0.05876005054 0.1581 3.35 0
6 2 1 0 3 1 1 12.011 -0.06198376228 0.1581 3.35 0
6 2 1 0 3 1 1 12.011 -0.06224838909 0.1581 3.35 0
6 2 1 0 3 1 1 12.011 -0.06198376228 0.1581 3.35 0
6 2 1 0 3 1 1 12.011 -0.05876005054 0.1581 3.35 0
0 1 1 0 0 0
1 2 1.5 1 1 0
2 3 1.5 1 1 0
3 4 1.5 1 1 0
4 5 1.5 1 1 0
5 6 1.5 1 1 0
6 7 1 0 0 0
7 8 1 0 1 0
8 9 1 0 1 0
9 10 1 0 1 0
10 11 1 0 1 0
11 12 1 0 0 0
12 13 2 1 0 0
12 14 1 1 0 0
14 15 1 0 1 0
15 16 1 0 1 0
16 17 1 0 1 0
17 18 1 0 1 0
18 19 1 0 1 0
19 20 1 0 0 0
20 21 1.5 1 1 0
21 22 1.5 1 1 0
22 23 1.5 1 1 0
23 24 1.5 1 1 0
24 25 1.5 1 1 0
17 26 1 0 0 0
26 27 1.5 1 1 0
27 28 1.5 1 1 0
28 29 1.5 1 1 0
29 30 1.5 1 1 0
30 31 1.5 1 1 0
6 1 1.5 1 1 0
11 7 1 0 1 0
19 14 1 0 1 0
25 20 1.5 1 1 0
31 26 1.5 1 1 0
20 23 1
8 1 0 0 3 0 0 15.999 -0.2735697252 -0.1526 0 0
6 3 0 0 3 0 1 12.011 0.239917316 -0.2783 5.007 0
6 3 1 0 4 0 1 12.011 0.07929049801 0 2.433 -1
6 3 1 0 4 0 1 12.011 0.07049589179 -0.2051 2.731 0
6 2 2 0 4 0 1 12.011 -0.02340311907 0.1441 2.503 0
6 2 2 0 4 0 1 12.011 -0.02340311907 0.1441 2.503 0
6 3 1 0 4 0 1 12.011 0.07049589179 -0.2051 2.731 0
8 2 0 0 4 0 1 15.999 -0.3732754732 -0.0684 1.085 0
6 3 1 0 4 0 1 12.011 0.07929049801 0 2.433 1
6 3 0 0 3 0 1 12.011 0.239917316 -0.2783 5.007 0
8 1 0 0 3 0 0 15.999 -0.2735697252 -0.1526 0 0
7 3 0 0 3 0 1 14.007 -0.2498261651 -0.4458 2.819 0
6 3 0 0 3 1 1 12.011 0.05328788239 0.4619 4.067 0
6 2 1 0 3 1 1 12.011 -0.03624030623 0.1581 3.35 0
6 2 1 0 3 1 1 12.011 -0.03991486248 0.1581 3.35 0
6 3 0 0 3 1 1 12.011 0.05933540819 0.245 3.564 0
17 1 0 0 4 0 0 35.453 -0.08271049202 0.6895 5.853 0
6 3 0 0 3 1 1 12.011 0.06126944937 0.245 3.564 0
17 1 0 0 4 0 0 35.453 -0.08263156933 0.6895 5.853 0
6 2 1 0 3 1 1 12.011 -0.01758887323 0.1581 3.35 0
0 1 2 1 0 0
1 2 1 0 1 0
2 3 1 0 1 0
3 4 1 0 1 0
4 5 1 0 1 0
5 6 1 0 1 0
6 7 1 0 1 0
6 8 1 0 1 0
8 9 1 0 1 0
9 10 2 1 0 0
9 11 1 1 1 0
11 12 1 1 0 0
12 13 1.5 1 1 0
13 14 1.5 1 1 0
14 15 1.5 1 1 0
15 16 1 0 0 0
15 17 1.5 1 1 0
17 18 1 0 0 0
17 19 1.5 1 1 0
11 1 1 1 1 0
19 12 1.5 1 1 0
8 2 1 0 1 0
7 3 1 0 1 0
28 32 1
6 1 3 0 4 0 0 12.011 0.08070680376 -0.2035 2.753 0
8 2 0 0 3 0 0 15.999 -0.4667479279 -0.0684 1.085 0
6 3 0 0 3 0 0 12.011 0.3405833001 -0.2783 5.007 0
8 1 0 0 3 0 0 15.999 -0.2486013083 -0.1526 0 0
6 4 0 0 4 0 1 12.011 0.1891938151 -0.0967 2.576 0
6 3 0 0 3 1 1 12.011 -0.006422476792 0.136 3.509 0
6 2 1 0 3 1 1 12.011 -0.05204712317 0.1581 3.35 0
6 2 1 0 3 1 1 12.011 -0.01983793751 0.1581 3.35 0
6 3 0 0 3 1 1 12.011 0.115098709 0.5437 3.853 0
8 1 1 0 3 0 0 15.999 -0.5079666136 -0.2893 0.8238 0
6 2 1 0 3 1 1 12.011 -0.01983793751 0.1581 3.35 0
6 2 1 0 3 1 1 12.011 -0.05204712317 0.1581 3.35 0
7 2 1 0 3 0 1 14.007 -0.3619302751 -0.5188 3 0
6 3 0 0 3 1 1 12.011 0.04335318311 0.4619 4.067 0
6 2 1 0 3 1 1 12.011 -0.03827757665 0.1581 3.35 0
6 2 1 0 3 1 1 12.011 -0.06016978218 0.1581 3.35 0
6 2 1 0 3 1 1 12.011 -0.06149860361 0.1581 3.35 0
6 2 1 0 3 1 1 12.011 -0.05227777656 0.1581 3.35 0
6 3 0 0 3 1 1 12.011 0.005676123352 0.2713 3.904 0
6 3 0 0 3 1 1 12.011 -0.003366864964 0.2713 3.904 0
6 2 1 0 3 1 1 12.011 -0.03507306157 0.1581 3.35 0
6 2 1 0 3 1 1 12.011 0.02989174312 0.1581 3.35 0
7 2 0 0 3 1 1 14.007 -0.238508514 -0.3239 2.202 0
6 3 0 0 3 1 1 12.011 0.1377412579 0.2955 4.346 0
7 2 1 0 3 1 1 14.007 -0.3457314128 -0.3239 2.202 0
6 2 1 0 3 1 1 12.011 0.009760962666 0.1581 3.35 0
6 3 0 0 3 1 1 12.011 0.02092082072 0.136 3.509 0
6 3 0 0 3 1 1 12.011 0.03311458839 0.2955 4.346 0
0 1 1 0 0 0
1 2 1 1 0 0
2 3 2 1 0 0
2 4 1 0 0 0
4 5 1 0 0 0
5 6 1.5 1 1 0
6 7 1.5 1 1 0
7 8 1.5 1 1 0
8 9 1 1 0 0
8 10 1.5 1 1 0
10 11 1.5 1 1 0
4 12 1 0 1 0
12 13 1 1 1 0
13 14 1.5 1 1 0
14 15 1.5 1 1 0
15 16 1.5 1 1 0
16 17 1.5 1 1 0
17 18 1.5 1 1 0
18 19 1 1 1 0
19 20 1.5 1 1 0
20 21 1.5 1 1 0
21 22 1.5 1 1 0
22 23 1.5 1 1 0
23 24 1.5 1 1 0
24 25 1.5 1 1 0
25 26 1.5 1 1 0
26 27 1.5 1 1 0
26 4 1 0 1 0
11 5 1.5 1 1 0
18 13 1.5 1 1 0
27 19 1.5 1 1 0
27 23 1.5 1 1 0
25 27 1
9 1 0 0 4 0 0 18.998 -0.2066411453 0.4202 1.108 0
6 3 0 0 3 1 1 12.011 0.127497309 0 3.257 0
6 2 1 0 3 1 1 12.011 -0.02597098028 0.1581 3.35 0
6 2 1 0 3 1 1 12.011 -0.0593369894 0.1581 3.35 0
6 2 1 0 3 1 1 12.011 -0.06172745037 0.1581 3.35 0
6 2 1 0 3 1 1 12.011 -0.05451217251 0.1581 3.35 0
6 3 0 0 3 1 1 12.011 0.005296982609 0.136 3.509 0
6 3 1 0 4 0 0 12.011 0.04193657058 0.1193 2.582 0
6 2 2 0 4 0 0 12.011 -0.004196980647 -0.0516 2.488 0
6 3 0 0 3 1 1 12.011 -0.003737397087 0.136 3.509 0
6 2 1 0 3 1 1 12.011 -0.05527376849 0.1581 3.35 0
6 2 1 0 3 1 1 12.011 -0.06172344039 0.1581 3.35 0
6 2 1 0 3 1 1 12.011 -0.05856049222 0.1581 3.35 0
6 2 1 0 3 1 1 12.011 -0.01941991917 0.1581 3.35 0
6 3 0 0 3 1 1 12.011 0.1288675195 0.5437 3.853 0
8 2 0 0 3 0 0 15.999 -0.4345468139 -0.4195 1.182 0
6 3 1 0 4 0 0 12.011 0.3870415453 -0.2051 2.731 0
9 1 0 0 4 0 0 18.998 -0.1667656517 0.4202 1.108 0
9 1 0 0 4 0 0 18.998 -0.1667656517 0.4202 1.108 0
7 3 0 0 4 0 1 14.007 -0.2933687596 -0.3187 1.839 0
6 2 2 0 4 0 1 12.011 0.01136903172 -0.2035 2.753 0
6 2 2 0 4 0 1 12.011 0.007999922792 -0.2035 2.753 0
7 2 1 0 4 0 1 14.007 -0.3141858486 -0.7096 2.173 0
6 2 2 0 4 0 1 12.011 0.007999922792 -0.2035 2.753 0
6 2 2 0 4 0 1 12.011 0.01136903172 -0.2035 2.753 0
0 1 1 0 0 0
1 2 1.5 1 1 0
2 3 1.5 1 1 0
3 4 1.5 1 1 0
4 5 1.5 1 1 0
5 6 1.5 1 1 0
6 7 1 0 0 0
7 8 1 0 0 0
8 9 1 0 0 0
9 10 1.5 1 1 0
10 11 1.5 1 1 0
11 12 1.5 1 1 0
12 13 1.5 1 1 0
13 14 1.5 1 1 0
14 15 1 1 0 0
15 16 1 0 0 0
16 17 1 0 0 0
16 18 1 0 0 0
7 19 1 0 0 0
19 20 1 0 1 0
20 21 1 0 1 0
21 22 1 0 1 0
22 23 1 0 1 0
23 24 1 0 1 0
6 1 1.5 1 1 0
14 9 1.5 1 1 0
24 19 1 0 1 0
43 47 1
6 1 3 0 4 0 0 12.011 -0.05607994057 0.1441 2.503 0
6 4 0 0 4 0 0 12.011 -0.01318506772 -0.0967 2.576 0
6 1 3 0 4 0 0 12.011 -0.05607994057 0.1441 2.503 0
6 1 3 0 4 0 0 12.011 -0.05607994057 0.1441 2.503 0
6 3 0 0 3 1 1 12.011 -0.04261751455 0.136 3.509 0
6 2 1 0 3 1 1 12.011 -0.05816933967 0.1581 3.35 0
6 2 1 0 3 1 1 12.011 -0.05696471832 0.1581 3.35 0
6 3 0 0 3 1 1 12.011 -0.02876855183 0.136 3.509 0
6 2 2 0 4 0 0 12.011 0.04305834714 -0.0516 2.488 0
7 2 1 0 3 0 0 14.007 -0.3479620165 -0.7096 2.173 0
6 3 0 0 3 0 0 12.011 0.2510468915 -0.2783 5.007 0
8 1 0 0 3 0 0 15.999 -0.2693101831 0.1129 0.2215 0
6 3 0 0 3 1 1 12.011 0.0394568805 0.136 3.509 0
6 2 1 0 3 1 1 12.011 -0.04739777202 0.1581 3.35 0
6 2 1 0 3 1 1 12.011 -0.03773129818 0.1581 3.35 0
6 3 0 0 3 1 1 12.011 0.04103083755 0.4619 4.067 0
7 2 1 0 3 0 0 14.007 -0.3219978242 -0.5188 3 0
6 3 0 0 3 0 0 12.011 0.2551690098 -0.2783 5.007 0
8 1 0 0 3 0 0 15.999 -0.2689297474 0.1129 0.2215 0
6 3 0 0 3 1 1 12.011 0.04000625383 0.136 3.509 0
6 2 1 0 3 1 1 12.011 -0.0494292291 0.1581 3.35 0
6 2 1 0 3 1 1 12.011 -0.06113179203 0.1581 3.35 0
6 2 1 0 3 1 1 12.011 -0.05720039462 0.1581 3.35 0
6 3 0 0 3 1 1 12.011 -0.02763331526 0.136 3.509 0
6 2 2 0 4 0 0 12.011 0.04948249224 -0.0516 2.488 0
7 3 0 0 3 0 1 14.007 -0.2971450248 -0.3187 1.839 0
6 3 0 0 3 0 1 12.011 0.4100196826 -0.2783 5.007 0
8 1 0 0 3 0 0 15.999 -0.2243339998 0.4833 0.389 0
8 2 0 0 3 0 1 15.999 -0.4471889044 -0.0684 1.085 0
6 2 2 0 4 0 1 12.011 0.1140619959 -0.2035 2.753 0
6 3 1 0 4 0 1 12.011 0.0737002572 -0.2051 2.731 1
6 2 2 0 4 0 0 12.011 -0.003724539996 -0.0516 2.488 0
6 3 0 0 3 1 1 12.011 -0.04583756818 0.136 3.509 0
6 2 1 0 3 1 1 12.011 -0.05896431646 0.1581 3.35 0
6 2 1 0 3 1 1 12.011 -0.06199294465 0.1581 3.35 0
6 2 1 0 3 1 1 12.011 -0.06224871798 0.1581 3.35 0
6 2 1 0 3 1 1 12.011 -0.06199294465 0.1581 3.35 0
6 2 1 0 3 1 1 12.011 -0.05896431646 0.1581 3.35 0
6 2 1 0 3 1 1 12.011 -0.04443498465 0.1581 3.35 0
6 2 1 0 3 1 1 12.011 -0.03773129818 0.1581 3.35 0
6 2 1 0 3 1 1 12.011 -0.04739777202 0.1581 3.35 0
6 2 1 0 3 1 1 12.011 -0.05696471832 0.1581 3.35 0
6 2 1 0 3 1 1 12.011 -0.05816933967 0.1581 3.35 0
0 1 1 0 0 0
1 2 1 0 0 0
1 3 1 0 0 0
1 4 1 0 0 0
4 5 1.5 1 1 0
5 6 1.5 1 1 0
6 7 1.5 1 1 0
7 8 1 0 0 0
8 9 1 0 0 0
9 10 1 1 0 0
10 11 2 1 0 0
10 12 1 1 0 0
12 13 1.5 1 1 0
13 14 1.5 1 1 0
14 15 1.5 1 1 0
15 16 1 1 0 0
16 17 1 1 0 0
17 18 2 1 0 0
17 19 1 1 0 0
19 20 1.5 1 1 0
20 21 1.5 1 1 0
21 22 1.5 1 1 0
22 23 1.5 1 1 0
23 24 1 0 0 0
24 25 1 0 0 0
25 26 1 1 1 0
26 27 2 1 0 0
26 28 1 1 1 0
28 29 1 0 1 0
29 30 1 0 1 0
30 31 1 0 0 0
31 32 1 0 0 0
32 33 1.5 1 1 0
33 34 1.5 1 1 0
34 35 1.5 1 1 0
35 36 1.5 1 1 0
36 37 1.5 1 1 0
23 38 1.5 1 1 0
15 39 1.5 1 1 0
39 40 1.5 1 1 0
7 41 1.5 1 1 0
41 42 1.5 1 1 0
42 4 1.5 1 1 0
40 12 1.5 1 1 0
38 19 1.5 1 1 0
30 25 1 0 1 0
37 32 1.5 1 1 0
29 32 1
6 1 3 0 4 0 0 12.011 -0.06277241416 0.1441 2.503 0
6 3 1 0 4 0 0 12.011 -0.04706295086 0 2.433 0
6 1 3 0 4 0 0 12.011 -0.06277241416 0.1441 2.503 0
6 2 2 0 4 0 0 12.011 -0.04915397275 0.1441 2.503 0
6 2 2 0 4 0 0 12.011 -0.03309381221 0.1441 2.503 0
6 3 1 0 4 0 0 12.011 0.03477542221 0.1193 2.582 0
6 3 0 0 3 1 1 12.011 -0.03081523253 0.136 3.509 0
6 2 1 0 3 1 1 12.011 -0.05745558611 0.1581 3.35 0
6 2 1 0 3 1 1 12.011 -0.06193477543 0.1581 3.35 0
6 2 1 0 3 1 1 12.011 -0.06224675213 0.1581 3.35 0
6 2 1 0 3 1 1 12.011 -0.06193477543 0.1581 3.35 0
6 2 1 0 3 1 1 12.011 -0.05745558611 0.1581 3.35 0
7 3 0 0 4 0 1 14.007 -0.2961264505 -0.3187 1.839 0
6 2 2 0 4 0 1 12.011 0.001506813319 -0.2035 2.753 0
6 2 2 0 4 0 1 12.011 -0.007647795908 0.1441 2.503 0
6 4 0 0 4 0 1 12.011 0.1228740044 -0.2051 2.731 0
6 2 2 0 4 0 1 12.011 -0.007647795908 0.1441 2.503 0
6 2 2 0 4 0 1 12.011 0.001506813319 -0.2035 2.753 0
6 3 0 0 3 0 1 12.011 0.2469252593 -0.2783 5.007 0
8 1 0 0 3 0 0 15.999 -0.2723184392 -0.1526 0 0
7 2 1 0 3 0 1 14.007 -0.3364919022 -0.7096 2.173 0
6 2 2 0 4 0 1 12.011 0.09123990422 -0.2035 2.753 0
7 3 0 0 3 0 1 14.007 -0.3390832977 -0.4458 2.819 0
6 3 0 0 3 1 1 12.011 0.03889503836 0.4619 4.067 0
6 2 1 0 3 1 1 12.011 -0.03867546259 0.1581 3.35 0
6 2 1 0 3 1 1 12.011 -0.06020618462 0.1581 3.35 0
6 2 1 0 3 1 1 12.011 -0.06211757461 0.1581 3.35 0
6 2 1 0 3 1 1 12.011 -0.06020618462 0.1581 3.35 0
6 2 1 0 3 1 1 12.011 -0.03867546259 0.1581 3.35 0
0 1 1 0 0 0
1 2 1 0 0 0
1 3 1 0 0 0
3 4 1 0 0 0
4 5 1 0 0 0
5 6 1 0 0 0
6 7 1.5 1 1 0
7 8 1.5 1 1 0
8 9 1.5 1 1 0
9 10 1.5 1 1 0
10 11 1.5 1 1 0
5 12 1 0 0 0
12 13 1 0 1 0
13 14 1 0 1 0
14 15 1 0 1 0
15 16 1 0 1 0
16 17 1 0 1 0
15 18 1 0 1 0
18 19 2 1 0 0
18 20 1 1 1 0
20 21 1 0 1 0
21 22 1 0 1 0
22 23 1 1 0 0
23 24 1.5 1 1 0
24 25 1.5 1 1 0
25 26 1.5 1 1 0
26 27 1.5 1 1 0
27 28 1.5 1 1 0
11 6 1.5 1 1 0
17 12 1 0 1 0
28 23 1.5 1 1 0
22 15 1 0 1 0
25 27 1
6 1 3 0 4 0 0 12.011 -0.06268219246 0.1441 2.503 0
6 3 1 0 4 0 0 12.011 -0.0446644453 0 2.433 0
6 1 3 0 4 0 0 12.011 -0.06268219246 0.1441 2.503 0
6 2 2 0 4 0 0 12.011 -0.02134645117 0.1441 2.503 0
6 3 1 0 4 0 0 12.011 0.1080580529 -0.2051 2.731 -1
7 2 1 0 3 0 0 14.007 -0.3389017598 -0.7096 2.173 0
6 3 0 0 3 0 0 12.011 0.2701769762 -0.2783 5.007 0
8 1 0 0 3 0 0 15.999 -0.2674920072 0.1129 0.2215 0
6 3 0 0 3 1 1 12.011 0.1317433871 0.136 3.509 0
6 2 1 0 3 1 1 12.011 -0.03012968216 0.1581 3.35 0
6 2 1 0 3 1 1 12.011 -0.05102181808 0.1581 3.35 0
6 3 0 0 3 1 1 12.011 0.01741839715 0.136 3.509 0
6 3 1 0 4 0 1 12.011 -0.01081023282 0.1193 2.582 0
6 2 2 0 4 0 1 12.011 -0.04558391528 0.1441 2.503 0
6 2 2 0 4 0 1 12.011 -0.04558391528 0.1441 2.503 0
6 3 0 0 3 1 1 12.011 0.2170643156 0.5437 3.853 0
8 2 0 0 3 0 0 15.999 -0.4771492652 -0.4195 1.182 0
6 2 2 0 4 0 0 12.011 0.09275687993 -0.2035 2.753 0
6 3 1 0 4 0 1 12.011 -0.006948402571 0 2.433 0
6 2 2 0 4 0 1 12.011 -0.04680730962 0.1441 2.503 0
6 2 2 0 4 0 1 12.011 -0.04680730962 0.1441 2.503 0
7 2 0 0 3 1 1 14.007 -0.2080410693 -0.3239 2.202 0
6 3 0 0 3 0 0 12.011 0.239523801 -0.2783 5.007 0
7 1 2 0 3 0 0 14.007 -0.3678881616 -1.019 2.262 0
8 1 0 0 3 0 0 15.999 -0.2729574189 -0.1526 0 0
0 1 1 0 0 0
1 2 1 0 0 0
1 3 1 0 0 0
3 4 1 0 0 0
4 5 1 0 0 0
5 6 1 1 0 0
6 7 2 1 0 0
6 8 1 1 0 0
8 9 1.5 1 1 0
9 10 1.5 1 1 0
10 11 1.5 1 1 0
11 12 1 0 0 0
12 13 1 0 1 0
13 14 1 0 1 0
11 15 1.5 1 1 0
15 16 1 1 0 0
16 17 1 0 0 0
17 18 1 0 0 0
18 19 1 0 1 0
19 20 1 0 1 0
15 21 1.5 1 1 0
4 22 1 0 0 0
22 23 1 1 0 0
22 24 2 1 0 0
21 8 1.5 1 1 0
14 12 1 0 1 0
20 18 1 0 1 0
35 39 1
9 1 0 0 4 0 0 18.998 -0.2090566808 0.4202 1.108 0
6 3 1 0 4 0 0 12.011 0.2506316202 -0.2051 2.731 0
9 1 0 0 4 0 0 18.998 -0.2090566808 0.4202 1.108 0
6 2 2 0 4 0 0 12.011 0.05965625778 -0.2035 2.753 0
7 3 0 0 4 0 1 14.007 -0.2946998981 -0.3187 1.839 0
6 2 2 0 4 0 1 12.011 -0.001342918083 -0.2035 2.753 0
6 2 2 0 4 0 1 12.011 -0.04034345565 0.1441 2.503 0
6 2 2 0 4 0 1 12.011 -0.05059765212 0.1441 2.503 0
6 2 2 0 4 0 1 12.011 -0.03742309326 0.1441 2.503 0
6 3 1 0 4 0 1 12.011 0.01142930069 -0.2051 2.731 0
6 2 2 0 4 0 0 12.011 -0.02000946048 0.1441 2.503 0
6 2 2 0 4 0 0 12.011 0.01763995289 -0.2035 2.753 0
7 2 1 0 3 0 0 14.007 -0.3681038285 -0.5188 3 0
6 3 0 0 3 1 1 12.011 0.1554248746 0.4619 4.067 0
7 2 0 0 3 1 1 14.007 -0.2369301765 -0.3239 2.202 0
6 2 1 0 3 1 1 12.011 0.03310209117 0.1581 3.35 0
6 2 1 0 3 1 1 12.011 0.001617745573 0.1581 3.35 0
6 3 0 0 3 1 1 12.011 0.1597056337 0.2955 4.346 0
8 2 0 0 3 1 1 15.999 -0.4401266453 0.1552 1.08 0
6 3 0 0 3 1 1 12.011 0.1996205189 0.136 3.509 0
6 2 2 0 4 0 0 12.011 0.0515825306 -0.0516 2.488 0
6 3 0 0 3 1 1 12.011 -0.01144129105 0.136 3.509 0
6 2 1 0 3 1 1 12.011 -0.03763184871 0.1581 3.35 0
6 3 0 0 3 1 1 12.011 0.04099247119 0.245 3.564 0
17 1 0 0 4 0 0 35.453 -0.08433098088 0.6895 5.853 0
6 2 1 0 3 1 1 12.011 -0.04136001037 0.1581 3.35 0
6 2 1 0 3 1 1 12.011 -0.03452443713 0.1581 3.35 0
6 3 0 0 3 1 1 12.011 0.07020875337 0.2713 3.904 0
7 3 0 0 3 1 1 14.007 -0.22077299 -0.3239 2.202 0
6 2 1 0 3 1 1 12.011 0.1190533132 0.1581 3.35 0
7 2 0 0 3 1 1 14.007 -0.2230422587 -0.3239 2.202 0
6 2 1 0 3 1 1 12.011 0.1377004293 0.1581 3.35 0
7 2 0 0 3 1 1 14.007 -0.1548253703 -0.3239 2.202 0
7 2 0 0 3 1 1 14.007 -0.2094728618 -0.3239 2.202 0
6 3 0 0 3 1 1 12.011 0.1516190216 0.2955 4.346 0
0 1 1 0 0 0
1 2 1 0 0 0
1 3 1 0 0 0
3 4 1 0 0 0
4 5 1 0 1 0
5 6 1 0 1 0
6 7 1 0 1 0
7 8 1 0 1 0
8 9 1 0 1 0
9 10 1 0 0 0
10 11 1 0 0 0
11 12 1 0 0 0
12 13 1 1 0 0
13 14 1.5 1 1 0
14 15 1.5 1 1 0
15 16 1.5 1 1 0
16 17 1.5 1 1 0
17 18 1.5 1 1 0
18 19 1.5 1 1 0
19 20 1 0 0 0
20 21 1 0 0 0
21 22 1.5 1 1 0
22 23 1.5 1 1 0
23 24 1 0 0 0
23 25 1.5 1 1 0
25 26 1.5 1 1 0
26 27 1.5 1 1 0
27 28 1 1 0 0
28 29 1.5 1 1 0
29 30 1.5 1 1 0
30 31 1.5 1 1 0
31 32 1.5 1 1 0
19 33 1.5 1 1 0
33 34 1.5 1 1 0
9 4 1 0 1 0
34 13 1.5 1 1 0
34 17 1.5 1 1 0
27 21 1.5 1 1 0
32 28 1.5 1 1 0
30 34 1
6 1 3 0 4 0 0 12.011 -0.01304460245 -0.2035 2.753 0
7 3 0 0 4 0 1 14.007 -0.3021338002 -0.3187 1.839 0
6 2 2 0 4 0 1 12.011 0.002699263736 -0.2035 2.753 0
6 3 1 0 4 0 1 12.011 -0.01034236634 0 2.433 -1
6 2 2 0 4 0 0 12.011 0.02480471418 -0.2035 2.753 0
7 2 1 0 3 0 0 14.007 -0.3211507479 -0.7096 2.173 0
6 3 0 0 3 0 0 12.011 0.4069751258 -0.2783 5.007 0
8 1 0 0 3 0 0 15.999 -0.2245936225 0.4833 0.389 0
8 2 0 0 3 0 0 15.999 -0.4446899981 -0.0684 1.085 0
6 2 2 0 4 0 0 12.011 0.1183066377 -0.0516 2.488 0
6 3 0 0 3 1 1 12.011 -0.01057938111 0.136 3.509 0
6 2 1 0 3 1 1 12.011 -0.05562903875 0.1581 3.35 0
6 2 1 0 3 1 1 12.011 -0.06186696915 0.1581 3.35 0
6 2 1 0 3 1 1 12.011 -0.06224449621 0.1581 3.35 0
6 2 1 0 3 1 1 12.011 -0.06186696915 0.1581 3.35 0
6 2 1 0 3 1 1 12.011 -0.05562903875 0.1581 3.35 0
6 2 2 0 4 0 1 12.011 -0.03906246163 0.1441 2.503 0
6 3 1 0 4 0 1 12.011 0.0008137757493 0.1193 2.582 1
6 3 0 0 3 1 1 12.011 -0.03364854649 0.136 3.509 0
6 2 1 0 3 1 1 12.011 -0.05793978433 0.1581 3.35 0
6 2 1 0 3 1 1 12.011 -0.05986591424 0.1581 3.35 0
6 2 1 0 3 1 1 12.011 -0.03778268802 0.1581 3.35 0
6 3 0 0 3 1 1 12.011 0.04829567141 0.2955 4.346 0
6 3 0 0 3 1 1 12.011 0.006375270263 0.2955 4.346 0
6 3 0 0 3 1 1 12.011 -0.0205579101 0.136 3.509 0
6 2 1 0 3 1 1 12.011 0.007662936049 0.1581 3.35 0
7 3 0 0 3 1 1 14.007 -0.3502541896 -0.3239 2.202 0
6 1 3 0 4 0 0 12.011 0.01121812281 -0.1444 2.412 0
6 2 2 0 4 0 1 12.011 -0.009454822719 -0.0516 2.488 0
6 3 1 0 4 0 1 12.011 0.02025105554 -0.2051 2.731 1
0 1 1 0 0 0
1 2 1 0 1 0
2 3 1 0 1 0
3 4 1 0 0 0
4 5 1 0 0 0
5 6 1 1 0 0
6 7 2 1 0 0
6 8 1 1 0 0
8 9 1 0 0 0
9 10 1 0 0 0
10 11 1.5 1 1 0
11 12 1.5 1 1 0
12 13 1.5 1 1 0
13 14 1.5 1 1 0
14 15 1.5 1 1 0
3 16 1 0 1 0
16 17 1 0 1 0
17 18 1 0 1 0
18 19 1.5 1 1 0
19 20 1.5 1 1 0
20 21 1.5 1 1 0
21 22 1.5 1 1 0
22 23 1.5 1 1 0
23 24 1.5 1 1 0
24 25 1.5 1 1 0
25 26 1.5 1 1 0
26 27 1 0 0 0
24 28 1 0 1 0
28 29 1 0 1 0
29 1 1 0 1 0
15 10 1.5 1 1 0
29 17 1 0 1 0
23 18 1.5 1 1 0
26 22 1.5 1 1 0
30 33 1
16 4 0 0 4 0 1 32.067 0.3016924797 -0.0024 7.365 0
8 1 0 0 3 0 0 15.999 -0.1889570084 -0.3339 0.7774 0
8 1 0 0 3 0 0 15.999 -0.1889570084 -0.3339 0.7774 0
7 2 1 0 4 0 1 14.007 -0.1951736093 -0.7096 2.173 0
6 2 2 0 4 0 1 12.011 0.03712363874 -0.2035 2.753 0
6 4 0 0 4 0 1 12.011 0.08173240922 -0.2051 2.731 0
7 3 0 0 3 0 1 14.007 -0.2498345359 -0.4458 2.819 0
6 3 0 0 3 1 1 12.011 0.05637931692 0.4619 4.067 0
6 2 1 0 3 1 1 12.011 -0.001753612941 0.1581 3.35 0
6 3 0 0 3 1 1 12.011 0.1248067739 0 3.257 0
9 1 0 0 4 0 0 18.998 -0.2069293345 0.4202 1.108 0
6 2 1 0 3 1 1 12.011 -0.02616684811 0.1581 3.35 0
6 2 1 0 3 1 1 12.011 -0.05726351708 0.1581 3.35 0
6 2 1 0 3 1 1 12.011 -0.03743918829 0.1581 3.35 0
6 2 2 0 4 0 1 12.011 0.02517847184 0.1441 2.503 0
6 3 1 0 4 0 1 12.011 0.08719001312 -0.2051 2.731 0
7 3 1 1 4 0 1 14.007 -0.328833332 -1.95 0 0
6 2 2 0 4 0 1 12.011 0.07987222181 -0.2035 2.753 0
6 2 2 0 4 0 1 12.011 0.02260224096 0.1441 2.503 0
6 2 2 0 4 0 0 12.011 0.1031287982 -0.0516 2.488 0
6 3 0 0 3 1 1 12.011 0.009845288 0.136 3.509 0
6 2 1 0 3 1 1 12.011 -0.01112826389 0.1581 3.35 0
6 3 0 0 3 1 1 12.011 0.1192665015 0.5437 3.853 0
8 2 0 0 3 0 0 15.999 -0.4938755027 -0.4195 1.182 0
6 2 2 0 4 0 0 12.011 0.0853725871 -0.2035 2.753 0
6 1 3 0 4 0 0 12.011 -0.0306509116 0.1441 2.503 0
6 2 1 0 3 1 1 12.011 -0.01994013523 0.1581 3.35 0
6 2 1 0 3 1 1 12.011 -0.05809122973 0.1581 3.35 0
6 2 1 0 3 1 1 12.011 -0.05314245564 0.1581 3.35 0
6 1 3 0 4 0 0 12.011 -0.01230466365 0.1441 2.503 0
0 1 2 0 0 0
0 2 2 0 0 0
0 3 1 0 1 0
3 4 1 0 1 0
4 5 1 0 1 0
5 6 1 0 1 0
6 7 1 1 0 0
7 8 1.5 1 1 0
8 9 1.5 1 1 0
9 10 1 0 0 0
9 11 1.5 1 1 0
11 12 1.5 1 1 0
12 13 1.5 1 1 0
5 14 1 0 1 0
14 15 1 0 1 0
15 16 1 0 1 0
16 17 1 0 1 0
17 18 1 0 1 0
16 19 1 0 0 0
19 20 1 0 0 0
20 21 1.5 1 1 0
21 22 1.5 1 1 0
22 23 1 1 0 0
23 24 1 0 0 0
24 25 1 0 0 0
22 26 1.5 1 1 0
26 27 1.5 1 1 0
27 28 1.5 1 1 0
15 29 1 0 0 0
6 0 1 0 1 0
13 7 1.5 1 1 0
28 20 1.5 1 1 0
18 5 1 0 1 0
21 24 1
6 2 1 0 3 1 1 12.011 -0.06224873035 0.1581 3.35 0
6 2 1 0 3 1 1 12.011 -0.06199373496 0.1581 3.35 0
6 2 1 0 3 1 1 12.011 -0.05901144554 0.1581 3.35 0
6 3 0 0 3 1 1 12.011 -0.04708343696 0.136 3.509 0
6 2 2 0 4 0 0 12.011 -0.01684920879 -0.0516 2.488 0
6 4 0 0 4 0 1 12.011 0.01302860334 -0.0967 2.576 0
6 3 0 0 3 1 1 12.011 -0.03935372001 0.136 3.509 0
6 2 1 0 3 1 1 12.011 -0.05624953547 0.1581 3.35 0
6 2 1 0 3 1 1 12.011 -0.03609950788 0.1581 3.35 0
6 3 0 0 3 1 1 12.011 0.06500030261 0.2955 4.346 0
7 2 1 0 3 1 1 14.007 -0.2778320001 -0.3239 2.202 0
7 2 0 0 3 1 1 14.007 -0.1830311091 -0.3239 2.202 0
6 2 1 0 3 1 1 12.011 0.05657869017 0.1581 3.35 0
6 3 0 0 3 1 1 12.011 0.01986603038 0.2955 4.346 0
6 2 1 0 3 1 1 12.011 -0.04736836647 0.1581 3.35 0
6 2 2 0 4 0 1 12.011 -0.02934463314 0.1441 2.503 0
6 2 2 0 4 0 1 12.011 -0.003945224852 -0.2035 2.753 0
7 2 1 0 4 0 1 14.007 -0.3157988778 -0.7096 2.173 0
6 2 2 0 4 0 1 12.011 0.005217927307 -0.2035 2.753 0
6 2 1 0 3 1 1 12.011 -0.05901144554 0.1581 3.35 0
6 2 1 0 3 1 1 12.011 -0.06199373496 0.1581 3.35 0
0 1 1.5 1 1 0
1 2 1.5 1 1 0
2 3 1.5 1 1 0
3 4 1 0 0 0
4 5 1 0 0 0
5 6 1 0 0 0
6 7 1.5 1 1 0
7 8 1.5 1 1 0
8 9 1.5 1 1 0
9 10 1.5 1 1 0
10 11 1.5 1 1 0
11 12 1.5 1 1 0
12 13 1.5 1 1 0
13 14 1.5 1 1 0
5 15 1 0 1 0
15 16 1 0 1 0
16 17 1 0 1 0
17 18 1 0 1 0
3 19 1.5 1 1 0
19 20 1.5 1 1 0
20 0 1.5 1 1 0
18 5 1 0 1 0
14 6 1.5 1 1 0
13 9 1.5 1 1 0
26 29 1
6 1 3 0 4 0 0 12.011 0.05320190053 -0.2035 2.753 0
16 4 0 0 4 0 0 32.067 0.2107038983 -0.0024 7.365 0
8 1 0 0 3 0 0 15.999 -0.2125056042 -0.3339 0.7774 0
8 1 0 0 3 0 0 15.999 -0.2125056042 -0.3339 0.7774 0
7 3 0 0 4 0 1 14.007 -0.2018861733 -0.3187 1.839 0
6 2 2 0 4 0 1 12.011 0.01697487958 -0.2035 2.753 0
6 2 2 0 4 0 1 12.011 -0.001887976277 0.1441 2.503 0
6 3 1 0 4 0 1 12.011 0.1012172238 -0.2051 2.731 0
8 2 0 0 3 0 0 15.999 -0.4903291502 -0.4195 1.182 0
6 3 0 0 3 1 1 12.011 0.1195126727 0.5437 3.853 0
6 2 1 0 3 1 1 12.011 -0.01965537507 0.1581 3.35 0
6 2 1 0 3 1 1 12.011 -0.05503710221 0.1581 3.35 0
6 3 0 0 3 1 1 12.011 -0.04321926542 0.136 3.509 0
6 3 0 0 3 1 1 12.011 -0.03981055956 0.136 3.509 0
6 2 1 0 3 1 1 12.011 -0.01641112411 0.1581 3.35 0
6 2 2 0 4 0 1 12.011 -0.01461453713 -0.0516 2.488 0
6 2 2 0 4 0 1 12.011 0.002501339192 -0.2035 2.753 0
7 3 0 0 4 0 1 14.007 -0.2997294878 -0.3187 1.839 0
6 3 1 0 4 0 1 12.011 0.009548725517 -0.2051 2.731 0
6 2 2 0 4 0 1 12.011 -0.0374833781 0.1441 2.503 0
6 2 2 0 4 0 1 12.011 -0.05032774799 0.1441 2.503 0
6 2 2 0 4 0 1 12.011 -0.0374833781 0.1441 2.503 0
6 2 2 0 4 0 1 12.011 0.002499044001 -0.2035 2.753 0
6 2 2 0 4 0 1 12.011 -0.01474695364 -0.0516 2.488 0
6 2 2 0 4 0 1 12.011 -0.001887976277 0.1441 2.503 0
6 2 2 0 4 0 1 12.011 0.01697487958 -0.2035 2.753 0
0 1 1 0 0 0
1 2 2 0 0 0
1 3 2 0 0 0
1 4 1 0 0 0
4 5 1 0 1 0
5 6 1 0 1 0
6 7 1 0 1 0
7 8 1 0 0 0
8 9 1 1 0 0
9 10 1.5 1 1 0
10 11 1.5 1 1 0
11 12 1.5 1 1 0
12 13 1.5 1 1 0
13 14 1.5 1 1 0
13 15 1 0 1 0
15 16 1 0 1 0
16 17 1 0 1 0
17 18 1 0 0 0
18 19 1 0 1 0
19 20 1 0 1 0
20 21 1 0 1 0
17 22 1 0 1 0
22 23 1 0 1 0
7 24 1 0 1 0
24 25 1 0 1 0
25 4 1 0 1 0
14 9 1.5 1 1 0
21 18 1 0 1 0
23 12 1 0 1 0
36 39 1
6 1 3 0 4 0 0 12.011 0.07750655066 -0.2035 2.753 0
8 2 0 0 3 0 0 15.999 -0.4967658663 -0.4195 1.182 0
6 3 0 0 3 1 1 12.011 0.1185129873 0.5437 3.853 0
6 2 1 0 3 1 1 12.011 -0.01783945298 0.1581 3.35 0
6 2 1 0 3 1 1 12.011 -0.03266419827 0.1581 3.35 0
6 3 0 0 3 1 1 12.011 0.06565354606 0.2713 3.904 0
7 3 0 0 3 1 1 14.007 -0.2294720888 -0.3239 2.202 0
7 2 0 0 3 1 1 14.007 -0.1627023018 -0.3239 2.202 0
6 3 0 0 3 1 1 12.011 0.1671114923 0.136 3.509 0
6 4 0 0 4 0 0 12.011 0.4347004564 -0.0967 2.576 0
9 1 0 0 4 0 0 18.998 -0.1644523824 0.4202 1.108 0
9 1 0 0 4 0 0 18.998 -0.1644523824 0.4202 1.108 0
9 1 0 0 4 0 0 18.998 -0.1644523824 0.4202 1.108 0
6 2 1 0 3 1 1 12.011 0.000107989326 0.1581 3.35 0
6 3 0 0 3 1 1 12.011 0.110778291 0.136 3.509 0
6 3 0 0 3 0 0 12.011 0.1851849786 -0.2783 5.007 0
8 1 0 0 3 0 0 15.999 -0.2920725072 0.1129 0.2215 0
6 2 2 0 4 0 0 12.011 0.03766470863 -0.0516 2.488 0
6 3 0 0 3 1 1 12.011 -0.04016299884 0.136 3.509 0
6 2 1 0 3 1 1 12.011 -0.05796599441 0.1581 3.35 0
6 2 1 0 3 1 1 12.011 -0.05405061062 0.1581 3.35 0
6 3 0 0 3 1 1 12.011 -0.01702114286 0.2713 3.904 0
6 3 0 0 3 1 1 12.011 0.001682445325 0.2713 3.904 0
6 2 1 0 3 1 1 12.011 -0.05301747942 0.1581 3.35 0
6 2 1 0 3 1 1 12.011 -0.06156331951 0.1581 3.35 0
6 2 1 0 3 1 1 12.011 -0.06087608624 0.1581 3.35 0
6 2 1 0 3 1 1 12.011 -0.0414961695 0.1581 3.35 0
6 3 0 0 3 1 1 12.011 0.08957688524 0.1893 2.673 0
16 4 0 0 4 0 0 32.067 0.2381651768 -0.0024 7.365 0
7 1 2 0 4 0 0 14.007 -0.2246088445 -1.019 2.262 0
8 1 0 0 3 0 0 15.999 -0.2073075907 -0.3339 0.7774 0
8 1 0 0 3 0 0 15.999 -0.2073075907 -0.3339 0.7774 0
6 2 1 0 3 1 1 12.011 -0.05405061062 0.1581 3.35 0
6 2 1 0 3 1 1 12.011 -0.05796599441 0.1581 3.35 0
6 2 1 0 3 1 1 12.011 -0.03266419827 0.1581 3.35 0
6 2 1 0 3 1 1 12.011 -0.01783945298 0.1581 3.35 0
0 1 1 0 0 0
1 2 1 1 0 0
2 3 1.5 1 1 0
3 4 1.5 1 1 0
4 5 1.5 1 1 0
5 6 1 1 0 0
6 7 1.5 1 1 0
7 8 1.5 1 1 0
8 9 1 0 0 0
9 10 1 0 0 0
9 11 1 0 0 0
9 12 1 0 0 0
8 13 1.5 1 1 0
13 14 1.5 1 1 0
14 15 1 1 0 0
15 16 2 1 0 0
15 17 1 0 0 0
17 18 1 0 0 0
18 19 1.5 1 1 0
19 20 1.5 1 1 0
20 21 1.5 1 1 0
21 22 1 1 0 0
22 23 1.5 1 1 0
23 24 1.5 1 1 0
24 25 1.5 1 1 0
25 26 1.5 1 1 0
26 27 1.5 1 1 0
27 28 1 0 0 0
28 29 1 0 0 0
28 30 2 0 0 0
28 31 2 0 0 0
21 32 1.5 1 1 0
32 33 1.5 1 1 0
5 34 1.5 1 1 0
34 35 1.5 1 1 0
35 2 1.5 1 1 0
14 6 1.5 1 1 0
33 18 1.5 1 1 0
27 22 1.5 1 1 0
32 36 1
6 1 3 0 4 0 0 12.011 -0.06369440924 0.1441 2.503 0
6 2 2 0 4 0 0 12.011 -0.03823226918 0.1441 2.503 0
6 2 2 0 4 0 0 12.011 0.02205024409 -0.2035 2.753 0
7 3 0 0 3 0 1 14.007 -0.3229054164 -0.3187 1.839 0
6 2 2 0 4 0 1 12.011 0.09408814129 -0.2035 2.753 0
7 3 0 0 3 0 1 14.007 -0.338848637 -0.4458 2.819 0
6 3 0 0 3 1 1 12.011 0.03890339675 0.4619 4.067 0
6 2 1 0 3 1 1 12.011 -0.0386753361 0.1581 3.35 0
6 2 1 0 3 1 1 12.011 -0.0602061837 0.1581 3.35 0
6 2 1 0 3 1 1 12.011 -0.06211757461 0.1581 3.35 0
6 2 1 0 3 1 1 12.011 -0.0602061837 0.1581 3.35 0
6 2 1 0 3 1 1 12.011 -0.0386753361 0.1581 3.35 0
6 4 0 0 4 0 1 12.011 0.1231011925 -0.2051 2.731 0
6 2 2 0 4 0 1 12.011 -0.007639457054 0.1441 2.503 0
6 2 2 0 4 0 1 12.011 0.001507155419 -0.2035 2.753 0
7 3 0 0 4 0 1 14.007 -0.296115124 -0.3187 1.839 0
6 3 1 0 4 0 1 12.011 0.03509134293 0.1193 2.582 0
6 2 2 0 4 0 1 12.011 -0.0324984565 0.1441 2.503 0
6 2 2 0 4 0 1 12.011 -0.04221655025 0.1441 2.503 0
6 4 0 0 4 0 1 12.011 -0.009952033053 -0.0967 2.576 0
6 1 3 0 4 0 0 12.011 -0.0558007158 0.1441 2.503 0
6 1 3 0 4 0 0 12.011 -0.0558007158 0.1441 2.503 0
6 3 0 0 3 1 1 12.011 -0.03756717773 0.136 3.509 0
6 2 1 0 3 1 1 12.011 -0.05816471766 0.1581 3.35 0
6 2 1 0 3 1 1 12.011 -0.06195166133 0.1581 3.35 0
6 2 1 0 3 1 1 12.011 -0.06191413934 0.1581 3.35 0
6 2 1 0 3 1 1 12.011 -0.05715828689 0.1581 3.35 0
6 3 0 0 3 1 1 12.011 -0.02706452223 0.136 3.509 0
6 2 2 0 4 0 1 12.011 0.001507155419 -0.2035 2.753 0
6 2 2 0 4 0 1 12.011 -0.007639457054 0.1441 2.503 0
6 3 0 0 3 0 1 12.011 0.2495273632 -0.2783 5.007 0
8 1 0 0 3 0 0 15.999 -0.2720852107 -0.1526 0 0
0 1 1 0 0 0
1 2 1 0 0 0
2 3 1 0 0 0
3 4 1 0 1 0
4 5 1 0 1 0
5 6 1 1 0 0
6 7 1.5 1 1 0
7 8 1.5 1 1 0
8 9 1.5 1 1 0
9 10 1.5 1 1 0
10 11 1.5 1 1 0
5 12 1 0 1 0
12 13 1 0 1 0
13 14 1 0 1 0
14 15 1 0 1 0
15 16 1 0 0 0
16 17 1 0 1 0
17 18 1 0 1 0
18 19 1 0 1 0
19 20 1 0 0 0
19 21 1 0 0 0
19 22 1 0 1 0
22 23 1.5 1 1 0
23 24 1.5 1 1 0
24 25 1.5 1 1 0
25 26 1.5 1 1 0
26 27 1.5 1 1 0
15 28 1 0 1 0
28 29 1 0 1 0
12 30 1 0 1 0
30 31 2 1 0 0
30 3 1 1 1 0
11 6 1.5 1 1 0
29 12 1 0 1 0
27 16 1 0 1 0
27 22 1.5 1 1 0
17 18 1
8 1 1 0 4 0 0 15.999 -0.3950445482 -0.2893 0.8238 0
6 2 2 0 4 0 0 12.011 0.05580017407 -0.2035 2.753 0
6 2 2 0 4 0 0 12.011 0.02156410769 -0.2035 2.753 0
7 3 0 0 4 0 1 14.007 -0.2975479427 -0.3187 1.839 0
6 2 2 0 4 0 1 12.011 0.01595154492 -0.2035 2.753 0
6 2 2 0 4 0 1 12.011 0.03064048007 -0.2035 2.753 0
7 3 0 0 3 0 1 14.007 -0.3677198518 -0.4458 2.819 0
6 3 0 0 3 1 1 12.011 0.05714248693 0.4619 4.067 0
6 2 1 0 3 1 1 12.011 -0.03710988848 0.1581 3.35 0
6 2 1 0 3 1 1 12.011 -0.05861831798 0.1581 3.35 0
6 2 1 0 3 1 1 12.011 -0.04184690777 0.1581 3.35 0
6 3 0 0 3 1 1 12.011 0.06130230161 0.245 3.564 0
17 1 0 0 4 0 0 35.453 -0.08262946672 0.6895 5.853 0
6 3 0 0 3 1 1 12.011 0.08251602378 0.245 3.564 0
17 1 0 0 4 0 0 35.453 -0.08042765196 0.6895 5.853 0
6 2 2 0 4 0 1 12.011 0.03064048007 -0.2035 2.753 0
6 2 2 0 4 0 1 12.011 0.01595154492 -0.2035 2.753 0
0 1 1 0 0 0
1 2 1 0 0 0
2 3 1 0 0 0
3 4 1 0 1 0
4 5 1 0 1 0
5 6 1 0 1 0
6 7 1 1 0 0
7 8 1.5 1 1 0
8 9 1.5 1 1 0
9 10 1.5 1 1 0
10 11 1.5 1 1 0
11 12 1 0 0 0
11 13 1.5 1 1 0
13 14 1 0 0 0
6 15 1 0 1 0
15 16 1 0 1 0
16 3 1 0 1 0
13 7 1.5 1 1 0
20 22 1
6 1 3 0 4 0 0 12.011 0.08059852085 -0.2035 2.753 0
8 2 0 0 3 0 0 15.999 -0.468732228 -0.0684 1.085 0
6 3 0 0 3 0 0 12.011 0.310376219 -0.2783 5.007 0
8 1 0 0 3 0 0 15.999 -0.2518791785 -0.1526 0 0
6 3 1 0 4 0 1 12.011 0.07923854987 0 2.433 -1
6 3 1 0 4 0 1 12.011 0.0001715017013 0.1193 2.582 -1
6 3 0 0 3 1 1 12.011 -0.0438573783 0.136 3.509 0
6 2 1 0 3 1 1 12.011 -0.05768179628 0.1581 3.35 0
6 2 1 0 3 1 1 12.011 -0.04855982325 0.1581 3.35 0
6 3 0 0 3 1 1 12.011 0.01300113938 0 3.104 0
53 1 0 0 4 0 0 124.9046302 -0.04431543371 0.8857 14.02 0
6 2 1 0 3 1 1 12.011 -0.04855982325 0.1581 3.35 0
6 2 1 0 3 1 1 12.011 -0.05768179628 0.1581 3.35 0
6 2 2 0 4 0 1 12.011 -0.02972060918 0.1441 2.503 0
6 3 1 0 4 0 1 12.011 0.01020734698 -0.2051 2.731 0
6 2 2 0 4 0 1 12.011 -0.03600394201 0.1441 2.503 0
6 2 2 0 4 0 1 12.011 -0.03518440392 0.1441 2.503 0
6 3 1 0 4 0 1 12.011 0.02350746576 -0.2051 2.731 1
7 3 0 0 4 0 1 14.007 -0.2995626784 -0.3187 1.839 0
6 1 3 0 4 0 0 12.011 -0.01277031479 -0.2035 2.753 0
0 1 1 0 0 0
1 2 1 1 0 0
2 3 2 1 0 0
2 4 1 0 0 0
4 5 1 0 1 0
5 6 1 0 0 0
6 7 1.5 1 1 0
7 8 1.5 1 1 0
8 9 1.5 1 1 0
9 10 1 0 0 0
9 11 1.5 1 1 0
11 12 1.5 1 1 0
5 13 1 0 1 0
13 14 1 0 1 0
14 15 1 0 1 0
15 16 1 0 1 0
16 17 1 0 1 0
17 18 1 0 1 0
18 19 1 0 0 0
17 4 1 0 1 0
12 6 1.5 1 1 0
18 14 1 0 1 0
31 33 1
6 1 3 0 4 0 0 12.011 -0.06129373243 0.1441 2.503 0
6 2 2 0 4 0 0 12.011 -0.03071700043 -0.0516 2.488 0
6 3 0 0 3 1 1 12.011 -0.04737657281 0.136 3.509 0
6 2 1 0 3 1 1 12.011 -0.05532636699 0.1581 3.35 0
6 2 1 0 3 1 1 12.011 -0.01899270604 0.1581 3.35 0
6 3 0 0 3 1 1 12.011 0.1278634305 0.5437 3.853 0
8 2 0 0 3 0 0 15.999 -0.4899112549 -0.4195 1.182 0
6 3 1 0 4 0 0 12.011 0.09917623029 -0.2051 2.731 1
6 1 3 0 4 0 0 12.011 -0.02763204673 0.1441 2.503 0
6 2 2 0 4 0 0 12.011 0.01824606488 0.1441 2.503 0
6 2 2 0 4 0 0 12.011 0.09170850813 -0.2035 2.753 0
8 2 0 0 3 0 0 15.999 -0.4934430956 -0.4195 1.182 0
6 3 0 0 3 1 1 12.011 0.1190737359 0.5437 3.853 0
6 2 1 0 3 1 1 12.011 -0.01967359573 0.1581 3.35 0
6 2 1 0 3 1 1 12.011 -0.05508172281 0.1581 3.35 0
6 3 0 0 3 1 1 12.011 -0.04424363804 0.136 3.509 0
6 2 2 0 4 0 0 12.011 -0.0171147429 -0.0516 2.488 0
6 2 2 0 4 0 0 12.011 0.04936881331 0.1441 2.503 0
6 3 0 0 3 0 0 12.011 0.3031779413 -0.2783 5.007 0
8 1 0 0 3 0 0 15.999 -0.2524721769 -0.1526 0 0
8 1 1 0 3 0 0 15.999 -0.4812219334 -0.2893 0.8238 0
6 3 0 0 3 1 1 12.011 -0.04422865727 0.136 3.509 0
6 1 3 0 4 0 0 12.011 -0.0393636184 0.08452 2.464 0
6 2 1 0 3 1 1 12.011 -0.01675903919 0.1581 3.35 0
6 3 0 0 3 1 1 12.011 0.03402945201 0.2713 3.904 0
6 3 0 0 3 1 1 12.011 0.03795039807 0.2713 3.904 0
6 2 1 0 3 1 1 12.011 -0.04339875844 0.1581 3.35 0
6 2 1 0 3 1 1 12.011 -0.0508666215 0.1581 3.35 0
6 2 1 0 3 1 1 12.011 -0.008669289388 0.1581 3.35 0
16 2 0 0 3 1 1 32.067 -0.1437012994 0.6237 6.691 0
6 2 1 0 3 1 1 12.011 -0.04661771428 0.1581 3.35 0
0 1 1 0 0 0
1 2 1 0 0 0
2 3 1.5 1 1 0
3 4 1.5 1 1 0
4 5 1.5 1 1 0
5 6 1 1 0 0
6 7 1 0 0 0
7 8 1 0 0 0
7 9 1 0 0 0
9 10 1 0 0 0
10 11 1 0 0 0
11 12 1 1 0 0
12 13 1.5 1 1 0
13 14 1.5 1 1 0
14 15 1.5 1 1 0
15 16 1 0 0 0
16 17 1 0 0 0
17 18 1 0 0 0
18 19 2 1 0 0
18 20 1 1 0 0
15 21 1.5 1 1 0
21 22 1 0 0 0
21 23 1.5 1 1 0
5 24 1.5 1 1 0
24 25 1 1 0 0
25 26 1.5 1 1 0
26 27 1.5 1 1 0
27 28 1.5 1 1 0
28 29 1.5 1 1 0
24 30 1.5 1 1 0
30 2 1.5 1 1 0
23 12 1.5 1 1 0
29 25 1.5 1 1 0
33 36 1
6 1 3 0 4 0 0 12.011 0.08058624011 -0.2035 2.753 0
8 2 0 0 3 0 0 15.999 -0.4689847755 -0.0684 1.085 0
6 3 0 0 3 0 0 12.011 0.3055269309 -0.2783 5.007 0
8 1 0 0 3 0 0 15.999 -0.2522948381 -0.1526 0 0
6 2 2 0 4 0 0 12.011 0.05425326362 0.1441 2.503 0
6 2 2 0 4 0 0 12.011 0.03716931947 0.1441 2.503 0
6 3 0 0 3 0 0 12.011 0.2229980009 -0.2783 5.007 0
8 1 0 0 3 0 0 15.999 -0.2748838259 -0.1526 0 0
7 3 0 0 3 0 0 14.007 -0.337076467 -0.3187 1.839 0
6 2 2 0 4 0 0 12.011 0.03362385643 -0.2035 2.753 0
6 2 2 0 4 0 0 12.011 0.01648146117 -0.2035 2.753 0
7 3 0 0 4 0 1 14.007 -0.2956378895 -0.3187 1.839 0
6 3 1 0 4 0 1 12.011 0.01053091461 -0.2051 2.731 -1
6 2 2 0 4 0 1 12.011 -0.0360178668 0.1441 2.503 0
6 2 2 0 4 0 1 12.011 -0.0360178668 0.1441 2.503 0
6 3 1 0 4 0 1 12.011 0.01053091461 -0.2051 2.731 1
6 2 2 0 4 0 1 12.011 -0.03054332239 0.1441 2.503 0
6 3 1 0 4 0 1 12.011 -0.01308631946 0.1193 2.582 1
6 3 0 0 3 1 1 12.011 -0.04112351531 0.136 3.509 0
6 2 1 0 3 1 1 12.011 -0.05849137916 0.1581 3.35 0
6 2 1 0 3 1 1 12.011 -0.05830876181 0.1581 3.35 0
6 2 1 0 3 1 1 12.011 -0.02020857884 0.1581 3.35 0
6 3 0 0 3 1 1 12.011 0.1153608041 0.5437 3.853 0
8 1 1 0 3 0 0 15.999 -0.5079561983 -0.2893 0.8238 0
6 2 1 0 3 1 1 12.011 -0.01673011708 0.1581 3.35 0
6 2 2 0 4 0 1 12.011 -0.03054332239 0.1441 2.503 0
6 2 2 0 4 0 0 12.011 0.04564294474 -0.0516 2.488 0
6 3 0 0 3 1 1 12.011 -0.02857531287 0.136 3.509 0
6 2 1 0 3 1 1 12.011 -0.05725213752 0.1581 3.35 0
6 2 1 0 3 1 1 12.011 -0.06192711601 0.1581 3.35 0
6 2 1 0 3 1 1 12.011 -0.06224649523 0.1581 3.35 0
6 2 1 0 3 1 1 12.011 -0.06192711601 0.1581 3.35 0
6 2 1 0 3 1 1 12.011 -0.05725213752 0.1581 3.35 0
0 1 1 0 0 0
1 2 1 1 0 0
2 3 2 1 0 0
2 4 1 0 0 0
4 5 1 0 0 0
5 6 1 0 0 0
6 7 2 1 0 0
6 8 1 1 0 0
8 9 1 0 0 0
9 10 1 0 0 0
10 11 1 0 0 0
11 12 1 0 1 0
12 13 1 0 1 0
13 14 1 0 1 0
14 15 1 0 1 0
15 16 1 0 1 0
16 17 1 0 1 0
17 18 1 0 0 0
18 19 1.5 1 1 0
19 20 1.5 1 1 0
20 21 1.5 1 1 0
21 22 1.5 1 1 0
22 23 1 1 0 0
22 24 1.5 1 1 0
17 25 1 0 1 0
8 26 1 0 0 0
26 27 1 0 0 0
27 28 1.5 1 1 0
28 29 1.5 1 1 0
29 30 1.5 1 1 0
30 31 1.5 1 1 0
31 32 1.5 1 1 0
15 11 1 0 1 0
24 18 1.5 1 1 0
32 27 1.5 1 1 0
25 12 1 0 1 0
36 40 1
6 1 3 0 4 0 0 12.011 0.07750679405 -0.2035 2.753 0
8 2 0 0 3 0 0 15.999 -0.4967567353 -0.4195 1.182 0
6 3 0 0 3 1 1 12.011 0.1187025275 0.5437 3.853 0
6 2 1 0 3 1 1 12.011 -0.01968894268 0.1581 3.35 0
6 2 1 0 3 1 1 12.011 -0.05503743477 0.1581 3.35 0
6 3 0 0 3 1 1 12.011 -0.04318837354 0.136 3.509 0
6 3 0 0 3 1 1 12.011 -0.02703640342 0.136 3.509 0
6 2 1 0 3 1 1 12.011 -0.01519093476 0.1581 3.35 0
6 2 2 0 4 0 1 12.011 0.0240309031 -0.0516 2.488 0
7 3 0 0 4 0 1 14.007 -0.2959776714 -0.3187 1.839 0
6 3 1 0 4 0 1 12.011 0.01324223748 -0.2051 2.731 0
6 2 2 0 4 0 1 12.011 -0.0196319851 0.1441 2.503 0
6 2 2 0 4 0 1 12.011 0.02205332994 -0.2035 2.753 0
7 3 0 0 3 0 1 14.007 -0.3398057795 -0.3187 1.839 0
6 3 0 0 3 0 0 12.011 0.259848957 -0.2783 5.007 0
8 1 0 0 3 0 0 15.999 -0.2711570754 -0.1526 0 0
6 4 0 0 4 0 1 12.011 0.1908854126 -0.2051 2.731 0
9 1 0 0 4 0 0 18.998 -0.2331256826 0.4202 1.108 0
6 2 2 0 4 0 1 12.011 0.003337957723 0.1441 2.503 0
6 2 2 0 4 0 1 12.011 0.002065320087 -0.2035 2.753 0
7 3 0 0 4 0 1 14.007 -0.2988121015 -0.3187 1.839 0
6 2 2 0 4 0 0 12.011 0.02352051949 -0.0516 2.488 0
6 3 0 0 3 1 1 12.011 -0.02875192326 0.136 3.509 0
6 2 1 0 3 1 1 12.011 -0.03912479553 0.1581 3.35 0
6 2 1 0 3 1 1 12.011 0.02952330612 0.1581 3.35 0
7 2 0 0 3 1 1 14.007 -0.2397649425 -0.3239 2.202 0
6 3 0 0 3 1 1 12.011 0.1230932722 0.4619 4.067 0
7 1 2 0 3 0 0 14.007 -0.3836937415 -1.027 2.827 0
6 2 1 0 3 1 1 12.011 -0.01531458517 0.1581 3.35 0
6 2 2 0 4 0 1 12.011 0.002065320087 -0.2035 2.753 0
6 2 2 0 4 0 1 12.011 0.003337957723 0.1441 2.503 0
6 2 2 0 4 0 1 12.011 0.02205332994 -0.2035 2.753 0
6 2 2 0 4 0 1 12.011 -0.0196319851 0.1441 2.503 0
6 2 2 0 4 0 1 12.011 -0.0009045842678 -0.2035 2.753 0
6 2 2 0 4 0 1 12.011 -0.03631467953 0.1441 2.503 0
6 2 2 0 4 0 1 12.011 -0.02634192616 -0.0516 2.488 0
0 1 1 0 0 0
1 2 1 1 0 0
2 3 1.5 1 1 0
3 4 1.5 1 1 0
4 5 1.5 1 1 0
5 6 1.5 1 1 0
6 7 1.5 1 1 0
6 8 1 0 1 0
8 9 1 0 1 0
9 10 1 0 0 0
10 11 1 0 1 0
11 12 1 0 1 0
12 13 1 0 1 0
13 14 1 1 0 0
14 15 2 1 0 0
14 16 1 0 0 0
16 17 1 0 0 0
16 18 1 0 1 0
18 19 1 0 1 0
19 20 1 0 1 0
20 21 1 0 0 0
21 22 1 0 0 0
22 23 1.5 1 1 0
23 24 1.5 1 1 0
24 25 1.5 1 1 0
25 26 1.5 1 1 0
26 27 1 1 0 0
26 28 1.5 1 1 0
20 29 1 0 1 0
29 30 1 0 1 0
13 31 1 0 1 0
31 32 1 0 1 0
9 33 1 0 1 0
33 34 1 0 1 0
34 35 1 0 1 0
7 2 1.5 1 1 0
32 10 1 0 1 0
35 5 1 0 1 0
30 16 1 0 1 0
28 22 1.5 1 1 0
23 26 1
7 1 2 0 4 0 0 14.007 -0.3259068261 -1.019 2.262 0
6 3 1 0 4 0 1 12.011 0.02442122645 -0.2051 2.731 0
6 2 2 0 4 0 1 12.011 -0.03598231376 0.1441 2.503 0
6 2 2 0 4 0 1 12.011 -0.05167707355 0.1441 2.503 0
6 2 2 0 4 0 1 12.011 -0.05123621684 0.1441 2.503 0
6 2 2 0 4 0 1 12.011 -0.03125613256 0.1441 2.503 0
6 3 1 0 4 0 1 12.011 0.04410795942 -0.2051 2.731 0
7 2 1 0 3 0 0 14.007 -0.3499159334 -0.5188 3 0
6 3 0 0 3 1 1 12.011 0.2229649451 0.4619 4.067 0
7 2 0 0 3 1 1 14.007 -0.2216251989 -0.3239 2.202 0
6 2 1 0 3 1 1 12.011 0.03299722103 0.1581 3.35 0
6 2 1 0 3 1 1 12.011 -0.01706520071 0.1581 3.35 0
6 3 0 0 3 1 1 12.011 0.07798123417 0.2713 3.904 0
6 3 0 0 3 1 1 12.011 0.02735678068 0.2713 3.904 0
6 2 1 0 3 1 1 12.011 0.01263652705 0.1581 3.35 0
7 2 1 0 3 1 1 14.007 -0.3454551833 -0.3239 2.202 0
6 3 0 0 3 1 1 12.011 0.1374061039 0.2955 4.346 0
7 2 0 0 3 1 1 14.007 -0.2385429304 -0.3239 2.202 0
6 2 1 0 3 1 1 12.011 0.02927182023 0.1581 3.35 0
6 2 1 0 3 1 1 12.011 -0.04302720079 0.1581 3.35 0
6 2 1 0 3 1 1 12.011 -0.048993148 0.1581 3.35 0
6 3 0 0 3 1 1 12.011 0.02808587342 0.2955 4.346 0
7 2 0 0 3 1 1 14.007 -0.2129626916 -0.3239 2.202 0
0 1 1 0 0 0
1 2 1 0 1 0
2 3 1 0 1 0
3 4 1 0 1 0
4 5 1 0 1 0
5 6 1 0 1 0
6 7 1 0 0 0
7 8 1 1 0 0
8 9 1.5 1 1 0
9 10 1.5 1 1 0
10 11 1.5 1 1 0
11 12 1.5 1 1 0
12 13 1 1 0 0
13 14 1.5 1 1 0
14 15 1.5 1 1 0
15 16 1.5 1 1 0
16 17 1.5 1 1 0
17 18 1.5 1 1 0
18 19 1.5 1 1 0
19 20 1.5 1 1 0
20 21 1.5 1 1 0
12 22 1.5 1 1 0
6 1 1 0 1 0
22 8 1.5 1 1 0
21 13 1.5 1 1 0
21 16 1.5 1 1 0
28 31 1
6 1 3 0 4 0 0 12.011 -0.03759794128 0.08452 2.464 0
6 3 0 0 3 1 1 12.011 -0.02440110411 0.136 3.509 0
6 2 1 0 3 1 1 12.011 -0.05108714007 0.1581 3.35 0
6 3 0 0 3 1 1 12.011 -0.01525941481 0.136 3.509 0
6 2 2 0 4 0 0 12.011 0.0248632743 -0.0516 2.488 0
7 3 0 0 4 0 1 14.007 -0.2989291547 -0.3187 1.839 0
6 2 2 0 4 0 1 12.011 -0.0002975534614 -0.2035 2.753 0
6 2 2 0 4 0 1 12.011 -0.02752300808 0.1441 2.503 0
6 2 2 0 4 0 1 12.011 -0.0002975534614 -0.2035 2.753 0
6 2 1 0 3 1 1 12.011 0.03202070504 0.1581 3.35 0
7 2 0 0 3 1 1 14.007 -0.2556466936 -0.3239 2.202 0
6 3 0 0 3 1 1 12.011 0.07308115697 0.2713 3.904 0
6 3 0 0 3 1 1 12.011 0.0004169903365 0.2713 3.904 0
6 2 1 0 3 1 1 12.011 -0.05201198502 0.1581 3.35 0
6 2 1 0 3 1 1 12.011 -0.048777567 0.1581 3.35 0
6 3 0 0 3 1 1 12.011 0.03971123324 0.136 3.509 0
6 2 1 0 3 1 1 12.011 -0.048777567 0.1581 3.35 0
6 2 1 0 3 1 1 12.011 -0.05201198502 0.1581 3.35 0
6 3 0 0 3 0 0 12.011 0.2552170597 -0.2783 5.007 0
8 1 0 0 3 0 0 15.999 -0.2689288752 0.1129 0.2215 0
7 2 1 0 3 0 0 14.007 -0.3201614492 -0.5188 3 0
6 3 0 0 3 1 1 12.011 0.06419508798 0.4619 4.067 0
6 2 1 0 3 1 1 12.011 -0.03639973307 0.1581 3.35 0
6 2 1 0 3 1 1 12.011 -0.06004693837 0.1581 3.35 0
6 2 1 0 3 1 1 12.011 -0.06006724063 0.1581 3.35 0
6 2 1 0 3 1 1 12.011 -0.03702692594 0.1581 3.35 0
6 3 0 0 3 1 1 12.011 0.05537867576 0.4619 4.067 0
7 1 2 0 3 0 0 14.007 -0.3970455395 -1.027 2.827 0
0 1 1 0 0 0
1 2 1.5 1 1 0
2 3 1.5 1 1 0
3 4 1 0 0 0
4 5 1 0 0 0
5 6 1 0 1 0
6 7 1 0 1 0
7 8 1 0 1 0
3 9 1.5 1 1 0
9 10 1.5 1 1 0
10 11 1.5 1 1 0
11 12 1 1 0 0
12 13 1.5 1 1 0
13 14 1.5 1 1 0
14 15 1.5 1 1 0
15 16 1.5 1 1 0
16 17 1.5 1 1 0
15 18 1 1 0 0
18 19 2 1 0 0
18 20 1 1 0 0
20 21 1 1 0 0
21 22 1.5 1 1 0
22 23 1.5 1 1 0
23 24 1.5 1 1 0
24 25 1.5 1 1 0
25 26 1.5 1 1 0
26 27 1 1 0 0
11 1 1.5 1 1 0
8 5 1 0 1 0
17 12 1.5 1 1 0
26 21 1.5 1 1 0
38 42 1
6 1 3 0 4 0 0 12.011 0.04339537403 -0.2035 2.753 0
16 4 0 0 4 0 0 32.067 0.1756325629 -0.0024 7.365 0
8 1 0 0 3 0 0 15.999 -0.2239685868 -0.3339 0.7774 0
8 1 0 0 3 0 0 15.999 -0.2239685868 -0.3339 0.7774 0
6 3 0 0 3 1 1 12.011 0.07437689318 0.1893 2.673 0
6 2 1 0 3 1 1 12.011 -0.04289658869 0.1581 3.35 0
6 2 1 0 3 1 1 12.011 -0.06092794748 0.1581 3.35 0
6 2 1 0 3 1 1 12.011 -0.06156503983 0.1581 3.35 0
6 2 1 0 3 1 1 12.011 -0.05306826325 0.1581 3.35 0
6 3 0 0 3 1 1 12.011 0.0003917334281 0.2713 3.904 0
6 3 0 0 3 1 1 12.011 -0.01402856492 0.2713 3.904 0
6 2 1 0 3 1 1 12.011 -0.05205259409 0.1581 3.35 0
6 2 1 0 3 1 1 12.011 -0.03468225743 0.1581 3.35 0
6 3 0 0 3 1 1 12.011 0.07962605886 0.4619 4.067 0
7 3 0 0 3 0 1 14.007 -0.30827084 -0.4458 2.819 0
6 2 2 0 4 0 1 12.011 0.02602422091 -0.2035 2.753 0
6 2 2 0 4 0 1 12.011 -0.03298107707 0.1441 2.503 0
6 2 2 0 4 0 1 12.011 -0.02594946178 0.1441 2.503 0
6 3 1 0 4 0 1 12.011 0.1013625347 -0.2051 2.731 0
7 2 1 0 4 0 0 14.007 -0.1979368455 -0.7096 2.173 0
16 4 0 0 4 0 0 32.067 0.2502950392 -0.0024 7.365 0
8 1 0 0 3 0 0 15.999 -0.2062260722 -0.3339 0.7774 0
8 1 0 0 3 0 0 15.999 -0.2062260722 -0.3339 0.7774 0
6 3 0 0 3 1 1 12.011 0.1350628494 0.1893 2.673 0
6 2 1 0 3 1 1 12.011 -0.03039869539 0.1581 3.35 0
6 2 1 0 3 1 1 12.011 -0.04040273626 0.1581 3.35 0
6 3 0 0 3 1 1 12.011 0.05765058893 0.2713 3.904 0
6 3 0 0 3 1 1 12.011 0.1233262551 0.2713 3.904 0
6 2 1 0 3 1 1 12.011 0.006546607791 0.1581 3.35 0
6 2 1 0 3 1 1 12.011 0.1239898198 0.1581 3.35 0
8 2 0 0 3 1 1 15.999 -0.3641177496 0.1552 1.08 0
7 2 0 0 3 1 1 14.007 -0.07911399931 -0.3239 2.202 0
16 2 0 0 3 1 1 32.067 -0.1205495374 0.6237 6.691 0
6 3 0 0 3 0 1 12.011 0.2447529471 -0.2783 5.007 0
8 1 0 0 3 0 0 15.999 -0.2726447432 -0.1526 0 0
6 3 0 0 3 1 1 12.011 0.1470383634 0 3.257 0
9 1 0 0 4 0 0 18.998 -0.2046724963 0.4202 1.108 0
6 2 1 0 3 1 1 12.011 -0.01622111056 0.1581 3.35 0
0 1 1 0 0 0
1 2 2 0 0 0
1 3 2 0 0 0
1 4 1 0 0 0
4 5 1.5 1 1 0
5 6 1.5 1 1 0
6 7 1.5 1 1 0
7 8 1.5 1 1 0
8 9 1.5 1 1 0
9 10 1 1 0 0
10 11 1.5 1 1 0
11 12 1.5 1 1 0
12 13 1.5 1 1 0
13 14 1 1 0 0
14 15 1 0 1 0
15 16 1 0 1 0
16 17 1 0 1 0
17 18 1 0 1 0
18 19 1 0 0 0
19 20 1 0 0 0
20 21 2 0 0 0
20 22 2 0 0 0
20 23 1 0 0 0
23 24 1.5 1 1 0
24 25 1.5 1 1 0
25 26 1.5 1 1 0
26 27 1 1 0 0
27 28 1.5 1 1 0
28 29 1.5 1 1 0
29 30 1.5 1 1 0
30 31 1.5 1 1 0
26 32 1.5 1 1 0
18 33 1 0 1 0
33 34 2 1 0 0
13 35 1.5 1 1 0
35 36 1 0 0 0
35 37 1.5 1 1 0
9 4 1.5 1 1 0
37 10 1.5 1 1 0
33 14 1 1 1 0
32 23 1.5 1 1 0
31 27 1.5 1 1 0
25 28 1
17 1 0 0 4 0 0 35.453 -0.08431892304 0.6895 5.853 0
6 3 0 0 3 1 1 12.011 0.04130939292 0.245 3.564 0
6 2 1 0 3 1 1 12.011 -0.0414189966 0.1581 3.35 0
6 2 1 0 3 1 1 12.011 -0.03652198626 0.1581 3.35 0
6 3 0 0 3 1 1 12.011 0.04578507973 0.2955 4.346 0
7 2 1 0 3 1 1 14.007 -0.3608379705 -0.3239 2.202 0
6 2 1 0 3 1 1 12.011 0.006208147229 0.1581 3.35 0
6 3 0 0 3 1 1 12.011 -0.008521202252 0.136 3.509 0
6 2 2 0 4 0 0 12.011 0.02564970319 -0.0516 2.488 0
7 3 0 0 4 0 1 14.007 -0.2940047279 -0.3187 1.839 0
6 2 2 0 4 0 1 12.011 0.02217555434 -0.2035 2.753 0
6 2 2 0 4 0 1 12.011 0.05993144965 -0.2035 2.753 0
8 2 0 0 4 0 1 15.999 -0.3720003693 -0.0684 1.085 0
6 3 1 0 4 0 1 12.011 0.1041819239 -0.2051 2.731 -1
6 2 2 0 4 0 0 12.011 0.1156171856 -0.2035 2.753 0
8 2 0 0 3 0 0 15.999 -0.4908388213 -0.4195 1.182 0
6 3 0 0 3 1 1 12.011 0.1189364254 0.5437 3.853 0
6 2 1 0 3 1 1 12.011 -0.01996541542 0.1581 3.35 0
6 2 1 0 3 1 1 12.011 -0.05858534418 0.1581 3.35 0
6 2 1 0 3 1 1 12.011 -0.06199973827 0.1581 3.35 0
6 2 1 0 3 1 1 12.011 -0.05858534418 0.1581 3.35 0
6 2 1 0 3 1 1 12.011 -0.01996541542 0.1581 3.35 0
6 2 2 0 4 0 1 12.011 0.0283669695 -0.2035 2.753 0
6 3 0 0 3 1 1 12.011 0.005346708134 0.2955 4.346 0
6 2 1 0 3 1 1 12.011 -0.03378194996 0.1581 3.35 0
0 1 1 0 0 0
1 2 1.5 1 1 0
2 3 1.5 1 1 0
3 4 1.5 1 1 0
4 5 1.5 1 1 0
5 6 1.5 1 1 0
6 7 1.5 1 1 0
7 8 1 0 0 0
8 9 1 0 0 0
9 10 1 0 1 0
10 11 1 0 1 0
11 12 1 0 1 0
12 13 1 0 1 0
13 14 1 0 0 0
14 15 1 0 0 0
15 16 1 1 0 0
16 17 1.5 1 1 0
17 18 1.5 1 1 0
18 19 1.5 1 1 0
19 20 1.5 1 1 0
20 21 1.5 1 1 0
13 22 1 0 1 0
7 23 1.5 1 1 0
23 24 1.5 1 1 0
24 1 1.5 1 1 0
23 4 1.5 1 1 0
22 9 1 0 1 0
21 16 1.5 1 1 0
29 32 1
6 1 3 0 4 0 0 12.011 -0.03974693319 0.08452 2.464 0
6 3 0 0 3 1 1 12.011 -0.0501852363 0.136 3.509 0
6 2 1 0 3 1 1 12.011 -0.05720868782 0.1581 3.35 0
6 2 1 0 3 1 1 12.011 -0.03743644836 0.1581 3.35 0
6 3 0 0 3 1 1 12.011 0.05386400827 0.4619 4.067 0
7 2 1 0 3 0 0 14.007 -0.3204821071 -0.5188 3 0
6 3 0 0 3 0 0 12.011 0.2668296228 -0.2783 5.007 0
8 1 0 0 3 0 0 15.999 -0.2679261148 0.1129 0.2215 0
6 3 0 0 3 1 1 12.011 0.112043593 0.136 3.509 0
16 2 0 0 3 1 1 32.067 -0.1284333684 0.6237 6.691 0
6 3 0 0 3 1 1 12.011 0.03662513925 0.2955 4.346 0
6 2 1 0 3 1 1 12.011 -0.0442548036 0.1581 3.35 0
6 2 1 0 3 1 1 12.011 -0.06081863375 0.1581 3.35 0
6 2 1 0 3 1 1 12.011 -0.06151827642 0.1581 3.35 0
6 2 1 0 3 1 1 12.011 -0.05200700876 0.1581 3.35 0
6 3 0 0 3 1 1 12.011 0.0119640087 0.2955 4.346 0
6 3 0 0 3 1 1 12.011 0.07205683096 0.245 3.564 0
17 1 0 0 4 0 0 35.453 -0.08186411727 0.6895 5.853 0
6 3 0 0 3 1 1 12.011 0.06355886927 0.136 3.509 0
6 3 0 0 3 0 0 12.011 0.2584363358 -0.2783 5.007 0
8 1 0 0 3 0 0 15.999 -0.2687950867 0.1129 0.2215 0
7 2 1 0 3 0 0 14.007 -0.3064992029 -0.5188 3 0
6 3 0 0 3 1 1 12.011 0.1322171946 0.4619 4.067 0
6 2 1 0 3 1 1 12.011 -0.01917062041 0.1581 3.35 0
6 2 1 0 3 1 1 12.011 -0.05705798006 0.1581 3.35 0
6 2 1 0 3 1 1 12.011 -0.04364902077 0.1581 3.35 0
6 2 1 0 3 1 1 12.011 0.02922475789 0.1581 3.35 0
7 2 0 0 3 1 1 14.007 -0.23911085 -0.3239 2.202 0
6 2 1 0 3 1 1 12.011 -0.04438845053 0.1581 3.35 0
0 1 1 0 0 0
1 2 1.5 1 1 0
2 3 1.5 1 1 0
3 4 1.5 1 1 0
4 5 1 1 0 0
5 6 1 1 0 0
6 7 2 1 0 0
6 8 1 1 0 0
8 9 1.5 1 1 0
9 10 1.5 1 1 0
10 11 1.5 1 1 0
11 12 1.5 1 1 0
12 13 1.5 1 1 0
13 14 1.5 1 1 0
14 15 1.5 1 1 0
15 16 1.5 1 1 0
16 17 1 0 0 0
4 18 1.5 1 1 0
18 19 1 1 0 0
19 20 2 1 0 0
19 21 1 1 0 0
21 22 1 1 0 0
22 23 1.5 1 1 0
23 24 1.5 1 1 0
24 25 1.5 1 1 0
25 26 1.5 1 1 0
26 27 1.5 1 1 0
18 28 1.5 1 1 0
28 1 1.5 1 1 0
16 8 1.5 1 1 0
27 22 1.5 1 1 0
15 10 1.5 1 1 0
42 46 1
6 1 3 0 4 0 0 12.011 -0.03596218423 0.08452 2.464 0
6 3 0 0 3 1 1 12.011 -0.00529866372 0.136 3.509 0
6 2 1 0 3 1 1 12.011 -0.01332122593 0.1581 3.35 0
6 3 0 0 3 1 1 12.011 0.1201193586 0.5437 3.853 0
8 2 0 0 3 0 0 15.999 -0.4838648317 -0.4195 1.182 0
6 2 2 0 4 0 0 12.011 0.1642463279 -0.0516 2.488 0
6 3 0 0 3 1 1 12.011 0.2330791614 0.136 3.509 0
7 2 0 0 3 1 1 14.007 -0.2099973642 -0.3239 2.202 0
6 3 0 0 3 1 1 12.011 0.1173593789 0.2713 3.904 0
6 3 0 0 3 1 1 12.011 0.004376663774 0.2713 3.904 0
6 2 1 0 3 1 1 12.011 -0.04898871233 0.1581 3.35 0
6 2 1 0 3 1 1 12.011 -0.01927487153 0.1581 3.35 0
6 3 0 0 3 1 1 12.011 0.119259336 0.5437 3.853 0
8 2 0 0 3 0 0 15.999 -0.4904439274 -0.4195 1.182 0
6 3 1 0 4 0 1 12.011 0.09870196569 -0.2051 2.731 0
6 2 2 0 4 0 1 12.011 -0.01587482961 0.1441 2.503 0
6 2 2 0 4 0 1 12.011 -0.04964855699 0.1441 2.503 0
6 2 2 0 4 0 1 12.011 -0.04964855699 0.1441 2.503 0
6 2 2 0 4 0 1 12.011 -0.01587482961 0.1441 2.503 0
6 2 1 0 3 1 1 12.011 -0.01927487153 0.1581 3.35 0
6 2 1 0 3 1 1 12.011 -0.04898871233 0.1581 3.35 0
6 3 0 0 3 1 1 12.011 0.1623656289 0.2713 3.904 0
6 3 0 0 3 1 1 12.011 0.01979734464 0.2713 3.904 0
6 2 1 0 3 1 1 12.011 -0.04746770857 0.1581 3.35 0
6 2 1 0 3 1 1 12.011 -0.01885095819 0.1581 3.35 0
6 3 0 0 3 1 1 12.011 0.1290239655 0.5437 3.853 0
8 2 0 0 3 0 0 15.999 -0.4057992594 -0.4195 1.182 0
6 4 0 0 4 0 0 12.011 0.5725963035 -0.2051 2.731 0
9 1 0 0 4 0 0 18.998 -0.1323071795 0.4202 1.108 0
9 1 0 0 4 0 0 18.998 -0.1323071795 0.4202 1.108 0
9 1 0 0 4 0 0 18.998 -0.1323071795 0.4202 1.108 0
6 2 1 0 3 1 1 12.011 -0.01885095819 0.1581 3.35 0
6 2 1 0 3 1 1 12.011 -0.04746770857 0.1581 3.35 0
8 2 0 0 3 1 1 15.999 -0.4363255617 0.1552 1.08 0
6 2 1 0 3 1 1 12.011 -0.016242547 0.1581 3.35 0
6 2 1 0 3 1 1 12.011 -0.01598282975 0.1581 3.35 0
6 3 0 0 3 1 1 12.011 0.1228619395 0.5437 3.853 0
8 2 0 0 3 0 0 15.999 -0.481635214 -0.4195 1.182 0
6 2 2 0 4 0 0 12.011 0.1851072098 -0.2035 2.753 0
6 3 0 0 3 0 0 12.011 0.3412224043 -0.2783 5.007 0
8 1 0 0 3 0 0 15.999 -0.2483547323 -0.1526 0 0
8 1 1 0 3 0 0 15.999 -0.4787231759 -0.2893 0.8238 0
0 1 1 0 0 0
1 2 1.5 1 1 0
2 3 1.5 1 1 0
3 4 1 1 0 0
4 5 1 0 0 0
5 6 1 0 0 0
6 7 1.5 1 1 0
7 8 1.5 1 1 0
8 9 1 1 0 0
9 10 1.5 1 1 0
10 11 1.5 1 1 0
11 12 1.5 1 1 0
12 13 1 1 0 0
13 14 1 0 0 0
14 15 1 0 1 0
15 16 1 0 1 0
16 17 1 0 1 0
17 18 1 0 1 0
12 19 1.5 1 1 0
19 20 1.5 1 1 0
8 21 1.5 1 1 0
21 22 1 1 0 0
22 23 1.5 1 1 0
23 24 1.5 1 1 0
24 25 1.5 1 1 0
25 26 1 1 0 0
26 27 1 0 0 0
27 28 1 0 0 0
27 29 1 0 0 0
27 30 1 0 0 0
25 31 1.5 1 1 0
31 32 1.5 1 1 0
21 33 1.5 1 1 0
3 34 1.5 1 1 0
34 35 1.5 1 1 0
35 36 1.5 1 1 0
36 37 1 1 0 0
37 38 1 0 0 0
38 39 1 0 0 0
39 40 2 1 0 0
39 41 1 1 0 0
36 1 1.5 1 1 0
33 6 1.5 1 1 0
20 9 1.5 1 1 0
32 22 1.5 1 1 0
18 14 1 0 1 0
36 39 1
6 1 3 0 4 0 0 12.011 -0.06500806229 0.1441 2.503 0
6 2 2 0 4 0 0 12.011 -0.05051757572 0.1441 2.503 0
6 2 2 0 4 0 0 12.011 -0.008490141154 -0.0516 2.488 0
6 3 0 0 3 1 1 12.011 0.07215239782 0.136 3.509 0
6 3 0 0 3 1 1 12.011 0.1730635349 0.136 3.509 0
6 3 0 0 3 0 0 12.011 0.2732629194 -0.2783 5.007 0
8 1 0 0 3 0 0 15.999 -0.267359848 0.1129 0.2215 0
7 2 1 0 3 0 0 14.007 -0.3505811335 -0.7096 2.173 0
6 2 2 0 4 0 0 12.011 0.01778416375 -0.2035 2.753 0
6 2 2 0 4 0 0 12.011 -0.03446711444 0.1441 2.503 0
6 2 2 0 4 0 0 12.011 -0.0387397252 0.1441 2.503 0
6 2 2 0 4 0 0 12.011 -0.001658098661 -0.2035 2.753 0
7 3 0 0 4 0 1 14.007 -0.2998240582 -0.3187 1.839 0
6 2 2 0 4 0 1 12.011 0.01585624949 -0.2035 2.753 0
6 2 2 0 4 0 1 12.011 0.03071622817 -0.2035 2.753 0
7 3 0 0 3 0 1 14.007 -0.3659776599 -0.4458 2.819 0
6 3 0 0 3 1 1 12.011 0.07941879349 0.4619 4.067 0
6 2 1 0 3 1 1 12.011 -0.03492963702 0.1581 3.35 0
6 2 1 0 3 1 1 12.011 -0.05993244215 0.1581 3.35 0
6 2 1 0 3 1 1 12.011 -0.05842881478 0.1581 3.35 0
6 2 1 0 3 1 1 12.011 -0.01780624987 0.1581 3.35 0
6 3 0 0 3 1 1 12.011 0.141655016 0.5437 3.853 0
8 2 0 0 3 0 0 15.999 -0.4945862545 -0.4195 1.182 0
6 1 3 0 4 0 0 12.011 0.07762490247 -0.2035 2.753 0
6 2 2 0 4 0 1 12.011 0.03071622817 -0.2035 2.753 0
6 2 2 0 4 0 1 12.011 0.01585624949 -0.2035 2.753 0
7 2 0 0 3 1 1 14.007 -0.1247249636 -0.3239 2.202 0
7 2 0 0 3 1 1 14.007 -0.06601441318 -0.3239 2.202 0
7 3 0 0 3 1 1 14.007 -0.2441300904 -0.3239 2.202 0
6 2 2 0 4 0 0 12.011 0.06801715772 -0.0516 2.488 0
6 3 0 0 3 1 1 12.011 -0.02645171403 0.136 3.509 0
6 2 1 0 3 1 1 12.011 -0.05717201242 0.1581 3.35 0
6 2 1 0 3 1 1 12.011 -0.06192577735 0.1581 3.35 0
6 2 1 0 3 1 1 12.011 -0.06224647431 0.1581 3.35 0
6 2 1 0 3 1 1 12.011 -0.06192577735 0.1581 3.35 0
6 2 1 0 3 1 1 12.011 -0.05717201242 0.1581 3.35 0
0 1 1 0 0 0
1 2 1 0 0 0
2 3 1 0 0 0
3 4 1.5 1 1 0
4 5 1 1 0 0
5 6 2 1 0 0
5 7 1 1 0 0
7 8 1 0 0 0
8 9 1 0 0 0
9 10 1 0 0 0
10 11 1 0 0 0
11 12 1 0 0 0
12 13 1 0 1 0
13 14 1 0 1 0
14 15 1 0 1 0
15 16 1 1 0 0
16 17 1.5 1 1 0
17 18 1.5 1 1 0
18 19 1.5 1 1 0
19 20 1.5 1 1 0
20 21 1.5 1 1 0
21 22 1 1 0 0
22 23 1 0 0 0
15 24 1 0 1 0
24 25 1 0 1 0
4 26 1.5 1 1 0
26 27 1.5 1 1 0
27 28 1.5 1 1 0
28 29 1 0 0 0
29 30 1 0 0 0
30 31 1.5 1 1 0
31 32 1.5 1 1 0
32 33 1.5 1 1 0
33 34 1.5 1 1 0
34 35 1.5 1 1 0
28 3 1.5 1 1 0
35 30 1.5 1 1 0
25 12 1 0 1 0
21 16 1.5 1 1 0
22 25 1
6 1 3 0 4 0 0 12.011 -0.01336454191 -0.2035 2.753 0
7 3 0 0 4 0 1 14.007 -0.3057312649 -0.3187 1.839 0
6 2 2 0 4 0 1 12.011 0.001599538245 -0.2035 2.753 0
6 2 2 0 4 0 1 12.011 -0.01819130345 0.1441 2.503 0
6 3 0 0 3 0 1 12.011 -0.05918353815 0.1551 3.513 0
6 3 0 0 3 0 1 12.011 -0.01063968678 0.264 4.305 0
6 3 0 0 3 1 1 12.011 -0.01056319302 0.136 3.509 0
6 2 1 0 3 1 1 12.011 -0.05375879731 0.1581 3.35 0
6 2 1 0 3 1 1 12.011 -0.06160779575 0.1581 3.35 0
6 2 1 0 3 1 1 12.011 -0.06162899299 0.1581 3.35 0
6 2 1 0 3 1 1 12.011 -0.05436037113 0.1581 3.35 0
6 3 0 0 3 1 1 12.011 -0.01775965025 0.136 3.509 0
6 2 1 0 3 0 1 12.011 -0.05374354356 0.264 4.305 0
6 2 1 0 3 0 1 12.011 -0.05374354356 0.264 4.305 0
6 3 0 0 3 1 1 12.011 -0.01775965025 0.136 3.509 0
6 2 1 0 3 1 1 12.011 -0.05436037113 0.1581 3.35 0
6 2 1 0 3 1 1 12.011 -0.06162899299 0.1581 3.35 0
6 2 1 0 3 1 1 12.011 -0.06160779575 0.1581 3.35 0
6 2 1 0 3 1 1 12.011 -0.05375879731 0.1581 3.35 0
6 3 0 0 3 1 1 12.011 -0.01056319302 0.136 3.509 0
6 2 2 0 4 0 1 12.011 -0.01819130345 0.1441 2.503 0
6 2 2 0 4 0 1 12.011 0.001599538245 -0.2035 2.753 0
0 1 1 0 0 0
1 2 1 0 1 0
2 3 1 0 1 0
3 4 1 0 1 0
4 5 2 1 0 0
5 6 1 1 1 0
6 7 1.5 1 1 0
7 8 1.5 1 1 0
8 9 1.5 1 1 0
9 10 1.5 1 1 0
10 11 1.5 1 1 0
11 12 1 1 1 0
12 13 2 1 1 0
13 14 1 1 1 0
14 15 1.5 1 1 0
15 16 1.5 1 1 0
16 17 1.5 1 1 0
17 18 1.5 1 1 0
18 19 1.5 1 1 0
4 20 1 0 1 0
20 21 1 0 1 0
21 1 1 0 1 0
19 5 1 1 1 0
11 6 1.5 1 1 0
19 14 1.5 1 1 0
20 22 1
6 2 1 0 3 1 1 12.011 -0.06211739268 0.1581 3.35 0
6 2 1 0 3 1 1 12.011 -0.0602001494 0.1581 3.35 0
6 2 1 0 3 1 1 12.011 -0.0384749176 0.1581 3.35 0
6 3 0 0 3 1 1 12.011 0.04236644212 0.4619 4.067 0
7 2 1 0 3 0 0 14.007 -0.3079618228 -0.5188 3 0
6 3 0 0 3 1 1 12.011 0.3195356622 0.4619 4.067 0
7 2 0 0 3 1 1 14.007 -0.09035981104 -0.3239 2.202 0
7 2 0 0 3 1 1 14.007 -0.1111607084 -0.3239 2.202 0
6 3 0 0 3 1 1 12.011 0.2193782871 0.136 3.509 0
6 2 2 0 4 0 0 12.011 0.0387674104 -0.0516 2.488 0
6 2 2 0 4 0 0 12.011 0.006901692365 -0.2035 2.753 0
7 3 0 0 4 0 1 14.007 -0.3028247871 -0.3187 1.839 0
6 2 2 0 4 0 1 12.011 -0.001856534908 -0.2035 2.753 0
6 2 2 0 4 0 1 12.011 -0.04036925499 0.1441 2.503 0
6 2 2 0 4 0 1 12.011 -0.05087041049 0.1441 2.503 0
6 2 2 0 4 0 1 12.011 -0.04036925499 0.1441 2.503 0
6 2 2 0 4 0 1 12.011 -0.001856534908 -0.2035 2.753 0
8 2 0 0 3 1 1 15.999 -0.4078533829 0.1552 1.08 0
6 2 1 0 3 1 1 12.011 -0.0384749176 0.1581 3.35 0
6 2 1 0 3 1 1 12.011 -0.0602001494 0.1581 3.35 0
0 1 1.5 1 1 0
1 2 1.5 1 1 0
2 3 1.5 1 1 0
3 4 1 1 0 0
4 5 1 1 0 0
5 6 1.5 1 1 0
6 7 1.5 1 1 0
7 8 1.5 1 1 0
8 9 1 0 0 0
9 10 1 0 0 0
10 11 1 0 0 0
11 12 1 0 1 0
12 13 1 0 1 0
13 14 1 0 1 0
14 15 1 0 1 0
15 16 1 0 1 0
8 17 1.5 1 1 0
3 18 1.5 1 1 0
18 19 1.5 1 1 0
19 0 1.5 1 1 0
17 5 1.5 1 1 0
16 11 1 0 1 0
24 27 1
6 1 3 0 4 0 0 12.011 -0.06416249832 0.1441 2.503 0
6 2 2 0 4 0 0 12.011 -0.04326206399 0.1441 2.503 0
6 2 2 0 4 0 0 12.011 -0.001595186806 -0.2035 2.753 0
7 3 0 0 4 0 1 14.007 -0.2945212046 -0.3187 1.839 0
6 2 2 0 4 0 1 12.011 0.0292218301 -0.2035 2.753 0
6 3 1 0 4 0 1 12.011 0.09605826473 0.1193 2.582 0
6 3 0 0 3 1 1 12.011 -0.01799619435 0.136 3.509 0
6 2 1 0 3 1 1 12.011 -0.05638614051 0.1581 3.35 0
6 2 1 0 3 1 1 12.011 -0.06189644807 0.1581 3.35 0
6 2 1 0 3 1 1 12.011 -0.06224549737 0.1581 3.35 0
6 2 1 0 3 1 1 12.011 -0.06189644807 0.1581 3.35 0
6 2 1 0 3 1 1 12.011 -0.05638614051 0.1581 3.35 0
8 2 0 0 4 0 1 15.999 -0.3626078746 -0.0684 1.085 0
6 3 1 0 4 0 1 12.011 0.09926495604 0.1193 2.582 0
6 3 0 0 3 1 1 12.011 -0.01082532292 0.136 3.509 0
6 2 1 0 3 1 1 12.011 -0.01406922577 0.1581 3.35 0
6 3 0 0 3 1 1 12.011 0.1154693028 0.5437 3.853 0
8 1 1 0 3 0 0 15.999 -0.5079542947 -0.2893 0.8238 0
6 2 1 0 3 1 1 12.011 -0.01993145689 0.1581 3.35 0
6 2 1 0 3 1 1 12.011 -0.05499577303 0.1581 3.35 0
6 3 0 0 3 1 1 12.011 -0.0418110629 0.136 3.509 0
6 2 2 0 4 0 1 12.011 -0.02591005347 -0.0516 2.488 0
6 2 2 0 4 0 1 12.011 -0.03058928494 0.1441 2.503 0
6 3 1 0 4 0 1 12.011 0.0405066518 -0.2051 2.731 0
0 1 1 0 0 0
1 2 1 0 0 0
2 3 1 0 0 0
3 4 1 0 1 0
4 5 1 0 1 0
5 6 1 0 0 0
6 7 1.5 1 1 0
7 8 1.5 1 1 0
8 9 1.5 1 1 0
9 10 1.5 1 1 0
10 11 1.5 1 1 0
5 12 1 0 1 0
12 13 1 0 1 0
13 14 1 0 1 0
14 15 1.5 1 1 0
15 16 1.5 1 1 0
16 17 1 1 0 0
16 18 1.5 1 1 0
18 19 1.5 1 1 0
19 20 1.5 1 1 0
20 21 1 0 1 0
21 22 1 0 1 0
22 23 1 0 1 0
23 3 1 0 1 0
11 6 1.5 1 1 0
23 13 1 0 1 0
20 14 1.5 1 1 0
28 32 1
6 1 3 0 4 0 0 12.011 -0.04802665284 0.1441 2.503 0
6 3 1 0 4 0 1 12.011 0.02188106061 -0.2051 2.731 -1
6 2 2 0 4 0 1 12.011 0.03599923868 -0.2035 2.753 0
7 3 0 0 3 0 1 14.007 -0.3354785274 -0.3187 1.839 0
6 3 0 0 3 0 0 12.011 0.2556404351 -0.2783 5.007 0
8 1 0 0 3 0 0 15.999 -0.2689976812 0.1129 0.2215 0
6 3 0 0 3 1 1 12.011 0.0652233982 0.136 3.509 0
6 2 1 0 3 1 1 12.011 0.0181486487 0.1581 3.35 0
7 3 0 0 3 1 1 14.007 -0.3368738581 -0.3239 2.202 0
6 3 0 0 3 1 1 12.011 0.09195590064 0.2955 4.346 0
6 3 0 0 3 1 1 12.011 0.1431987748 0.5437 3.853 0
6 2 1 0 3 1 1 12.011 -0.01772797569 0.1581 3.35 0
6 2 1 0 3 1 1 12.011 -0.05780494833 0.1581 3.35 0
6 2 1 0 3 1 1 12.011 -0.05174730192 0.1581 3.35 0
6 3 0 0 3 1 1 12.011 0.01622093882 0.2955 4.346 0
8 2 0 0 3 0 1 15.999 -0.4892068632 -0.4195 1.182 0
6 2 2 0 4 0 1 12.011 0.1092840642 -0.2035 2.753 0
6 3 1 0 4 0 1 12.011 0.07067027761 0.1193 2.582 1
6 3 1 0 4 0 1 12.011 -0.0171555647 0 2.433 0
6 2 2 0 4 0 1 12.011 -0.04833874124 0.1441 2.503 0
6 2 2 0 4 0 1 12.011 -0.05296303452 0.1441 2.503 0
6 2 2 0 4 0 1 12.011 -0.05328303392 0.1441 2.503 0
6 2 2 0 4 0 1 12.011 -0.05296303452 0.1441 2.503 0
6 2 2 0 4 0 1 12.011 -0.04833874124 0.1441 2.503 0
6 2 2 0 4 0 1 12.011 0.03599923868 -0.2035 2.753 0
6 3 1 0 4 0 1 12.011 0.02188106061 -0.2051 2.731 1
6 1 3 0 4 0 0 12.011 -0.04802665284 0.1441 2.503 0
7 2 1 0 4 0 1 14.007 -0.3082558907 -0.7096 2.173 0
0 1 1 0 0 0
1 2 1 0 1 0
2 3 1 0 1 0
3 4 1 1 0 0
4 5 2 1 0 0
4 6 1 1 0 0
6 7 1.5 1 1 0
7 8 1.5 1 1 0
8 9 1.5 1 1 0
9 10 1.5 1 1 0
10 11 1.5 1 1 0
11 12 1.5 1 1 0
12 13 1.5 1 1 0
13 14 1.5 1 1 0
10 15 1 1 1 0
15 16 1 0 1 0
16 17 1 0 1 0
17 18 1 0 0 0
18 19 1 0 1 0
19 20 1 0 1 0
20 21 1 0 1 0
21 22 1 0 1 0
22 23 1 0 1 0
3 24 1 0 1 0
24 25 1 0 1 0
25 26 1 0 0 0
25 27 1 0 1 0
27 1 1 0 1 0
14 6 1.5 1 1 0
23 18 1 0 1 0
17 8 1 0 1 0
14 9 1.5 1 1 0
4 3 1
6 1 3 0 4 0 0 12.011 -0.06319687506 0.1441 2.503 0
6 2 2 0 4 0 0 12.011 -0.03273488511 0.1441 2.503 0
6 2 2 0 4 0 0 12.011 0.04278927992 -0.2035 2.753 0
8 1 1 0 4 0 0 15.999 -0.3963873506 -0.2893 0.8238 0
0 1 1 0 0 0
1 2 1 0 0 0
2 3 1 0 0 0
34 37 1
6 1 3 0 4 0 0 12.011 -0.01336452571 -0.2035 2.753 0
7 3 0 0 4 0 0 14.007 -0.3057139183 -0.3187 1.839 0
6 2 2 0 4 0 0 12.011 0.00188944593 -0.2035 2.753 0
6 2 2 0 4 0 0 12.011 -0.01504541908 -0.0516 2.488 0
6 3 0 0 3 1 1 12.011 -0.0465417211 0.136 3.509 0
6 2 1 0 3 1 1 12.011 -0.05608757425 0.1581 3.35 0
6 2 1 0 3 1 1 12.011 -0.02604899725 0.1581 3.35 0
6 3 0 0 3 1 1 12.011 0.1227272291 0 3.257 0
9 1 0 0 4 0 0 18.998 -0.2070121687 0.4202 1.108 0
6 2 1 0 3 1 1 12.011 -0.02604899725 0.1581 3.35 0
6 2 1 0 3 1 1 12.011 -0.05608757425 0.1581 3.35 0
6 2 2 0 4 0 0 12.011 0.00189710287 -0.2035 2.753 0
6 3 1 0 4 0 1 12.011 -0.01576213402 0 2.433 0
6 2 2 0 4 0 1 12.011 -0.04678203632 0.1441 2.503 0
6 2 2 0 4 0 1 12.011 -0.04005592572 0.1441 2.503 0
6 2 2 0 4 0 1 12.011 -0.001752538392 -0.2035 2.753 0
7 3 0 0 4 0 1 14.007 -0.3007247535 -0.3187 1.839 0
6 2 2 0 4 0 0 12.011 0.02175004469 -0.2035 2.753 0
6 2 2 0 4 0 0 12.011 0.06060182416 -0.2035 2.753 0
8 2 0 0 4 0 0 15.999 -0.3674594249 -0.0684 1.085 0
6 3 1 0 4 0 0 12.011 0.1075960492 0.1193 2.582 0
6 3 0 0 3 1 1 12.011 -0.01483202107 0.136 3.509 0
6 2 1 0 3 1 1 12.011 -0.05608507029 0.1581 3.35 0
6 2 1 0 3 1 1 12.011 -0.06188502968 0.1581 3.35 0
6 2 1 0 3 1 1 12.011 -0.06224511387 0.1581 3.35 0
6 2 1 0 3 1 1 12.011 -0.06188502968 0.1581 3.35 0
6 2 1 0 3 1 1 12.011 -0.05608507029 0.1581 3.35 0
6 3 0 0 3 1 1 12.011 -0.01483202107 0.136 3.509 0
6 2 1 0 3 1 1 12.011 -0.05608507029 0.1581 3.35 0
6 2 1 0 3 1 1 12.011 -0.06188502968 0.1581 3.35 0
6 2 1 0 3 1 1 12.011 -0.06224511387 0.1581 3.35 0
6 2 1 0 3 1 1 12.011 -0.06188502968 0.1581 3.35 0
6 2 1 0 3 1 1 12.011 -0.05608507029 0.1581 3.35 0
6 2 2 0 4 0 1 12.011 0.002285690613 -0.2035 2.753 0
0 1 1 0 0 0
1 2 1 0 0 0
2 3 1 0 0 0
3 4 1 0 0 0
4 5 1.5 1 1 0
5 6 1.5 1 1 0
6 7 1.5 1 1 0
7 8 1 0 0 0
7 9 1.5 1 1 0
9 10 1.5 1 1 0
1 11 1 0 0 0
11 12 1 0 0 0
12 13 1 0 1 0
13 14 1 0 1 0
14 15 1 0 1 0
15 16 1 0 1 0
16 17 1 0 0 0
17 18 1 0 0 0
18 19 1 0 0 0
19 20 1 0 0 0
20 21 1 0 0 0
21 22 1.5 1 1 0
22 23 1.5 1 1 0
23 24 1.5 1 1 0
24 25 1.5 1 1 0
25 26 1.5 1 1 0
20 27 1 0 0 0
27 28 1.5 1 1 0
28 29 1.5 1 1 0
29 30 1.5 1 1 0
30 31 1.5 1 1 0
31 32 1.5 1 1 0
16 33 1 0 1 0
10 4 1.5 1 1 0
33 12 1 0 1 0
26 21 1.5 1 1 0
32 27 1.5 1 1 0
18 19 1
8 1 0 0 3 0 0 15.999 -0.2930287103 0.1129 0.2215 0
6 3 0 0 3 0 0 12.011 0.1777497234 -0.2783 5.007 0
6 2 2 0 4 0 0 12.011 0.1179836011 -0.2035 2.753 0
16 4 0 0 4 0 0 32.067 0.1853284448 -0.0024 7.365 0
8 1 0 0 3 0 0 15.999 -0.2232270655 -0.3339 0.7774 0
8 1 0 0 3 0 0 15.999 -0.2232270655 -0.3339 0.7774 0
6 3 0 0 3 1 1 12.011 0.067309132 0.1893 2.673 0
6 2 1 0 3 1 1 12.011 -0.0435097051 0.1581 3.35 0
6 2 1 0 3 1 1 12.011 -0.06097161618 0.1581 3.35 0
6 2 1 0 3 1 1 12.011 -0.06218336275 0.1581 3.35 0
6 2 1 0 3 1 1 12.011 -0.06097161618 0.1581 3.35 0
6 2 1 0 3 1 1 12.011 -0.0435097051 0.1581 3.35 0
6 3 0 0 3 1 1 12.011 0.01859689499 0.136 3.509 0
6 2 1 0 3 1 1 12.011 -0.05138220658 0.1581 3.35 0
6 2 1 0 3 1 1 12.011 -0.06154473723 0.1581 3.35 0
6 2 1 0 3 1 1 12.011 -0.06222193784 0.1581 3.35 0
6 2 1 0 3 1 1 12.011 -0.06154473723 0.1581 3.35 0
6 2 1 0 3 1 1 12.011 -0.05138220658 0.1581 3.35 0
0 1 2 1 0 0
1 2 1 0 0 0
2 3 1 0 0 0
3 4 2 0 0 0
3 5 2 0 0 0
3 6 1 0 0 0
6 7 1.5 1 1 0
7 8 1.5 1 1 0
8 9 1.5 1 1 0
9 10 1.5 1 1 0
10 11 1.5 1 1 0
1 12 1 1 0 0
12 13 1.5 1 1 0
13 14 1.5 1 1 0
14 15 1.5 1 1 0
15 16 1.5 1 1 0
16 17 1.5 1 1 0
11 6 1.5 1 1 0
17 12 1.5 1 1 0
25 28 1
8 1 0 0 3 0 0 15.999 -0.2690228135 0.1129 0.2215 0
6 3 0 0 3 0 0 12.011 0.2550107266 -0.2783 5.007 0
6 3 0 0 3 1 1 12.011 0.05814039139 0.136 3.509 0
6 2 1 0 3 1 1 12.011 -0.0425033866 0.1581 3.35 0
6 2 1 0 3 1 1 12.011 0.001521609683 0.1581 3.35 0
6 3 0 0 3 1 1 12.011 0.2187071577 0.5437 3.853 0
8 2 0 0 3 0 0 15.999 -0.4390537274 -0.4195 1.182 0
6 3 0 0 3 1 1 12.011 0.1292021696 0.5437 3.853 0
6 2 1 0 3 1 1 12.011 -0.01632836426 0.1581 3.35 0
6 2 1 0 3 1 1 12.011 -0.02261900364 0.1581 3.35 0
6 3 0 0 3 1 1 12.011 0.1229787906 0 3.257 0
9 1 0 0 4 0 0 18.998 -0.2070077045 0.4202 1.108 0
6 2 1 0 3 1 1 12.011 -0.02261900364 0.1581 3.35 0
6 2 1 0 3 1 1 12.011 -0.01632836426 0.1581 3.35 0
7 2 0 0 3 1 1 14.007 -0.2209242217 -0.3239 2.202 0
6 2 1 0 3 1 1 12.011 0.04363518245 0.1581 3.35 0
7 3 0 0 3 0 1 14.007 -0.3360317832 -0.3187 1.839 0
6 2 2 0 4 0 1 12.011 0.03363353021 -0.2035 2.753 0
6 2 2 0 4 0 1 12.011 0.01626123728 -0.2035 2.753 0
7 3 0 0 4 0 1 14.007 -0.2968717722 -0.3187 1.839 0
6 3 1 0 4 0 1 12.011 0.00978684209 -0.2051 2.731 0
6 2 2 0 4 0 1 12.011 -0.03604976727 0.1441 2.503 0
6 2 2 0 4 0 1 12.011 -0.03604976727 0.1441 2.503 0
6 2 2 0 4 0 1 12.011 0.01626123728 -0.2035 2.753 0
6 2 2 0 4 0 1 12.011 0.03363353021 -0.2035 2.753 0
0 1 2 1 0 0
1 2 1 1 0 0
2 3 1.5 1 1 0
3 4 1.5 1 1 0
4 5 1.5 1 1 0
5 6 1 1 0 0
6 7 1 1 0 0
7 8 1.5 1 1 0
8 9 1.5 1 1 0
9 10 1.5 1 1 0
10 11 1 0 0 0
10 12 1.5 1 1 0
12 13 1.5 1 1 0
5 14 1.5 1 1 0
14 15 1.5 1 1 0
1 16 1 1 0 0
16 17 1 0 1 0
17 18 1 0 1 0
18 19 1 0 1 0
19 20 1 0 0 0
20 21 1 0 1 0
21 22 1 0 1 0
19 23 1 0 1 0
23 24 1 0 1 0
15 2 1.5 1 1 0
24 16 1 0 1 0
13 7 1.5 1 1 0
22 20 1 0 1 0
26 28 1
6 1 3 0 4 0 0 12.011 0.01951352288 -0.1444 2.412 0
7 3 0 0 3 1 1 14.007 -0.2608360826 -0.3239 2.202 0
6 3 0 0 3 1 1 12.011 0.2741479327 -0.8186 3.135 0
8 1 0 0 3 0 0 15.999 -0.267393776 0.1788 3.135 0
6 2 1 0 3 1 1 12.011 0.1130959221 0.1581 3.35 0
7 2 0 0 3 1 1 14.007 -0.1712281878 -0.3239 2.202 0
7 3 0 0 3 1 1 14.007 -0.2147211562 -0.3239 2.202 0
6 2 2 0 4 0 0 12.011 0.04643749736 -0.0516 2.488 0
6 2 2 0 4 0 0 12.011 -0.0320167012 0.1441 2.503 0
6 2 2 0 4 0 0 12.011 -0.03864900598 0.1441 2.503 0
6 2 2 0 4 0 0 12.011 -0.001656564787 -0.2035 2.753 0
7 3 0 0 4 0 1 14.007 -0.2998240819 -0.3187 1.839 0
6 2 2 0 4 0 1 12.011 0.01585404678 -0.2035 2.753 0
6 2 2 0 4 0 1 12.011 0.03059065726 -0.2035 2.753 0
7 3 0 0 3 0 1 14.007 -0.3688565153 -0.4458 2.819 0
6 3 0 0 3 1 1 12.011 0.04036783681 0.4619 4.067 0
6 2 1 0 3 1 1 12.011 -0.03848323691 0.1581 3.35 0
6 2 1 0 3 1 1 12.011 -0.05653248035 0.1581 3.35 0
6 2 1 0 3 1 1 12.011 -0.02007336564 0.1581 3.35 0
6 3 0 0 3 1 1 12.011 0.1171436522 0.5437 3.853 0
8 1 1 0 3 0 0 15.999 -0.5078862358 -0.2893 0.8238 0
6 2 1 0 3 1 1 12.011 0.0032210426 0.1581 3.35 0
6 2 2 0 4 0 1 12.011 0.03059065726 -0.2035 2.753 0
6 2 2 0 4 0 1 12.011 0.01585404678 -0.2035 2.753 0
6 3 0 0 3 1 1 12.011 0.3466307451 -0.8186 3.135 0
8 1 0 0 3 0 0 15.999 -0.2459208961 0.1788 3.135 0
0 1 1 0 0 0
1 2 1.5 1 1 0
2 3 2 1 0 0
2 4 1.5 1 1 0
4 5 1.5 1 1 0
5 6 1.5 1 1 0
6 7 1 0 0 0
7 8 1 0 0 0
8 9 1 0 0 0
9 10 1 0 0 0
10 11 1 0 0 0
11 12 1 0 1 0
12 13 1 0 1 0
13 14 1 0 1 0
14 15 1 1 0 0
15 16 1.5 1 1 0
16 17 1.5 1 1 0
17 18 1.5 1 1 0
18 19 1.5 1 1 0
19 20 1 1 0 0
19 21 1.5 1 1 0
14 22 1 0 1 0
22 23 1 0 1 0
6 24 1.5 1 1 0
24 25 2 1 0 0
24 1 1.5 1 1 0
23 11 1 0 1 0
21 15 1.5 1 1 0
30 33 1
6 1 3 0 4 0 0 12.011 0.07754707702 -0.2035 2.753 0
8 2 0 0 3 0 0 15.999 -0.4958414894 -0.4195 1.182 0
6 3 0 0 3 1 1 12.011 0.1332999714 0.5437 3.853 0
6 2 1 0 3 1 1 12.011 0.006065997298 0.1581 3.35 0
6 3 0 0 3 1 1 12.011 0.06326926299 0.4619 4.067 0
7 2 1 0 3 0 0 14.007 -0.3244146779 -0.5188 3 0
6 3 0 0 3 0 0 12.011 0.2270254742 -0.2783 5.007 0
8 1 0 0 3 0 0 15.999 -0.2744305878 -0.1526 0 0
6 3 1 0 4 0 1 12.011 0.03832706785 0 2.433 0
6 2 2 0 4 0 1 12.011 -0.04084467592 0.1441 2.503 0
6 2 2 0 4 0 1 12.011 -0.04084467592 0.1441 2.503 0
6 3 0 0 3 1 1 12.011 0.06520269766 0.245 3.564 0
17 1 0 0 4 0 0 35.453 -0.08203039328 0.6895 5.853 0
6 2 1 0 3 1 1 12.011 -0.0248282162 0.1581 3.35 0
6 3 0 0 3 1 1 12.011 0.08293949691 0.136 3.509 0
6 3 0 0 3 0 0 12.011 0.254862249 -0.2783 5.007 0
8 1 0 0 3 0 0 15.999 -0.2691535357 0.1129 0.2215 0
7 2 1 0 3 0 0 14.007 -0.3478484632 -0.7096 2.173 0
6 3 1 0 4 0 1 12.011 0.04304259115 -0.2051 2.731 -1
6 2 2 0 4 0 1 12.011 -0.01866113066 0.1441 2.503 0
6 2 2 0 4 0 1 12.011 0.0002274524831 -0.2035 2.753 0
7 3 0 0 4 0 1 14.007 -0.3009456855 -0.3187 1.839 0
6 2 2 0 4 0 0 12.011 0.001054238165 -0.2035 2.753 0
6 3 1 0 4 0 1 12.011 -0.02860185606 0 2.433 0
6 2 2 0 4 0 1 12.011 -0.04922610492 0.1441 2.503 0
6 2 2 0 4 0 1 12.011 -0.05299447476 0.1441 2.503 0
6 2 2 0 4 0 1 12.011 -0.0532840725 0.1441 2.503 0
6 2 2 0 4 0 1 12.011 -0.05299447476 0.1441 2.503 0
6 2 2 0 4 0 1 12.011 -0.04922610492 0.1441 2.503 0
6 2 2 0 4 0 1 12.011 0.01859154159 -0.2035 2.753 0
0 1 1 0 0 0
1 2 1 1 0 0
2 3 1.5 1 1 0
3 4 1.5 1 1 0
4 5 1 1 0 0
5 6 1 1 0 0
6 7 2 1 0 0
6 8 1 0 0 0
8 9 1 0 1 0
9 10 1 0 1 0
4 11 1.5 1 1 0
11 12 1 0 0 0
11 13 1.5 1 1 0
13 14 1.5 1 1 0
14 15 1 1 0 0
15 16 2 1 0 0
15 17 1 1 0 0
17 18 1 0 0 0
18 19 1 0 1 0
19 20 1 0 1 0
20 21 1 0 1 0
21 22 1 0 0 0
22 23 1 0 0 0
23 24 1 0 1 0
24 25 1 0 1 0
25 26 1 0 1 0
26 27 1 0 1 0
27 28 1 0 1 0
21 29 1 0 1 0
14 2 1.5 1 1 0
29 18 1 0 1 0
10 8 1 0 1 0
28 23 1 0 1 0
56 66 1
8 1 0 0 3 0 0 15.999 -0.24573701 0.1129 0.2215 0
6 3 0 0 3 0 0 12.011 0.3430225144 -0.2783 5.007 0
8 2 0 0 3 0 0 15.999 -0.4229291279 -0.4195 1.182 0
6 3 0 0 3 1 1 12.011 0.1310461081 0.5437 3.853 0
6 2 1 0 3 1 1 12.011 -0.01887508746 0.1581 3.35 0
6 2 1 0 3 1 1 12.011 -0.05498035341 0.1581 3.35 0
6 3 0 0 3 1 1 12.011 -0.04239490705 0.136 3.509 0
6 3 0 0 3 1 1 12.011 -0.03445472578 0.136 3.509 0
6 2 1 0 3 1 1 12.011 -0.01510209813 0.1581 3.35 0
6 4 0 0 4 0 1 12.011 0.00124932707 -0.0967 2.576 1
6 2 2 0 4 0 1 12.011 -0.04312682572 0.1441 2.503 0
6 2 2 0 4 0 1 12.011 -0.05243290324 0.1441 2.503 0
6 2 2 0 4 0 1 12.011 -0.05291966582 0.1441 2.503 0
6 2 2 0 4 0 1 12.011 -0.04808443696 0.1441 2.503 0
6 3 1 0 4 0 1 12.011 -0.01563003623 0 2.433 1
6 3 1 0 4 0 1 12.011 0.01725982267 -0.2051 2.731 1
6 2 2 0 4 0 1 12.011 -0.01156883976 -0.0516 2.488 0
7 3 0 0 4 0 1 14.007 -0.2994405096 -0.3187 1.839 0
6 2 2 0 4 0 0 12.011 0.001285529754 -0.2035 2.753 0
6 3 1 0 4 0 1 12.011 -0.02859115465 0 2.433 0
6 2 2 0 4 0 1 12.011 -0.04921496598 0.1441 2.503 0
6 2 2 0 4 0 1 12.011 -0.05268333749 0.1441 2.503 0
6 2 2 0 4 0 1 12.011 -0.04921496598 0.1441 2.503 0
6 2 2 0 4 0 1 12.011 -0.0006811029804 -0.2035 2.753 0
6 2 2 0 4 0 1 12.011 -0.03028879957 0.1441 2.503 0
6 3 0 0 3 1 1 12.011 0.06010426259 0.136 3.509 0
6 2 1 0 3 1 1 12.011 -0.04681236245 0.1581 3.35 0
6 2 1 0 3 1 1 12.011 -0.04681236245 0.1581 3.35 0
6 3 0 0 3 1 1 12.011 0.06010426259 0.136 3.509 0
6 3 0 0 3 0 0 12.011 0.3430225144 -0.2783 5.007 0
8 1 0 0 3 0 0 15.999 -0.24573701 0.1129 0.2215 0
8 2 0 0 3 0 0 15.999 -0.4229291279 -0.4195 1.182 0
6 3 0 0 3 1 1 12.011 0.1310461081 0.5437 3.853 0
6 2 1 0 3 1 1 12.011 -0.01887508746 0.1581 3.35 0
6 2 1 0 3 1 1 12.011 -0.05498035341 0.1581 3.35 0
6 3 0 0 3 1 1 12.011 -0.04239490705 0.136 3.509 0
6 3 0 0 3 1 1 12.011 -0.03445472578 0.136 3.509 0
6 2 1 0 3 1 1 12.011 -0.01510209813 0.1581 3.35 0
6 4 0 0 4 0 1 12.011 0.00124932707 -0.0967 2.576 1
6 2 2 0 4 0 1 12.011 -0.04312682572 0.1441 2.503 0
6 2 2 0 4 0 1 12.011 -0.05243290324 0.1441 2.503 0
6 2 2 0 4 0 1 12.011 -0.05291966582 0.1441 2.503 0
6 2 2 0 4 0 1 12.011 -0.04808443696 0.1441 2.503 0
6 3 1 0 4 0 1 12.011 -0.01563003623 0 2.433 1
6 3 1 0 4 0 1 12.011 0.01725982267 -0.2051 2.731 1
6 2 2 0 4 0 1 12.011 -0.01156883976 -0.0516 2.488 0
7 3 0 0 4 0 1 14.007 -0.2994405096 -0.3187 1.839 0
6 2 2 0 4 0 0 12.011 0.001285529754 -0.2035 2.753 0
6 3 1 0 4 0 1 12.011 -0.02859115465 0 2.433 0
6 2 2 0 4 0 1 12.011 -0.04921496598 0.1441 2.503 0
6 2 2 0 4 0 1 12.011 -0.05268333749 0.1441 2.503 0
6 2 2 0 4 0 1 12.011 -0.04921496598 0.1441 2.503 0
6 2 2 0 4 0 1 12.011 -0.0006811029804 -0.2035 2.753 0
6 2 2 0 4 0 1 12.011 -0.03028879957 0.1441 2.503 0
6 2 1 0 3 1 1 12.011 -0.04681236245 0.1581 3.35 0
6 2 1 0 3 1 1 12.011 -0.04681236245 0.1581 3.35 0
0 1 2 1 0 0
1 2 1 1 0 0
2 3 1 1 0 0
3 4 1.5 1 1 0
4 5 1.5 1 1 0
5 6 1.5 1 1 0
6 7 1.5 1 1 0
7 8 1.5 1 1 0
7 9 1 0 1 0
9 10 1 0 1 0
10 11 1 0 1 0
11 12 1 0 1 0
12 13 1 0 1 0
13 14 1 0 1 0
14 15 1 0 1 0
15 16 1 0 1 0
15 17 1 0 1 0
17 18 1 0 0 0
18 19 1 0 0 0
19 20 1 0 1 0
20 21 1 0 1 0
21 22 1 0 1 0
17 23 1 0 1 0
23 24 1 0 1 0
1 25 1 1 0 0
25 26 1.5 1 1 0
26 27 1.5 1 1 0
27 28 1.5 1 1 0
28 29 1 1 0 0
29 30 2 1 0 0
29 31 1 1 0 0
31 32 1 1 0 0
32 33 1.5 1 1 0
33 34 1.5 1 1 0
34 35 1.5 1 1 0
35 36 1.5 1 1 0
36 37 1.5 1 1 0
36 38 1 0 1 0
38 39 1 0 1 0
39 40 1 0 1 0
40 41 1 0 1 0
41 42 1 0 1 0
42 43 1 0 1 0
43 44 1 0 1 0
44 45 1 0 1 0
44 46 1 0 1 0
46 47 1 0 0 0
47 48 1 0 0 0
48 49 1 0 1 0
49 50 1 0 1 0
50 51 1 0 1 0
46 52 1 0 1 0
52 53 1 0 1 0
28 54 1.5 1 1 0
54 55 1.5 1 1 0
8 3 1.5 1 1 0
14 9 1 0 1 0
22 19 1 0 1 0
55 25 1.5 1 1 0
16 6 1 0 1 0
37 32 1.5 1 1 0
43 38 1 0 1 0
51 48 1 0 1 0
24 9 1 0 1 0
45 35 1 0 1 0
53 38 1 0 1 0
85 89 1
6 1 3 0 4 0 0 12.011 -0.06268219302 0.1441 2.503 0
6 3 1 0 4 0 0 12.011 -0.04466451305 0 2.433 0
6 1 3 0 4 0 0 12.011 -0.06268219302 0.1441 2.503 0
6 2 2 0 4 0 0 12.011 -0.02135014066 0.1441 2.503 0
6 3 1 0 4 0 0 12.011 0.1079790277 -0.2051 2.731 1
7 2 1 0 3 0 0 14.007 -0.3425002955 -0.7096 2.173 0
6 3 0 0 3 0 0 12.011 0.2430731183 -0.2783 5.007 0
8 1 0 0 3 0 0 15.999 -0.2726908199 -0.1526 0 0
6 3 1 0 4 0 0 12.011 0.1117386542 -0.2051 2.731 1
6 2 2 0 4 0 0 12.011 0.001671338107 -0.0516 2.488 0
6 3 0 0 3 1 1 12.011 -0.0454428166 0.136 3.509 0
6 2 1 0 3 1 1 12.011 -0.05895111061 0.1581 3.35 0
6 2 1 0 3 1 1 12.011 -0.0619927356 0.1581 3.35 0
6 2 1 0 3 1 1 12.011 -0.06224871479 0.1581 3.35 0
6 2 1 0 3 1 1 12.011 -0.0619927356 0.1581 3.35 0
6 2 1 0 3 1 1 12.011 -0.05895111061 0.1581 3.35 0
7 2 1 0 3 0 0 14.007 -0.3426208354 -0.7096 2.173 0
6 3 0 0 3 0 0 12.011 0.2374173021 -0.2783 5.007 0
8 1 0 0 3 0 0 15.999 -0.27328033 -0.1526 0 0
6 3 1 0 4 0 0 12.011 0.08821348803 -0.2051 2.731 1
7 1 2 0 4 0 0 14.007 -0.3196232756 -1.019 2.262 0
6 2 2 0 4 0 0 12.011 -0.003544971239 -0.0516 2.488 0
6 3 0 0 3 1 1 12.011 -0.04594705472 0.136 3.509 0
6 2 1 0 3 1 1 12.011 -0.05897032842 0.1581 3.35 0
6 2 1 0 3 1 1 12.011 -0.06199305897 0.1581 3.35 0
6 2 1 0 3 1 1 12.011 -0.06224871986 0.1581 3.35 0
6 2 1 0 3 1 1 12.011 -0.06199305897 0.1581 3.35 0
6 2 1 0 3 1 1 12.011 -0.05897032842 0.1581 3.35 0
6 3 0 0 3 0 0 12.011 0.2427373644 -0.2783 5.007 0
8 1 0 0 3 0 0 15.999 -0.2727044495 -0.1526 0 0
7 2 1 0 3 0 0 14.007 -0.3425215004 -0.7096 2.173 0
6 3 1 0 4 0 0 12.011 0.1077282153 -0.2051 2.731 1
6 2 2 0 4 0 0 12.011 -0.02362632979 0.1441 2.503 0
6 2 2 0 4 0 0 12.011 -0.04963444384 0.1441 2.503 0
6 2 2 0 4 0 0 12.011 -0.04080171141 0.1441 2.503 0
6 2 2 0 4 0 0 12.011 -0.007726005462 -0.2035 2.753 0
7 1 2 0 4 0 0 14.007 -0.3304734915 -1.019 2.262 0
6 3 0 0 3 0 0 12.011 0.2425125736 -0.2783 5.007 0
8 1 0 0 3 0 0 15.999 -0.2727134497 -0.1526 0 0
7 2 1 0 3 0 0 14.007 -0.3452528045 -0.7096 2.173 0
6 2 2 0 4 0 0 12.011 0.0966936984 -0.2035 2.753 0
6 3 0 0 3 0 0 12.011 0.238926593 -0.2783 5.007 0
8 1 0 0 3 0 0 15.999 -0.2730662217 -0.1526 0 0
7 2 1 0 3 0 0 14.007 -0.3537399255 -0.7096 2.173 0
6 2 2 0 4 0 0 12.011 0.02652238681 -0.2035 2.753 0
6 2 2 0 4 0 0 12.011 0.01156124027 -0.2035 2.753 0
16 2 0 0 4 0 0 32.067 -0.1461754921 0.6482 7.591 0
6 3 1 0 4 0 1 12.011 0.0930002169 -0.2051 2.731 0
6 2 2 0 4 0 1 12.011 0.04799573074 0.1441 2.503 0
6 3 0 0 3 0 1 12.011 0.230356517 -0.2783 5.007 0
8 1 0 0 3 0 0 15.999 -0.274373673 -0.1526 0 0
7 3 0 0 3 0 1 14.007 -0.2810884592 -0.3187 1.839 0
6 2 2 0 4 0 0 12.011 0.03736173657 -0.2035 2.753 0
6 2 2 0 4 0 0 12.011 0.0446961913 0.1441 2.503 0
6 3 0 0 3 0 0 12.011 0.2213780932 -0.2783 5.007 0
8 1 0 0 3 0 0 15.999 -0.2750657424 -0.1526 0 0
7 2 1 0 3 0 0 14.007 -0.3537317499 -0.7096 2.173 0
6 2 2 0 4 0 0 12.011 0.04085651363 -0.2035 2.753 0
6 2 2 0 4 0 0 12.011 0.06407514909 -0.2035 2.753 0
8 2 0 0 4 0 0 15.999 -0.3772306899 -0.0684 1.085 0
6 2 2 0 4 0 0 12.011 0.07008581253 -0.2035 2.753 0
6 2 2 0 4 0 0 12.011 0.07001548979 -0.2035 2.753 0
8 2 0 0 4 0 0 15.999 -0.3785254585 -0.0684 1.085 0
6 2 2 0 4 0 0 12.011 0.055471513 -0.2035 2.753 0
6 2 2 0 4 0 0 12.011 0.05031969255 0.1441 2.503 0
6 3 0 0 3 0 0 12.011 0.2261916663 -0.2783 5.007 0
8 1 0 0 3 0 0 15.999 -0.274658571 -0.1526 0 0
7 2 1 0 3 0 0 14.007 -0.3260223513 -0.5188 3 0
6 3 0 0 3 1 1 12.011 0.04068239472 0.4619 4.067 0
6 2 1 0 3 1 1 12.011 -0.03826225206 0.1581 3.35 0
6 2 1 0 3 1 1 12.011 -0.05696317042 0.1581 3.35 0
6 3 0 0 3 1 1 12.011 -0.04735654523 0.136 3.509 0
6 2 2 0 4 0 0 12.011 -0.01906304891 -0.0516 2.488 0
6 2 2 0 4 0 0 12.011 0.03117642388 0.1441 2.503 0
6 3 0 0 3 0 0 12.011 0.2290081646 -0.2783 5.007 0
8 1 0 0 3 0 0 15.999 -0.274424845 -0.1526 0 0
7 3 0 0 3 0 1 14.007 -0.2820533373 -0.3187 1.839 0
6 2 2 0 4 0 1 12.011 0.03734292037 -0.2035 2.753 0
6 2 2 0 4 0 1 12.011 0.04536325525 0.1441 2.503 0
6 3 0 0 3 0 1 12.011 0.2304759502 -0.2783 5.007 0
8 1 0 0 3 0 0 15.999 -0.2743609951 -0.1526 0 0
6 2 1 0 3 1 1 12.011 -0.05696317042 0.1581 3.35 0
6 2 1 0 3 1 1 12.011 -0.03826225206 0.1581 3.35 0
6 3 0 0 3 0 1 12.011 0.2423238081 -0.2783 5.007 0
8 1 0 0 3 0 0 15.999 -0.2731179859 -0.1526 0 0
0 1 1 0 0 0
1 2 1 0 0 0
1 3 1 0 0 0
3 4 1 0 0 0
4 5 1 0 0 0
5 6 1 1 0 0
6 7 2 1 0 0
6 8 1 0 0 0
8 9 1 0 0 0
9 10 1 0 0 0
10 11 1.5 1 1 0
11 12 1.5 1 1 0
12 13 1.5 1 1 0
13 14 1.5 1 1 0
14 15 1.5 1 1 0
8 16 1 0 0 0
16 17 1 1 0 0
17 18 2 1 0 0
17 19 1 0 0 0
19 20 1 0 0 0
19 21 1 0 0 0
21 22 1 0 0 0
22 23 1.5 1 1 0
23 24 1.5 1 1 0
24 25 1.5 1 1 0
25 26 1.5 1 1 0
26 27 1.5 1 1 0
4 28 1 0 0 0
28 29 2 1 0 0
28 30 1 1 0 0
30 31 1 0 0 0
31 32 1 0 0 0
32 33 1 0 0 0
33 34 1 0 0 0
34 35 1 0 0 0
35 36 1 0 0 0
31 37 1 0 0 0
37 38 2 1 0 0
37 39 1 1 0 0
39 40 1 0 0 0
40 41 1 0 0 0
41 42 2 1 0 0
41 43 1 1 0 0
43 44 1 0 0 0
44 45 1 0 0 0
45 46 1 0 0 0
46 47 1 0 0 0
47 48 1 0 1 0
48 49 1 0 1 0
49 50 2 1 0 0
49 51 1 1 1 0
51 52 1 0 0 0
52 53 1 0 0 0
53 54 1 0 0 0
54 55 2 1 0 0
54 56 1 1 0 0
56 57 1 0 0 0
57 58 1 0 0 0
58 59 1 0 0 0
59 60 1 0 0 0
60 61 1 0 0 0
61 62 1 0 0 0
62 63 1 0 0 0
63 64 1 0 0 0
64 65 1 0 0 0
65 66 2 1 0 0
65 67 1 1 0 0
67 68 1 1 0 0
68 69 1.5 1 1 0
69 70 1.5 1 1 0
70 71 1.5 1 1 0
71 72 1 0 0 0
72 73 1 0 0 0
73 74 1 0 0 0
74 75 2 1 0 0
74 76 1 1 0 0
76 77 1 0 1 0
77 78 1 0 1 0
78 79 1 0 1 0
79 80 2 1 0 0
71 81 1.5 1 1 0
81 82 1.5 1 1 0
51 83 1 1 1 0
83 84 2 1 0 0
15 10 1.5 1 1 0
27 22 1.5 1 1 0
83 47 1 0 1 0
82 68 1.5 1 1 0
79 76 1 1 1 0
37 41 1
6 1 2 0 3 0 0 12.011 -0.0974618811 0.1551 3.513 0
6 3 0 0 3 0 0 12.011 -0.04921500804 0.1551 3.513 0
6 1 3 0 4 0 0 12.011 -0.04154086975 0.1441 2.503 0
6 3 1 0 4 0 1 12.011 0.1076648127 -0.2051 2.731 -1
8 2 0 0 4 0 1 15.999 -0.3402406077 -0.0684 1.085 0
6 4 0 0 4 0 1 12.011 0.1637143109 -0.2051 2.731 0
6 1 3 0 4 0 0 12.011 -0.01066385482 0.1441 2.503 0
6 1 3 0 4 0 0 12.011 -0.01066385482 0.1441 2.503 0
8 2 0 0 4 0 1 15.999 -0.3441882135 -0.0684 1.085 0
6 3 1 0 4 0 1 12.011 0.09159654536 -0.2051 2.731 -1
6 2 2 0 4 0 0 12.011 -0.01735080608 0.1441 2.503 0
6 3 1 0 4 0 0 12.011 -0.02029559618 0 2.433 1
6 1 3 0 4 0 0 12.011 -0.05863303994 0.1441 2.503 0
6 3 0 0 3 0 1 12.011 -0.06737907485 0.1551 3.513 0
6 3 0 0 3 0 1 12.011 -0.06166997269 0.1551 3.513 0
6 2 2 0 4 0 1 12.011 -0.004636686185 0.1441 2.503 0
6 3 1 0 4 0 1 12.011 0.06161218411 -0.2051 2.731 -1
8 1 1 0 4 0 0 15.999 -0.3924630941 -0.2893 0.8238 0
6 3 1 0 4 0 1 12.011 -0.003010213978 0 2.433 -1
6 4 0 0 4 0 1 12.011 -0.02254011095 0 2.433 -1
6 1 3 0 4 0 0 12.011 -0.05894790162 0.1441 2.503 0
6 2 2 0 4 0 1 12.011 -0.04022941502 0.1441 2.503 0
6 2 2 0 4 0 1 12.011 0.00719128893 0.1441 2.503 0
6 3 0 0 3 0 1 12.011 0.1382989212 -0.2783 5.007 0
8 1 0 0 3 0 0 15.999 -0.299098326 -0.1526 0 0
6 4 0 0 4 0 1 12.011 0.02667352259 0 2.433 0
6 1 3 0 4 0 0 12.011 -0.05264496597 0.1441 2.503 0
6 1 3 0 4 0 0 12.011 -0.05264496597 0.1441 2.503 0
6 3 1 0 4 0 1 12.011 -0.02352297633 0 2.433 1
6 2 2 0 4 0 1 12.011 -0.04841286269 0.1441 2.503 0
6 2 2 0 4 0 1 12.011 -0.04632852202 0.1441 2.503 0
6 4 0 0 4 0 1 12.011 -0.01760390898 0 2.433 -1
6 1 3 0 4 0 0 12.011 -0.05842656822 0.1441 2.503 0
6 4 0 0 4 0 1 12.011 -0.005199483955 0 2.433 1
6 1 3 0 4 0 0 12.011 -0.05531082816 0.1441 2.503 0
6 2 2 0 4 0 1 12.011 -0.03979311796 0.1441 2.503 0
6 2 2 0 4 0 1 12.011 -0.0306219752 0.1441 2.503 0
0 1 2 0 0 0
1 2 1 0 0 0
1 3 1 0 0 0
3 4 1 0 1 0
4 5 1 0 1 0
5 6 1 0 0 0
5 7 1 0 0 0
5 8 1 0 1 0
8 9 1 0 1 0
9 10 1 0 0 0
10 11 1 0 0 0
11 12 1 0 0 0
11 13 1 0 0 0
13 14 2 0 1 0
14 15 1 0 1 0
15 16 1 0 1 0
16 17 1 0 0 0
16 18 1 0 1 0
18 19 1 0 1 0
19 20 1 0 0 0
19 21 1 0 1 0
21 22 1 0 1 0
22 23 1 0 1 0
23 24 2 0 0 0
23 25 1 0 1 0
25 26 1 0 0 0
25 27 1 0 0 0
25 28 1 0 1 0
28 29 1 0 1 0
29 30 1 0 1 0
30 31 1 0 1 0
31 32 1 0 0 0
31 33 1 0 1 0
33 34 1 0 0 0
33 35 1 0 1 0
35 36 1 0 1 0
9 3 1 0 1 0
36 13 1 0 1 0
33 14 1 0 1 0
31 18 1 0 1 0
28 19 1 0 1 0
34 37 1
7 1 2 0 3 0 0 14.007 -0.3957300554 -1.027 2.827 0
6 3 0 0 3 1 1 12.011 0.07418956766 0.4619 4.067 0
6 2 1 0 3 1 1 12.011 -0.03455521188 0.1581 3.35 0
6 2 1 0 3 1 1 12.011 -0.04713954146 0.1581 3.35 0
6 3 0 0 3 1 1 12.011 0.04313012141 0.136 3.509 0
6 3 0 0 3 0 0 12.011 0.2509289606 -0.2783 5.007 0
8 1 0 0 3 0 0 15.999 -0.2693175015 0.1129 0.2215 0
7 2 1 0 3 0 0 14.007 -0.3517569065 -0.7096 2.173 0
6 2 2 0 4 0 0 12.011 0.02064299551 -0.2035 2.753 0
6 3 1 0 4 0 1 12.011 -0.02053857166 0 2.433 0
6 2 2 0 4 0 1 12.011 -0.03094658592 0.1441 2.503 0
6 2 2 0 4 0 1 12.011 0.01808150893 -0.2035 2.753 0
7 3 0 0 3 0 1 14.007 -0.3714243589 -0.4458 2.819 0
6 3 0 0 3 1 1 12.011 0.03965635483 0.4619 4.067 0
6 2 1 0 3 1 1 12.011 -0.02033340851 0.1581 3.35 0
6 2 1 0 3 1 1 12.011 0.02879287659 0.1581 3.35 0
7 2 0 0 3 1 1 14.007 -0.2645794053 -0.3239 2.202 0
6 2 1 0 3 1 1 12.011 0.02879287659 0.1581 3.35 0
6 2 1 0 3 1 1 12.011 -0.02033340851 0.1581 3.35 0
6 2 2 0 4 0 1 12.011 0.01808150893 -0.2035 2.753 0
6 2 2 0 4 0 1 12.011 -0.03094658592 0.1441 2.503 0
6 2 1 0 3 1 1 12.011 -0.005023537785 0.1581 3.35 0
6 3 0 0 3 1 1 12.011 0.1424810534 0.5437 3.853 0
8 2 0 0 3 0 0 15.999 -0.4910602853 -0.4195 1.182 0
6 2 2 0 4 0 0 12.011 0.09239106268 -0.2035 2.753 0
6 2 2 0 4 0 0 12.011 0.008048429039 -0.0516 2.488 0
6 3 0 0 3 1 1 12.011 -0.02586193227 0.136 3.509 0
6 2 1 0 3 1 1 12.011 -0.05594893604 0.1581 3.35 0
6 2 1 0 3 1 1 12.011 -0.04314618613 0.1581 3.35 0
6 3 0 0 3 1 1 12.011 0.04205022236 0.245 3.564 0
17 1 0 0 4 0 0 35.453 -0.08428855726 0.6895 5.853 0
6 2 1 0 3 1 1 12.011 -0.02452166291 0.1581 3.35 0
6 3 0 0 3 1 1 12.011 0.04535949388 0.245 3.564 0
17 1 0 0 4 0 0 35.453 -0.08398391819 0.6895 5.853 0
0 1 1 1 0 0
1 2 1.5 1 1 0
2 3 1.5 1 1 0
3 4 1.5 1 1 0
4 5 1 1 0 0
5 6 2 1 0 0
5 7 1 1 0 0
7 8 1 0 0 0
8 9 1 0 0 0
9 10 1 0 1 0
10 11 1 0 1 0
11 12 1 0 1 0
12 13 1 1 0 0
13 14 1.5 1 1 0
14 15 1.5 1 1 0
15 16 1.5 1 1 0
16 17 1.5 1 1 0
17 18 1.5 1 1 0
12 19 1 0 1 0
19 20 1 0 1 0
4 21 1.5 1 1 0
21 22 1.5 1 1 0
22 23 1 1 0 0
23 24 1 0 0 0
24 25 1 0 0 0
25 26 1 0 0 0
26 27 1.5 1 1 0
27 28 1.5 1 1 0
28 29 1.5 1 1 0
29 30 1 0 0 0
29 31 1.5 1 1 0
31 32 1.5 1 1 0
32 33 1 0 0 0
22 1 1.5 1 1 0
32 26 1.5 1 1 0
20 9 1 0 1 0
18 13 1.5 1 1 0
21 23 1
6 1 3 0 4 0 0 12.011 -0.06042706446 0.1441 2.503 0
6 2 2 0 4 0 0 12.011 -0.01917726122 -0.0516 2.488 0
6 3 0 0 3 1 1 12.011 0.02758703877 0.136 3.509 0
16 2 0 0 3 1 1 32.067 -0.1466995642 0.6237 6.691 0
6 2 1 0 3 1 1 12.011 -0.00690249374 0.1581 3.35 0
6 2 1 0 3 1 1 12.011 -0.02769089093 0.1581 3.35 0
6 3 0 0 3 1 1 12.011 0.05071067026 0.4619 4.067 0
7 3 0 0 3 0 1 14.007 -0.3700264806 -0.4458 2.819 0
6 2 2 0 4 0 1 12.011 0.01783423295 -0.2035 2.753 0
6 2 2 0 4 0 1 12.011 -0.03489444437 0.1441 2.503 0
6 2 2 0 4 0 1 12.011 -0.04298533164 0.1441 2.503 0
6 3 1 0 4 0 1 12.011 0.001535610637 0.1193 2.582 -1
6 3 0 0 3 1 1 12.011 -0.04183508572 0.136 3.509 0
6 2 1 0 3 1 1 12.011 -0.05860511883 0.1581 3.35 0
6 2 1 0 3 1 1 12.011 -0.06066747138 0.1581 3.35 0
6 2 1 0 3 1 1 12.011 -0.04437232173 0.1581 3.35 0
6 3 0 0 3 1 1 12.011 0.05226576863 0.136 3.509 0
6 2 0 0 2 0 0 12.011 0.0991194829 0.0017 3.888 0
7 1 0 0 2 0 0 14.007 -0.1924368768 0.01508 1.725 0
6 2 1 0 3 1 1 12.011 -0.04082217897 0.1581 3.35 0
6 2 2 0 4 0 1 12.011 0.02467436073 -0.2035 2.753 0
0 1 1 0 0 0
1 2 1 0 0 0
2 3 1.5 1 1 0
3 4 1.5 1 1 0
4 5 1.5 1 1 0
5 6 1.5 1 1 0
6 7 1 1 0 0
7 8 1 0 1 0
8 9 1 0 1 0
9 10 1 0 1 0
10 11 1 0 1 0
11 12 1 0 0 0
12 13 1.5 1 1 0
13 14 1.5 1 1 0
14 15 1.5 1 1 0
15 16 1.5 1 1 0
16 17 1 1 0 0
17 18 3 1 0 0
16 19 1.5 1 1 0
11 20 1 0 1 0
6 2 1.5 1 1 0
20 7 1 0 1 0
19 12 1.5 1 1 0
25 27 1
6 1 3 0 4 0 0 12.011 0.01951352288 -0.1444 2.412 0
7 3 0 0 3 1 1 14.007 -0.2608360826 -0.3239 2.202 0
6 3 0 0 3 1 1 12.011 0.2741479327 -0.8186 3.135 0
8 1 0 0 3 0 0 15.999 -0.267393776 0.1788 3.135 0
6 2 1 0 3 1 1 12.011 0.1130959221 0.1581 3.35 0
7 2 0 0 3 1 1 14.007 -0.1712281878 -0.3239 2.202 0
7 3 0 0 3 1 1 14.007 -0.2147211562 -0.3239 2.202 0
6 2 2 0 4 0 0 12.011 0.04643749736 -0.0516 2.488 0
6 2 2 0 4 0 0 12.011 -0.0320167012 0.1441 2.503 0
6 2 2 0 4 0 0 12.011 -0.03864900598 0.1441 2.503 0
6 2 2 0 4 0 0 12.011 -0.001656564788 -0.2035 2.753 0
7 3 0 0 4 0 1 14.007 -0.299824082 -0.3187 1.839 0
6 2 2 0 4 0 1 12.011 0.01585402929 -0.2035 2.753 0
6 2 2 0 4 0 1 12.011 0.03058851669 -0.2035 2.753 0
7 3 0 0 3 0 1 14.007 -0.3689663357 -0.4458 2.819 0
6 3 0 0 3 1 1 12.011 0.03665756961 0.4619 4.067 0
6 2 1 0 3 1 1 12.011 -0.03875736501 0.1581 3.35 0
6 2 1 0 3 1 1 12.011 -0.06020753132 0.1581 3.35 0
6 2 1 0 3 1 1 12.011 -0.06211759545 0.1581 3.35 0
6 2 1 0 3 1 1 12.011 -0.06020753132 0.1581 3.35 0
6 2 1 0 3 1 1 12.011 -0.03875736501 0.1581 3.35 0
6 2 2 0 4 0 1 12.011 0.03058851669 -0.2035 2.753 0
6 2 2 0 4 0 1 12.011 0.01585402929 -0.2035 2.753 0
6 3 0 0 3 1 1 12.011 0.3466307451 -0.8186 3.135 0
8 1 0 0 3 0 0 15.999 -0.2459208961 0.1788 3.135 0
0 1 1 0 0 0
1 2 1.5 1 1 0
2 3 2 1 0 0
2 4 1.5 1 1 0
4 5 1.5 1 1 0
5 6 1.5 1 1 0
6 7 1 0 0 0
7 8 1 0 0 0
8 9 1 0 0 0
9 10 1 0 0 0
10 11 1 0 0 0
11 12 1 0 1 0
12 13 1 0 1 0
13 14 1 0 1 0
14 15 1 1 0 0
15 16 1.5 1 1 0
16 17 1.5 1 1 0
17 18 1.5 1 1 0
18 19 1.5 1 1 0
19 20 1.5 1 1 0
14 21 1 0 1 0
21 22 1 0 1 0
6 23 1.5 1 1 0
23 24 2 1 0 0
23 1 1.5 1 1 0
22 11 1 0 1 0
20 15 1.5 1 1 0
30 33 1
6 1 3 0 4 0 0 12.011 -0.04697699051 0.1441 2.503 0
6 2 1 0 3 0 0 12.011 -0.09115330643 0.1551 3.513 0
6 2 1 0 3 0 0 12.011 -0.07955875497 0.1551 3.513 0
6 2 2 0 4 0 0 12.011 0.04458158712 0.1441 2.503 0
6 3 0 0 3 0 0 12.011 0.223511663 -0.2783 5.007 0
8 1 0 0 3 0 0 15.999 -0.2747714634 -0.1526 0 0
7 2 1 0 3 0 0 14.007 -0.3531061083 -0.7096 2.173 0
6 3 1 0 4 0 1 12.011 0.0287927826 -0.2051 2.731 0
6 2 2 0 4 0 1 12.011 -0.03251982098 0.1441 2.503 0
6 2 2 0 4 0 1 12.011 -0.04844844636 0.1441 2.503 0
6 3 1 0 4 0 1 12.011 -0.0400608848 0 2.433 0
6 2 2 0 4 0 0 12.011 -0.03756043601 0.1441 2.503 0
6 2 2 0 4 0 0 12.011 -0.00160884874 -0.2035 2.753 0
7 3 0 0 4 0 1 14.007 -0.3032825135 -0.3187 1.839 0
6 2 2 0 4 0 1 12.011 -0.001289232117 -0.2035 2.753 0
6 2 2 0 4 0 1 12.011 -0.03343052151 0.1441 2.503 0
6 3 1 0 4 0 1 12.011 -0.01335245306 0.1193 2.582 0
6 3 0 0 3 1 1 12.011 -0.03778581825 0.136 3.509 0
6 2 1 0 3 1 1 12.011 -0.05821320833 0.1581 3.35 0
6 2 1 0 3 1 1 12.011 -0.05827985049 0.1581 3.35 0
6 2 1 0 3 1 1 12.011 -0.01965457061 0.1581 3.35 0
6 3 0 0 3 1 1 12.011 0.1224069754 0.5437 3.853 0
6 3 0 0 3 1 1 12.011 0.0009699398541 0.136 3.509 0
6 2 2 0 4 0 1 12.011 0.01051856792 -0.0516 2.488 0
6 2 2 0 4 0 1 12.011 0.09238421841 -0.2035 2.753 0
8 2 0 0 3 0 1 15.999 -0.492948442 -0.4195 1.182 0
6 2 2 0 4 0 1 12.011 -0.03343052151 0.1441 2.503 0
6 2 2 0 4 0 1 12.011 -0.001289232117 -0.2035 2.753 0
6 2 2 0 4 0 1 12.011 -0.04844844636 0.1441 2.503 0
6 2 2 0 4 0 1 12.011 -0.03251982098 0.1441 2.503 0
0 1 1 0 0 0
1 2 2 0 0 1
2 3 1 0 0 0
3 4 1 0 0 0
4 5 2 1 0 0
4 6 1 1 0 0
6 7 1 0 0 0
7 8 1 0 1 0
8 9 1 0 1 0
9 10 1 0 1 0
10 11 1 0 0 0
11 12 1 0 0 0
12 13 1 0 0 0
13 14 1 0 1 0
14 15 1 0 1 0
15 16 1 0 1 0
16 17 1 0 0 0
17 18 1.5 1 1 0
18 19 1.5 1 1 0
19 20 1.5 1 1 0
20 21 1.5 1 1 0
21 22 1.5 1 1 0
22 23 1 0 1 0
23 24 1 0 1 0
24 25 1 0 1 0
16 26 1 0 1 0
26 27 1 0 1 0
10 28 1 0 1 0
28 29 1 0 1 0
29 7 1 0 1 0
27 13 1 0 1 0
22 17 1.5 1 1 0
25 21 1 1 1 0
30 34 1
8 1 1 0 3 0 0 15.999 -0.477598372 -0.2893 0.8238 0
6 3 0 0 3 0 0 12.011 0.3367810593 -0.2783 5.007 0
8 1 0 0 3 0 0 15.999 -0.2463326416 0.1129 0.2215 0
6 3 0 0 3 1 1 12.011 0.07835319505 0.136 3.509 0
6 2 1 0 3 1 1 12.011 0.04132995713 0.1581 3.35 0
7 2 0 0 3 1 1 14.007 -0.2631858864 -0.3239 2.202 0
6 2 1 0 3 1 1 12.011 0.03464054016 0.1581 3.35 0
6 3 0 0 3 1 1 12.011 0.0008741301355 0.2713 3.904 0
6 2 1 0 3 1 1 12.011 -0.03668648995 0.1581 3.35 0
6 3 0 0 3 1 1 12.011 -0.01593043709 0.2713 3.904 0
6 2 1 0 3 1 1 12.011 -0.05279551099 0.1581 3.35 0
6 2 1 0 3 1 1 12.011 -0.04209036462 0.1581 3.35 0
6 3 0 0 3 1 1 12.011 0.05335191802 0.245 3.564 0
17 1 0 0 4 0 0 35.453 -0.08347375574 0.6895 5.853 0
6 3 0 0 3 1 1 12.011 0.05854182753 0.136 3.509 0
6 2 1 0 3 1 1 12.011 -0.04000661108 0.1581 3.35 0
6 3 0 0 3 0 0 12.011 0.2523352112 -0.2783 5.007 0
8 1 0 0 3 0 0 15.999 -0.2692591843 0.1129 0.2215 0
7 2 1 0 3 0 0 14.007 -0.3514342035 -0.7096 2.173 0
6 2 2 0 4 0 0 12.011 0.0233676889 -0.2035 2.753 0
6 4 0 0 4 0 1 12.011 -0.0115109438 0 2.433 0
6 2 2 0 4 0 1 12.011 -0.04301481571 0.1441 2.503 0
6 3 1 0 4 0 1 12.011 -0.04030643335 0 2.433 0
6 2 2 0 4 0 1 12.011 -0.04752688781 0.1441 2.503 0
6 3 1 0 4 0 1 12.011 -0.04030643335 0 2.433 0
6 2 2 0 4 0 1 12.011 -0.04752688781 0.1441 2.503 0
6 3 1 0 4 0 1 12.011 -0.04030643335 0 2.433 0
6 2 2 0 4 0 1 12.011 -0.04752688781 0.1441 2.503 0
6 2 2 0 4 0 1 12.011 -0.04301481571 0.1441 2.503 0
6 2 2 0 4 0 1 12.011 -0.04301481571 0.1441 2.503 0
0 1 1 1 0 0
1 2 2 1 0 0
1 3 1 1 0 0
3 4 1.5 1 1 0
4 5 1.5 1 1 0
5 6 1.5 1 1 0
6 7 1.5 1 1 0
7 8 1.5 1 1 0
7 9 1 1 0 0
9 10 1.5 1 1 0
10 11 1.5 1 1 0
11 12 1.5 1 1 0
12 13 1 0 0 0
12 14 1.5 1 1 0
14 15 1.5 1 1 0
14 16 1 1 0 0
16 17 2 1 0 0
16 18 1 1 0 0
18 19 1 0 0 0
19 20 1 0 0 0
20 21 1 0 1 0
21 22 1 0 1 0
22 23 1 0 1 0
23 24 1 0 1 0
24 25 1 0 1 0
25 26 1 0 1 0
26 27 1 0 1 0
26 28 1 0 1 0
24 29 1 0 1 0
8 3 1.5 1 1 0
15 9 1.5 1 1 0
28 20 1 0 1 0
29 20 1 0 1 0
27 22 1 0 1 0
34 38 1
6 1 3 0 4 0 0 12.011 -0.02220260635 0.08452 2.464 0
6 3 0 0 3 1 1 12.011 0.03800028381 0.136 3.509 0
6 2 1 0 3 1 1 12.011 -0.04008671612 0.1581 3.35 0
6 2 1 0 3 1 1 12.011 -0.04727112516 0.1581 3.35 0
6 3 0 0 3 1 1 12.011 0.04250131774 0.2955 4.346 0
6 3 0 0 3 1 1 12.011 0.1311763273 0.5437 3.853 0
8 2 0 0 3 0 0 15.999 -0.4914395264 -0.4195 1.182 0
6 2 2 0 4 0 0 12.011 0.1009104283 -0.2035 2.753 0
6 2 2 0 4 0 0 12.011 0.03247737168 -0.2035 2.753 0
7 3 0 0 4 0 1 14.007 -0.2999353708 -0.3187 1.839 0
6 2 2 0 4 0 1 12.011 -0.001453414594 -0.2035 2.753 0
6 2 2 0 4 0 1 12.011 -0.03719555122 0.1441 2.503 0
6 3 1 0 4 0 1 12.011 -0.03493790637 0 2.433 0
6 2 2 0 4 0 0 12.011 -0.02475605527 -0.0516 2.488 0
6 3 0 0 3 1 1 12.011 -0.0424877902 0.136 3.509 0
6 2 1 0 3 1 1 12.011 -0.01905001297 0.1581 3.35 0
6 3 0 0 3 1 1 12.011 0.1670479475 0 3.257 0
9 1 0 0 4 0 0 18.998 -0.2028014966 0.4202 1.108 0
6 3 0 0 3 1 1 12.011 0.1787152572 0.5437 3.853 0
6 3 0 0 3 1 1 12.011 0.08683015042 0.4619 4.067 0
6 2 1 0 3 1 1 12.011 -0.03125757918 0.1581 3.35 0
7 2 1 0 3 0 1 14.007 -0.3198663783 -0.5188 3 0
6 3 0 0 3 0 1 12.011 0.2619138683 -0.2783 5.007 0
8 1 0 0 3 0 0 15.999 -0.2707458352 -0.1526 0 0
6 2 2 0 4 0 1 12.011 0.1671299326 -0.2035 2.753 0
8 2 0 0 3 0 1 15.999 -0.4784857855 -0.4195 1.182 0
6 2 2 0 4 0 1 12.011 -0.03719555122 0.1441 2.503 0
6 2 2 0 4 0 1 12.011 -0.001453414594 -0.2035 2.753 0
6 2 1 0 3 1 1 12.011 0.01668765006 0.1581 3.35 0
6 3 0 0 3 1 1 12.011 0.1285920914 0 3.257 0
9 1 0 0 4 0 0 18.998 -0.2067804392 0.4202 1.108 0
6 2 1 0 3 1 1 12.011 0.0003760840094 0.1581 3.35 0
6 3 0 0 3 1 1 12.011 0.07710474325 0.2955 4.346 0
7 2 0 0 3 1 1 14.007 -0.2528893717 -0.3239 2.202 0
0 1 1 0 0 0
1 2 1.5 1 1 0
2 3 1.5 1 1 0
3 4 1.5 1 1 0
4 5 1.5 1 1 0
5 6 1 1 0 0
6 7 1 0 0 0
7 8 1 0 0 0
8 9 1 0 0 0
9 10 1 0 1 0
10 11 1 0 1 0
11 12 1 0 1 0
12 13 1 0 0 0
13 14 1 0 0 0
14 15 1.5 1 1 0
15 16 1.5 1 1 0
16 17 1 0 0 0
16 18 1.5 1 1 0
18 19 1.5 1 1 0
19 20 1.5 1 1 0
19 21 1 1 1 0
21 22 1 1 1 0
22 23 2 1 0 0
22 24 1 0 1 0
24 25 1 0 1 0
12 26 1 0 1 0
26 27 1 0 1 0
5 28 1.5 1 1 0
28 29 1.5 1 1 0
29 30 1 0 0 0
29 31 1.5 1 1 0
31 32 1.5 1 1 0
32 33 1.5 1 1 0
33 1 1.5 1 1 0
32 4 1.5 1 1 0
27 9 1 0 1 0
20 14 1.5 1 1 0
25 18 1 1 1 0
17 18 1
6 1 3 0 4 0 0 12.011 -0.044094984 0.1441 2.503 0
6 3 1 0 4 0 1 12.011 0.0634824355 -0.2051 2.731 -1
7 2 1 0 4 0 1 14.007 -0.3017629448 -0.7096 2.173 0
6 4 0 0 4 0 1 12.011 0.03649277136 -0.2051 2.731 0
6 1 3 0 4 0 0 12.011 -0.04485325742 0.1441 2.503 0
6 1 3 0 4 0 0 12.011 -0.04485325742 0.1441 2.503 0
6 2 2 0 4 0 1 12.011 0.06812693864 -0.2035 2.753 0
8 2 0 0 4 0 1 15.999 -0.3428599992 -0.0684 1.085 0
6 4 0 0 4 0 1 12.011 0.2076234072 -0.0967 2.576 -1
8 1 1 0 4 0 0 15.999 -0.3605806429 -0.2893 0.8238 0
6 3 0 0 3 1 1 12.011 0.01381333221 0.136 3.509 0
6 2 1 0 3 1 1 12.011 -0.05349553744 0.1581 3.35 0
6 2 1 0 3 1 1 12.011 -0.06031204031 0.1581 3.35 0
6 2 1 0 3 1 1 12.011 -0.0435016459 0.1581 3.35 0
6 3 0 0 3 1 1 12.011 0.04102490241 0.245 3.564 0
17 1 0 0 4 0 0 35.453 -0.08433034587 0.6895 5.853 0
6 2 1 0 3 1 1 12.011 -0.03486631529 0.1581 3.35 0
0 1 1 0 0 0
1 2 1 0 1 0
2 3 1 0 1 0
3 4 1 0 0 0
3 5 1 0 0 0
3 6 1 0 1 0
6 7 1 0 1 0
7 8 1 0 1 0
8 9 1 0 0 0
8 10 1 0 0 0
10 11 1.5 1 1 0
11 12 1.5 1 1 0
12 13 1.5 1 1 0
13 14 1.5 1 1 0
14 15 1 0 0 0
14 16 1.5 1 1 0
8 1 1 0 1 0
16 10 1.5 1 1 0
38 41 1
6 1 3 0 4 0 0 12.011 0.07750652804 -0.2035 2.753 0
8 2 0 0 3 0 0 15.999 -0.4967678029 -0.4195 1.182 0
6 3 0 0 3 1 1 12.011 0.1184031944 0.5437 3.853 0
6 2 1 0 3 1 1 12.011 -0.0193107952 0.1581 3.35 0
6 2 1 0 3 1 1 12.011 -0.0490805112 0.1581 3.35 0
6 3 0 0 3 1 1 12.011 0.001932177449 0.2713 3.904 0
6 3 0 0 3 1 1 12.011 0.09041631102 0.2713 3.904 0
7 2 0 0 3 1 1 14.007 -0.2289848443 -0.3239 2.202 0
6 3 0 0 3 1 1 12.011 0.1506690161 0.1893 2.673 0
16 2 0 0 4 0 0 32.067 -0.09545878587 0.6482 7.591 0
6 2 2 0 4 0 0 12.011 0.003529139393 -0.2035 2.753 0
6 2 2 0 4 0 0 12.011 -0.009193625984 0.1441 2.503 0
6 2 2 0 4 0 0 12.011 0.08899121013 -0.2035 2.753 0
8 2 0 0 3 0 0 15.999 -0.4935545183 -0.4195 1.182 0
6 3 0 0 3 1 1 12.011 0.1193227781 0.5437 3.853 0
6 2 1 0 3 1 1 12.011 -0.01626682254 0.1581 3.35 0
6 2 1 0 3 1 1 12.011 -0.0159831881 0.1581 3.35 0
6 3 0 0 3 1 1 12.011 0.1228619342 0.5437 3.853 0
8 2 0 0 3 0 0 15.999 -0.481635214 -0.4195 1.182 0
6 2 2 0 4 0 0 12.011 0.1851072098 -0.2035 2.753 0
6 3 0 0 3 0 0 12.011 0.3412224043 -0.2783 5.007 0
8 1 0 0 3 0 0 15.999 -0.2483547323 -0.1526 0 0
8 1 1 0 3 0 0 15.999 -0.4787231759 -0.2893 0.8238 0
6 3 0 0 3 1 1 12.011 -0.005299022235 0.136 3.509 0
6 1 3 0 4 0 0 12.011 -0.03596218697 0.08452 2.464 0
6 2 1 0 3 1 1 12.011 -0.01334550048 0.1581 3.35 0
16 2 0 0 3 1 1 32.067 -0.1070120432 0.6237 6.691 0
6 3 0 0 3 1 1 12.011 0.06327661975 0.2713 3.904 0
6 3 0 0 3 1 1 12.011 -0.005800782782 0.2713 3.904 0
6 2 1 0 3 1 1 12.011 -0.0498017129 0.1581 3.35 0
6 2 1 0 3 1 1 12.011 -0.01933777555 0.1581 3.35 0
6 3 0 0 3 1 1 12.011 0.1184022838 0.5437 3.853 0
8 2 0 0 3 0 0 15.999 -0.4967678104 -0.4195 1.182 0
6 1 3 0 4 0 0 12.011 0.077506528 -0.2035 2.753 0
6 2 1 0 3 1 1 12.011 -0.01933777555 0.1581 3.35 0
6 2 1 0 3 1 1 12.011 -0.0498017129 0.1581 3.35 0
6 2 1 0 3 1 1 12.011 -0.0490805112 0.1581 3.35 0
6 2 1 0 3 1 1 12.011 -0.0193107952 0.1581 3.35 0
0 1 1 0 0 0
1 2 1 1 0 0
2 3 1.5 1 1 0
3 4 1.5 1 1 0
4 5 1.5 1 1 0
5 6 1 1 0 0
6 7 1.5 1 1 0
7 8 1.5 1 1 0
8 9 1 0 0 0
9 10 1 0 0 0
10 11 1 0 0 0
11 12 1 0 0 0
12 13 1 0 0 0
13 14 1 1 0 0
14 15 1.5 1 1 0
15 16 1.5 1 1 0
16 17 1.5 1 1 0
17 18 1 1 0 0
18 19 1 0 0 0
19 20 1 0 0 0
20 21 2 1 0 0
20 22 1 1 0 0
17 23 1.5 1 1 0
23 24 1 0 0 0
23 25 1.5 1 1 0
8 26 1.5 1 1 0
26 27 1.5 1 1 0
27 28 1 1 0 0
28 29 1.5 1 1 0
29 30 1.5 1 1 0
30 31 1.5 1 1 0
31 32 1 1 0 0
32 33 1 0 0 0
31 34 1.5 1 1 0
34 35 1.5 1 1 0
5 36 1.5 1 1 0
36 37 1.5 1 1 0
37 2 1.5 1 1 0
27 6 1.5 1 1 0
35 28 1.5 1 1 0
25 14 1.5 1 1 0
33 37 1
6 1 3 0 4 0 0 12.011 0.01632329772 -0.1444 2.412 0
7 3 0 0 3 1 1 14.007 -0.2952474083 -0.3239 2.202 0
6 3 0 0 3 1 1 12.011 0.1427124763 0.2713 3.904 0
6 3 0 0 3 1 1 12.011 0.0177577293 0.2713 3.904 0
6 2 1 0 3 1 1 12.011 -0.04757607509 0.1581 3.35 0
6 2 1 0 3 1 1 12.011 -0.01921976641 0.1581 3.35 0
6 3 0 0 3 1 1 12.011 0.1192637908 0.5437 3.853 0
8 2 0 0 3 0 0 15.999 -0.4903406789 -0.4195 1.182 0
6 3 1 0 4 0 1 12.011 0.1011403544 -0.2051 2.731 0
6 2 2 0 4 0 1 12.011 -0.002986411277 0.1441 2.503 0
6 2 2 0 4 0 1 12.011 0.001948510742 -0.2035 2.753 0
7 3 0 0 4 0 1 14.007 -0.3001078093 -0.3187 1.839 0
6 3 1 0 4 0 1 12.011 0.009528096291 -0.2051 2.731 0
6 2 2 0 4 0 1 12.011 -0.03748377647 0.1441 2.503 0
6 2 2 0 4 0 1 12.011 -0.05032775467 0.1441 2.503 0
6 2 2 0 4 0 1 12.011 -0.03748377647 0.1441 2.503 0
6 2 2 0 4 0 1 12.011 0.001948510742 -0.2035 2.753 0
6 2 2 0 4 0 1 12.011 -0.002986411277 0.1441 2.503 0
6 2 1 0 3 1 1 12.011 -0.01921976641 0.1581 3.35 0
6 2 1 0 3 1 1 12.011 -0.04757607509 0.1581 3.35 0
7 2 0 0 3 1 1 14.007 -0.2289307424 -0.3239 2.202 0
6 3 0 0 3 1 1 12.011 0.09044643668 0.2955 4.346 0
6 3 0 0 3 1 1 12.011 0.08205117277 0.136 3.509 0
6 4 0 0 4 0 0 12.011 0.4180098666 -0.0967 2.576 0
9 1 0 0 4 0 0 18.998 -0.1660413244 0.4202 1.108 0
9 1 0 0 4 0 0 18.998 -0.1660413244 0.4202 1.108 0
9 1 0 0 4 0 0 18.998 -0.1660413244 0.4202 1.108 0
6 2 1 0 3 1 1 12.011 -0.04775916526 0.1581 3.35 0
6 2 1 0 3 1 1 12.011 -0.06071140406 0.1581 3.35 0
6 2 1 0 3 1 1 12.011 -0.04720648046 0.1581 3.35 0
6 3 0 0 3 1 1 12.011 0.06631356878 0.2955 4.346 0
6 3 0 0 3 1 1 12.011 0.2608969902 -0.8186 3.135 0
8 1 0 0 3 0 0 15.999 -0.2685697407 0.1788 3.135 0
0 1 1 0 0 0
1 2 1.5 1 1 0
2 3 1 1 0 0
3 4 1.5 1 1 0
4 5 1.5 1 1 0
5 6 1.5 1 1 0
6 7 1 1 0 0
7 8 1 0 0 0
8 9 1 0 1 0
9 10 1 0 1 0
10 11 1 0 1 0
11 12 1 0 0 0
12 13 1 0 1 0
13 14 1 0 1 0
14 15 1 0 1 0
11 16 1 0 1 0
16 17 1 0 1 0
6 18 1.5 1 1 0
18 19 1.5 1 1 0
2 20 1.5 1 1 0
20 21 1.5 1 1 0
21 22 1.5 1 1 0
22 23 1 0 0 0
23 24 1 0 0 0
23 25 1 0 0 0
23 26 1 0 0 0
22 27 1.5 1 1 0
27 28 1.5 1 1 0
28 29 1.5 1 1 0
29 30 1.5 1 1 0
30 31 1.5 1 1 0
31 32 2 1 0 0
31 1 1.5 1 1 0
19 3 1.5 1 1 0
30 21 1.5 1 1 0
17 8 1 0 1 0
15 12 1 0 1 0
34 37 1
6 1 3 0 4 0 0 12.011 0.03018160942 -0.1444 2.412 0
7 3 0 0 3 1 1 14.007 -0.267793631 -0.3239 2.202 0
7 2 0 0 3 1 1 14.007 -0.1791794492 -0.3239 2.202 0
6 2 1 0 3 1 1 12.011 0.07298376808 0.1581 3.35 0
6 3 0 0 3 1 1 12.011 0.0854867416 0.4619 4.067 0
7 2 1 0 3 0 0 14.007 -0.3176133206 -0.5188 3 0
6 3 0 0 3 0 0 12.011 0.2738746301 -0.2783 5.007 0
8 1 0 0 3 0 0 15.999 -0.2671228063 0.1129 0.2215 0
6 3 0 0 3 1 1 12.011 0.1289610896 0.136 3.509 0
6 2 1 0 3 1 1 12.011 -0.02773453347 0.1581 3.35 0
6 2 1 0 3 1 1 12.011 -0.02168321543 0.1581 3.35 0
6 3 0 0 3 1 1 12.011 0.149243194 0 3.257 0
9 1 0 0 4 0 0 18.998 -0.2045883217 0.4202 1.108 0
6 3 0 0 3 1 1 12.011 0.1127114599 0.2713 3.904 0
6 3 0 0 3 1 1 12.011 0.07478182392 0.2713 3.904 0
6 3 0 0 3 1 1 12.011 0.1366513105 0 3.257 0
9 1 0 0 4 0 0 18.998 -0.206088374 0.4202 1.108 0
6 2 1 0 3 1 1 12.011 -0.006685704269 0.1581 3.35 0
6 3 0 0 3 1 1 12.011 0.04641715224 0.245 3.564 0
17 1 0 0 4 0 0 35.453 -0.08412326288 0.6895 5.853 0
6 2 1 0 3 1 1 12.011 -0.006685704269 0.1581 3.35 0
6 3 0 0 3 1 1 12.011 0.1366513105 0 3.257 0
9 1 0 0 4 0 0 18.998 -0.206088374 0.4202 1.108 0
7 2 0 0 3 1 1 14.007 -0.2392950538 -0.3239 2.202 0
6 3 0 0 3 1 1 12.011 0.0904481979 0.136 3.509 0
6 3 1 0 4 0 1 12.011 0.101399305 0.1193 2.582 -1
6 2 2 0 4 0 1 12.011 -0.01929703991 0.1441 2.503 0
6 2 2 0 4 0 1 12.011 -0.03218849323 0.1441 2.503 0
6 3 1 0 4 0 1 12.011 0.03802714967 -0.2051 2.731 1
7 1 2 0 4 0 0 14.007 -0.3251349241 -1.019 2.262 0
6 3 1 0 4 0 1 12.011 0.1383330844 -0.2051 2.731 -1
9 1 0 0 4 0 0 18.998 -0.2432248687 0.4202 1.108 0
6 2 2 0 4 0 1 12.011 0.08032965063 -0.2035 2.753 0
8 2 0 0 4 0 1 15.999 -0.3687689342 -0.0684 1.085 0
0 1 1 0 0 0
1 2 1.5 1 1 0
2 3 1.5 1 1 0
3 4 1.5 1 1 0
4 5 1 1 0 0
5 6 1 1 0 0
6 7 2 1 0 0
6 8 1 1 0 0
8 9 1.5 1 1 0
9 10 1.5 1 1 0
10 11 1.5 1 1 0
11 12 1 0 0 0
11 13 1.5 1 1 0
13 14 1 1 0 0
14 15 1.5 1 1 0
15 16 1 0 0 0
15 17 1.5 1 1 0
17 18 1.5 1 1 0
18 19 1 0 0 0
18 20 1.5 1 1 0
20 21 1.5 1 1 0
21 22 1 0 0 0
13 23 1.5 1 1 0
4 24 1.5 1 1 0
24 25 1 0 0 0
25 26 1 0 1 0
26 27 1 0 1 0
27 28 1 0 1 0
28 29 1 0 0 0
28 30 1 0 1 0
30 31 1 0 0 0
30 32 1 0 1 0
32 33 1 0 1 0
24 1 1.5 1 1 0
33 25 1 0 1 0
23 8 1.5 1 1 0
21 14 1.5 1 1 0
35 39 1
8 1 0 0 3 0 0 15.999 -0.2509291171 -0.1526 0 0
6 3 0 0 3 0 0 12.011 0.3172125257 -0.2783 5.007 0
8 1 1 0 3 0 0 15.999 -0.4802856977 -0.2893 0.8238 0
6 2 2 0 4 0 0 12.011 0.09705579931 -0.2035 2.753 0
7 3 0 0 4 0 1 14.007 -0.2899956636 -0.3187 1.839 0
6 2 2 0 4 0 1 12.011 -0.0009712488103 -0.2035 2.753 0
6 2 2 0 4 0 1 12.011 -0.04033039919 0.1441 2.503 0
6 2 2 0 4 0 1 12.011 -0.05059722226 0.1441 2.503 0
6 2 2 0 4 0 1 12.011 -0.03740998274 0.1441 2.503 0
6 3 1 0 4 0 1 12.011 0.0118001401 -0.2051 2.731 0
6 2 2 0 4 0 0 12.011 -0.01999635764 0.1441 2.503 0
6 2 2 0 4 0 0 12.011 0.01764016978 -0.2035 2.753 0
7 2 1 0 3 0 0 14.007 -0.3681038267 -0.5188 3 0
6 3 0 0 3 1 1 12.011 0.1554248746 0.4619 4.067 0
7 2 0 0 3 1 1 14.007 -0.2369301765 -0.3239 2.202 0
6 2 1 0 3 1 1 12.011 0.03310209117 0.1581 3.35 0
6 2 1 0 3 1 1 12.011 0.001617745573 0.1581 3.35 0
6 3 0 0 3 1 1 12.011 0.1597056337 0.2955 4.346 0
8 2 0 0 3 1 1 15.999 -0.4401266453 0.1552 1.08 0
6 3 0 0 3 1 1 12.011 0.1996205189 0.136 3.509 0
6 2 2 0 4 0 0 12.011 0.0515825306 -0.0516 2.488 0
6 3 0 0 3 1 1 12.011 -0.01144129105 0.136 3.509 0
6 2 1 0 3 1 1 12.011 -0.03763184871 0.1581 3.35 0
6 3 0 0 3 1 1 12.011 0.04099247119 0.245 3.564 0
17 1 0 0 4 0 0 35.453 -0.08433098088 0.6895 5.853 0
6 2 1 0 3 1 1 12.011 -0.04136001037 0.1581 3.35 0
6 2 1 0 3 1 1 12.011 -0.03452443713 0.1581 3.35 0
6 3 0 0 3 1 1 12.011 0.07020875337 0.2713 3.904 0
7 3 0 0 3 1 1 14.007 -0.22077299 -0.3239 2.202 0
6 2 1 0 3 1 1 12.011 0.1190533132 0.1581 3.35 0
7 2 0 0 3 1 1 14.007 -0.2230422587 -0.3239 2.202 0
6 2 1 0 3 1 1 12.011 0.1377004293 0.1581 3.35 0
7 2 0 0 3 1 1 14.007 -0.1548253703 -0.3239 2.202 0
7 2 0 0 3 1 1 14.007 -0.2094728618 -0.3239 2.202 0
6 3 0 0 3 1 1 12.011 0.1516190216 0.2955 4.346 0
0 1 2 1 0 0
1 2 1 1 0 0
1 3 1 0 0 0
3 4 1 0 0 0
4 5 1 0 1 0
5 6 1 0 1 0
6 7 1 0 1 0
7 8 1 0 1 0
8 9 1 0 1 0
9 10 1 0 0 0
10 11 1 0 0 0
11 12 1 0 0 0
12 13 1 1 0 0
13 14 1.5 1 1 0
14 15 1.5 1 1 0
15 16 1.5 1 1 0
16 17 1.5 1 1 0
17 18 1.5 1 1 0
18 19 1.5 1 1 0
19 20 1 0 0 0
20 21 1 0 0 0
21 22 1.5 1 1 0
22 23 1.5 1 1 0
23 24 1 0 0 0
23 25 1.5 1 1 0
25 26 1.5 1 1 0
26 27 1.5 1 1 0
27 28 1 1 0 0
28 29 1.5 1 1 0
29 30 1.5 1 1 0
30 31 1.5 1 1 0
31 32 1.5 1 1 0
19 33 1.5 1 1 0
33 34 1.5 1 1 0
9 4 1 0 1 0
34 13 1.5 1 1 0
34 17 1.5 1 1 0
27 21 1.5 1 1 0
32 28 1.5 1 1 0
34 37 1
6 1 3 0 4 0 0 12.011 0.03629555281 -0.2035 2.753 0
8 2 0 0 4 0 0 15.999 -0.3766198028 -0.0684 1.085 0
6 4 0 0 4 0 1 12.011 0.08395493355 -0.2051 2.731 0
6 1 3 0 4 0 0 12.011 -0.03399945704 0.1441 2.503 0
6 2 2 0 4 0 1 12.011 -0.007083016706 0.1441 2.503 0
6 3 1 0 4 0 1 12.011 0.008364000144 -0.2051 2.731 0
7 1 2 0 4 0 0 14.007 -0.3275325051 -1.019 2.262 0
6 2 2 0 4 0 1 12.011 -0.02009473112 0.1441 2.503 0
6 2 2 0 4 0 1 12.011 0.02084521941 -0.2035 2.753 0
7 3 0 0 3 0 1 14.007 -0.3521568804 -0.4458 2.819 0
6 3 0 0 3 1 1 12.011 0.1503653527 0.4619 4.067 0
6 3 0 0 3 1 1 12.011 0.1042275247 0.4619 4.067 0
7 2 1 0 3 0 0 14.007 -0.3160608479 -0.5188 3 0
6 3 0 0 3 0 0 12.011 0.2769925062 -0.2783 5.007 0
8 1 0 0 3 0 0 15.999 -0.2669950808 0.1129 0.2215 0
6 3 0 0 3 1 1 12.011 0.1629802263 0.136 3.509 0
7 2 0 0 3 1 1 14.007 -0.228319461 -0.3239 2.202 0
6 3 0 0 3 1 1 12.011 0.1318218306 0.2713 3.904 0
6 3 0 0 3 1 1 12.011 0.08521511931 0.2713 3.904 0
6 3 0 0 3 1 1 12.011 0.1541805541 0 3.257 0
9 1 0 0 4 0 0 18.998 -0.2044016085 0.4202 1.108 0
6 2 1 0 3 1 1 12.011 0.06350598902 0.1581 3.35 0
7 2 0 0 3 1 1 14.007 -0.2585682002 -0.3239 2.202 0
6 2 1 0 3 1 1 12.011 0.06350598902 0.1581 3.35 0
6 3 0 0 3 1 1 12.011 0.1541805541 0 3.257 0
9 1 0 0 4 0 0 18.998 -0.2044016085 0.4202 1.108 0
16 2 0 0 3 1 1 32.067 -0.09584767761 0.6237 6.691 0
6 3 0 0 3 1 1 12.011 0.1196543604 0.4619 4.067 0
7 1 2 0 3 0 0 14.007 -0.3885771086 -1.027 2.827 0
6 2 1 0 3 1 1 12.011 0.07488582833 0.1581 3.35 0
7 2 0 0 3 1 1 14.007 -0.177575206 -0.3239 2.202 0
7 3 0 0 3 1 1 14.007 -0.2508360244 -0.3239 2.202 0
6 1 3 0 4 0 0 12.011 0.03204238786 -0.1444 2.412 0
6 2 2 0 4 0 1 12.011 0.04819410882 -0.2035 2.753 0
0 1 1 0 0 0
1 2 1 0 0 0
2 3 1 0 0 0
2 4 1 0 1 0
4 5 1 0 1 0
5 6 1 0 0 0
5 7 1 0 1 0
7 8 1 0 1 0
8 9 1 0 1 0
9 10 1 1 0 0
10 11 1.5 1 1 0
11 12 1 1 0 0
12 13 1 1 0 0
13 14 2 1 0 0
13 15 1 1 0 0
15 16 1.5 1 1 0
16 17 1.5 1 1 0
17 18 1 1 0 0
18 19 1.5 1 1 0
19 20 1 0 0 0
19 21 1.5 1 1 0
21 22 1.5 1 1 0
22 23 1.5 1 1 0
23 24 1.5 1 1 0
24 25 1 0 0 0
17 26 1.5 1 1 0
26 27 1.5 1 1 0
27 28 1 1 0 0
11 29 1.5 1 1 0
29 30 1.5 1 1 0
30 31 1.5 1 1 0
31 32 1 0 0 0
9 33 1 0 1 0
33 2 1 0 1 0
31 10 1.5 1 1 0
27 15 1.5 1 1 0
24 18 1.5 1 1 0
17 19 1
8 1 1 0 3 0 0 15.999 -0.5076781658 -0.2893 0.8238 0
6 3 0 0 3 1 1 12.011 0.1225356011 0.5437 3.853 0
6 2 1 0 3 1 1 12.011 0.02277125564 0.1581 3.35 0
6 3 0 0 3 1 1 12.011 0.1337423673 0.5437 3.853 0
8 1 1 0 3 0 0 15.999 -0.5068928684 -0.2893 0.8238 0
6 3 0 0 3 1 1 12.011 0.1073218159 0.2955 4.346 0
6 3 0 0 3 1 1 12.011 0.2037845684 -0.8186 3.135 0
8 1 0 0 3 0 0 15.999 -0.2881571513 0.1788 3.135 0
6 3 0 0 3 1 1 12.011 0.06549366757 0.2955 4.346 0
6 2 1 0 3 1 1 12.011 -0.04725117517 0.1581 3.35 0
6 2 1 0 3 1 1 12.011 -0.06125943522 0.1581 3.35 0
6 2 1 0 3 1 1 12.011 -0.05851326108 0.1581 3.35 0
6 2 1 0 3 1 1 12.011 -0.01852932163 0.1581 3.35 0
6 3 0 0 3 1 1 12.011 0.1381473094 0.2955 4.346 0
8 2 0 0 3 1 1 15.999 -0.4555255867 0.1552 1.08 0
6 3 0 0 3 1 1 12.011 0.1455919756 0.2955 4.346 0
6 2 1 0 3 1 1 12.011 0.02369052047 0.1581 3.35 0
0 1 1 1 0 0
1 2 1.5 1 1 0
2 3 1.5 1 1 0
3 4 1 1 0 0
3 5 1.5 1 1 0
5 6 1.5 1 1 0
6 7 2 1 0 0
6 8 1.5 1 1 0
8 9 1.5 1 1 0
9 10 1.5 1 1 0
10 11 1.5 1 1 0
11 12 1.5 1 1 0
12 13 1.5 1 1 0
13 14 1.5 1 1 0
14 15 1.5 1 1 0
15 16 1.5 1 1 0
16 1 1.5 1 1 0
15 5 1.5 1 1 0
13 8 1.5 1 1 0
26 28 1
8 1 0 0 3 0 0 15.999 -0.2657001093 0.1129 0.2215 0
6 3 0 0 3 0 0 12.011 0.2865541239 -0.2783 5.007 0
7 2 1 0 3 0 0 14.007 -0.3490235206 -0.7096 2.173 0
6 2 2 0 4 0 0 12.011 0.02184416794 -0.2035 2.753 0
6 2 2 0 4 0 0 12.011 -0.01027352205 -0.0516 2.488 0
6 3 0 0 3 1 1 12.011 -0.04487613373 0.136 3.509 0
6 2 1 0 3 1 1 12.011 -0.05521295375 0.1581 3.35 0
6 2 1 0 3 1 1 12.011 -0.01850433663 0.1581 3.35 0
6 3 0 0 3 1 1 12.011 0.1330553505 0.5437 3.853 0
8 2 0 0 3 0 0 15.999 -0.4910755069 -0.4195 1.182 0
6 2 2 0 4 0 0 12.011 0.1009340118 -0.2035 2.753 0
6 2 2 0 4 0 0 12.011 0.03247743736 -0.2035 2.753 0
7 3 0 0 4 0 1 14.007 -0.2999550773 -0.3187 1.839 0
6 2 2 0 4 0 1 12.011 -0.001682542926 -0.2035 2.753 0
6 2 2 0 4 0 1 12.011 -0.03919709509 0.1441 2.503 0
6 2 2 0 4 0 1 12.011 -0.03919709509 0.1441 2.503 0
6 2 2 0 4 0 1 12.011 -0.001682542926 -0.2035 2.753 0
6 3 0 0 3 1 1 12.011 0.0598065394 0.198 3.18 0
35 1 0 0 4 0 0 79.904 -0.04677308564 0.8456 8.927 0
6 2 1 0 3 1 1 12.011 -0.0409250456 0.1581 3.35 0
6 3 0 0 3 1 1 12.011 0.1924274667 0.136 3.509 0
6 2 1 0 3 1 1 12.011 -0.009236582855 0.1581 3.35 0
6 2 1 0 3 1 1 12.011 -0.008083753743 0.1581 3.35 0
6 3 0 0 3 1 1 12.011 0.1696807257 0.198 3.18 0
35 1 0 0 4 0 0 79.904 -0.008151259557 0.8456 8.927 0
8 2 0 0 3 1 1 15.999 -0.4442155708 0.1552 1.08 0
0 1 2 1 0 0
1 2 1 1 0 0
2 3 1 0 0 0
3 4 1 0 0 0
4 5 1 0 0 0
5 6 1.5 1 1 0
6 7 1.5 1 1 0
7 8 1.5 1 1 0
8 9 1 1 0 0
9 10 1 0 0 0
10 11 1 0 0 0
11 12 1 0 0 0
12 13 1 0 1 0
13 14 1 0 1 0
14 15 1 0 1 0
15 16 1 0 1 0
8 17 1.5 1 1 0
17 18 1 0 0 0
17 19 1.5 1 1 0
1 20 1 1 0 0
20 21 1.5 1 1 0
21 22 1.5 1 1 0
22 23 1.5 1 1 0
23 24 1 0 0 0
23 25 1.5 1 1 0
19 5 1.5 1 1 0
25 20 1.5 1 1 0
16 12 1 0 1 0
33 36 1
6 1 3 0 4 0 0 12.011 0.07762456971 -0.2035 2.753 0
8 2 0 0 3 0 0 15.999 -0.4945987779 -0.4195 1.182 0
6 3 0 0 3 1 1 12.011 0.1413952804 0.5437 3.853 0
6 2 1 0 3 1 1 12.011 -0.01567350339 0.1581 3.35 0
6 2 1 0 3 1 1 12.011 -0.03237018372 0.1581 3.35 0
6 3 0 0 3 1 1 12.011 0.0714150393 0.2713 3.904 0
7 3 0 0 3 1 1 14.007 -0.1882485252 -0.3239 2.202 0
7 2 0 0 3 1 1 14.007 -0.0393833327 -0.3239 2.202 0
7 2 0 0 3 1 1 14.007 -0.02284027749 -0.3239 2.202 0
7 2 0 0 3 1 1 14.007 -0.1026500659 -0.3239 2.202 0
6 3 0 0 3 1 1 12.011 0.2448101111 0.136 3.509 0
6 3 0 0 3 0 0 12.011 0.2950451152 -0.2783 5.007 0
8 1 0 0 3 0 0 15.999 -0.2651728696 0.1129 0.2215 0
7 2 1 0 3 0 0 14.007 -0.3192072133 -0.5188 3 0
6 3 0 0 3 1 1 12.011 0.04114017785 0.4619 4.067 0
6 2 1 0 3 1 1 12.011 -0.03790613126 0.1581 3.35 0
6 2 1 0 3 1 1 12.011 -0.05227132361 0.1581 3.35 0
6 3 0 0 3 1 1 12.011 -0.01689005388 0.2713 3.904 0
6 3 0 0 3 1 1 12.011 0.001684650042 0.2713 3.904 0
6 2 1 0 3 1 1 12.011 -0.05301746188 0.1581 3.35 0
6 2 1 0 3 1 1 12.011 -0.06156331945 0.1581 3.35 0
6 2 1 0 3 1 1 12.011 -0.06087608624 0.1581 3.35 0
6 2 1 0 3 1 1 12.011 -0.04149616943 0.1581 3.35 0
6 3 0 0 3 1 1 12.011 0.08957690276 0.1893 2.673 0
16 4 0 0 4 0 0 32.067 0.2381651769 -0.0024 7.365 0
7 1 2 0 4 0 0 14.007 -0.2246088445 -1.019 2.262 0
8 1 0 0 3 0 0 15.999 -0.2073075907 -0.3339 0.7774 0
8 1 0 0 3 0 0 15.999 -0.2073075907 -0.3339 0.7774 0
6 2 1 0 3 1 1 12.011 -0.05227132361 0.1581 3.35 0
6 2 1 0 3 1 1 12.011 -0.03790613126 0.1581 3.35 0
6 2 1 0 3 1 1 12.011 -0.009330050044 0.1581 3.35 0
6 3 0 0 3 1 1 12.011 0.07628983298 0.4619 4.067 0
7 1 2 0 3 0 0 14.007 -0.3956672108 -1.027 2.827 0
0 1 1 0 0 0
1 2 1 1 0 0
2 3 1.5 1 1 0
3 4 1.5 1 1 0
4 5 1.5 1 1 0
5 6 1 1 0 0
6 7 1.5 1 1 0
7 8 1.5 1 1 0
8 9 1.5 1 1 0
9 10 1.5 1 1 0
10 11 1 1 0 0
11 12 2 1 0 0
11 13 1 1 0 0
13 14 1 1 0 0
14 15 1.5 1 1 0
15 16 1.5 1 1 0
16 17 1.5 1 1 0
17 18 1 1 0 0
18 19 1.5 1 1 0
19 20 1.5 1 1 0
20 21 1.5 1 1 0
21 22 1.5 1 1 0
22 23 1.5 1 1 0
23 24 1 0 0 0
24 25 1 0 0 0
24 26 2 0 0 0
24 27 2 0 0 0
17 28 1.5 1 1 0
28 29 1.5 1 1 0
5 30 1.5 1 1 0
30 31 1.5 1 1 0
31 32 1 1 0 0
31 2 1.5 1 1 0
10 6 1.5 1 1 0
29 14 1.5 1 1 0
23 18 1.5 1 1 0
30 32 1
6 1 3 0 4 0 0 12.011 0.009851623186 -0.2035 2.753 0
7 3 0 0 3 0 0 14.007 -0.3371310231 -0.3187 1.839 0
6 3 0 0 3 0 0 12.011 0.2267916863 -0.2783 5.007 0
8 1 0 0 3 0 0 15.999 -0.2745144808 -0.1526 0 0
6 2 2 0 4 0 0 12.011 0.05186094269 -0.0516 2.488 0
6 3 0 0 3 1 1 12.011 -0.03852690621 0.136 3.509 0
6 2 1 0 3 1 1 12.011 -0.05643732749 0.1581 3.35 0
6 2 1 0 3 1 1 12.011 -0.03766339952 0.1581 3.35 0
6 3 0 0 3 1 1 12.011 0.04846920151 0.4619 4.067 0
7 2 1 0 3 0 0 14.007 -0.2837883196 -0.5188 3 0
16 4 0 0 4 0 0 32.067 0.2293188515 -0.0024 7.365 0
6 1 3 0 4 0 0 12.011 0.0579793168 -0.2035 2.753 0
8 1 0 0 3 0 0 15.999 -0.2069332432 -0.3339 0.7774 0
8 1 0 0 3 0 0 15.999 -0.2069332432 -0.3339 0.7774 0
6 2 1 0 3 1 1 12.011 -0.03766339952 0.1581 3.35 0
6 2 1 0 3 1 1 12.011 -0.05643732749 0.1581 3.35 0
6 3 1 0 4 0 0 12.011 0.06927595472 0.1193 2.582 -1
6 2 2 0 4 0 0 12.011 0.02306887859 -0.2035 2.753 0
7 3 0 0 4 0 1 14.007 -0.298277815 -0.3187 1.839 0
6 2 2 0 4 0 1 12.011 0.0008476008993 -0.2035 2.753 0
6 2 2 0 4 0 1 12.011 -0.01289160202 0.1441 2.503 0
6 3 1 0 4 0 1 12.011 0.06788722016 -0.2051 2.731 -1
8 1 1 0 4 0 0 15.999 -0.391744892 -0.2893 0.8238 0
6 2 2 0 4 0 1 12.011 0.02441511482 -0.2035 2.753 0
6 3 0 0 3 1 1 12.011 -0.02418735276 0.136 3.509 0
6 2 1 0 3 1 1 12.011 -0.05691504774 0.1581 3.35 0
6 2 1 0 3 1 1 12.011 -0.06191552995 0.1581 3.35 0
6 2 1 0 3 1 1 12.011 -0.06224612355 0.1581 3.35 0
6 2 1 0 3 1 1 12.011 -0.06191552995 0.1581 3.35 0
6 2 1 0 3 1 1 12.011 -0.05691504774 0.1581 3.35 0
0 1 1 0 0 0
1 2 1 1 0 0
2 3 2 1 0 0
2 4 1 0 0 0
4 5 1 0 0 0
5 6 1.5 1 1 0
6 7 1.5 1 1 0
7 8 1.5 1 1 0
8 9 1 1 0 0
9 10 1 0 0 0
10 11 1 0 0 0
10 12 2 0 0 0
10 13 2 0 0 0
8 14 1.5 1 1 0
14 15 1.5 1 1 0
1 16 1 0 0 0
16 17 1 0 0 0
17 18 1 0 0 0
18 19 1 0 1 0
19 20 1 0 1 0
20 21 1 0 1 0
21 22 1 0 0 0
21 23 1 0 1 0
16 24 1 0 0 0
24 25 1.5 1 1 0
25 26 1.5 1 1 0
26 27 1.5 1 1 0
27 28 1.5 1 1 0
28 29 1.5 1 1 0
15 5 1.5 1 1 0
23 18 1 0 1 0
29 24 1.5 1 1 0
18 19 1
6 1 3 0 4 0 0 12.011 -0.01363102284 -0.2035 2.753 0
16 2 0 0 4 0 0 32.067 -0.1295992387 0.6482 7.591 0
6 3 0 0 3 1 1 12.011 0.00705870665 0.1893 2.673 0
6 2 1 0 3 1 1 12.011 -0.04653455461 0.1581 3.35 0
6 2 1 0 3 1 1 12.011 -0.03710153586 0.1581 3.35 0
6 3 0 0 3 1 1 12.011 0.04630292664 0.4619 4.067 0
6 2 1 0 3 1 1 12.011 -0.03710153586 0.1581 3.35 0
6 2 1 0 3 1 1 12.011 -0.04653455461 0.1581 3.35 0
7 3 0 0 3 0 1 14.007 -0.2874191235 -0.4458 2.819 0
6 3 0 0 3 0 1 12.011 0.2053731619 -0.2783 5.007 0
7 2 0 0 3 0 1 14.007 -0.1791473633 0.1836 2.428 0
6 3 0 0 3 0 1 12.011 0.2204173384 -0.2783 5.007 0
7 2 0 0 3 0 1 14.007 -0.2230457287 0.1836 2.428 0
6 4 0 0 4 0 1 12.011 0.136869638 -0.2051 2.731 0
6 1 3 0 4 0 0 12.011 -0.02061504236 0.1441 2.503 0
6 1 3 0 4 0 0 12.011 -0.02061504236 0.1441 2.503 0
7 1 2 0 3 0 0 14.007 -0.3679193405 -1.019 2.262 0
7 1 2 0 3 0 0 14.007 -0.3690517381 -1.019 2.262 0
0 1 1 0 0 0
1 2 1 0 0 0
2 3 1.5 1 1 0
3 4 1.5 1 1 0
4 5 1.5 1 1 0
5 6 1.5 1 1 0
6 7 1.5 1 1 0
5 8 1 1 0 0
8 9 1 1 1 0
9 10 2 1 1 0
10 11 1 1 1 0
11 12 2 1 1 0
12 13 1 0 1 0
13 14 1 0 0 0
13 15 1 0 0 0
11 16 1 1 0 0
9 17 1 1 0 0
7 2 1.5 1 1 0
13 8 1 0 1 0
21 24 1
6 1 3 0 4 0 0 12.011 -0.0567853896 0.1441 2.503 0
6 4 0 0 4 0 1 12.011 -0.0007584178682 0 2.433 -1
6 2 2 0 4 0 1 12.011 -0.04441662588 0.1441 2.503 0
6 2 2 0 4 0 1 12.011 -0.04545566803 0.1441 2.503 0
6 3 1 0 4 0 1 12.011 -0.01276215048 0.1193 2.582 -1
6 3 0 0 3 1 1 12.011 -0.04114610166 0.136 3.509 0
6 2 1 0 3 1 1 12.011 -0.05480194564 0.1581 3.35 0
6 2 1 0 3 1 1 12.011 -0.01992414314 0.1581 3.35 0
6 3 0 0 3 1 1 12.011 0.1153706183 0.5437 3.853 0
8 1 1 0 3 0 0 15.999 -0.5079560322 -0.2893 0.8238 0
6 2 1 0 3 1 1 12.011 -0.01672851832 0.1581 3.35 0
6 3 0 0 3 1 1 12.011 -0.04083613064 0.136 3.509 0
6 2 2 0 4 0 1 12.011 -0.02717024676 -0.0516 2.488 0
6 2 2 0 4 0 1 12.011 -0.04549099221 0.1441 2.503 0
6 3 1 0 4 0 1 12.011 -0.03064012347 0 2.433 1
6 3 1 0 4 0 1 12.011 -0.02745294191 0 2.433 -1
6 2 2 0 4 0 1 12.011 -0.02067494358 0.1441 2.503 0
6 3 1 0 4 0 1 12.011 0.08071261137 -0.2051 2.731 1
8 1 1 0 4 0 0 15.999 -0.390401877 -0.2893 0.8238 0
6 3 1 0 4 0 1 12.011 0.0854849677 -0.2051 2.731 1
8 1 1 0 4 0 0 15.999 -0.3898519189 -0.2893 0.8238 0
0 1 1 0 0 0
1 2 1 0 1 0
2 3 1 0 1 0
3 4 1 0 1 0
4 5 1 0 1 0
5 6 1.5 1 1 0
6 7 1.5 1 1 0
7 8 1.5 1 1 0
8 9 1 1 0 0
8 10 1.5 1 1 0
10 11 1.5 1 1 0
11 12 1 0 1 0
12 13 1 0 1 0
13 14 1 0 1 0
14 15 1 0 1 0
15 16 1 0 1 0
16 17 1 0 1 0
17 18 1 0 0 0
17 19 1 0 1 0
19 20 1 0 0 0
15 1 1 0 1 0
19 1 1 0 1 0
14 4 1 0 1 0
11 5 1.5 1 1 0
31 34 1
7 1 2 0 3 0 0 14.007 -0.3968115791 -1.027 2.827 0
6 3 0 0 3 1 1 12.011 0.06331768983 0.4619 4.067 0
6 2 1 0 3 1 1 12.011 -0.03456209215 0.1581 3.35 0
6 2 1 0 3 1 1 12.011 -0.0334364371 0.1581 3.35 0
6 3 0 0 3 1 1 12.011 0.07719665184 0.2713 3.904 0
6 3 0 0 3 1 1 12.011 0.07166023913 0.2713 3.904 0
6 3 0 0 3 1 1 12.011 0.1350563726 0 3.257 0
9 1 0 0 4 0 0 18.998 -0.2061473674 0.4202 1.108 0
6 2 1 0 3 1 1 12.011 -0.02539670461 0.1581 3.35 0
6 2 1 0 3 1 1 12.011 -0.05640224909 0.1581 3.35 0
6 2 1 0 3 1 1 12.011 -0.02539670461 0.1581 3.35 0
6 3 0 0 3 1 1 12.011 0.1350563726 0 3.257 0
9 1 0 0 4 0 0 18.998 -0.2061473674 0.4202 1.108 0
7 2 0 0 3 1 1 14.007 -0.240184414 -0.3239 2.202 0
6 3 0 0 3 1 1 12.011 0.1515656977 0.136 3.509 0
6 3 0 0 3 0 0 12.011 0.2759845269 -0.2783 5.007 0
8 1 0 0 3 0 0 15.999 -0.2670330616 0.1129 0.2215 0
7 2 1 0 3 0 0 14.007 -0.3186521286 -0.5188 3 0
6 3 0 0 3 1 1 12.011 0.06762486238 0.4619 4.067 0
6 2 1 0 3 1 1 12.011 0.05100951415 0.1581 3.35 0
7 2 0 0 3 1 1 14.007 -0.2625156182 -0.3239 2.202 0
6 2 1 0 3 1 1 12.011 0.02751891996 0.1581 3.35 0
6 2 1 0 3 1 1 12.011 -0.03370850597 0.1581 3.35 0
6 3 0 0 3 1 1 12.011 0.01207422713 0.2713 3.904 0
6 3 0 0 3 1 1 12.011 0.02609355496 0.2713 3.904 0
6 2 1 0 3 1 1 12.011 -0.04906869241 0.1581 3.35 0
6 2 1 0 3 1 1 12.011 -0.04302884513 0.1581 3.35 0
6 2 1 0 3 1 1 12.011 0.02924859464 0.1581 3.35 0
7 2 0 0 3 1 1 14.007 -0.2391120127 -0.3239 2.202 0
6 3 0 0 3 1 1 12.011 0.1307921027 0.4619 4.067 0
7 1 2 0 3 0 0 14.007 -0.3831846559 -1.027 2.827 0
0 1 1 1 0 0
1 2 1.5 1 1 0
2 3 1.5 1 1 0
3 4 1.5 1 1 0
4 5 1 1 0 0
5 6 1.5 1 1 0
6 7 1 0 0 0
6 8 1.5 1 1 0
8 9 1.5 1 1 0
9 10 1.5 1 1 0
10 11 1.5 1 1 0
11 12 1 0 0 0
4 13 1.5 1 1 0
13 14 1.5 1 1 0
14 15 1 1 0 0
15 16 2 1 0 0
15 17 1 1 0 0
17 18 1 1 0 0
18 19 1.5 1 1 0
19 20 1.5 1 1 0
20 21 1.5 1 1 0
21 22 1.5 1 1 0
22 23 1.5 1 1 0
23 24 1 1 0 0
24 25 1.5 1 1 0
25 26 1.5 1 1 0
26 27 1.5 1 1 0
27 28 1.5 1 1 0
28 29 1.5 1 1 0
29 30 1 1 0 0
14 1 1.5 1 1 0
23 18 1.5 1 1 0
29 24 1.5 1 1 0
11 5 1.5 1 1 0
31 33 1
8 1 0 0 3 0 0 15.999 -0.2940939777 0.1129 0.2215 0
6 3 0 0 3 0 0 12.011 0.1648726293 -0.2783 5.007 0
6 2 2 0 4 0 0 12.011 0.03531110851 0.1441 2.503 0
6 3 1 0 4 0 0 12.011 0.05858869502 0.1193 2.582 0
7 2 1 0 3 0 0 14.007 -0.3777698245 -0.5188 3 0
6 3 0 0 3 1 1 12.011 0.0349609555 0.4619 4.067 0
6 2 1 0 3 1 1 12.011 -0.03211953723 0.1581 3.35 0
6 2 1 0 3 1 1 12.011 0.0179254384 0.1581 3.35 0
6 3 0 0 3 1 1 12.011 0.2690750387 0.4619 4.067 0
7 3 0 1 3 0 0 14.007 0.0621862275 -0.3396 0.2604 0
8 1 0 0 3 0 0 15.999 -0.2583096213 0.0335 3.367 0
8 1 0 -1 3 0 0 15.999 -0.2583096213 0.0335 3.367 0
6 2 1 0 3 1 1 12.011 0.0179254384 0.1581 3.35 0
6 2 1 0 3 1 1 12.011 -0.03211953723 0.1581 3.35 0
6 3 0 0 3 1 1 12.011 -0.02528926596 0.136 3.509 0
6 2 1 0 3 1 1 12.011 -0.05635657836 0.1581 3.35 0
6 2 1 0 3 1 1 12.011 -0.04966993987 0.1581 3.35 0
6 3 0 0 3 1 1 12.011 0.05551199692 0.136 3.509 0
6 4 0 0 4 0 0 12.011 0.4159098579 -0.0967 2.576 0
9 1 0 0 4 0 0 18.998 -0.1661375467 0.4202 1.108 0
9 1 0 0 4 0 0 18.998 -0.1661375467 0.4202 1.108 0
9 1 0 0 4 0 0 18.998 -0.1661375467 0.4202 1.108 0
6 2 1 0 3 1 1 12.011 -0.04966993987 0.1581 3.35 0
6 2 1 0 3 1 1 12.011 -0.05635657836 0.1581 3.35 0
6 3 0 0 3 1 1 12.011 0.02049104555 0.136 3.509 0
6 2 1 0 3 1 1 12.011 -0.05120868881 0.1581 3.35 0
6 2 1 0 3 1 1 12.011 -0.05863629203 0.1581 3.35 0
6 2 1 0 3 1 1 12.011 -0.02627573378 0.1581 3.35 0
6 3 0 0 3 1 1 12.011 0.1234325528 0 3.257 0
9 1 0 0 4 0 0 18.998 -0.2069870386 0.4202 1.108 0
6 2 1 0 3 1 1 12.011 -0.01548925081 0.1581 3.35 0
0 1 2 1 0 0
1 2 1 0 0 0
2 3 1 0 0 0
3 4 1 0 0 0
4 5 1 1 0 0
5 6 1.5 1 1 0
6 7 1.5 1 1 0
7 8 1.5 1 1 0
8 9 1 1 0 0
9 10 2 1 0 0
9 11 1 1 0 0
8 12 1.5 1 1 0
12 13 1.5 1 1 0
3 14 1 0 0 0
14 15 1.5 1 1 0
15 16 1.5 1 1 0
16 17 1.5 1 1 0
17 18 1 0 0 0
18 19 1 0 0 0
18 20 1 0 0 0
18 21 1 0 0 0
17 22 1.5 1 1 0
22 23 1.5 1 1 0
1 24 1 1 0 0
24 25 1.5 1 1 0
25 26 1.5 1 1 0
26 27 1.5 1 1 0
27 28 1.5 1 1 0
28 29 1 0 0 0
28 30 1.5 1 1 0
13 5 1.5 1 1 0
23 14 1.5 1 1 0
30 24 1.5 1 1 0
24 28 1
6 1 3 0 4 0 0 12.011 0.07773435184 -0.2035 2.753 0
8 2 0 0 3 0 0 15.999 -0.4925216863 -0.4195 1.182 0
6 3 0 0 3 1 1 12.011 0.1647384055 0.5437 3.853 0
6 3 0 0 3 1 1 12.011 0.1574929094 0.5437 3.853 0
8 1 1 0 3 0 0 15.999 -0.5042467515 -0.2893 0.8238 0
6 2 1 0 3 1 1 12.011 -0.0160336709 0.1581 3.35 0
6 2 1 0 3 1 1 12.011 -0.05469287805 0.1581 3.35 0
6 3 0 0 3 1 1 12.011 -0.03762316148 0.136 3.509 0
6 3 0 0 3 1 1 12.011 0.0153076121 0.136 3.509 0
6 2 2 0 4 0 1 12.011 0.02806106067 -0.0516 2.488 0
7 3 0 0 4 0 1 14.007 -0.2912537929 -0.3187 1.839 0
6 2 2 0 4 0 1 12.011 0.003184098286 -0.2035 2.753 0
6 2 2 0 4 0 1 12.011 -0.01452560224 -0.0516 2.488 0
6 3 0 0 3 1 1 12.011 -0.03797624573 0.136 3.509 0
6 2 1 0 3 1 1 12.011 -0.01229934725 0.1581 3.35 0
6 3 0 0 3 1 1 12.011 0.1655907698 0.5437 3.853 0
6 3 0 0 3 1 1 12.011 0.1656481872 0.5437 3.853 0
6 2 1 0 3 1 1 12.011 -0.01080593392 0.1581 3.35 0
6 3 0 0 3 1 1 12.011 -0.02324936468 0.136 3.509 0
6 3 1 0 4 0 1 12.011 0.03959198064 0.1193 2.582 -1
6 2 2 0 4 0 1 12.011 -0.007484681468 -0.0516 2.488 0
8 2 0 0 3 0 1 15.999 -0.4535836682 -0.4195 1.182 0
6 2 2 0 4 0 1 12.011 0.2308006379 -0.2035 2.753 0
8 2 0 0 3 0 1 15.999 -0.4535847267 -0.4195 1.182 0
0 1 1 0 0 0
1 2 1 1 0 0
2 3 1.5 1 1 0
3 4 1 1 0 0
3 5 1.5 1 1 0
5 6 1.5 1 1 0
6 7 1.5 1 1 0
7 8 1.5 1 1 0
8 9 1 0 1 0
9 10 1 0 1 0
10 11 1 0 1 0
11 12 1 0 1 0
12 13 1 0 1 0
13 14 1.5 1 1 0
14 15 1.5 1 1 0
15 16 1.5 1 1 0
16 17 1.5 1 1 0
17 18 1.5 1 1 0
18 19 1 0 1 0
19 20 1 0 1 0
16 21 1 1 1 0
21 22 1 0 1 0
22 23 1 0 1 0
8 2 1.5 1 1 0
19 10 1 0 1 0
20 7 1 0 1 0
18 13 1.5 1 1 0
23 15 1 1 1 0
25 28 1
6 1 3 0 4 0 0 12.011 -0.05828752587 0.1441 2.503 0
6 2 2 0 4 0 0 12.011 0.002928213456 -0.0516 2.488 0
6 3 0 0 3 1 1 12.011 0.1107192221 0.136 3.509 0
7 2 0 0 3 1 1 14.007 -0.2292381991 -0.3239 2.202 0
6 3 0 0 3 1 1 12.011 0.1312994728 0.2955 4.346 0
6 3 0 0 3 1 1 12.011 0.06826792657 0.4619 4.067 0
7 3 0 0 3 0 1 14.007 -0.3670826636 -0.4458 2.819 0
6 2 2 0 4 0 1 12.011 0.03041075452 -0.2035 2.753 0
6 2 2 0 4 0 1 12.011 0.01284289835 -0.2035 2.753 0
7 2 1 0 4 0 1 14.007 -0.3132150891 -0.7096 2.173 0
6 2 2 0 4 0 1 12.011 0.01284289835 -0.2035 2.753 0
6 2 2 0 4 0 1 12.011 0.03041075452 -0.2035 2.753 0
6 2 1 0 3 1 1 12.011 -0.01791889694 0.1581 3.35 0
6 2 1 0 3 1 1 12.011 0.03147062175 0.1581 3.35 0
7 2 0 0 3 1 1 14.007 -0.2365296845 -0.3239 2.202 0
6 3 0 0 3 1 1 12.011 0.1619826981 0.2955 4.346 0
7 3 0 0 3 1 1 14.007 -0.3081488645 -0.3239 2.202 0
6 2 2 0 4 0 0 12.011 0.05083271654 -0.0516 2.488 0
6 3 0 0 3 1 1 12.011 -0.02666582525 0.136 3.509 0
6 2 1 0 3 1 1 12.011 -0.05713217787 0.1581 3.35 0
6 2 1 0 3 1 1 12.011 -0.06044603583 0.1581 3.35 0
6 2 1 0 3 1 1 12.011 -0.04350617071 0.1581 3.35 0
6 3 0 0 3 1 1 12.011 0.04089045569 0.245 3.564 0
17 1 0 0 4 0 0 35.453 -0.08433268579 0.6895 5.853 0
6 2 1 0 3 1 1 12.011 -0.03850082128 0.1581 3.35 0
0 1 1 0 0 0
1 2 1 0 0 0
2 3 1.5 1 1 0
3 4 1.5 1 1 0
4 5 1.5 1 1 0
5 6 1 1 0 0
6 7 1 0 1 0
7 8 1 0 1 0
8 9 1 0 1 0
9 10 1 0 1 0
10 11 1 0 1 0
5 12 1.5 1 1 0
12 13 1.5 1 1 0
13 14 1.5 1 1 0
14 15 1.5 1 1 0
15 16 1.5 1 1 0
16 17 1 0 0 0
17 18 1 0 0 0
18 19 1.5 1 1 0
19 20 1.5 1 1 0
20 21 1.5 1 1 0
21 22 1.5 1 1 0
22 23 1 0 0 0
22 24 1.5 1 1 0
16 2 1.5 1 1 0
24 18 1.5 1 1 0
15 4 1.5 1 1 0
11 6 1 0 1 0
37 41 1
8 1 0 0 3 0 0 15.999 -0.2463988124 0.1129 0.2215 0
6 3 0 0 3 0 0 12.011 0.3351808389 -0.2783 5.007 0
8 1 1 0 3 0 0 15.999 -0.4776392362 -0.2893 0.8238 0
6 3 0 0 3 1 1 12.011 0.0595768132 0.136 3.509 0
6 2 1 0 3 1 1 12.011 -0.0456269095 0.1581 3.35 0
6 2 1 0 3 1 1 12.011 -0.03767599305 0.1581 3.35 0
6 3 0 0 3 1 1 12.011 0.04079105411 0.4619 4.067 0
7 2 1 0 3 0 0 14.007 -0.3242792778 -0.5188 3 0
6 3 0 0 3 0 0 12.011 0.2473062471 -0.2783 5.007 0
8 1 0 0 3 0 0 15.999 -0.2723025706 -0.1526 0 0
6 3 1 0 4 0 0 12.011 0.117379944 0.1193 2.582 -1
6 3 1 0 4 0 1 12.011 -0.01135844226 0 2.433 0
6 2 2 0 4 0 1 12.011 -0.04794853561 0.1441 2.503 0
6 2 2 0 4 0 1 12.011 -0.05295004482 0.1441 2.503 0
6 2 2 0 4 0 1 12.011 -0.05328261649 0.1441 2.503 0
6 2 2 0 4 0 1 12.011 -0.05295004482 0.1441 2.503 0
6 2 2 0 4 0 1 12.011 -0.04794853561 0.1441 2.503 0
7 3 0 0 3 1 1 14.007 -0.3109036205 -0.3239 2.202 0
6 3 0 0 3 1 1 12.011 0.1413887674 0.2713 3.904 0
6 3 0 0 3 1 1 12.011 0.01753830576 0.2713 3.904 0
6 2 1 0 3 1 1 12.011 -0.04977919644 0.1581 3.35 0
6 2 1 0 3 1 1 12.011 -0.0427973347 0.1581 3.35 0
6 3 0 0 3 1 1 12.011 0.04059554484 0.245 3.564 0
17 1 0 0 4 0 0 35.453 -0.08434370859 0.6895 5.853 0
6 2 1 0 3 1 1 12.011 -0.0427973347 0.1581 3.35 0
6 2 1 0 3 1 1 12.011 -0.04977919644 0.1581 3.35 0
7 2 0 0 3 1 1 14.007 -0.2281538462 -0.3239 2.202 0
6 3 0 0 3 1 1 12.011 0.0923252497 0.2955 4.346 0
6 2 1 0 3 1 1 12.011 0.004773572811 0.1581 3.35 0
6 3 0 0 3 1 1 12.011 0.160634335 0 3.257 0
9 1 0 0 4 0 0 18.998 -0.2036813551 0.4202 1.108 0
6 3 0 0 3 1 1 12.011 0.1605629474 0 3.257 0
9 1 0 0 4 0 0 18.998 -0.2036826627 0.4202 1.108 0
6 2 1 0 3 1 1 12.011 0.002857579531 0.1581 3.35 0
6 3 0 0 3 1 1 12.011 0.07232631708 0.2955 4.346 0
6 2 1 0 3 1 1 12.011 -0.03767599305 0.1581 3.35 0
6 2 1 0 3 1 1 12.011 -0.0456269095 0.1581 3.35 0
0 1 2 1 0 0
1 2 1 1 0 0
1 3 1 1 0 0
3 4 1.5 1 1 0
4 5 1.5 1 1 0
5 6 1.5 1 1 0
6 7 1 1 0 0
7 8 1 1 0 0
8 9 2 1 0 0
8 10 1 0 0 0
10 11 1 0 0 0
11 12 1 0 1 0
12 13 1 0 1 0
13 14 1 0 1 0
14 15 1 0 1 0
15 16 1 0 1 0
10 17 1 0 0 0
17 18 1.5 1 1 0
18 19 1 1 0 0
19 20 1.5 1 1 0
20 21 1.5 1 1 0
21 22 1.5 1 1 0
22 23 1 0 0 0
22 24 1.5 1 1 0
24 25 1.5 1 1 0
18 26 1.5 1 1 0
26 27 1.5 1 1 0
27 28 1.5 1 1 0
28 29 1.5 1 1 0
29 30 1 0 0 0
29 31 1.5 1 1 0
31 32 1 0 0 0
31 33 1.5 1 1 0
33 34 1.5 1 1 0
6 35 1.5 1 1 0
35 36 1.5 1 1 0
36 3 1.5 1 1 0
16 11 1 0 1 0
34 17 1.5 1 1 0
25 19 1.5 1 1 0
34 27 1.5 1 1 0
19 21 1
6 2 1 0 3 1 1 12.011 -0.06199896981 0.1581 3.35 0
6 2 1 0 3 1 1 12.011 -0.05856096954 0.1581 3.35 0
6 2 1 0 3 1 1 12.011 -0.01923464705 0.1581 3.35 0
6 3 0 0 3 1 1 12.011 0.1290103454 0.5437 3.853 0
8 2 0 0 3 0 0 15.999 -0.4387449504 -0.4195 1.182 0
6 3 0 0 3 1 1 12.011 0.2221717068 0.5437 3.853 0
7 2 0 0 3 1 1 14.007 -0.2215107012 -0.3239 2.202 0
6 2 1 0 3 1 1 12.011 0.03087005895 0.1581 3.35 0
6 2 1 0 3 1 1 12.011 -0.0432425148 0.1581 3.35 0
6 2 1 0 3 1 1 12.011 -0.05182609594 0.1581 3.35 0
6 3 0 0 3 1 1 12.011 0.01791243151 0.136 3.509 0
6 3 1 0 4 0 1 12.011 -0.008426622513 0.1193 2.582 0
6 2 2 0 4 0 1 12.011 -0.03349562749 0.1441 2.503 0
6 2 2 0 4 0 1 12.011 -0.004304303823 -0.2035 2.753 0
7 2 1 0 4 0 1 14.007 -0.3166879363 -0.7096 2.173 0
6 2 2 0 4 0 1 12.011 -0.004304303823 -0.2035 2.753 0
6 2 2 0 4 0 1 12.011 -0.03349562749 0.1441 2.503 0
6 2 1 0 3 1 1 12.011 -0.01923464705 0.1581 3.35 0
6 2 1 0 3 1 1 12.011 -0.05856096954 0.1581 3.35 0
0 1 1.5 1 1 0
1 2 1.5 1 1 0
2 3 1.5 1 1 0
3 4 1 1 0 0
4 5 1 1 0 0
5 6 1.5 1 1 0
6 7 1.5 1 1 0
7 8 1.5 1 1 0
8 9 1.5 1 1 0
9 10 1.5 1 1 0
10 11 1 0 0 0
11 12 1 0 1 0
12 13 1 0 1 0
13 14 1 0 1 0
14 15 1 0 1 0
15 16 1 0 1 0
3 17 1.5 1 1 0
17 18 1.5 1 1 0
18 0 1.5 1 1 0
10 5 1.5 1 1 0
16 11 1 0 1 0
36 41 1
6 1 3 0 4 0 0 12.011 0.07750655066 -0.2035 2.753 0
8 2 0 0 3 0 0 15.999 -0.4967658663 -0.4195 1.182 0
6 3 0 0 3 1 1 12.011 0.1185129874 0.5437 3.853 0
6 2 1 0 3 1 1 12.011 -0.01783943957 0.1581 3.35 0
6 2 1 0 3 1 1 12.011 -0.03266249234 0.1581 3.35 0
6 3 0 0 3 1 1 12.011 0.06575232822 0.2713 3.904 0
7 3 0 0 3 1 1 14.007 -0.2271786163 -0.3239 2.202 0
7 2 0 0 3 1 1 14.007 -0.1623198208 -0.3239 2.202 0
6 3 0 0 3 1 1 12.011 0.170440981 0.136 3.509 0
6 4 0 0 4 0 0 12.011 0.4349810765 -0.0967 2.576 0
9 1 0 0 4 0 0 18.998 -0.164441162 0.4202 1.108 0
9 1 0 0 4 0 0 18.998 -0.164441162 0.4202 1.108 0
9 1 0 0 4 0 0 18.998 -0.164441162 0.4202 1.108 0
6 3 0 0 3 1 1 12.011 0.01793204104 0.136 3.509 0
6 3 0 0 3 1 1 12.011 0.1359824874 0.136 3.509 0
6 3 0 0 3 0 1 12.011 0.2768185349 -0.2783 5.007 0
8 1 0 0 3 0 0 15.999 -0.2668746877 0.1129 0.2215 0
7 3 0 0 3 0 1 14.007 -0.3066896207 -0.4458 2.819 0
6 3 0 0 3 1 1 12.011 0.04401618588 0.4619 4.067 0
6 2 1 0 3 1 1 12.011 -0.03799441752 0.1581 3.35 0
6 2 1 0 3 1 1 12.011 -0.05594424699 0.1581 3.35 0
6 3 0 0 3 1 1 12.011 -0.03411359543 0.136 3.509 0
6 4 0 0 4 0 1 12.011 0.05328975961 -0.0967 2.576 0
6 3 0 0 3 1 1 12.011 0.1162105049 0.136 3.509 0
7 2 0 0 3 1 1 14.007 -0.2409778339 -0.3239 2.202 0
6 2 1 0 3 1 1 12.011 0.04497776057 0.1581 3.35 0
6 2 1 0 3 1 1 12.011 0.0205703641 0.1581 3.35 0
7 2 1 0 3 1 1 14.007 -0.3478407242 -0.3239 2.202 0
6 2 2 0 4 0 1 12.011 -0.03508281176 0.1441 2.503 0
6 2 2 0 4 0 1 12.011 -0.03508281176 0.1441 2.503 0
6 2 1 0 3 1 1 12.011 -0.05594424699 0.1581 3.35 0
6 2 1 0 3 1 1 12.011 -0.03799441752 0.1581 3.35 0
6 2 2 0 4 0 1 12.011 0.03038285458 -0.2035 2.753 0
6 2 2 0 4 0 1 12.011 -0.005049877878 -0.0516 2.488 0
6 2 1 0 3 1 1 12.011 -0.03266249234 0.1581 3.35 0
6 2 1 0 3 1 1 12.011 -0.01783943957 0.1581 3.35 0
0 1 1 0 0 0
1 2 1 1 0 0
2 3 1.5 1 1 0
3 4 1.5 1 1 0
4 5 1.5 1 1 0
5 6 1 1 0 0
6 7 1.5 1 1 0
7 8 1.5 1 1 0
8 9 1 0 0 0
9 10 1 0 0 0
9 11 1 0 0 0
9 12 1 0 0 0
8 13 1.5 1 1 0
13 14 1.5 1 1 0
14 15 1 1 1 0
15 16 2 1 0 0
15 17 1 1 1 0
17 18 1 1 0 0
18 19 1.5 1 1 0
19 20 1.5 1 1 0
20 21 1.5 1 1 0
21 22 1 0 0 0
22 23 1 0 0 0
23 24 1.5 1 1 0
24 25 1.5 1 1 0
25 26 1.5 1 1 0
26 27 1.5 1 1 0
22 28 1 0 1 0
28 29 1 0 1 0
21 30 1.5 1 1 0
30 31 1.5 1 1 0
17 32 1 0 1 0
32 33 1 0 1 0
5 34 1.5 1 1 0
34 35 1.5 1 1 0
35 2 1.5 1 1 0
14 6 1.5 1 1 0
31 18 1.5 1 1 0
33 13 1 0 1 0
29 22 1 0 1 0
27 23 1.5 1 1 0
47 52 1
6 1 3 0 4 0 0 12.011 -0.01273721784 -0.2035 2.753 0
7 3 0 0 4 0 0 14.007 -0.299031982 -0.3187 1.839 0
6 2 2 0 4 0 0 12.011 0.02331663108 -0.0516 2.488 0
6 3 0 0 3 1 1 12.011 -0.03382905514 0.136 3.509 0
6 2 1 0 3 1 1 12.011 -0.05626013284 0.1581 3.35 0
6 2 1 0 3 1 1 12.011 -0.0432055744 0.1581 3.35 0
6 3 0 0 3 1 1 12.011 0.04056998323 0.245 3.564 0
17 1 0 0 4 0 0 35.453 -0.08434411937 0.6895 5.853 0
6 2 1 0 3 1 1 12.011 -0.0432055744 0.1581 3.35 0
6 2 1 0 3 1 1 12.011 -0.05626013284 0.1581 3.35 0
6 3 1 0 4 0 1 12.011 0.01293711853 -0.2051 2.731 0
6 2 2 0 4 0 1 12.011 -0.01964484611 0.1441 2.503 0
6 2 2 0 4 0 1 12.011 0.02200325761 -0.2035 2.753 0
7 3 0 0 3 0 1 14.007 -0.3409740743 -0.3187 1.839 0
6 3 0 0 3 0 0 12.011 0.2438018665 -0.2783 5.007 0
8 1 0 0 3 0 0 15.999 -0.2727361866 -0.1526 0 0
6 2 2 0 4 0 0 12.011 0.1199498116 -0.0516 2.488 0
7 3 0 0 3 1 1 14.007 -0.2605089368 -0.3239 2.202 0
6 2 1 0 3 1 1 12.011 0.04977996156 0.1581 3.35 0
6 3 0 0 3 1 1 12.011 0.08777607056 0.4619 4.067 0
7 2 1 0 3 0 0 14.007 -0.3185805435 -0.5188 3 0
6 3 0 0 3 0 0 12.011 0.2607505011 -0.2783 5.007 0
8 1 0 0 3 0 0 15.999 -0.2687059406 0.1129 0.2215 0
6 3 0 0 3 1 1 12.011 0.1044059798 0.136 3.509 0
6 2 1 0 3 1 1 12.011 0.06452495169 0.1581 3.35 0
7 2 0 0 3 1 1 14.007 -0.1741580939 -0.3239 2.202 0
7 3 0 0 3 1 1 14.007 -0.2217734751 -0.3239 2.202 0
6 2 1 0 3 1 1 12.011 0.03240998044 0.1581 3.35 0
6 2 1 0 3 1 1 12.011 -0.02525234607 0.1581 3.35 0
6 2 1 0 3 1 1 12.011 0.03086678411 0.1581 3.35 0
7 2 0 0 3 1 1 14.007 -0.2363153542 -0.3239 2.202 0
6 3 0 0 3 1 1 12.011 0.1672772677 0.2955 4.346 0
6 3 0 0 3 1 1 12.011 0.1196516281 0.2713 3.904 0
6 3 0 0 3 1 1 12.011 0.04797559483 0.2713 3.904 0
6 2 1 0 3 1 1 12.011 -0.03018659669 0.1581 3.35 0
6 3 0 0 3 1 1 12.011 0.04149809785 0.245 3.564 0
17 1 0 0 4 0 0 35.453 -0.08431566894 0.6895 5.853 0
6 2 1 0 3 1 1 12.011 -0.03979492228 0.1581 3.35 0
6 2 1 0 3 1 1 12.011 -0.01751468462 0.1581 3.35 0
6 3 0 0 3 1 1 12.011 0.135257837 0.5437 3.853 0
8 2 0 0 3 0 0 15.999 -0.4341111529 -0.4195 1.182 0
6 3 1 0 4 0 0 12.011 0.3870537419 -0.2051 2.731 0
9 1 0 0 4 0 0 18.998 -0.1667654225 0.4202 1.108 0
9 1 0 0 4 0 0 18.998 -0.1667654225 0.4202 1.108 0
7 2 0 0 3 1 1 14.007 -0.1699720305 -0.3239 2.202 0
6 2 2 0 4 0 1 12.011 0.02200325761 -0.2035 2.753 0
6 2 2 0 4 0 1 12.011 -0.01964484611 0.1441 2.503 0
0 1 1 0 0 0
1 2 1 0 0 0
2 3 1 0 0 0
3 4 1.5 1 1 0
4 5 1.5 1 1 0
5 6 1.5 1 1 0
6 7 1 0 0 0
6 8 1.5 1 1 0
8 9 1.5 1 1 0
1 10 1 0 0 0
10 11 1 0 1 0
11 12 1 0 1 0
12 13 1 0 1 0
13 14 1 1 0 0
14 15 2 1 0 0
14 16 1 0 0 0
16 17 1 0 0 0
17 18 1.5 1 1 0
18 19 1.5 1 1 0
19 20 1 1 0 0
20 21 1 1 0 0
21 22 2 1 0 0
21 23 1 1 0 0
23 24 1.5 1 1 0
24 25 1.5 1 1 0
25 26 1.5 1 1 0
26 27 1.5 1 1 0
27 28 1.5 1 1 0
28 29 1.5 1 1 0
29 30 1.5 1 1 0
30 31 1.5 1 1 0
19 32 1.5 1 1 0
32 33 1 1 0 0
33 34 1.5 1 1 0
34 35 1.5 1 1 0
35 36 1 0 0 0
35 37 1.5 1 1 0
37 38 1.5 1 1 0
38 39 1.5 1 1 0
39 40 1 1 0 0
40 41 1 0 0 0
41 42 1 0 0 0
41 43 1 0 0 0
32 44 1.5 1 1 0
13 45 1 0 1 0
45 46 1 0 1 0
9 3 1.5 1 1 0
46 10 1 0 1 0
44 17 1.5 1 1 0
31 23 1.5 1 1 0
39 33 1.5 1 1 0
31 26 1.5 1 1 0
22 26 1
8 1 1 0 3 0 0 15.999 -0.5079556569 -0.2893 0.8238 0
6 3 0 0 3 1 1 12.011 0.1153917683 0.5437 3.853 0
6 2 1 0 3 1 1 12.011 -0.01993309456 0.1581 3.35 0
6 2 1 0 3 1 1 12.011 -0.05501399288 0.1581 3.35 0
6 3 0 0 3 1 1 12.011 -0.04239594428 0.136 3.509 0
6 3 0 0 3 1 1 12.011 -0.03448836626 0.136 3.509 0
6 2 1 0 3 1 1 12.011 -0.01615999667 0.1581 3.35 0
6 4 0 0 4 0 1 12.011 0.001248795051 -0.0967 2.576 1
6 2 2 0 4 0 1 12.011 -0.04312682986 0.1441 2.503 0
6 2 2 0 4 0 1 12.011 -0.05243290325 0.1441 2.503 0
6 2 2 0 4 0 1 12.011 -0.05291966582 0.1441 2.503 0
6 2 2 0 4 0 1 12.011 -0.04808443698 0.1441 2.503 0
6 3 1 0 4 0 1 12.011 -0.01563004037 0 2.433 1
6 3 1 0 4 0 1 12.011 0.01725982264 -0.2051 2.731 1
6 2 2 0 4 0 1 12.011 -0.0115688478 -0.0516 2.488 0
7 3 0 0 4 0 1 14.007 -0.2994405066 -0.3187 1.839 0
6 2 2 0 4 0 0 12.011 0.001285891244 -0.2035 2.753 0
6 3 1 0 4 0 1 12.011 -0.02856961404 0 2.433 0
6 2 2 0 4 0 1 12.011 -0.04891446226 0.1441 2.503 0
6 2 2 0 4 0 1 12.011 -0.04891446226 0.1441 2.503 0
6 2 2 0 4 0 1 12.011 -0.0006811029836 -0.2035 2.753 0
6 2 2 0 4 0 1 12.011 -0.03028880371 0.1441 2.503 0
0 1 1 1 0 0
1 2 1.5 1 1 0
2 3 1.5 1 1 0
3 4 1.5 1 1 0
4 5 1.5 1 1 0
5 6 1.5 1 1 0
5 7 1 0 1 0
7 8 1 0 1 0
8 9 1 0 1 0
9 10 1 0 1 0
10 11 1 0 1 0
11 12 1 0 1 0
12 13 1 0 1 0
13 14 1 0 1 0
13 15 1 0 1 0
15 16 1 0 0 0
16 17 1 0 0 0
17 18 1 0 1 0
18 19 1 0 1 0
15 20 1 0 1 0
20 21 1 0 1 0
6 1 1.5 1 1 0
12 7 1 0 1 0
19 17 1 0 1 0
14 4 1 0 1 0
21 7 1 0 1 0
27 29 1
6 1 3 0 4 0 0 12.011 0.07766814576 -0.2035 2.753 0
8 2 0 0 3 0 0 15.999 -0.4936869443 -0.4195 1.182 0
6 3 0 0 3 1 1 12.011 0.1540424355 0.5437 3.853 0
6 2 1 0 3 1 1 12.011 -0.01623536292 0.1581 3.35 0
6 2 1 0 3 1 1 12.011 -0.04891644106 0.1581 3.35 0
6 3 0 0 3 1 1 12.011 0.00344066278 0.2713 3.904 0
6 2 1 0 3 1 1 12.011 -0.01300304068 0.1581 3.35 0
6 3 0 0 3 1 1 12.011 0.1652185628 0 3.257 0
9 1 0 0 4 0 0 18.998 -0.2028771879 0.4202 1.108 0
6 3 0 0 3 1 1 12.011 0.07466490457 0.2713 3.904 0
6 2 1 0 3 1 1 12.011 -0.006391346886 0.1581 3.35 0
6 3 0 0 3 1 1 12.011 0.1293406928 0.136 3.509 0
7 2 0 0 3 1 1 14.007 -0.1663639715 -0.3239 2.202 0
7 3 0 0 3 1 1 14.007 -0.232624227 -0.3239 2.202 0
6 3 0 0 3 1 1 12.011 0.06534134978 0.2713 3.904 0
6 2 1 0 3 1 1 12.011 -0.03499957462 0.1581 3.35 0
6 2 1 0 3 1 1 12.011 -0.03999123455 0.1581 3.35 0
6 3 0 0 3 1 1 12.011 0.08191099896 0.1893 2.673 0
6 2 1 0 3 1 1 12.011 -0.03999123455 0.1581 3.35 0
6 2 1 0 3 1 1 12.011 -0.03499957462 0.1581 3.35 0
16 4 0 0 4 0 0 32.067 0.2375477259 -0.0024 7.365 0
8 1 0 0 3 0 0 15.999 -0.2073306725 -0.3339 0.7774 0
8 1 0 0 3 0 0 15.999 -0.2073306725 -0.3339 0.7774 0
7 1 2 0 4 0 0 14.007 -0.2246283914 -1.019 2.262 0
6 3 1 0 4 0 0 12.011 0.2816981599 0.1193 2.582 0
9 1 0 0 4 0 0 18.998 -0.2031762794 0.4202 1.108 0
9 1 0 0 4 0 0 18.998 -0.2031762794 0.4202 1.108 0
0 1 1 0 0 0
1 2 1 1 0 0
2 3 1.5 1 1 0
3 4 1.5 1 1 0
4 5 1.5 1 1 0
5 6 1.5 1 1 0
6 7 1.5 1 1 0
7 8 1 0 0 0
5 9 1 1 0 0
9 10 1.5 1 1 0
10 11 1.5 1 1 0
11 12 1.5 1 1 0
12 13 1.5 1 1 0
13 14 1 1 0 0
14 15 1.5 1 1 0
15 16 1.5 1 1 0
16 17 1.5 1 1 0
17 18 1.5 1 1 0
18 19 1.5 1 1 0
17 20 1 0 0 0
20 21 2 0 0 0
20 22 2 0 0 0
20 23 1 0 0 0
11 24 1 0 0 0
24 25 1 0 0 0
24 26 1 0 0 0
7 2 1.5 1 1 0
13 9 1.5 1 1 0
19 14 1.5 1 1 0
35 38 1
6 1 3 0 4 0 0 12.011 -0.04741818606 0.1441 2.503 0
6 2 2 0 4 0 0 12.011 0.01793031264 -0.2035 2.753 0
7 3 0 0 3 0 0 14.007 -0.3392065057 -0.3187 1.839 0
6 2 2 0 4 0 0 12.011 0.01793031264 -0.2035 2.753 0
6 1 3 0 4 0 0 12.011 -0.04741818606 0.1441 2.503 0
6 3 0 0 3 0 0 12.011 0.253332196 -0.2783 5.007 0
8 1 0 0 3 0 0 15.999 -0.269088663 0.1129 0.2215 0
6 3 0 0 3 1 1 12.011 0.03966662331 0.136 3.509 0
6 2 1 0 3 1 1 12.011 -0.04738423675 0.1581 3.35 0
6 2 1 0 3 1 1 12.011 -0.03760323901 0.1581 3.35 0
6 3 0 0 3 1 1 12.011 0.0413429222 0.4619 4.067 0
7 3 0 0 3 0 0 14.007 -0.3381601531 -0.4458 2.819 0
6 3 0 0 3 1 1 12.011 0.04499596238 0.4619 4.067 0
6 2 1 0 3 1 1 12.011 -0.0381239373 0.1581 3.35 0
6 2 1 0 3 1 1 12.011 -0.05652003841 0.1581 3.35 0
6 2 1 0 3 1 1 12.011 -0.02007295122 0.1581 3.35 0
6 3 0 0 3 1 1 12.011 0.1171562098 0.5437 3.853 0
8 1 1 0 3 0 0 15.999 -0.5078860214 -0.2893 0.8238 0
6 2 1 0 3 1 1 12.011 0.003579877252 0.1581 3.35 0
6 3 1 0 4 0 1 12.011 0.03661080879 -0.2051 2.731 0
6 2 2 0 4 0 1 12.011 -0.01934367904 0.1441 2.503 0
6 2 2 0 4 0 1 12.011 0.0001163095498 -0.2035 2.753 0
7 3 0 0 4 0 1 14.007 -0.3027914681 -0.3187 1.839 0
6 2 2 0 4 0 0 12.011 0.003694118207 -0.2035 2.753 0
6 2 2 0 4 0 0 12.011 0.002402312344 -0.0516 2.488 0
6 3 0 0 3 1 1 12.011 0.0415852954 0.136 3.509 0
6 2 1 0 3 1 1 12.011 -0.04053038389 0.1581 3.35 0
6 2 1 0 3 1 1 12.011 -0.05892734249 0.1581 3.35 0
6 2 1 0 3 1 1 12.011 -0.04379741279 0.1581 3.35 0
6 2 1 0 3 1 1 12.011 0.0270643647 0.1581 3.35 0
7 2 0 0 3 1 1 14.007 -0.2612655629 -0.3239 2.202 0
6 2 2 0 4 0 1 12.011 0.0001163095498 -0.2035 2.753 0
6 2 2 0 4 0 1 12.011 -0.01934367904 0.1441 2.503 0
6 2 1 0 3 1 1 12.011 -0.03760323901 0.1581 3.35 0
6 2 1 0 3 1 1 12.011 -0.04738423675 0.1581 3.35 0
0 1 1 0 0 0
1 2 1 0 0 0
2 3 1 0 0 0
3 4 1 0 0 0
2 5 1 1 0 0
5 6 2 1 0 0
5 7 1 1 0 0
7 8 1.5 1 1 0
8 9 1.5 1 1 0
9 10 1.5 1 1 0
10 11 1 1 0 0
11 12 1 1 0 0
12 13 1.5 1 1 0
13 14 1.5 1 1 0
14 15 1.5 1 1 0
15 16 1.5 1 1 0
16 17 1 1 0 0
16 18 1.5 1 1 0
11 19 1 0 0 0
19 20 1 0 1 0
20 21 1 0 1 0
21 22 1 0 1 0
22 23 1 0 0 0
23 24 1 0 0 0
24 25 1 0 0 0
25 26 1.5 1 1 0
26 27 1.5 1 1 0
27 28 1.5 1 1 0
28 29 1.5 1 1 0
29 30 1.5 1 1 0
22 31 1 0 1 0
31 32 1 0 1 0
10 33 1.5 1 1 0
33 34 1.5 1 1 0
34 7 1.5 1 1 0
18 12 1.5 1 1 0
32 19 1 0 1 0
30 25 1.5 1 1 0
35 38 1
6 1 3 0 4 0 0 12.011 -0.02410199839 0.08452 2.464 0
6 3 0 0 3 1 1 12.011 0.01868214277 0.136 3.509 0
6 2 1 0 3 1 1 12.011 -0.0405182728 0.1581 3.35 0
6 2 1 0 3 1 1 12.011 -0.03054907629 0.1581 3.35 0
6 3 0 0 3 1 1 12.011 0.1140435298 0.4619 4.067 0
7 2 1 0 3 0 0 14.007 -0.277820678 -0.5188 3 0
16 4 0 0 4 0 0 32.067 0.2366473474 -0.0024 7.365 0
8 1 0 0 3 0 0 15.999 -0.2062758676 -0.3339 0.7774 0
8 1 0 0 3 0 0 15.999 -0.2062758676 -0.3339 0.7774 0
6 2 2 0 4 0 0 12.011 0.09572570628 -0.0516 2.488 0
6 3 0 0 3 1 1 12.011 -0.01223341303 0.136 3.509 0
6 2 1 0 3 1 1 12.011 -0.05354558298 0.1581 3.35 0
6 2 1 0 3 1 1 12.011 -0.02590728671 0.1581 3.35 0
6 3 0 0 3 1 1 12.011 0.1242124922 0 3.257 0
9 1 0 0 4 0 0 18.998 -0.2069552989 0.4202 1.108 0
6 2 1 0 3 1 1 12.011 -0.007300149799 0.1581 3.35 0
6 3 0 0 3 1 1 12.011 0.04775958524 0.245 3.564 0
17 1 0 0 4 0 0 35.453 -0.08389449459 0.6895 5.853 0
6 3 0 0 3 1 1 12.011 0.2750456303 -0.8186 3.135 0
8 1 0 0 3 0 0 15.999 -0.2669515623 0.1788 3.135 0
7 3 0 0 3 1 1 14.007 -0.3017360997 -0.3239 2.202 0
6 2 2 0 4 0 0 12.011 0.1047632846 -0.0516 2.488 0
6 3 0 0 3 0 0 12.011 0.2397947957 -0.2783 5.007 0
8 1 0 0 3 0 0 15.999 -0.2730315493 -0.1526 0 0
7 2 1 0 3 0 0 14.007 -0.3514397795 -0.7096 2.173 0
6 3 1 0 4 0 1 12.011 0.03409574289 -0.2051 2.731 0
6 2 2 0 4 0 1 12.011 -0.02681304329 0.1441 2.503 0
6 2 2 0 4 0 1 12.011 -0.007231339168 -0.0516 2.488 0
6 3 0 0 3 1 1 12.011 0.05699717679 0.136 3.509 0
7 2 0 0 3 1 1 14.007 -0.2252673983 -0.3239 2.202 0
6 3 0 0 3 1 1 12.011 0.1799804861 0.4619 4.067 0
7 1 2 0 3 0 0 14.007 -0.3751021987 -1.027 2.827 0
16 2 0 0 3 1 1 32.067 -0.102008448 0.6237 6.691 0
6 3 0 0 3 1 1 12.011 0.03176648155 0.136 3.509 0
6 2 2 0 4 0 1 12.011 0.004011348636 -0.0516 2.488 0
0 1 1 0 0 0
1 2 1.5 1 1 0
2 3 1.5 1 1 0
3 4 1.5 1 1 0
4 5 1 1 0 0
5 6 1 0 0 0
6 7 2 0 0 0
6 8 2 0 0 0
6 9 1 0 0 0
9 10 1 0 0 0
10 11 1.5 1 1 0
11 12 1.5 1 1 0
12 13 1.5 1 1 0
13 14 1 0 0 0
13 15 1.5 1 1 0
15 16 1.5 1 1 0
16 17 1 0 0 0
4 18 1.5 1 1 0
18 19 2 1 0 0
18 20 1.5 1 1 0
20 21 1 0 0 0
21 22 1 0 0 0
22 23 2 1 0 0
22 24 1 1 0 0
24 25 1 0 0 0
25 26 1 0 1 0
26 27 1 0 1 0
27 28 1 0 1 0
28 29 1.5 1 1 0
29 30 1.5 1 1 0
30 31 1 1 0 0
30 32 1.5 1 1 0
32 33 1.5 1 1 0
33 34 1 0 1 0
20 1 1.5 1 1 0
34 25 1 0 1 0
16 10 1.5 1 1 0
33 28 1.5 1 1 0
35 39 1
6 1 3 0 4 0 0 12.011 -0.02220262336 0.08452 2.464 0
6 3 0 0 3 1 1 12.011 0.03799820586 0.136 3.509 0
6 2 1 0 3 1 1 12.011 -0.04008676132 0.1581 3.35 0
6 2 1 0 3 1 1 12.011 -0.04727480996 0.1581 3.35 0
6 3 0 0 3 1 1 12.011 0.04228323972 0.2955 4.346 0
6 3 0 0 3 1 1 12.011 0.1282559987 0.5437 3.853 0
8 2 0 0 3 0 0 15.999 -0.4915500064 -0.4195 1.182 0
6 2 2 0 4 0 0 12.011 0.1009077409 -0.2035 2.753 0
6 2 2 0 4 0 0 12.011 0.03247734923 -0.2035 2.753 0
7 3 0 0 4 0 1 14.007 -0.2999353709 -0.3187 1.839 0
6 2 2 0 4 0 1 12.011 -0.001453414647 -0.2035 2.753 0
6 2 2 0 4 0 1 12.011 -0.03719556528 0.1441 2.503 0
6 3 1 0 4 0 1 12.011 -0.03493970149 0 2.433 0
6 2 2 0 4 0 0 12.011 -0.02486597331 -0.0516 2.488 0
6 3 0 0 3 1 1 12.011 -0.04568413123 0.136 3.509 0
6 2 1 0 3 1 1 12.011 -0.05888336688 0.1581 3.35 0
6 2 1 0 3 1 1 12.011 -0.05993307513 0.1581 3.35 0
6 2 1 0 3 1 1 12.011 -0.03873790037 0.1581 3.35 0
6 3 0 0 3 1 1 12.011 0.0368903787 0.4619 4.067 0
7 3 0 0 3 0 1 14.007 -0.3701946902 -0.4458 2.819 0
6 2 2 0 4 0 1 12.011 0.01902545436 -0.2035 2.753 0
6 2 2 0 4 0 1 12.011 -0.02269321419 0.1441 2.503 0
6 2 2 0 4 0 1 12.011 -0.0004195111115 -0.2035 2.753 0
7 3 0 0 4 0 1 14.007 -0.3045445361 -0.3187 1.839 0
6 1 3 0 4 0 0 12.011 -0.01331369203 -0.2035 2.753 0
6 2 2 0 4 0 1 12.011 0.01547442584 -0.2035 2.753 0
6 2 2 0 4 0 1 12.011 0.0305187078 -0.2035 2.753 0
6 2 1 0 3 1 1 12.011 -0.03552888356 0.1581 3.35 0
6 2 2 0 4 0 1 12.011 -0.03719556528 0.1441 2.503 0
6 2 2 0 4 0 1 12.011 -0.001453414647 -0.2035 2.753 0
6 2 1 0 3 1 1 12.011 -0.01917604874 0.1581 3.35 0
6 2 1 0 3 1 1 12.011 -0.05639374958 0.1581 3.35 0
6 2 1 0 3 1 1 12.011 -0.03552711218 0.1581 3.35 0
6 3 0 0 3 1 1 12.011 0.07419169391 0.2955 4.346 0
7 2 0 0 3 1 1 14.007 -0.2529985657 -0.3239 2.202 0
0 1 1 0 0 0
1 2 1.5 1 1 0
2 3 1.5 1 1 0
3 4 1.5 1 1 0
4 5 1.5 1 1 0
5 6 1 1 0 0
6 7 1 0 0 0
7 8 1 0 0 0
8 9 1 0 0 0
9 10 1 0 1 0
10 11 1 0 1 0
11 12 1 0 1 0
12 13 1 0 0 0
13 14 1 0 0 0
14 15 1.5 1 1 0
15 16 1.5 1 1 0
16 17 1.5 1 1 0
17 18 1.5 1 1 0
18 19 1 1 0 0
19 20 1 0 1 0
20 21 1 0 1 0
21 22 1 0 1 0
22 23 1 0 1 0
23 24 1 0 0 0
23 25 1 0 1 0
25 26 1 0 1 0
18 27 1.5 1 1 0
12 28 1 0 1 0
28 29 1 0 1 0
5 30 1.5 1 1 0
30 31 1.5 1 1 0
31 32 1.5 1 1 0
32 33 1.5 1 1 0
33 34 1.5 1 1 0
34 1 1.5 1 1 0
33 4 1.5 1 1 0
29 9 1 0 1 0
27 14 1.5 1 1 0
26 19 1 0 1 0
32 34 1
6 1 3 0 4 0 0 12.011 0.009851623186 -0.2035 2.753 0
7 3 0 0 3 0 0 14.007 -0.3371310231 -0.3187 1.839 0
6 3 0 0 3 0 0 12.011 0.2267916684 -0.2783 5.007 0
8 1 0 0 3 0 0 15.999 -0.2745144808 -0.1526 0 0
6 2 2 0 4 0 0 12.011 0.05185876563 -0.0516 2.488 0
6 3 0 0 3 1 1 12.011 -0.03865890695 0.136 3.509 0
6 2 1 0 3 1 1 12.011 -0.05824929834 0.1581 3.35 0
6 2 1 0 3 1 1 12.011 -0.05870687025 0.1581 3.35 0
6 3 0 0 3 1 1 12.011 -0.04669802167 0.136 3.509 0
6 2 2 0 4 0 0 12.011 -0.01418851434 -0.0516 2.488 0
6 2 2 0 4 0 0 12.011 0.0144096971 -0.2035 2.753 0
7 2 1 0 4 0 0 14.007 -0.2151444137 -0.7096 2.173 0
16 4 0 0 4 0 0 32.067 0.2082057481 -0.0024 7.365 0
6 1 3 0 4 0 0 12.011 0.05297998186 -0.2035 2.753 0
8 1 0 0 3 0 0 15.999 -0.2127303507 -0.3339 0.7774 0
8 1 0 0 3 0 0 15.999 -0.2127303507 -0.3339 0.7774 0
6 2 1 0 3 1 1 12.011 -0.05870687025 0.1581 3.35 0
6 2 1 0 3 1 1 12.011 -0.05824929834 0.1581 3.35 0
6 3 1 0 4 0 0 12.011 0.06927595472 0.1193 2.582 -1
6 2 2 0 4 0 0 12.011 0.02306887859 -0.2035 2.753 0
7 3 0 0 4 0 1 14.007 -0.298277815 -0.3187 1.839 0
6 2 2 0 4 0 1 12.011 0.0008476008993 -0.2035 2.753 0
6 2 2 0 4 0 1 12.011 -0.01289160202 0.1441 2.503 0
6 3 1 0 4 0 1 12.011 0.06788722016 -0.2051 2.731 -1
8 1 1 0 4 0 0 15.999 -0.391744892 -0.2893 0.8238 0
6 2 2 0 4 0 1 12.011 0.02441511482 -0.2035 2.753 0
6 3 0 0 3 1 1 12.011 -0.02418735276 0.136 3.509 0
6 2 1 0 3 1 1 12.011 -0.05691504774 0.1581 3.35 0
6 2 1 0 3 1 1 12.011 -0.06191552995 0.1581 3.35 0
6 2 1 0 3 1 1 12.011 -0.06224612355 0.1581 3.35 0
6 2 1 0 3 1 1 12.011 -0.06191552995 0.1581 3.35 0
6 2 1 0 3 1 1 12.011 -0.05691504774 0.1581 3.35 0
0 1 1 0 0 0
1 2 1 1 0 0
2 3 2 1 0 0
2 4 1 0 0 0
4 5 1 0 0 0
5 6 1.5 1 1 0
6 7 1.5 1 1 0
7 8 1.5 1 1 0
8 9 1 0 0 0
9 10 1 0 0 0
10 11 1 0 0 0
11 12 1 0 0 0
12 13 1 0 0 0
12 14 2 0 0 0
12 15 2 0 0 0
8 16 1.5 1 1 0
16 17 1.5 1 1 0
1 18 1 0 0 0
18 19 1 0 0 0
19 20 1 0 0 0
20 21 1 0 1 0
21 22 1 0 1 0
22 23 1 0 1 0
23 24 1 0 0 0
23 25 1 0 1 0
18 26 1 0 0 0
26 27 1.5 1 1 0
27 28 1.5 1 1 0
28 29 1.5 1 1 0
29 30 1.5 1 1 0
30 31 1.5 1 1 0
17 5 1.5 1 1 0
25 20 1 0 1 0
31 26 1.5 1 1 0
24 26 1
8 2 0 0 3 0 0 15.999 -0.4967454766 -0.4195 1.182 0
6 1 3 0 4 0 0 12.011 0.07750707793 -0.2035 2.753 0
6 3 0 0 3 1 1 12.011 0.1189779359 0.5437 3.853 0
6 2 1 0 3 1 1 12.011 -0.01211794162 0.1581 3.35 0
6 3 0 0 3 1 1 12.011 -0.01471073762 0.2713 3.904 0
6 2 1 0 3 1 1 12.011 -0.05411219914 0.1581 3.35 0
6 2 1 0 3 1 1 12.011 -0.05796801063 0.1581 3.35 0
6 2 1 0 3 1 1 12.011 -0.01994060277 0.1581 3.35 0
6 3 0 0 3 1 1 12.011 -0.01790356254 0.2713 3.904 0
6 2 1 0 3 1 1 12.011 -0.04871086425 0.1581 3.35 0
6 3 0 0 3 1 1 12.011 -0.01950330547 0.136 3.509 0
6 2 1 0 3 1 1 12.011 -0.05655322773 0.1581 3.35 0
6 2 1 0 3 1 1 12.011 -0.06128662069 0.1581 3.35 0
6 2 1 0 3 1 1 12.011 -0.05435795704 0.1581 3.35 0
6 4 0 0 4 0 1 12.011 0.09545500681 -0.0967 2.576 0
7 2 0 0 3 0 1 14.007 -0.2411042992 0.1836 2.428 0
6 3 0 0 3 0 1 12.011 0.1981814864 -0.2783 5.007 0
7 1 2 0 3 0 0 14.007 -0.3694281945 -1.019 2.262 0
7 3 0 0 3 0 1 14.007 -0.2861069976 -0.3187 1.839 0
6 1 3 0 4 0 0 12.011 0.01737665385 -0.2035 2.753 0
6 3 0 0 3 0 1 12.011 0.2312978434 -0.2783 5.007 0
8 1 0 0 3 0 0 15.999 -0.2743252764 -0.1526 0 0
6 2 2 0 4 0 1 12.011 0.05649466842 0.1441 2.503 0
6 1 3 0 4 0 0 12.011 -0.03482349074 0.1441 2.503 0
0 1 1 0 0 0
0 2 1 1 0 0
2 3 1.5 1 1 0
3 4 1.5 1 1 0
4 5 1.5 1 1 0
5 6 1.5 1 1 0
6 7 1.5 1 1 0
4 8 1 1 0 0
8 9 1.5 1 1 0
9 10 1.5 1 1 0
10 11 1.5 1 1 0
11 12 1.5 1 1 0
12 13 1.5 1 1 0
10 14 1 0 0 0
14 15 1 0 1 0
15 16 2 1 1 0
16 17 1 1 0 0
16 18 1 1 1 0
18 19 1 0 0 0
18 20 1 1 1 0
20 21 2 1 0 0
20 22 1 0 1 0
14 23 1 0 0 0
7 2 1.5 1 1 0
13 8 1.5 1 1 0
22 14 1 0 1 0
29 31 1
16 2 0 0 3 1 1 32.067 -0.1423330532 0.6237 6.691 0
6 2 1 0 3 1 1 12.011 -0.008787426034 0.1581 3.35 0
6 2 1 0 3 1 1 12.011 -0.05097804382 0.1581 3.35 0
6 2 1 0 3 1 1 12.011 -0.0419260474 0.1581 3.35 0
6 3 0 0 3 1 1 12.011 0.06477404505 0.136 3.509 0
6 4 0 0 4 0 1 12.011 0.1309295527 -0.0967 2.576 0
7 2 2 1 4 0 0 14.007 -0.334759919 -1.95 0 0
6 2 2 0 4 0 0 12.011 0.1046213178 -0.2035 2.753 0
6 3 1 0 4 0 0 12.011 0.1231414266 -0.2051 2.731 0
8 1 1 0 4 0 0 15.999 -0.3850694786 -0.2893 0.8238 0
6 3 1 0 4 0 0 12.011 0.06428848181 -0.2051 2.731 0
7 2 1 0 3 0 0 14.007 -0.3504311899 -0.7096 2.173 0
6 3 0 0 3 0 0 12.011 0.2166921841 -0.2783 5.007 0
8 1 0 0 3 0 0 15.999 -0.2754579618 -0.1526 0 0
6 1 3 0 4 0 0 12.011 0.01483216881 0.1441 2.503 0
6 2 2 0 4 0 0 12.011 -0.004449308302 -0.0516 2.488 0
6 3 0 0 3 1 1 12.011 -0.04006558937 0.136 3.509 0
6 2 1 0 3 1 1 12.011 -0.02281342357 0.1581 3.35 0
6 3 0 0 3 1 1 12.011 0.1258978494 0 3.257 0
9 1 0 0 4 0 0 18.998 -0.2068889436 0.4202 1.108 0
6 2 1 0 3 1 1 12.011 0.009574548975 0.1581 3.35 0
6 3 0 0 3 1 1 12.011 0.1258978494 0 3.257 0
9 1 0 0 4 0 0 18.998 -0.2068889436 0.4202 1.108 0
6 2 1 0 3 1 1 12.011 -0.02281342357 0.1581 3.35 0
6 2 2 0 4 0 1 12.011 0.007501954783 0.1441 2.503 0
6 2 2 0 4 0 1 12.011 -0.04695880968 0.1441 2.503 0
6 2 2 0 4 0 1 12.011 -0.05279655808 0.1441 2.503 0
6 2 2 0 4 0 1 12.011 -0.04695880968 0.1441 2.503 0
6 2 2 0 4 0 1 12.011 0.007501954783 0.1441 2.503 0
0 1 1.5 1 1 0
1 2 1.5 1 1 0
2 3 1.5 1 1 0
3 4 1.5 1 1 0
4 5 1 0 0 0
5 6 1 0 0 0
6 7 1 0 0 0
7 8 1 0 0 0
8 9 1 0 0 0
8 10 1 0 0 0
10 11 1 0 0 0
11 12 1 1 0 0
12 13 2 1 0 0
12 14 1 0 0 0
10 15 1 0 0 0
15 16 1 0 0 0
16 17 1.5 1 1 0
17 18 1.5 1 1 0
18 19 1 0 0 0
18 20 1.5 1 1 0
20 21 1.5 1 1 0
21 22 1 0 0 0
21 23 1.5 1 1 0
5 24 1 0 1 0
24 25 1 0 1 0
25 26 1 0 1 0
26 27 1 0 1 0
27 28 1 0 1 0
4 0 1.5 1 1 0
28 5 1 0 1 0
23 16 1.5 1 1 0
22 23 1
6 1 3 0 4 0 0 12.011 -0.03046145417 0.1441 2.503 0
6 2 2 0 4 0 0 12.011 0.09037464432 -0.2035 2.753 0
8 2 0 0 3 0 0 15.999 -0.4496943847 -0.0684 1.085 0
6 3 0 0 3 0 0 12.011 0.4098471063 -0.2783 5.007 0
8 1 0 0 3 0 0 15.999 -0.2243373923 0.4833 0.389 0
7 3 0 0 3 0 0 14.007 -0.2995708888 -0.3187 1.839 0
6 2 2 0 4 0 0 12.011 0.04995697954 -0.0516 2.488 0
6 3 0 0 3 1 1 12.011 -0.01621639126 0.136 3.509 0
6 2 1 0 3 1 1 12.011 -0.05664096199 0.1581 3.35 0
6 2 1 0 3 1 1 12.011 -0.06189624219 0.1581 3.35 0
6 2 1 0 3 1 1 12.011 -0.06164311819 0.1581 3.35 0
6 2 1 0 3 1 1 12.011 -0.04967009529 0.1581 3.35 0
6 3 0 0 3 1 1 12.011 0.06047825864 0.136 3.509 0
6 4 0 0 4 0 0 12.011 0.4162417852 -0.0967 2.576 0
9 1 0 0 4 0 0 18.998 -0.1661237988 0.4202 1.108 0
9 1 0 0 4 0 0 18.998 -0.1661237988 0.4202 1.108 0
9 1 0 0 4 0 0 18.998 -0.1661237988 0.4202 1.108 0
6 3 1 0 4 0 1 12.011 0.04906039795 -0.2051 2.731 -1
6 2 2 0 4 0 1 12.011 -0.01857361843 0.1441 2.503 0
6 2 2 0 4 0 1 12.011 -0.002792681243 -0.2035 2.753 0
7 2 1 0 4 0 1 14.007 -0.3146028628 -0.7096 2.173 0
6 2 2 0 4 0 1 12.011 0.015918437 -0.2035 2.753 0
0 1 1 0 0 0
1 2 1 0 0 0
2 3 1 1 0 0
3 4 2 1 0 0
3 5 1 1 0 0
5 6 1 0 0 0
6 7 1 0 0 0
7 8 1.5 1 1 0
8 9 1.5 1 1 0
9 10 1.5 1 1 0
10 11 1.5 1 1 0
11 12 1.5 1 1 0
12 13 1 0 0 0
13 14 1 0 0 0
13 15 1 0 0 0
13 16 1 0 0 0
5 17 1 0 0 0
17 18 1 0 1 0
18 19 1 0 1 0
19 20 1 0 1 0
20 21 1 0 1 0
12 7 1.5 1 1 0
21 17 1 0 1 0
39 42 1
6 1 3 0 4 0 0 12.011 -0.06043925063 0.1441 2.503 0
6 3 1 0 4 0 1 12.011 -0.02193106143 0 2.433 1
6 2 2 0 4 0 1 12.011 0.001561129396 -0.2035 2.753 0
7 3 0 0 4 0 1 14.007 -0.3024935174 -0.3187 1.839 0
6 2 2 0 4 0 0 12.011 0.006945665513 -0.2035 2.753 0
6 2 2 0 4 0 0 12.011 0.03948776904 0.1441 2.503 0
6 3 0 0 3 0 0 12.011 0.2244137423 -0.2783 5.007 0
8 1 0 0 3 0 0 15.999 -0.2748222093 -0.1526 0 0
7 3 0 0 3 0 0 14.007 -0.3241543122 -0.3187 1.839 0
6 2 2 0 4 0 0 12.011 0.04659839091 -0.0516 2.488 0
6 3 0 0 3 1 1 12.011 -0.02706772862 0.136 3.509 0
6 2 1 0 3 1 1 12.011 -0.05714719557 0.1581 3.35 0
6 2 1 0 3 1 1 12.011 -0.06044628531 0.1581 3.35 0
6 2 1 0 3 1 1 12.011 -0.04350617467 0.1581 3.35 0
6 3 0 0 3 1 1 12.011 0.04089020501 0.245 3.564 0
17 1 0 0 4 0 0 35.453 -0.08433268782 0.6895 5.853 0
6 2 1 0 3 1 1 12.011 -0.03851583468 0.1581 3.35 0
6 3 1 0 4 0 0 12.011 0.1334951557 -0.2051 2.731 -1
6 2 2 0 4 0 0 12.011 0.003663052891 -0.0516 2.488 0
6 3 0 0 3 1 1 12.011 -0.04536580349 0.136 3.509 0
6 2 1 0 3 1 1 12.011 -0.05894981867 0.1581 3.35 0
6 2 1 0 3 1 1 12.011 -0.0619927255 0.1581 3.35 0
6 2 1 0 3 1 1 12.011 -0.06224871472 0.1581 3.35 0
6 2 1 0 3 1 1 12.011 -0.0619927255 0.1581 3.35 0
6 2 1 0 3 1 1 12.011 -0.05894981867 0.1581 3.35 0
6 3 0 0 3 0 0 12.011 0.3262766541 -0.2783 5.007 0
8 1 0 0 3 0 0 15.999 -0.2499693698 -0.1526 0 0
8 1 1 0 3 0 0 15.999 -0.4797031597 -0.2893 0.8238 0
6 2 2 0 4 0 1 12.011 -0.0009945706492 -0.2035 2.753 0
6 2 2 0 4 0 1 12.011 -0.03059876255 0.1441 2.503 0
6 4 0 0 4 0 1 12.011 -0.00239899273 -0.0967 2.576 1
6 1 3 0 4 0 0 12.011 -0.05518945602 0.1441 2.503 0
6 3 0 0 3 1 1 12.011 -0.03805449269 0.136 3.509 0
6 2 1 0 3 1 1 12.011 -0.05820811692 0.1581 3.35 0
6 2 1 0 3 1 1 12.011 -0.05829818608 0.1581 3.35 0
6 2 1 0 3 1 1 12.011 -0.02020821374 0.1581 3.35 0
6 3 0 0 3 1 1 12.011 0.1153714774 0.5437 3.853 0
8 1 1 0 3 0 0 15.999 -0.5079560094 -0.2893 0.8238 0
6 2 1 0 3 1 1 12.011 -0.01644725174 0.1581 3.35 0
0 1 1 0 0 0
1 2 1 0 1 0
2 3 1 0 1 0
3 4 1 0 0 0
4 5 1 0 0 0
5 6 1 0 0 0
6 7 2 1 0 0
6 8 1 1 0 0
8 9 1 0 0 0
9 10 1 0 0 0
10 11 1.5 1 1 0
11 12 1.5 1 1 0
12 13 1.5 1 1 0
13 14 1.5 1 1 0
14 15 1 0 0 0
14 16 1.5 1 1 0
8 17 1 0 0 0
17 18 1 0 0 0
18 19 1 0 0 0
19 20 1.5 1 1 0
20 21 1.5 1 1 0
21 22 1.5 1 1 0
22 23 1.5 1 1 0
23 24 1.5 1 1 0
17 25 1 0 0 0
25 26 2 1 0 0
25 27 1 1 0 0
3 28 1 0 1 0
28 29 1 0 1 0
29 30 1 0 1 0
30 31 1 0 0 0
30 32 1 0 0 0
32 33 1.5 1 1 0
33 34 1.5 1 1 0
34 35 1.5 1 1 0
35 36 1.5 1 1 0
36 37 1 1 0 0
36 38 1.5 1 1 0
30 1 1 0 1 0
38 32 1.5 1 1 0
16 10 1.5 1 1 0
24 19 1.5 1 1 0
38 44 1
6 1 3 0 4 0 0 12.011 0.07771754552 -0.2035 2.753 0
8 2 0 0 3 0 0 15.999 -0.4928574811 -0.4195 1.182 0
6 3 0 0 3 1 1 12.011 0.1605875113 0.5437 3.853 0
6 2 1 0 3 1 1 12.011 -0.01579507142 0.1581 3.35 0
6 2 1 0 3 1 1 12.011 -0.05472234317 0.1581 3.35 0
6 3 0 0 3 1 1 12.011 -0.03852166527 0.136 3.509 0
6 3 0 0 3 1 1 12.011 0.01195021435 0.136 3.509 0
6 3 0 0 3 1 1 12.011 0.1654785755 0.5437 3.853 0
8 2 0 0 3 0 1 15.999 -0.4822141997 -0.4195 1.182 0
6 3 1 0 4 0 1 12.011 0.1384557665 -0.2051 2.731 1
6 4 0 0 4 0 1 12.011 0.1099115765 -0.2051 2.731 -1
8 2 0 0 4 0 0 15.999 -0.3739742268 -0.0684 1.085 0
6 1 3 0 4 0 0 12.011 0.03642625893 -0.2035 2.753 0
6 2 2 0 4 0 1 12.011 -0.01920810399 0.1441 2.503 0
6 2 2 0 4 0 1 12.011 -0.04216662373 0.1441 2.503 0
6 4 0 0 4 0 1 12.011 0.0002818504015 0 2.433 -1
6 2 2 0 4 0 1 12.011 -0.03762848183 0.1441 2.503 0
6 3 1 0 4 0 1 12.011 0.009632674498 0 2.433 1
6 2 2 0 4 0 0 12.011 0.023415977 -0.2035 2.753 0
7 2 1 0 3 0 0 14.007 -0.3521610727 -0.7096 2.173 0
6 3 0 0 3 0 0 12.011 0.2435106011 -0.2783 5.007 0
8 1 0 0 3 0 0 15.999 -0.2700131704 -0.1526 0 0
6 2 1 0 3 0 0 12.011 0.00347810022 0.1551 3.513 0
6 2 1 0 3 0 0 12.011 -0.04925749727 0.264 4.305 0
6 3 0 0 3 1 1 12.011 -0.02253900842 0.136 3.509 0
6 2 1 0 3 1 1 12.011 -0.054715484 0.1581 3.35 0
6 2 1 0 3 1 1 12.011 -0.06165283755 0.1581 3.35 0
6 2 1 0 3 1 1 12.011 -0.06196215168 0.1581 3.35 0
6 2 1 0 3 1 1 12.011 -0.05872892933 0.1581 3.35 0
6 3 0 0 3 1 1 12.011 -0.04387380966 0.136 3.509 0
6 1 3 0 4 0 0 12.011 -0.03917944094 0.08452 2.464 0
6 3 1 0 4 0 1 12.011 0.01992559554 -0.2051 2.731 1
6 2 2 0 4 0 1 12.011 -0.01116642666 -0.0516 2.488 0
7 3 0 0 4 0 1 14.007 -0.3024628243 -0.3187 1.839 0
6 1 3 0 4 0 0 12.011 -0.01305766917 -0.2035 2.753 0
6 2 2 0 4 0 1 12.011 -0.0008311673382 -0.2035 2.753 0
6 2 2 0 4 0 1 12.011 -0.02619473751 0.1441 2.503 0
6 4 0 0 4 0 1 12.011 0.04756666813 -0.0967 2.576 -1
0 1 1 0 0 0
1 2 1 1 0 0
2 3 1.5 1 1 0
3 4 1.5 1 1 0
4 5 1.5 1 1 0
5 6 1.5 1 1 0
6 7 1.5 1 1 0
7 8 1 1 1 0
8 9 1 0 1 0
9 10 1 0 1 0
10 11 1 0 0 0
11 12 1 0 0 0
10 13 1 0 1 0
13 14 1 0 1 0
14 15 1 0 1 0
15 16 1 0 1 0
16 17 1 0 1 0
17 18 1 0 0 0
18 19 1 0 0 0
19 20 1 1 0 0
20 21 2 1 0 0
20 22 1 1 0 0
22 23 2 1 0 1
23 24 1 1 0 0
24 25 1.5 1 1 0
25 26 1.5 1 1 0
26 27 1.5 1 1 0
27 28 1.5 1 1 0
28 29 1.5 1 1 0
29 30 1 0 0 0
15 31 1 0 1 0
31 32 1 0 1 0
31 33 1 0 1 0
33 34 1 0 0 0
33 35 1 0 1 0
35 36 1 0 1 0
36 37 1 0 1 0
7 2 1.5 1 1 0
37 9 1 0 1 0
32 5 1 0 1 0
37 6 1 0 1 0
17 10 1 0 1 0
29 24 1.5 1 1 0
37 15 1 0 1 0
44 48 1
6 1 3 0 4 0 0 12.011 -0.03053475747 0.1441 2.503 0
6 2 2 0 4 0 0 12.011 0.0885059795 -0.2035 2.753 0
8 2 0 0 3 0 0 15.999 -0.4650264006 -0.0684 1.085 0
6 3 0 0 3 0 0 12.011 0.3196410407 -0.2783 5.007 0
8 1 0 0 3 0 0 15.999 -0.2507430179 -0.1526 0 0
6 2 2 0 4 0 0 12.011 0.09734474047 -0.2035 2.753 0
7 3 0 0 4 0 0 14.007 -0.2868310144 -0.3187 1.839 0
6 2 2 0 4 0 0 12.011 0.0188448387 -0.2035 2.753 0
6 2 2 0 4 0 0 12.011 0.05374771961 -0.0516 2.488 0
7 3 0 0 3 1 1 14.007 -0.2686657184 -0.3239 2.202 0
6 2 1 0 3 1 1 12.011 0.04921832031 0.1581 3.35 0
6 3 0 0 3 1 1 12.011 0.08775846937 0.4619 4.067 0
7 2 1 0 3 0 0 14.007 -0.3185807588 -0.5188 3 0
6 3 0 0 3 0 0 12.011 0.2607504997 -0.2783 5.007 0
8 1 0 0 3 0 0 15.999 -0.2687059406 0.1129 0.2215 0
6 3 0 0 3 1 1 12.011 0.1044059798 0.136 3.509 0
6 2 1 0 3 1 1 12.011 0.06452495169 0.1581 3.35 0
7 2 0 0 3 1 1 14.007 -0.1741580939 -0.3239 2.202 0
7 3 0 0 3 1 1 14.007 -0.2217734751 -0.3239 2.202 0
6 2 1 0 3 1 1 12.011 0.03240998044 0.1581 3.35 0
6 2 1 0 3 1 1 12.011 -0.02525234607 0.1581 3.35 0
6 2 1 0 3 1 1 12.011 0.03086678411 0.1581 3.35 0
7 2 0 0 3 1 1 14.007 -0.2363153542 -0.3239 2.202 0
6 3 0 0 3 1 1 12.011 0.1672772677 0.2955 4.346 0
6 3 0 0 3 1 1 12.011 0.1196354829 0.2713 3.904 0
6 3 0 0 3 1 1 12.011 0.04797534389 0.2713 3.904 0
6 2 1 0 3 1 1 12.011 -0.0301865986 0.1581 3.35 0
6 3 0 0 3 1 1 12.011 0.04149809784 0.245 3.564 0
17 1 0 0 4 0 0 35.453 -0.08431566894 0.6895 5.853 0
6 2 1 0 3 1 1 12.011 -0.03979492228 0.1581 3.35 0
6 2 1 0 3 1 1 12.011 -0.01751468463 0.1581 3.35 0
6 3 0 0 3 1 1 12.011 0.1352578351 0.5437 3.853 0
8 2 0 0 3 0 0 15.999 -0.4341111529 -0.4195 1.182 0
6 3 1 0 4 0 0 12.011 0.3870537419 -0.2051 2.731 0
9 1 0 0 4 0 0 18.998 -0.1667654225 0.4202 1.108 0
9 1 0 0 4 0 0 18.998 -0.1667654225 0.4202 1.108 0
7 2 0 0 3 1 1 14.007 -0.1704278542 -0.3239 2.202 0
6 2 2 0 4 0 0 12.011 0.02553372958 -0.0516 2.488 0
6 3 0 0 3 1 1 12.011 -0.01555369705 0.136 3.509 0
6 2 1 0 3 1 1 12.011 -0.05467109031 0.1581 3.35 0
6 2 1 0 3 1 1 12.011 -0.04349644438 0.1581 3.35 0
6 2 1 0 3 1 1 12.011 0.0267526232 0.1581 3.35 0
7 2 0 0 3 1 1 14.007 -0.2643974706 -0.3239 2.202 0
6 2 1 0 3 1 1 12.011 0.03124080262 0.1581 3.35 0
0 1 1 0 0 0
1 2 1 0 0 0
2 3 1 1 0 0
3 4 2 1 0 0
3 5 1 0 0 0
5 6 1 0 0 0
6 7 1 0 0 0
7 8 1 0 0 0
8 9 1 0 0 0
9 10 1.5 1 1 0
10 11 1.5 1 1 0
11 12 1 1 0 0
12 13 1 1 0 0
13 14 2 1 0 0
13 15 1 1 0 0
15 16 1.5 1 1 0
16 17 1.5 1 1 0
17 18 1.5 1 1 0
18 19 1.5 1 1 0
19 20 1.5 1 1 0
20 21 1.5 1 1 0
21 22 1.5 1 1 0
22 23 1.5 1 1 0
11 24 1.5 1 1 0
24 25 1 1 0 0
25 26 1.5 1 1 0
26 27 1.5 1 1 0
27 28 1 0 0 0
27 29 1.5 1 1 0
29 30 1.5 1 1 0
30 31 1.5 1 1 0
31 32 1 1 0 0
32 33 1 0 0 0
33 34 1 0 0 0
33 35 1 0 0 0
24 36 1.5 1 1 0
6 37 1 0 0 0
37 38 1 0 0 0
38 39 1.5 1 1 0
39 40 1.5 1 1 0
40 41 1.5 1 1 0
41 42 1.5 1 1 0
42 43 1.5 1 1 0
36 9 1.5 1 1 0
43 38 1.5 1 1 0
23 15 1.5 1 1 0
31 25 1.5 1 1 0
23 18 1.5 1 1 0
34 37 1
7 1 2 0 4 0 0 14.007 -0.3196625781 -1.019 2.262 0
6 3 1 0 4 0 0 12.011 0.08721124157 -0.2051 2.731 1
6 3 0 0 3 0 0 12.011 0.23995317 -0.2783 5.007 0
8 1 0 0 3 0 0 15.999 -0.2730492799 -0.1526 0 0
7 3 0 0 3 0 1 14.007 -0.3293134479 -0.3187 1.839 0
6 2 2 0 4 0 1 12.011 0.02145889952 -0.2035 2.753 0
6 2 2 0 4 0 1 12.011 -0.03293734923 0.1441 2.503 0
6 2 2 0 4 0 1 12.011 -0.02176861969 0.1441 2.503 0
6 3 1 0 4 0 1 12.011 0.1106129846 -0.2051 2.731 -1
6 3 0 0 3 0 0 12.011 0.2425773379 -0.2783 5.007 0
8 1 0 0 3 0 0 15.999 -0.2727078982 -0.1526 0 0
7 2 1 0 3 0 0 14.007 -0.3500885538 -0.7096 2.173 0
6 2 2 0 4 0 0 12.011 0.04652002819 -0.0516 2.488 0
6 3 0 0 3 1 1 12.011 0.0147732053 0.136 3.509 0
6 2 1 0 3 1 1 12.011 -0.03481210106 0.1581 3.35 0
6 3 0 0 3 1 1 12.011 0.04116132463 0.245 3.564 0
17 1 0 0 4 0 0 35.453 -0.08432798078 0.6895 5.853 0
6 2 1 0 3 1 1 12.011 -0.03982313189 0.1581 3.35 0
6 2 1 0 3 1 1 12.011 -0.01810254303 0.1581 3.35 0
6 3 0 0 3 1 1 12.011 0.1246680627 0.5437 3.853 0
8 2 0 0 3 0 0 15.999 -0.4834242397 -0.4195 1.182 0
6 2 2 0 4 0 0 12.011 0.1665087853 -0.2035 2.753 0
6 3 0 0 3 0 0 12.011 0.2576536085 -0.2783 5.007 0
8 1 0 0 3 0 0 15.999 -0.2711292169 -0.1526 0 0
7 2 1 0 3 0 0 14.007 -0.3504088469 -0.7096 2.173 0
6 3 1 0 4 0 1 12.011 0.02904317198 -0.2051 2.731 0
6 2 2 0 4 0 1 12.011 -0.03083202524 0.1441 2.503 0
6 2 2 0 4 0 1 12.011 -0.03083202524 0.1441 2.503 0
6 3 1 0 4 0 1 12.011 -0.01712085998 0 2.433 0
6 2 2 0 4 0 1 12.011 -0.04845307938 0.1441 2.503 0
6 2 2 0 4 0 1 12.011 -0.05296908362 0.1441 2.503 0
6 2 2 0 4 0 1 12.011 -0.05328326481 0.1441 2.503 0
6 2 2 0 4 0 1 12.011 -0.05296908362 0.1441 2.503 0
6 2 2 0 4 0 1 12.011 -0.04845307938 0.1441 2.503 0
0 1 1 0 0 0
1 2 1 0 0 0
2 3 2 1 0 0
2 4 1 1 0 0
4 5 1 0 1 0
5 6 1 0 1 0
6 7 1 0 1 0
7 8 1 0 1 0
8 9 1 0 0 0
9 10 2 1 0 0
9 11 1 1 0 0
11 12 1 0 0 0
12 13 1 0 0 0
13 14 1.5 1 1 0
14 15 1.5 1 1 0
15 16 1 0 0 0
15 17 1.5 1 1 0
17 18 1.5 1 1 0
18 19 1.5 1 1 0
19 20 1 1 0 0
20 21 1 0 0 0
21 22 1 0 0 0
22 23 2 1 0 0
22 24 1 1 0 0
24 25 1 0 0 0
25 26 1 0 1 0
26 27 1 0 1 0
1 28 1 0 0 0
28 29 1 0 1 0
29 30 1 0 1 0
30 31 1 0 1 0
31 32 1 0 1 0
32 33 1 0 1 0
8 4 1 0 1 0
19 13 1.5 1 1 0
27 25 1 0 1 0
33 28 1 0 1 0
37 40 1
7 1 1 0 3 0 0 14.007 -0.2844874323 0.08387 1.757 0
6 3 0 0 3 0 0 12.011 0.1222733948 -0.2783 5.007 0
7 1 2 0 3 0 0 14.007 -0.3836821309 -1.019 2.262 0
6 3 0 0 3 1 1 12.011 0.01600411097 0.136 3.509 0
6 2 1 0 3 1 1 12.011 -0.05103383113 0.1581 3.35 0
6 2 1 0 3 1 1 12.011 -0.05822041916 0.1581 3.35 0
6 3 0 0 3 1 1 12.011 -0.04539576365 0.136 3.509 0
6 2 2 0 4 0 0 12.011 0.001679653334 -0.0516 2.488 0
6 3 1 0 4 0 0 12.011 0.1119233507 -0.2051 2.731 1
7 2 1 0 3 0 0 14.007 -0.3428340016 -0.7096 2.173 0
6 3 0 0 3 0 0 12.011 0.2352194535 -0.2783 5.007 0
8 1 0 0 3 0 0 15.999 -0.2735804059 -0.1526 0 0
6 2 2 0 4 0 0 12.011 0.08983364255 -0.2035 2.753 0
7 2 1 0 4 0 0 14.007 -0.2017529391 -0.7096 2.173 0
16 4 0 0 4 0 0 32.067 0.2405564378 -0.0024 7.365 0
8 1 0 0 3 0 0 15.999 -0.2070894433 -0.3339 0.7774 0
8 1 0 0 3 0 0 15.999 -0.2070894433 -0.3339 0.7774 0
6 3 0 0 3 1 1 12.011 0.08263422767 0.1893 2.673 0
6 2 1 0 3 1 1 12.011 -0.04148973578 0.1581 3.35 0
6 2 1 0 3 1 1 12.011 -0.05303457583 0.1581 3.35 0
6 3 0 0 3 1 1 12.011 -0.01831664699 0.2955 4.346 0
6 2 1 0 3 1 1 12.011 -0.05438150121 0.1581 3.35 0
6 2 1 0 3 1 1 12.011 -0.06162969575 0.1581 3.35 0
6 2 1 0 3 1 1 12.011 -0.06162902248 0.1581 3.35 0
6 2 1 0 3 1 1 12.011 -0.05433875995 0.1581 3.35 0
6 3 0 0 3 1 1 12.011 -0.01705569915 0.2955 4.346 0
6 2 1 0 3 1 1 12.011 -0.03425026494 0.1581 3.35 0
6 3 0 0 3 0 0 12.011 0.2449910774 -0.2783 5.007 0
8 1 0 0 3 0 0 15.999 -0.2724816108 -0.1526 0 0
7 3 0 0 3 0 1 14.007 -0.3409094063 -0.3187 1.839 0
6 2 2 0 4 0 1 12.011 0.02052066516 -0.2035 2.753 0
6 2 2 0 4 0 1 12.011 -0.03537625625 0.1441 2.503 0
6 2 2 0 4 0 1 12.011 -0.04993758458 0.1441 2.503 0
6 2 2 0 4 0 1 12.011 -0.03537625625 0.1441 2.503 0
6 2 2 0 4 0 1 12.011 0.02052066516 -0.2035 2.753 0
6 2 1 0 3 1 1 12.011 -0.05822041916 0.1581 3.35 0
6 2 1 0 3 1 1 12.011 -0.05103383113 0.1581 3.35 0
0 1 2 1 0 0
1 2 1 1 0 0
1 3 1 1 0 0
3 4 1.5 1 1 0
4 5 1.5 1 1 0
5 6 1.5 1 1 0
6 7 1 0 0 0
7 8 1 0 0 0
8 9 1 0 0 0
9 10 1 1 0 0
10 11 2 1 0 0
10 12 1 0 0 0
12 13 1 0 0 0
13 14 1 0 0 0
14 15 2 0 0 0
14 16 2 0 0 0
14 17 1 0 0 0
17 18 1.5 1 1 0
18 19 1.5 1 1 0
19 20 1.5 1 1 0
20 21 1.5 1 1 0
21 22 1.5 1 1 0
22 23 1.5 1 1 0
23 24 1.5 1 1 0
24 25 1.5 1 1 0
25 26 1.5 1 1 0
8 27 1 0 0 0
27 28 2 1 0 0
27 29 1 1 0 0
29 30 1 0 1 0
30 31 1 0 1 0
31 32 1 0 1 0
32 33 1 0 1 0
33 34 1 0 1 0
6 35 1.5 1 1 0
35 36 1.5 1 1 0
36 3 1.5 1 1 0
26 17 1.5 1 1 0
34 29 1 0 1 0
25 20 1.5 1 1 0
49 53 1
7 1 1 0 3 0 0 14.007 -0.2844874323 0.08387 1.757 0
6 3 0 0 3 0 0 12.011 0.1222733978 -0.2783 5.007 0
7 1 2 0 3 0 0 14.007 -0.3836821309 -1.019 2.262 0
6 3 0 0 3 1 1 12.011 0.01600451335 0.136 3.509 0
6 2 1 0 3 1 1 12.011 -0.05102063019 0.1581 3.35 0
6 2 1 0 3 1 1 12.011 -0.05779370281 0.1581 3.35 0
6 3 0 0 3 1 1 12.011 -0.03863196048 0.136 3.509 0
6 2 2 0 4 0 0 12.011 0.05185119714 -0.0516 2.488 0
6 3 0 0 3 0 0 12.011 0.2266135824 -0.2783 5.007 0
8 1 0 0 3 0 0 15.999 -0.27452257 -0.1526 0 0
7 3 0 0 3 0 1 14.007 -0.3388563972 -0.3187 1.839 0
6 2 2 0 4 0 1 12.011 0.03837558431 -0.2035 2.753 0
6 2 2 0 4 0 1 12.011 0.04162241894 -0.2035 2.753 0
7 3 0 0 3 0 1 14.007 -0.3046581929 -0.3187 1.839 0
6 3 0 0 3 0 0 12.011 0.4096549808 -0.2783 5.007 0
8 1 0 0 3 0 0 15.999 -0.2243470846 0.4833 0.389 0
8 2 0 0 3 0 0 15.999 -0.4461027189 -0.0684 1.085 0
6 3 1 0 4 0 1 12.011 0.1037066596 -0.2051 2.731 0
6 2 2 0 4 0 1 12.011 -0.01555070396 0.1441 2.503 0
6 2 2 0 4 0 1 12.011 -0.04625758485 0.1441 2.503 0
6 2 2 0 4 0 1 12.011 -0.01555070396 0.1441 2.503 0
6 3 1 0 4 0 1 12.011 0.1037066596 -0.2051 2.731 0
8 2 0 0 3 0 0 15.999 -0.4461027188 -0.0684 1.085 0
6 3 0 0 3 0 0 12.011 0.4096549984 -0.2783 5.007 0
8 1 0 0 3 0 0 15.999 -0.2243470845 0.4833 0.389 0
7 3 0 0 3 0 1 14.007 -0.3046557596 -0.3187 1.839 0
6 2 2 0 4 0 1 12.011 0.04169096112 -0.2035 2.753 0
6 2 2 0 4 0 1 12.011 0.04014211481 -0.2035 2.753 0
7 3 0 0 3 0 1 14.007 -0.321275085 -0.3187 1.839 0
6 3 0 0 3 0 0 12.011 0.317019131 -0.2783 5.007 0
8 1 0 0 3 0 0 15.999 -0.2486689213 0.4833 0.389 0
7 2 1 0 3 0 0 14.007 -0.3379766539 -0.7096 2.173 0
6 2 2 0 4 0 0 12.011 0.01938808793 -0.2035 2.753 0
6 2 2 0 4 0 0 12.011 -0.03268221066 0.1441 2.503 0
6 3 1 0 4 0 1 12.011 -0.03734158034 0 2.433 0
6 2 2 0 4 0 1 12.011 -0.03770352538 0.1441 2.503 0
6 2 2 0 4 0 1 12.011 -0.004625672397 -0.2035 2.753 0
7 2 1 0 4 0 1 14.007 -0.3167115779 -0.7096 2.173 0
6 2 2 0 4 0 1 12.011 -0.004625672397 -0.2035 2.753 0
6 2 2 0 4 0 1 12.011 -0.03770352538 0.1441 2.503 0
6 2 2 0 4 0 1 12.011 0.04014211481 -0.2035 2.753 0
6 2 2 0 4 0 1 12.011 0.04169096112 -0.2035 2.753 0
6 2 2 0 4 0 1 12.011 -0.01555070396 0.1441 2.503 0
6 2 2 0 4 0 1 12.011 -0.04625758485 0.1441 2.503 0
6 2 2 0 4 0 1 12.011 -0.01555070396 0.1441 2.503 0
6 2 2 0 4 0 1 12.011 0.04162241894 -0.2035 2.753 0
6 2 2 0 4 0 1 12.011 0.03837558431 -0.2035 2.753 0
6 2 1 0 3 1 1 12.011 -0.05779370281 0.1581 3.35 0
6 2 1 0 3 1 1 12.011 -0.05102063019 0.1581 3.35 0
0 1 2 1 0 0
1 2 1 1 0 0
1 3 1 1 0 0
3 4 1.5 1 1 0
4 5 1.5 1 1 0
5 6 1.5 1 1 0
6 7 1 0 0 0
7 8 1 0 0 0
8 9 2 1 0 0
8 10 1 1 0 0
10 11 1 0 1 0
11 12 1 0 1 0
12 13 1 0 1 0
13 14 1 1 0 0
14 15 2 1 0 0
14 16 1 1 0 0
16 17 1 0 0 0
17 18 1 0 1 0
18 19 1 0 1 0
19 20 1 0 1 0
20 21 1 0 1 0
21 22 1 0 0 0
22 23 1 1 0 0
23 24 2 1 0 0
23 25 1 1 0 0
25 26 1 0 1 0
26 27 1 0 1 0
27 28 1 0 1 0
28 29 1 1 0 0
29 30 2 1 0 0
29 31 1 1 0 0
31 32 1 0 0 0
32 33 1 0 0 0
33 34 1 0 0 0
34 35 1 0 1 0
35 36 1 0 1 0
36 37 1 0 1 0
37 38 1 0 1 0
38 39 1 0 1 0
28 40 1 0 1 0
40 41 1 0 1 0
21 42 1 0 1 0
42 43 1 0 1 0
43 44 1 0 1 0
13 45 1 0 1 0
45 46 1 0 1 0
6 47 1.5 1 1 0
47 48 1.5 1 1 0
48 3 1.5 1 1 0
46 10 1 0 1 0
44 17 1 0 1 0
41 25 1 0 1 0
39 34 1 0 1 0
41 48 1
6 1 3 0 4 0 0 12.011 0.03642672219 -0.2035 2.753 0
8 2 0 0 4 0 0 15.999 -0.37395326 -0.0684 1.085 0
6 4 0 0 4 0 1 12.011 0.1104286705 -0.2051 2.731 1
6 2 2 0 4 0 1 12.011 -0.01918758854 0.1441 2.503 0
6 2 2 0 4 0 1 12.011 -0.04216572684 0.1441 2.503 0
6 4 0 0 4 0 1 12.011 0.0003134074526 0 2.433 -1
6 2 2 0 4 0 1 12.011 -0.03710479419 0.1441 2.503 0
6 3 1 0 4 0 1 12.011 0.01568371076 0 2.433 1
6 2 2 0 4 0 0 12.011 0.05276301275 -0.2035 2.753 0
8 2 0 0 4 0 0 15.999 -0.3763668865 -0.0684 1.085 0
6 2 2 0 4 0 0 12.011 0.07178702499 -0.0516 2.488 0
6 3 0 0 3 1 1 12.011 -0.01869038953 0.136 3.509 0
6 2 1 0 3 1 1 12.011 -0.05645364874 0.1581 3.35 0
6 2 1 0 3 1 1 12.011 -0.05822452876 0.1581 3.35 0
6 2 1 0 3 1 1 12.011 -0.01991853093 0.1581 3.35 0
6 3 0 0 3 1 1 12.011 0.1200482233 0.5437 3.853 0
8 2 0 0 3 0 0 15.999 -0.481907083 -0.4195 1.182 0
6 2 2 0 4 0 0 12.011 0.1850921951 -0.2035 2.753 0
6 3 0 0 3 0 0 12.011 0.3412221207 -0.2783 5.007 0
8 1 0 0 3 0 0 15.999 -0.2483547349 -0.1526 0 0
8 1 1 0 3 0 0 15.999 -0.4787231774 -0.2893 0.8238 0
6 2 1 0 3 1 1 12.011 -0.01440807702 0.1581 3.35 0
6 3 1 0 4 0 1 12.011 0.02024190015 -0.2051 2.731 1
6 2 2 0 4 0 1 12.011 -0.01115420384 -0.0516 2.488 0
6 3 0 0 3 1 1 12.011 -0.03852170675 0.136 3.509 0
6 2 1 0 3 1 1 12.011 -0.05473021679 0.1581 3.35 0
6 2 1 0 3 1 1 12.011 -0.01603417445 0.1581 3.35 0
6 3 0 0 3 1 1 12.011 0.1575046977 0.5437 3.853 0
8 1 1 0 3 0 0 15.999 -0.5042466597 -0.2893 0.8238 0
6 3 0 0 3 1 1 12.011 0.1652409499 0.5437 3.853 0
6 3 0 0 3 1 1 12.011 0.0119419106 0.136 3.509 0
6 4 0 0 4 0 1 12.011 0.04756765695 -0.0967 2.576 -1
6 2 2 0 4 0 1 12.011 -0.02618259096 0.1441 2.503 0
6 2 2 0 4 0 1 12.011 -0.0005142760182 -0.2035 2.753 0
7 3 0 0 4 0 1 14.007 -0.2991572567 -0.3187 1.839 0
6 2 2 0 4 0 0 12.011 0.001297748632 -0.2035 2.753 0
6 3 1 0 4 0 1 12.011 -0.02856940704 0 2.433 0
6 2 2 0 4 0 1 12.011 -0.04891446058 0.1441 2.503 0
6 2 2 0 4 0 1 12.011 -0.04891446058 0.1441 2.503 0
6 3 1 0 4 0 1 12.011 0.1384759842 -0.2051 2.731 1
8 2 0 0 3 0 1 15.999 -0.4822221541 -0.4195 1.182 0
0 1 1 0 0 0
1 2 1 0 0 0
2 3 1 0 1 0
3 4 1 0 1 0
4 5 1 0 1 0
5 6 1 0 1 0
6 7 1 0 1 0
7 8 1 0 0 0
8 9 1 0 0 0
9 10 1 0 0 0
10 11 1 0 0 0
11 12 1.5 1 1 0
12 13 1.5 1 1 0
13 14 1.5 1 1 0
14 15 1.5 1 1 0
15 16 1 1 0 0
16 17 1 0 0 0
17 18 1 0 0 0
18 19 2 1 0 0
18 20 1 1 0 0
15 21 1.5 1 1 0
5 22 1 0 1 0
22 23 1 0 1 0
23 24 1 0 1 0
24 25 1.5 1 1 0
25 26 1.5 1 1 0
26 27 1.5 1 1 0
27 28 1 1 0 0
27 29 1.5 1 1 0
29 30 1.5 1 1 0
30 31 1 0 1 0
31 32 1 0 1 0
32 33 1 0 1 0
33 34 1 0 1 0
34 35 1 0 0 0
35 36 1 0 0 0
36 37 1 0 1 0
37 38 1 0 1 0
31 39 1 0 1 0
39 40 1 0 1 0
7 2 1 0 1 0
21 11 1.5 1 1 0
34 22 1 0 1 0
38 36 1 0 1 0
39 2 1 0 1 0
31 5 1 0 1 0
30 24 1.5 1 1 0
40 29 1 1 1 0
30 34 1
6 1 3 0 4 0 0 12.011 -0.04979211954 0.1441 2.503 0
6 4 0 0 4 0 1 12.011 0.05851059312 0 2.433 0
6 3 0 0 3 0 0 12.011 0.2309076853 -0.2783 5.007 0
8 1 0 0 3 0 0 15.999 -0.2740741447 -0.1526 0 0
7 2 1 0 3 0 0 14.007 -0.3224520037 -0.5188 3 0
6 3 0 0 3 1 1 12.011 0.08359495191 0.4619 4.067 0
6 2 1 0 3 1 1 12.011 -0.0278867431 0.1581 3.35 0
6 2 1 0 3 1 1 12.011 0.01823050965 0.1581 3.35 0
6 3 0 0 3 1 1 12.011 0.2727818836 0.4619 4.067 0
7 3 0 1 3 0 0 14.007 0.06233818908 -0.3396 0.2604 0
8 1 0 0 3 0 0 15.999 -0.2583076483 0.0335 3.367 0
8 1 0 -1 3 0 0 15.999 -0.2583076483 0.0335 3.367 0
6 2 1 0 3 1 1 12.011 0.059893621 0.1581 3.35 0
6 3 0 0 3 1 1 12.011 0.145451688 0.5437 3.853 0
8 1 1 0 3 0 0 15.999 -0.5055055086 -0.2893 0.8238 0
6 2 2 0 4 0 1 12.011 -0.0270271689 0.1441 2.503 0
6 3 1 0 4 0 1 12.011 0.01057196323 0.1193 2.582 0
6 3 0 0 3 1 1 12.011 -0.03659957326 0.136 3.509 0
6 2 1 0 3 1 1 12.011 -0.05812343791 0.1581 3.35 0
6 2 1 0 3 1 1 12.011 -0.06195131962 0.1581 3.35 0
6 2 1 0 3 1 1 12.011 -0.06195075283 0.1581 3.35 0
6 2 1 0 3 1 1 12.011 -0.05808817873 0.1581 3.35 0
6 3 0 0 3 1 1 12.011 -0.03559940226 0.136 3.509 0
6 3 1 0 4 0 1 12.011 0.02374454735 0.1193 2.582 0
6 3 0 0 3 1 1 12.011 -0.03559940226 0.136 3.509 0
6 2 1 0 3 1 1 12.011 -0.05808817873 0.1581 3.35 0
6 2 1 0 3 1 1 12.011 -0.06195075283 0.1581 3.35 0
6 2 1 0 3 1 1 12.011 -0.06195131962 0.1581 3.35 0
6 2 1 0 3 1 1 12.011 -0.05812343791 0.1581 3.35 0
6 3 0 0 3 1 1 12.011 -0.03659957326 0.136 3.509 0
0 1 1 0 0 0
1 2 1 0 0 0
2 3 2 1 0 0
2 4 1 1 0 0
4 5 1 1 0 0
5 6 1.5 1 1 0
6 7 1.5 1 1 0
7 8 1.5 1 1 0
8 9 1 1 0 0
9 10 2 1 0 0
9 11 1 1 0 0
8 12 1.5 1 1 0
12 13 1.5 1 1 0
13 14 1 1 0 0
1 15 1 0 1 0
15 16 1 0 1 0
16 17 1 0 1 0
17 18 1.5 1 1 0
18 19 1.5 1 1 0
19 20 1.5 1 1 0
20 21 1.5 1 1 0
21 22 1.5 1 1 0
22 23 1 0 1 0
23 24 1 0 1 0
24 25 1.5 1 1 0
25 26 1.5 1 1 0
26 27 1.5 1 1 0
27 28 1.5 1 1 0
28 29 1.5 1 1 0
23 1 1 0 1 0
29 24 1.5 1 1 0
13 5 1.5 1 1 0
29 16 1 0 1 0
22 17 1.5 1 1 0
21 22 1
17 1 0 0 4 0 0 35.453 -0.08420069414 0.6895 5.853 0
6 3 0 0 3 1 1 12.011 0.04423236922 0.245 3.564 0
6 2 1 0 3 1 1 12.011 -0.04325501457 0.1581 3.35 0
6 2 1 0 3 1 1 12.011 -0.05710448981 0.1581 3.35 0
6 2 1 0 3 1 1 12.011 -0.01986058489 0.1581 3.35 0
6 3 0 0 3 1 1 12.011 0.1202721339 0.5437 3.853 0
8 2 0 0 3 0 0 15.999 -0.4935462347 -0.4195 1.182 0
6 2 2 0 4 0 0 12.011 0.08819068517 -0.2035 2.753 0
6 2 2 0 4 0 0 12.011 -0.01874568631 0.1441 2.503 0
6 2 2 0 4 0 0 12.011 -0.05006558788 0.1441 2.503 0
6 2 2 0 4 0 0 12.011 -0.05313362284 0.1441 2.503 0
6 2 2 0 4 0 0 12.011 -0.05208601222 0.1441 2.503 0
6 2 2 0 4 0 0 12.011 -0.0404167165 0.1441 2.503 0
6 2 2 0 4 0 0 12.011 -0.001873793166 -0.2035 2.753 0
7 3 0 0 4 0 1 14.007 -0.3033375999 -0.3187 1.839 0
6 2 2 0 4 0 1 12.011 -0.001872975927 -0.2035 2.753 0
6 2 2 0 4 0 1 12.011 -0.04036950303 0.1441 2.503 0
6 2 2 0 4 0 1 12.011 -0.05087041419 0.1441 2.503 0
6 2 2 0 4 0 1 12.011 -0.04036950303 0.1441 2.503 0
6 2 2 0 4 0 1 12.011 -0.001872975927 -0.2035 2.753 0
6 2 1 0 3 1 1 12.011 -0.00127172162 0.1581 3.35 0
0 1 1 0 0 0
1 2 1.5 1 1 0
2 3 1.5 1 1 0
3 4 1.5 1 1 0
4 5 1.5 1 1 0
5 6 1 1 0 0
6 7 1 0 0 0
7 8 1 0 0 0
8 9 1 0 0 0
9 10 1 0 0 0
10 11 1 0 0 0
11 12 1 0 0 0
12 13 1 0 0 0
13 14 1 0 0 0
14 15 1 0 1 0
15 16 1 0 1 0
16 17 1 0 1 0
17 18 1 0 1 0
18 19 1 0 1 0
5 20 1.5 1 1 0
20 1 1.5 1 1 0
19 14 1 0 1 0
25 27 1
6 1 3 0 4 0 0 12.011 -0.0470566075 0.1441 2.503 0
6 2 2 0 4 0 0 12.011 0.02147039595 -0.0516 2.488 0
7 3 0 0 3 1 1 14.007 -0.3272621467 -0.3239 2.202 0
6 3 0 0 3 1 1 12.011 0.1055113123 0.136 3.509 0
6 1 3 0 4 0 0 12.011 -0.006044982929 0.08452 2.464 0
7 2 0 0 3 1 1 14.007 -0.2412868816 -0.3239 2.202 0
6 2 1 0 3 1 1 12.011 0.05488540243 0.1581 3.35 0
6 3 0 0 3 1 1 12.011 0.08688518179 0.2713 3.904 0
6 3 0 0 3 1 1 12.011 0.09387046995 0.2713 3.904 0
6 2 1 0 3 1 1 12.011 -0.01555361369 0.1581 3.35 0
6 2 1 0 3 1 1 12.011 0.03306630815 0.1581 3.35 0
7 2 0 0 3 1 1 14.007 -0.2213269454 -0.3239 2.202 0
6 3 0 0 3 1 1 12.011 0.2272744219 0.4619 4.067 0
7 2 1 0 3 0 0 14.007 -0.3241683832 -0.5188 3 0
6 3 0 0 3 1 1 12.011 0.04092045829 0.4619 4.067 0
6 2 1 0 3 1 1 12.011 -0.03773389216 0.1581 3.35 0
6 2 1 0 3 1 1 12.011 -0.04739814971 0.1581 3.35 0
6 3 0 0 3 1 1 12.011 0.0394363641 0.136 3.509 0
6 2 1 0 3 1 1 12.011 -0.04739814971 0.1581 3.35 0
6 2 1 0 3 1 1 12.011 -0.03773389216 0.1581 3.35 0
6 3 0 0 3 0 0 12.011 0.2505221715 -0.2783 5.007 0
8 1 0 0 3 0 0 15.999 -0.2693312415 0.1129 0.2215 0
7 2 1 0 3 0 0 14.007 -0.3551121084 -0.7096 2.173 0
6 1 3 0 4 0 0 12.011 0.006353543979 -0.2035 2.753 0
7 2 0 0 3 1 1 14.007 -0.2111039795 -0.3239 2.202 0
0 1 1 0 0 0
1 2 1 0 0 0
2 3 1.5 1 1 0
3 4 1 0 0 0
3 5 1.5 1 1 0
5 6 1.5 1 1 0
6 7 1.5 1 1 0
7 8 1 1 0 0
8 9 1.5 1 1 0
9 10 1.5 1 1 0
10 11 1.5 1 1 0
11 12 1.5 1 1 0
12 13 1 1 0 0
13 14 1 1 0 0
14 15 1.5 1 1 0
15 16 1.5 1 1 0
16 17 1.5 1 1 0
17 18 1.5 1 1 0
18 19 1.5 1 1 0
17 20 1 1 0 0
20 21 2 1 0 0
20 22 1 1 0 0
22 23 1 0 0 0
12 24 1.5 1 1 0
7 2 1.5 1 1 0
24 8 1.5 1 1 0
19 14 1.5 1 1 0
25 27 1
6 1 3 0 4 0 0 12.011 -0.0396975453 0.08452 2.464 0
6 3 0 0 3 1 1 12.011 -0.04906748801 0.136 3.509 0
6 2 1 0 3 1 1 12.011 -0.05917495516 0.1581 3.35 0
6 2 1 0 3 1 1 12.011 -0.05993629746 0.1581 3.35 0
6 2 1 0 3 1 1 12.011 -0.03845510393 0.1581 3.35 0
6 3 0 0 3 1 1 12.011 0.04262796854 0.4619 4.067 0
7 2 1 0 3 0 0 14.007 -0.3080092702 -0.5188 3 0
6 3 0 0 3 0 0 12.011 0.3188011671 -0.2783 5.007 0
8 1 0 0 3 0 0 15.999 -0.2485071593 0.4833 0.389 0
7 2 1 0 3 0 0 14.007 -0.3359433757 -0.7096 2.173 0
6 2 2 0 4 0 0 12.011 0.03900176345 -0.2035 2.753 0
6 3 1 0 4 0 0 12.011 0.05391636121 0.1193 2.582 0
7 3 0 0 4 0 1 14.007 -0.2899462941 -0.3187 1.839 0
6 2 2 0 4 0 1 12.011 0.02247902552 -0.2035 2.753 0
6 2 2 0 4 0 1 12.011 0.05938635427 -0.2035 2.753 0
8 2 0 0 4 0 1 15.999 -0.3787919075 -0.0684 1.085 0
6 2 2 0 4 0 1 12.011 0.05938635427 -0.2035 2.753 0
6 2 2 0 4 0 1 12.011 0.02247902552 -0.2035 2.753 0
6 3 0 0 3 1 1 12.011 -0.01066368378 0.136 3.509 0
6 2 1 0 3 1 1 12.011 -0.05431481971 0.1581 3.35 0
6 2 1 0 3 1 1 12.011 -0.04348458888 0.1581 3.35 0
6 2 1 0 3 1 1 12.011 0.02675303749 0.1581 3.35 0
7 2 0 0 3 1 1 14.007 -0.2643851616 -0.3239 2.202 0
6 2 1 0 3 1 1 12.011 0.03159608898 0.1581 3.35 0
6 2 1 0 3 1 1 12.011 -0.03553731848 0.1581 3.35 0
0 1 1 0 0 0
1 2 1.5 1 1 0
2 3 1.5 1 1 0
3 4 1.5 1 1 0
4 5 1.5 1 1 0
5 6 1 1 0 0
6 7 1 1 0 0
7 8 2 1 0 0
7 9 1 1 0 0
9 10 1 0 0 0
10 11 1 0 0 0
11 12 1 0 0 0
12 13 1 0 1 0
13 14 1 0 1 0
14 15 1 0 1 0
15 16 1 0 1 0
16 17 1 0 1 0
11 18 1 0 0 0
18 19 1.5 1 1 0
19 20 1.5 1 1 0
20 21 1.5 1 1 0
21 22 1.5 1 1 0
22 23 1.5 1 1 0
5 24 1.5 1 1 0
24 1 1.5 1 1 0
17 12 1 0 1 0
23 18 1.5 1 1 0
41 49 1
6 1 3 0 4 0 0 12.011 0.07771754552 -0.2035 2.753 0
8 2 0 0 3 0 0 15.999 -0.4928574811 -0.4195 1.182 0
6 3 0 0 3 1 1 12.011 0.1605875113 0.5437 3.853 0
6 2 1 0 3 1 1 12.011 -0.01579507142 0.1581 3.35 0
6 2 1 0 3 1 1 12.011 -0.05472234148 0.1581 3.35 0
6 3 0 0 3 1 1 12.011 -0.03852145233 0.136 3.509 0
6 3 0 0 3 1 1 12.011 0.01195022542 0.136 3.509 0
6 3 0 0 3 1 1 12.011 0.1654785799 0.5437 3.853 0
8 2 0 0 3 0 1 15.999 -0.4822138229 -0.4195 1.182 0
6 3 1 0 4 0 1 12.011 0.1384761779 -0.2051 2.731 1
6 4 0 0 4 0 1 12.011 0.04756779361 -0.0967 2.576 -1
6 2 2 0 4 0 1 12.011 -0.02618258988 0.1441 2.503 0
6 2 2 0 4 0 1 12.011 -0.0005142760142 -0.2035 2.753 0
7 3 0 0 4 0 1 14.007 -0.2991572567 -0.3187 1.839 0
6 2 2 0 4 0 0 12.011 0.001297748632 -0.2035 2.753 0
6 3 1 0 4 0 1 12.011 -0.02856940704 0 2.433 0
6 2 2 0 4 0 1 12.011 -0.04891446058 0.1441 2.503 0
6 2 2 0 4 0 1 12.011 -0.04891446058 0.1441 2.503 0
6 3 1 0 4 0 1 12.011 0.02024190016 -0.2051 2.731 1
6 2 2 0 4 0 1 12.011 -0.01115420185 -0.0516 2.488 0
6 4 0 0 4 0 1 12.011 0.0003134085336 0 2.433 -1
6 2 2 0 4 0 1 12.011 -0.04216572683 0.1441 2.503 0
6 2 2 0 4 0 1 12.011 -0.01918758854 0.1441 2.503 0
6 4 0 0 4 0 1 12.011 0.1104286721 -0.2051 2.731 1
8 2 0 0 4 0 0 15.999 -0.37395326 -0.0684 1.085 0
6 1 3 0 4 0 0 12.011 0.03642672219 -0.2035 2.753 0
6 3 1 0 4 0 1 12.011 0.01568371069 0 2.433 1
6 2 2 0 4 0 0 12.011 0.05276299181 -0.2035 2.753 0
8 2 0 0 4 0 0 15.999 -0.3763688924 -0.0684 1.085 0
6 2 2 0 4 0 0 12.011 0.07167520856 -0.0516 2.488 0
6 3 0 0 3 1 1 12.011 -0.02173251382 0.136 3.509 0
6 2 1 0 3 1 1 12.011 -0.05608515123 0.1581 3.35 0
6 2 1 0 3 1 1 12.011 -0.05402247969 0.1581 3.35 0
6 3 0 0 3 1 1 12.011 -0.01838137419 0.2955 4.346 0
6 2 1 0 3 1 1 12.011 -0.05438252913 0.1581 3.35 0
6 2 1 0 3 1 1 12.011 -0.06162970743 0.1581 3.35 0
6 2 1 0 3 1 1 12.011 -0.06162953402 0.1581 3.35 0
6 2 1 0 3 1 1 12.011 -0.05437136288 0.1581 3.35 0
6 3 0 0 3 1 1 12.011 -0.01804376105 0.2955 4.346 0
6 2 1 0 3 1 1 12.011 -0.04884031067 0.1581 3.35 0
6 2 2 0 4 0 1 12.011 -0.03710479419 0.1441 2.503 0
0 1 1 0 0 0
1 2 1 1 0 0
2 3 1.5 1 1 0
3 4 1.5 1 1 0
4 5 1.5 1 1 0
5 6 1.5 1 1 0
6 7 1.5 1 1 0
7 8 1 1 1 0
8 9 1 0 1 0
9 10 1 0 1 0
10 11 1 0 1 0
11 12 1 0 1 0
12 13 1 0 1 0
13 14 1 0 0 0
14 15 1 0 0 0
15 16 1 0 1 0
16 17 1 0 1 0
13 18 1 0 1 0
18 19 1 0 1 0
18 20 1 0 1 0
20 21 1 0 1 0
21 22 1 0 1 0
22 23 1 0 1 0
23 24 1 0 0 0
24 25 1 0 0 0
23 26 1 0 1 0
26 27 1 0 0 0
27 28 1 0 0 0
28 29 1 0 0 0
29 30 1 0 0 0
30 31 1.5 1 1 0
31 32 1.5 1 1 0
32 33 1.5 1 1 0
33 34 1.5 1 1 0
34 35 1.5 1 1 0
35 36 1.5 1 1 0
36 37 1.5 1 1 0
37 38 1.5 1 1 0
38 39 1.5 1 1 0
26 40 1 0 1 0
7 2 1.5 1 1 0
23 9 1 0 1 0
39 30 1.5 1 1 0
19 5 1 0 1 0
40 20 1 0 1 0
10 6 1 0 1 0
17 15 1 0 1 0
38 33 1.5 1 1 0
20 10 1 0 1 0
32 35 1
7 1 1 0 3 0 0 14.007 -0.2844863388 0.08387 1.757 0
6 3 0 0 3 0 0 12.011 0.1223527394 -0.2783 5.007 0
7 1 2 0 3 0 0 14.007 -0.3836810467 -1.019 2.262 0
6 3 0 0 3 1 1 12.011 0.01815948326 0.136 3.509 0
6 2 1 0 3 1 1 12.011 -0.05050018649 0.1581 3.35 0
6 2 1 0 3 1 1 12.011 -0.05047754703 0.1581 3.35 0
6 3 0 0 3 1 1 12.011 0.0199083166 0.2955 4.346 0
6 2 1 0 3 1 1 12.011 0.05683981194 0.1581 3.35 0
7 2 0 0 3 1 1 14.007 -0.1797974387 -0.3239 2.202 0
7 3 0 0 3 1 1 14.007 -0.255391962 -0.3239 2.202 0
6 2 2 0 4 0 0 12.011 0.1207504738 -0.0516 2.488 0
6 3 0 0 3 0 0 12.011 0.2467818237 -0.2783 5.007 0
8 1 0 0 3 0 0 15.999 -0.2725313639 -0.1526 0 0
7 2 1 0 3 0 0 14.007 -0.3090791701 -0.5188 3 0
6 3 0 0 3 1 1 12.011 0.1320431904 0.4619 4.067 0
6 2 1 0 3 1 1 12.011 -0.01856081924 0.1581 3.35 0
6 2 1 0 3 1 1 12.011 -0.04910941789 0.1581 3.35 0
6 3 0 0 3 1 1 12.011 0.001519624102 0.2713 3.904 0
6 3 0 0 3 1 1 12.011 0.003231166722 0.2713 3.904 0
6 2 1 0 3 1 1 12.011 -0.05296077055 0.1581 3.35 0
6 2 1 0 3 1 1 12.011 -0.06156238699 0.1581 3.35 0
6 2 1 0 3 1 1 12.011 -0.06087607141 0.1581 3.35 0
6 2 1 0 3 1 1 12.011 -0.04149519503 0.1581 3.35 0
6 3 0 0 3 1 1 12.011 0.08963344956 0.1893 2.673 0
16 4 0 0 4 0 0 32.067 0.2381661438 -0.0024 7.365 0
7 1 2 0 4 0 0 14.007 -0.2246088378 -1.019 2.262 0
8 1 0 0 3 0 0 15.999 -0.2073075829 -0.3339 0.7774 0
8 1 0 0 3 0 0 15.999 -0.2073075829 -0.3339 0.7774 0
6 2 1 0 3 1 1 12.011 0.03712308656 0.1581 3.35 0
7 2 0 0 3 1 1 14.007 -0.2384698308 -0.3239 2.202 0
6 3 0 0 3 1 1 12.011 0.06953904144 0.2955 4.346 0
6 2 1 0 3 1 1 12.011 -0.02516705901 0.1581 3.35 0
0 1 2 1 0 0
1 2 1 1 0 0
1 3 1 1 0 0
3 4 1.5 1 1 0
4 5 1.5 1 1 0
5 6 1.5 1 1 0
6 7 1.5 1 1 0
7 8 1.5 1 1 0
8 9 1.5 1 1 0
9 10 1 0 0 0
10 11 1 0 0 0
11 12 2 1 0 0
11 13 1 1 0 0
13 14 1 1 0 0
14 15 1.5 1 1 0
15 16 1.5 1 1 0
16 17 1.5 1 1 0
17 18 1 1 0 0
18 19 1.5 1 1 0
19 20 1.5 1 1 0
20 21 1.5 1 1 0
21 22 1.5 1 1 0
22 23 1.5 1 1 0
23 24 1 0 0 0
24 25 1 0 0 0
24 26 2 0 0 0
24 27 2 0 0 0
17 28 1.5 1 1 0
28 29 1.5 1 1 0
9 30 1.5 1 1 0
30 31 1.5 1 1 0
31 3 1.5 1 1 0
30 6 1.5 1 1 0
29 14 1.5 1 1 0
23 18 1.5 1 1 0
18 20 1
6 1 2 0 3 0 0 12.011 -0.09847004452 0.1551 3.513 0
6 2 1 0 3 0 0 12.011 -0.06220711808 0.264 4.305 0
6 3 0 0 3 1 1 12.011 -0.02621071808 0.136 3.509 0
6 2 1 0 3 1 1 12.011 -0.05433362584 0.1581 3.35 0
6 2 1 0 3 1 1 12.011 -0.05227997641 0.1581 3.35 0
6 3 0 0 3 1 1 12.011 -0.001294071544 0.2713 3.904 0
6 3 0 0 3 1 1 12.011 0.05787594505 0.2713 3.904 0
6 2 1 0 3 1 1 12.011 -0.03711528718 0.1581 3.35 0
6 2 1 0 3 1 1 12.011 -0.05639118936 0.1581 3.35 0
6 2 1 0 3 1 1 12.011 -0.01665576093 0.1581 3.35 0
6 3 0 0 3 1 1 12.011 0.1622344268 0.2955 4.346 0
7 2 0 0 3 1 1 14.007 -0.1283556369 -0.3239 2.202 0
7 2 0 0 3 1 1 14.007 -0.1112476613 -0.3239 2.202 0
6 3 0 0 3 1 1 12.011 0.2264462041 0.4619 4.067 0
7 1 2 0 3 0 0 14.007 -0.3675661851 -1.027 2.827 0
7 3 0 0 3 1 1 14.007 -0.2615133627 -0.3239 2.202 0
6 2 1 0 3 1 1 12.011 -0.05227997641 0.1581 3.35 0
6 2 1 0 3 1 1 12.011 -0.05433362584 0.1581 3.35 0
0 1 2 1 0 0
1 2 1 1 0 0
2 3 1.5 1 1 0
3 4 1.5 1 1 0
4 5 1.5 1 1 0
5 6 1 1 0 0
6 7 1.5 1 1 0
7 8 1.5 1 1 0
8 9 1.5 1 1 0
9 10 1.5 1 1 0
10 11 1.5 1 1 0
11 12 1.5 1 1 0
12 13 1.5 1 1 0
13 14 1 1 0 0
13 15 1.5 1 1 0
5 16 1.5 1 1 0
16 17 1.5 1 1 0
17 2 1.5 1 1 0
15 6 1.5 1 1 0
15 10 1.5 1 1 0
25 27 1
6 1 3 0 4 0 0 12.011 -0.04953770337 0.1441 2.503 0
6 3 1 0 4 0 1 12.011 0.006737643266 -0.2051 2.731 1
6 2 2 0 4 0 1 12.011 -0.03659320834 0.1441 2.503 0
6 2 2 0 4 0 1 12.011 -0.03892758908 0.1441 2.503 0
6 2 2 0 4 0 1 12.011 -0.001531149265 -0.2035 2.753 0
7 3 0 0 4 0 1 14.007 -0.3005333774 -0.3187 1.839 0
6 2 2 0 4 0 0 12.011 0.00165141626 -0.2035 2.753 0
6 2 2 0 4 0 0 12.011 -0.005899574148 0.1441 2.503 0
6 2 2 0 4 0 0 12.011 0.08949187903 -0.2035 2.753 0
8 2 0 0 3 0 0 15.999 -0.491980805 -0.4195 1.182 0
6 3 0 0 3 1 1 12.011 0.1374212446 0.5437 3.853 0
6 2 1 0 3 1 1 12.011 -0.01772678047 0.1581 3.35 0
6 2 1 0 3 1 1 12.011 -0.04895837777 0.1581 3.35 0
6 3 0 0 3 1 1 12.011 0.003677745272 0.2713 3.904 0
6 3 0 0 3 1 1 12.011 0.09112710082 0.2713 3.904 0
6 2 1 0 3 1 1 12.011 -0.02845151878 0.1581 3.35 0
6 2 1 0 3 1 1 12.011 0.007165827611 0.1581 3.35 0
6 3 0 0 3 1 1 12.011 0.2659919492 -0.8186 3.135 0
8 1 0 0 3 0 0 15.999 -0.2678340233 0.1788 3.135 0
7 3 0 0 3 1 1 14.007 -0.2326253751 -0.3239 2.202 0
6 1 3 0 4 0 0 12.011 0.0336914497 -0.1444 2.412 0
7 2 0 0 3 1 1 14.007 -0.169958664 -0.3239 2.202 0
6 2 1 0 3 1 1 12.011 -0.03022730234 0.1581 3.35 0
6 3 0 0 3 1 1 12.011 0.08323526364 0.245 3.564 0
17 1 0 0 4 0 0 35.453 -0.08025423421 0.6895 5.853 0
0 1 1 0 0 0
1 2 1 0 1 0
2 3 1 0 1 0
3 4 1 0 1 0
4 5 1 0 1 0
5 6 1 0 0 0
6 7 1 0 0 0
7 8 1 0 0 0
8 9 1 0 0 0
9 10 1 1 0 0
10 11 1.5 1 1 0
11 12 1.5 1 1 0
12 13 1.5 1 1 0
13 14 1 1 0 0
14 15 1.5 1 1 0
15 16 1.5 1 1 0
16 17 1.5 1 1 0
17 18 2 1 0 0
17 19 1.5 1 1 0
19 20 1 0 0 0
19 21 1.5 1 1 0
13 22 1.5 1 1 0
22 23 1.5 1 1 0
23 24 1 0 0 0
5 1 1 0 1 0
23 10 1.5 1 1 0
21 14 1.5 1 1 0
41 43 1
7 1 1 0 3 0 0 14.007 -0.284487293 0.08387 1.757 0
6 3 0 0 3 0 0 12.011 0.1222832807 -0.2783 5.007 0
7 1 2 0 3 0 0 14.007 -0.3836819928 -1.019 2.262 0
6 3 0 0 3 1 1 12.011 0.0162594856 0.136 3.509 0
6 2 1 0 3 1 1 12.011 -0.05128950392 0.1581 3.35 0
6 2 1 0 3 1 1 12.011 -0.06126232289 0.1581 3.35 0
6 2 1 0 3 1 1 12.011 -0.05892258483 0.1581 3.35 0
6 3 0 0 3 1 1 12.011 -0.04517349251 0.136 3.509 0
6 2 2 0 4 0 0 12.011 -0.002279241072 -0.0516 2.488 0
6 3 1 0 4 0 0 12.011 0.1049076457 -0.2051 2.731 -1
7 2 1 0 4 0 0 14.007 -0.1983060903 -0.7096 2.173 0
16 4 0 0 4 0 0 32.067 0.240879142 -0.0024 7.365 0
8 1 0 0 3 0 0 15.999 -0.2070780377 -0.3339 0.7774 0
8 1 0 0 3 0 0 15.999 -0.2070780377 -0.3339 0.7774 0
6 3 0 0 3 1 1 12.011 0.08407114873 0.1893 2.673 0
6 2 1 0 3 1 1 12.011 -0.04197448021 0.1581 3.35 0
6 2 1 0 3 1 1 12.011 -0.05885265595 0.1581 3.35 0
6 2 1 0 3 1 1 12.011 -0.038448013 0.1581 3.35 0
6 3 0 0 3 1 1 12.011 0.04201365016 0.4619 4.067 0
7 2 1 0 3 0 0 14.007 -0.3260112204 -0.5188 3 0
6 3 0 0 3 0 0 12.011 0.2251425098 -0.2783 5.007 0
8 1 0 0 3 0 0 15.999 -0.274702299 -0.1526 0 0
6 2 2 0 4 0 0 12.011 0.03912377896 0.1441 2.503 0
6 2 2 0 4 0 0 12.011 0.001087530395 -0.2035 2.753 0
7 1 2 0 4 0 0 14.007 -0.3299591687 -1.019 2.262 0
6 2 1 0 3 1 1 12.011 -0.01841904465 0.1581 3.35 0
6 3 0 0 3 0 0 12.011 0.2405998067 -0.2783 5.007 0
8 1 0 0 3 0 0 15.999 -0.2730233649 -0.1526 0 0
7 3 0 0 3 0 1 14.007 -0.3412869551 -0.3187 1.839 0
6 2 2 0 4 0 1 12.011 0.02076665383 -0.2035 2.753 0
6 2 2 0 4 0 1 12.011 -0.0325241376 0.1441 2.503 0
6 3 1 0 4 0 1 12.011 -0.03805099145 0 2.433 0
6 2 2 0 4 0 0 12.011 -0.04982300983 0.1441 2.503 0
6 2 2 0 4 0 0 12.011 -0.04423808746 0.1441 2.503 0
6 2 2 0 4 0 0 12.011 0.02625750877 0.1441 2.503 0
6 3 0 0 3 0 0 12.011 0.2169127428 -0.2783 5.007 0
7 1 2 0 3 0 0 14.007 -0.3696799818 -1.019 2.262 0
8 1 0 0 3 0 0 15.999 -0.2753741851 -0.1526 0 0
6 2 2 0 4 0 1 12.011 -0.0325241376 0.1441 2.503 0
6 2 2 0 4 0 1 12.011 0.02076665383 -0.2035 2.753 0
6 2 1 0 3 1 1 12.011 -0.04801226728 0.1581 3.35 0
0 1 2 1 0 0
1 2 1 1 0 0
1 3 1 1 0 0
3 4 1.5 1 1 0
4 5 1.5 1 1 0
5 6 1.5 1 1 0
6 7 1.5 1 1 0
7 8 1 0 0 0
8 9 1 0 0 0
9 10 1 0 0 0
10 11 1 0 0 0
11 12 2 0 0 0
11 13 2 0 0 0
11 14 1 0 0 0
14 15 1.5 1 1 0
15 16 1.5 1 1 0
16 17 1.5 1 1 0
17 18 1.5 1 1 0
18 19 1 1 0 0
19 20 1 1 0 0
20 21 2 1 0 0
20 22 1 0 0 0
22 23 1 0 0 0
23 24 1 0 0 0
18 25 1.5 1 1 0
9 26 1 0 0 0
26 27 2 1 0 0
26 28 1 1 0 0
28 29 1 0 1 0
29 30 1 0 1 0
30 31 1 0 1 0
31 32 1 0 0 0
32 33 1 0 0 0
33 34 1 0 0 0
34 35 1 0 0 0
35 36 1 1 0 0
35 37 2 1 0 0
31 38 1 0 1 0
38 39 1 0 1 0
7 40 1.5 1 1 0
40 3 1.5 1 1 0
25 14 1.5 1 1 0
39 28 1 0 1 0
22 24 1
6 2 1 0 3 1 1 12.011 -0.01959704071 0.1581 3.35 0
6 2 1 0 3 1 1 12.011 -0.05275408947 0.1581 3.35 0
6 3 0 0 3 1 1 12.011 -0.01904984404 0.136 3.509 0
6 3 1 0 4 0 1 12.011 0.0824521488 0.1193 2.582 0
6 2 2 0 4 0 1 12.011 -0.02239962148 0.1441 2.503 0
6 2 2 0 4 0 1 12.011 -0.04830696683 0.1441 2.503 0
6 2 2 0 4 0 1 12.011 -0.02946432611 0.1441 2.503 0
6 2 2 0 4 0 1 12.011 0.04739631301 -0.2035 2.753 0
8 2 0 0 4 0 1 15.999 -0.3735315798 -0.0684 1.085 0
6 2 1 0 3 1 1 12.011 -0.05275408947 0.1581 3.35 0
6 2 1 0 3 1 1 12.011 -0.01959704071 0.1581 3.35 0
6 3 0 0 3 1 1 12.011 0.1188097517 0.5437 3.853 0
8 2 0 0 3 0 0 15.999 -0.4935500649 -0.4195 1.182 0
6 2 2 0 4 0 0 12.011 0.08941018805 -0.2035 2.753 0
6 2 2 0 4 0 0 12.011 -0.005912248356 0.1441 2.503 0
6 2 2 0 4 0 0 12.011 0.001369024033 -0.2035 2.753 0
7 3 0 0 4 0 1 14.007 -0.3032080238 -0.3187 1.839 0
6 2 2 0 4 0 1 12.011 -0.001870506932 -0.2035 2.753 0
6 2 2 0 4 0 1 12.011 -0.04036948286 0.1441 2.503 0
6 2 2 0 4 0 1 12.011 -0.05087041404 0.1441 2.503 0
6 2 2 0 4 0 1 12.011 -0.04036948286 0.1441 2.503 0
6 2 2 0 4 0 1 12.011 -0.001870506932 -0.2035 2.753 0
0 1 1.5 1 1 0
1 2 1.5 1 1 0
2 3 1 0 0 0
3 4 1 0 1 0
4 5 1 0 1 0
5 6 1 0 1 0
6 7 1 0 1 0
7 8 1 0 1 0
2 9 1.5 1 1 0
9 10 1.5 1 1 0
10 11 1.5 1 1 0
11 12 1 1 0 0
12 13 1 0 0 0
13 14 1 0 0 0
14 15 1 0 0 0
15 16 1 0 0 0
16 17 1 0 1 0
17 18 1 0 1 0
18 19 1 0 1 0
19 20 1 0 1 0
20 21 1 0 1 0
11 0 1.5 1 1 0
21 16 1 0 1 0
8 3 1 0 1 0
31 33 1
7 1 1 0 3 0 0 14.007 -0.2678130837 0.08387 1.757 0
6 3 0 0 3 0 0 12.011 0.2096968236 -0.2783 5.007 0
7 1 2 0 3 0 0 14.007 -0.3684205162 -1.019 2.262 0
7 2 1 0 3 0 0 14.007 -0.2355673209 -0.7096 2.173 0
8 2 0 0 4 0 0 15.999 -0.2734432302 -0.0684 1.085 0
6 2 2 0 4 0 0 12.011 0.07792248959 -0.2035 2.753 0
6 2 2 0 4 0 0 12.011 0.007443318277 0.1441 2.503 0
6 2 2 0 4 0 0 12.011 0.09048858757 -0.2035 2.753 0
8 2 0 0 3 0 0 15.999 -0.493426554 -0.4195 1.182 0
6 3 0 0 3 1 1 12.011 0.121073929 0.5437 3.853 0
6 2 1 0 3 1 1 12.011 -0.001220116136 0.1581 3.35 0
6 3 0 0 3 1 1 12.011 0.04502854373 0.245 3.564 0
17 1 0 0 4 0 0 35.453 -0.08417451952 0.6895 5.853 0
6 2 1 0 3 1 1 12.011 -0.03044856834 0.1581 3.35 0
6 3 0 0 3 1 1 12.011 0.04467301386 0.136 3.509 0
6 3 0 0 3 0 0 12.011 0.2535958088 -0.2783 5.007 0
8 1 0 0 3 0 0 15.999 -0.2690837548 0.1129 0.2215 0
7 3 0 0 3 0 0 14.007 -0.3370854103 -0.3187 1.839 0
6 2 2 0 4 0 0 12.011 0.03357767568 -0.2035 2.753 0
6 2 2 0 4 0 0 12.011 0.01608512339 -0.2035 2.753 0
7 3 0 0 4 0 1 14.007 -0.2970050504 -0.3187 1.839 0
6 2 2 0 4 0 1 12.011 0.02186118185 -0.2035 2.753 0
6 2 2 0 4 0 1 12.011 0.05936343267 -0.2035 2.753 0
8 2 0 0 4 0 1 15.999 -0.378792718 -0.0684 1.085 0
6 2 2 0 4 0 1 12.011 0.05936343267 -0.2035 2.753 0
6 2 2 0 4 0 1 12.011 0.02186118185 -0.2035 2.753 0
6 2 2 0 4 0 0 12.011 0.02367293489 -0.2035 2.753 0
6 3 1 0 4 0 1 12.011 -0.02361834191 0 2.433 0
6 2 2 0 4 0 1 12.011 -0.04842837978 0.1441 2.503 0
6 2 2 0 4 0 1 12.011 -0.04842837978 0.1441 2.503 0
6 2 1 0 3 1 1 12.011 -0.007070101848 0.1581 3.35 0
0 1 2 1 0 0
1 2 1 1 0 0
1 3 1 1 0 0
3 4 1 0 0 0
4 5 1 0 0 0
5 6 1 0 0 0
6 7 1 0 0 0
7 8 1 0 0 0
8 9 1 1 0 0
9 10 1.5 1 1 0
10 11 1.5 1 1 0
11 12 1 0 0 0
11 13 1.5 1 1 0
13 14 1.5 1 1 0
14 15 1 1 0 0
15 16 2 1 0 0
15 17 1 1 0 0
17 18 1 0 0 0
18 19 1 0 0 0
19 20 1 0 0 0
20 21 1 0 1 0
21 22 1 0 1 0
22 23 1 0 1 0
23 24 1 0 1 0
24 25 1 0 1 0
17 26 1 0 0 0
26 27 1 0 0 0
27 28 1 0 1 0
28 29 1 0 1 0
14 30 1.5 1 1 0
30 9 1.5 1 1 0
25 20 1 0 1 0
29 27 1 0 1 0
3 2 1
6 2 2 0 4 0 0 12.011 0.05162252322 -0.2035 2.753 0
53 1 0 0 4 0 0 126.904 -0.07476317165 0.8857 14.02 0
53 1 0 0 4 0 0 126.904 -0.07476317165 0.8857 14.02 0
0 1 1 0 0 0
0 2 1 0 0 0
30 33 1
6 1 3 0 4 0 0 12.011 -0.0133641058 -0.2035 2.753 0
7 3 0 0 4 0 1 14.007 -0.3057080124 -0.3187 1.839 0
6 2 2 0 4 0 1 12.011 0.001900736374 -0.2035 2.753 0
6 2 2 0 4 0 1 12.011 -0.01473225138 -0.0516 2.488 0
6 3 0 0 3 1 1 12.011 -0.04221417403 0.136 3.509 0
6 2 1 0 3 1 1 12.011 -0.04229903734 0.1581 3.35 0
6 3 0 0 3 1 1 12.011 0.04196119619 0.198 3.18 0
35 1 0 0 4 0 0 79.904 -0.04853042268 0.8456 8.927 0
6 3 0 0 3 1 1 12.011 0.06331222933 0.4619 4.067 0
7 2 1 0 3 0 0 14.007 -0.2784734999 -0.5188 3 0
16 4 0 0 4 0 0 32.067 0.261426557 -0.0024 7.365 0
8 1 0 0 3 0 0 15.999 -0.2012469071 -0.3339 0.7774 0
8 1 0 0 3 0 0 15.999 -0.2012469071 -0.3339 0.7774 0
6 3 0 0 3 1 1 12.011 0.08735670885 0.1893 2.673 0
6 2 1 0 3 1 1 12.011 -0.04101292267 0.1581 3.35 0
6 2 1 0 3 1 1 12.011 -0.05301630589 0.1581 3.35 0
6 3 0 0 3 1 1 12.011 -0.01831488117 0.2713 3.904 0
6 3 0 0 3 1 1 12.011 -0.0182987971 0.2713 3.904 0
6 2 1 0 3 1 1 12.011 -0.05290262282 0.1581 3.35 0
6 2 1 0 3 1 1 12.011 -0.04291124116 0.1581 3.35 0
6 3 0 0 3 1 1 12.011 0.04059176898 0.245 3.564 0
17 1 0 0 4 0 0 35.453 -0.08434373915 0.6895 5.853 0
6 2 1 0 3 1 1 12.011 -0.04291124116 0.1581 3.35 0
6 2 1 0 3 1 1 12.011 -0.05290262282 0.1581 3.35 0
6 2 1 0 3 1 1 12.011 -0.05301630589 0.1581 3.35 0
6 2 1 0 3 1 1 12.011 -0.04101292267 0.1581 3.35 0
6 2 1 0 3 1 1 12.011 -0.03323573991 0.1581 3.35 0
6 3 0 0 3 1 1 12.011 -0.04132416709 0.136 3.509 0
6 2 2 0 4 0 1 12.011 -0.01469622878 -0.0516 2.488 0
6 2 2 0 4 0 1 12.011 0.001901371716 -0.2035 2.753 0
0 1 1 0 0 0
1 2 1 0 1 0
2 3 1 0 1 0
3 4 1 0 1 0
4 5 1.5 1 1 0
5 6 1.5 1 1 0
6 7 1 0 0 0
6 8 1.5 1 1 0
8 9 1 1 0 0
9 10 1 0 0 0
10 11 2 0 0 0
10 12 2 0 0 0
10 13 1 0 0 0
13 14 1.5 1 1 0
14 15 1.5 1 1 0
15 16 1.5 1 1 0
16 17 1 1 0 0
17 18 1.5 1 1 0
18 19 1.5 1 1 0
19 20 1.5 1 1 0
20 21 1 0 0 0
20 22 1.5 1 1 0
22 23 1.5 1 1 0
16 24 1.5 1 1 0
24 25 1.5 1 1 0
8 26 1.5 1 1 0
26 27 1.5 1 1 0
27 28 1 0 1 0
28 29 1 0 1 0
29 1 1 0 1 0
27 4 1.5 1 1 0
25 13 1.5 1 1 0
23 17 1.5 1 1 0
26 28 1
6 1 3 0 4 0 0 12.011 0.008882831299 -0.2035 2.753 0
7 3 0 0 3 0 0 14.007 -0.3470279394 -0.3187 1.839 0
6 1 3 0 4 0 0 12.011 0.008882831299 -0.2035 2.753 0
6 3 0 0 3 0 0 12.011 0.2444863538 -0.2783 5.007 0
8 1 0 0 3 0 0 15.999 -0.2725033836 -0.1526 0 0
6 3 1 0 4 0 0 12.011 0.1122314159 -0.2051 2.731 -1
6 2 2 0 4 0 0 12.011 0.001690027266 -0.0516 2.488 0
6 3 0 0 3 1 1 12.011 -0.0454424992 0.136 3.509 0
6 2 1 0 3 1 1 12.011 -0.05895110814 0.1581 3.35 0
6 2 1 0 3 1 1 12.011 -0.06199273559 0.1581 3.35 0
6 2 1 0 3 1 1 12.011 -0.06224871479 0.1581 3.35 0
6 2 1 0 3 1 1 12.011 -0.06199273559 0.1581 3.35 0
6 2 1 0 3 1 1 12.011 -0.05895110814 0.1581 3.35 0
7 2 1 0 3 0 0 14.007 -0.3386241534 -0.7096 2.173 0
6 3 0 0 3 0 0 12.011 0.2678900927 -0.2783 5.007 0
8 1 0 0 3 0 0 15.999 -0.2675849638 0.1129 0.2215 0
6 3 0 0 3 1 1 12.011 0.1049701799 0.136 3.509 0
6 2 1 0 3 1 1 12.011 -0.02347492688 0.1581 3.35 0
6 3 0 0 3 1 1 12.011 0.003095245746 0.2955 4.346 0
6 2 1 0 3 1 1 12.011 -0.01688747901 0.1581 3.35 0
6 3 0 0 3 1 1 12.011 0.1234590726 0 3.257 0
9 1 0 0 4 0 0 18.998 -0.2069865495 0.4202 1.108 0
6 2 1 0 3 1 1 12.011 -0.0242144102 0.1581 3.35 0
6 2 1 0 3 1 1 12.011 -0.03508670091 0.1581 3.35 0
6 3 0 0 3 1 1 12.011 0.04616976852 0.2955 4.346 0
7 2 1 0 3 1 1 14.007 -0.3505264636 -0.3239 2.202 0
0 1 1 0 0 0
1 2 1 0 0 0
1 3 1 1 0 0
3 4 2 1 0 0
3 5 1 0 0 0
5 6 1 0 0 0
6 7 1 0 0 0
7 8 1.5 1 1 0
8 9 1.5 1 1 0
9 10 1.5 1 1 0
10 11 1.5 1 1 0
11 12 1.5 1 1 0
5 13 1 0 0 0
13 14 1 1 0 0
14 15 2 1 0 0
14 16 1 1 0 0
16 17 1.5 1 1 0
17 18 1.5 1 1 0
18 19 1.5 1 1 0
19 20 1.5 1 1 0
20 21 1 0 0 0
20 22 1.5 1 1 0
22 23 1.5 1 1 0
23 24 1.5 1 1 0
24 25 1.5 1 1 0
12 7 1.5 1 1 0
25 16 1.5 1 1 0
24 18 1.5 1 1 0
35 42 1
8 1 1 0 3 0 0 15.999 -0.5042464399 -0.2893 0.8238 0
6 3 0 0 3 1 1 12.011 0.157525018 0.5437 3.853 0
6 2 1 0 3 1 1 12.011 -0.01603379902 0.1581 3.35 0
6 2 1 0 3 1 1 12.011 -0.05472688481 0.1581 3.35 0
6 3 0 0 3 1 1 12.011 -0.03832618867 0.136 3.509 0
6 3 0 0 3 1 1 12.011 0.01463307513 0.136 3.509 0
6 3 0 0 3 1 1 12.011 0.1657933387 0.5437 3.853 0
8 2 0 0 3 0 1 15.999 -0.4788311295 -0.4195 1.182 0
6 3 1 0 4 0 1 12.011 0.1536147259 0.1193 2.582 1
6 3 0 0 3 1 1 12.011 0.08523990891 0.136 3.509 0
7 2 0 0 3 1 1 14.007 -0.2563902 -0.3239 2.202 0
6 2 1 0 3 1 1 12.011 0.03511096318 0.1581 3.35 0
6 3 0 0 3 1 1 12.011 0.0002920665956 0.2713 3.904 0
6 3 0 0 3 1 1 12.011 -0.01674279589 0.2713 3.904 0
6 2 1 0 3 1 1 12.011 -0.05284607576 0.1581 3.35 0
6 2 1 0 3 1 1 12.011 -0.04291031221 0.1581 3.35 0
6 3 0 0 3 1 1 12.011 0.04059178345 0.245 3.564 0
17 1 0 0 4 0 0 35.453 -0.0843437391 0.6895 5.853 0
6 2 1 0 3 1 1 12.011 -0.04291031221 0.1581 3.35 0
6 2 1 0 3 1 1 12.011 -0.05284607576 0.1581 3.35 0
6 2 1 0 3 1 1 12.011 -0.04753866807 0.1581 3.35 0
6 3 0 0 3 1 1 12.011 -0.01896192598 0.136 3.509 0
6 2 2 0 4 0 1 12.011 0.005774807883 -0.0516 2.488 0
6 4 0 0 4 0 1 12.011 0.09833987582 -0.2051 2.731 -1
8 1 1 0 4 0 0 15.999 -0.3867873753 -0.2893 0.8238 0
6 3 1 0 4 0 1 12.011 0.04378957161 -0.2051 2.731 1
6 2 2 0 4 0 1 12.011 -0.00888131248 -0.0516 2.488 0
7 3 0 0 4 0 1 14.007 -0.2968290184 -0.3187 1.839 0
6 2 2 0 4 0 0 12.011 0.001396754286 -0.2035 2.753 0
6 3 1 0 4 0 1 12.011 -0.02856767245 0 2.433 0
6 2 2 0 4 0 1 12.011 -0.04891444651 0.1441 2.503 0
6 2 2 0 4 0 1 12.011 -0.04891444651 0.1441 2.503 0
6 2 2 0 4 0 1 12.011 -0.0003141439627 -0.2035 2.753 0
6 2 2 0 4 0 1 12.011 -0.02359895807 0.1441 2.503 0
6 4 0 0 4 0 1 12.011 0.07390255572 -0.0967 2.576 -1
0 1 1 1 0 0
1 2 1.5 1 1 0
2 3 1.5 1 1 0
3 4 1.5 1 1 0
4 5 1.5 1 1 0
5 6 1.5 1 1 0
6 7 1 1 1 0
7 8 1 0 1 0
8 9 1 0 1 0
9 10 1.5 1 1 0
10 11 1.5 1 1 0
11 12 1.5 1 1 0
12 13 1 1 0 0
13 14 1.5 1 1 0
14 15 1.5 1 1 0
15 16 1.5 1 1 0
16 17 1 0 0 0
16 18 1.5 1 1 0
18 19 1.5 1 1 0
12 20 1.5 1 1 0
20 21 1.5 1 1 0
21 22 1 0 1 0
22 23 1 0 1 0
23 24 1 0 0 0
23 25 1 0 1 0
25 26 1 0 1 0
25 27 1 0 1 0
27 28 1 0 0 0
28 29 1 0 0 0
29 30 1 0 1 0
30 31 1 0 1 0
27 32 1 0 1 0
32 33 1 0 1 0
33 34 1 0 1 0
6 1 1.5 1 1 0
34 8 1 0 1 0
26 4 1 0 1 0
31 29 1 0 1 0
34 5 1 0 1 0
21 9 1.5 1 1 0
34 23 1 0 1 0
19 13 1.5 1 1 0
27 31 1
6 1 3 0 4 0 0 12.011 -0.04755512707 0.1441 2.503 0
6 2 2 0 4 0 0 12.011 0.01790017227 -0.2035 2.753 0
7 2 1 0 3 0 0 14.007 -0.3214050698 -0.7096 2.173 0
6 3 0 0 3 0 0 12.011 0.412090945 -0.2783 5.007 0
8 1 0 0 3 0 0 15.999 -0.2241200395 0.4833 0.389 0
8 2 0 0 3 0 0 15.999 -0.4103475795 -0.4195 1.182 0
6 3 0 0 3 1 1 12.011 0.1326087539 0.5437 3.853 0
6 2 1 0 3 1 1 12.011 -0.01881447521 0.1581 3.35 0
6 2 1 0 3 1 1 12.011 -0.05497933826 0.1581 3.35 0
6 3 0 0 3 1 1 12.011 -0.04239489117 0.136 3.509 0
6 3 0 0 3 1 1 12.011 -0.03445371001 0.136 3.509 0
6 2 1 0 3 1 1 12.011 -0.01504148939 0.1581 3.35 0
6 4 0 0 4 0 1 12.011 0.001249335247 -0.0967 2.576 0
6 2 2 0 4 0 1 12.011 -0.04312682569 0.1441 2.503 0
6 2 2 0 4 0 1 12.011 -0.05243290324 0.1441 2.503 0
6 2 2 0 4 0 1 12.011 -0.05291966582 0.1441 2.503 0
6 2 2 0 4 0 1 12.011 -0.04808443696 0.1441 2.503 0
6 3 1 0 4 0 1 12.011 -0.0156300362 0 2.433 0
6 3 1 0 4 0 1 12.011 0.01725982268 -0.2051 2.731 0
6 2 2 0 4 0 1 12.011 -0.0115688397 -0.0516 2.488 0
7 3 0 0 4 0 1 14.007 -0.2994405066 -0.3187 1.839 0
6 2 2 0 4 0 0 12.011 0.001285891244 -0.2035 2.753 0
6 3 1 0 4 0 1 12.011 -0.02856961404 0 2.433 0
6 2 2 0 4 0 1 12.011 -0.04891446226 0.1441 2.503 0
6 2 2 0 4 0 1 12.011 -0.04891446226 0.1441 2.503 0
6 2 2 0 4 0 1 12.011 -0.000681102968 -0.2035 2.753 0
6 2 2 0 4 0 1 12.011 -0.03028879954 0.1441 2.503 0
0 1 1 0 0 0
1 2 1 0 0 0
2 3 1 1 0 0
3 4 2 1 0 0
3 5 1 1 0 0
5 6 1 1 0 0
6 7 1.5 1 1 0
7 8 1.5 1 1 0
8 9 1.5 1 1 0
9 10 1.5 1 1 0
10 11 1.5 1 1 0
10 12 1 0 1 0
12 13 1 0 1 0
13 14 1 0 1 0
14 15 1 0 1 0
15 16 1 0 1 0
16 17 1 0 1 0
17 18 1 0 1 0
18 19 1 0 1 0
18 20 1 0 1 0
20 21 1 0 0 0
21 22 1 0 0 0
22 23 1 0 1 0
23 24 1 0 1 0
20 25 1 0 1 0
25 26 1 0 1 0
11 6 1.5 1 1 0
17 12 1 0 1 0
24 22 1 0 1 0
19 9 1 0 1 0
26 12 1 0 1 0
26 28 1
8 1 0 0 3 0 0 15.999 -0.2070544817 -0.3339 0.7774 0
16 4 0 0 4 0 0 32.067 0.2413713029 -0.0024 7.365 0
8 1 0 0 3 0 0 15.999 -0.2070544817 -0.3339 0.7774 0
7 2 1 0 4 0 0 14.007 -0.20794293 -0.7096 2.173 0
6 3 1 0 4 0 1 12.011 0.02443576026 -0.2051 2.731 0
6 2 2 0 4 0 1 12.011 -0.02377419558 0.1441 2.503 0
6 2 2 0 4 0 1 12.011 -0.0002087850277 -0.2035 2.753 0
7 3 0 0 4 0 1 14.007 -0.2998362227 -0.3187 1.839 0
6 2 2 0 4 0 0 12.011 0.03247863197 -0.2035 2.753 0
6 2 2 0 4 0 0 12.011 0.1008724306 -0.2035 2.753 0
8 2 0 0 3 0 0 15.999 -0.492264801 -0.4195 1.182 0
6 3 0 0 3 1 1 12.011 0.1188597379 0.5437 3.853 0
6 2 1 0 3 1 1 12.011 -0.01996676852 0.1581 3.35 0
6 2 1 0 3 1 1 12.011 -0.05858535489 0.1581 3.35 0
6 2 1 0 3 1 1 12.011 -0.06199973835 0.1581 3.35 0
6 2 1 0 3 1 1 12.011 -0.05858535489 0.1581 3.35 0
6 2 1 0 3 1 1 12.011 -0.01996676852 0.1581 3.35 0
6 2 2 0 4 0 1 12.011 -0.0002087850277 -0.2035 2.753 0
6 2 2 0 4 0 1 12.011 -0.02377419558 0.1441 2.503 0
6 3 0 0 3 1 1 12.011 0.09530450729 0.1893 2.673 0
6 2 1 0 3 1 1 12.011 -0.04103583386 0.1581 3.35 0
6 2 1 0 3 1 1 12.011 -0.06084477247 0.1581 3.35 0
6 2 1 0 3 1 1 12.011 -0.06112808805 0.1581 3.35 0
6 2 1 0 3 1 1 12.011 -0.04746660047 0.1581 3.35 0
6 3 0 0 3 1 1 12.011 0.03304831556 0 3.104 0
53 1 0 0 4 0 0 126.904 -0.04284140932 0.8857 14.02 0
0 1 2 0 0 0
1 2 2 0 0 0
1 3 1 0 0 0
3 4 1 0 0 0
4 5 1 0 1 0
5 6 1 0 1 0
6 7 1 0 1 0
7 8 1 0 0 0
8 9 1 0 0 0
9 10 1 0 0 0
10 11 1 1 0 0
11 12 1.5 1 1 0
12 13 1.5 1 1 0
13 14 1.5 1 1 0
14 15 1.5 1 1 0
15 16 1.5 1 1 0
7 17 1 0 1 0
17 18 1 0 1 0
1 19 1 0 0 0
19 20 1.5 1 1 0
20 21 1.5 1 1 0
21 22 1.5 1 1 0
22 23 1.5 1 1 0
23 24 1.5 1 1 0
24 25 1 0 0 0
18 4 1 0 1 0
24 19 1.5 1 1 0
16 11 1.5 1 1 0
19 21 1
6 2 1 0 3 0 0 12.011 -0.03556444992 0.264 4.305 0
6 3 0 0 3 0 1 12.011 -0.06547832325 0.1551 3.513 0
6 2 2 0 4 0 1 12.011 -0.01872170408 0.1441 2.503 0
6 2 2 0 4 0 1 12.011 0.002238372972 -0.2035 2.753 0
7 3 0 0 4 0 1 14.007 -0.2984489825 -0.3187 1.839 0
6 2 2 0 4 0 0 12.011 0.02334904356 -0.0516 2.488 0
6 3 0 0 3 1 1 12.011 -0.03393208137 0.136 3.509 0
6 2 1 0 3 1 1 12.011 -0.05774081128 0.1581 3.35 0
6 2 1 0 3 1 1 12.011 -0.06194539669 0.1581 3.35 0
6 2 1 0 3 1 1 12.011 -0.0622471058 0.1581 3.35 0
6 2 1 0 3 1 1 12.011 -0.06194539669 0.1581 3.35 0
6 2 1 0 3 1 1 12.011 -0.05774081128 0.1581 3.35 0
6 2 2 0 4 0 1 12.011 0.002238372972 -0.2035 2.753 0
6 2 2 0 4 0 1 12.011 -0.01872170408 0.1441 2.503 0
6 3 0 0 3 1 1 12.011 0.08067626542 0.136 3.509 0
6 2 1 0 3 1 1 12.011 0.02775761781 0.1581 3.35 0
7 2 1 0 3 1 1 14.007 -0.3505882819 -0.3239 2.202 0
6 2 1 0 3 1 1 12.011 0.0926650936 0.1581 3.35 0
7 2 0 0 3 1 1 14.007 -0.2376025358 -0.3239 2.202 0
0 1 2 1 0 0
1 2 1 0 1 0
2 3 1 0 1 0
3 4 1 0 1 0
4 5 1 0 0 0
5 6 1 0 0 0
6 7 1.5 1 1 0
7 8 1.5 1 1 0
8 9 1.5 1 1 0
9 10 1.5 1 1 0
10 11 1.5 1 1 0
4 12 1 0 1 0
12 13 1 0 1 0
0 14 1 1 0 0
14 15 1.5 1 1 0
15 16 1.5 1 1 0
16 17 1.5 1 1 0
17 18 1.5 1 1 0
13 1 1 0 1 0
18 14 1.5 1 1 0
11 6 1.5 1 1 0
33 35 1
8 1 1 0 3 0 0 15.999 -0.4797085226 -0.2893 0.8238 0
6 3 0 0 3 0 0 12.011 0.3260559158 -0.2783 5.007 0
8 1 0 0 3 0 0 15.999 -0.2499780509 -0.1526 0 0
6 3 1 0 4 0 0 12.011 0.1308357642 -0.2051 2.731 -1
6 2 2 0 4 0 0 12.011 0.003586802785 -0.0516 2.488 0
6 3 0 0 3 1 1 12.011 -0.04169539222 0.136 3.509 0
6 2 1 0 3 1 1 12.011 -0.05868040773 0.1581 3.35 0
6 2 1 0 3 1 1 12.011 -0.05830951302 0.1581 3.35 0
6 2 1 0 3 1 1 12.011 -0.01994755167 0.1581 3.35 0
6 3 0 0 3 1 1 12.011 0.1190638725 0.5437 3.853 0
8 2 0 0 3 0 0 15.999 -0.4935202826 -0.4195 1.182 0
6 2 2 0 4 0 0 12.011 0.08986803504 -0.2035 2.753 0
6 2 2 0 4 0 0 12.011 -0.001260145265 0.1441 2.503 0
6 2 2 0 4 0 0 12.011 0.01931534814 -0.2035 2.753 0
7 2 1 0 3 0 0 14.007 -0.3699477335 -0.5188 3 0
6 3 0 0 3 1 1 12.011 0.1253694771 0.4619 4.067 0
6 2 1 0 3 1 1 12.011 -0.0196203387 0.1581 3.35 0
6 2 1 0 3 1 1 12.011 -0.05707214959 0.1581 3.35 0
6 2 1 0 3 1 1 12.011 -0.04364949812 0.1581 3.35 0
6 2 1 0 3 1 1 12.011 0.02920816218 0.1581 3.35 0
7 2 0 0 3 1 1 14.007 -0.2395698798 -0.3239 2.202 0
6 2 1 0 3 1 1 12.011 -0.01665772059 0.1581 3.35 0
7 2 1 0 3 0 0 14.007 -0.338223996 -0.7096 2.173 0
6 3 0 0 3 0 0 12.011 0.2545255192 -0.2783 5.007 0
8 1 0 0 3 0 0 15.999 -0.2691762537 0.1129 0.2215 0
6 3 0 0 3 1 1 12.011 0.07655749509 0.136 3.509 0
6 3 0 0 3 1 1 12.011 0.05482901786 0.245 3.564 0
17 1 0 0 4 0 0 35.453 -0.0834172529 0.6895 5.853 0
6 2 1 0 3 1 1 12.011 -0.04260125952 0.1581 3.35 0
6 2 1 0 3 1 1 12.011 -0.05925598529 0.1581 3.35 0
6 2 1 0 3 1 1 12.011 -0.04260125952 0.1581 3.35 0
6 3 0 0 3 1 1 12.011 0.05482901786 0.245 3.564 0
17 1 0 0 4 0 0 35.453 -0.0834172529 0.6895 5.853 0
0 1 1 1 0 0
1 2 2 1 0 0
1 3 1 0 0 0
3 4 1 0 0 0
4 5 1 0 0 0
5 6 1.5 1 1 0
6 7 1.5 1 1 0
7 8 1.5 1 1 0
8 9 1.5 1 1 0
9 10 1 1 0 0
10 11 1 0 0 0
11 12 1 0 0 0
12 13 1 0 0 0
13 14 1 0 0 0
14 15 1 1 0 0
15 16 1.5 1 1 0
16 17 1.5 1 1 0
17 18 1.5 1 1 0
18 19 1.5 1 1 0
19 20 1.5 1 1 0
9 21 1.5 1 1 0
3 22 1 0 0 0
22 23 1 1 0 0
23 24 2 1 0 0
23 25 1 1 0 0
25 26 1.5 1 1 0
26 27 1 0 0 0
26 28 1.5 1 1 0
28 29 1.5 1 1 0
29 30 1.5 1 1 0
30 31 1.5 1 1 0
31 32 1 0 0 0
21 5 1.5 1 1 0
20 15 1.5 1 1 0
31 25 1.5 1 1 0
52 58 1
6 1 3 0 4 0 0 12.011 -0.06482099037 0.1441 2.503 0
6 2 2 0 4 0 0 12.011 -0.0495264654 0.1441 2.503 0
6 4 0 0 4 0 0 12.011 -0.01693252787 0 2.433 0
6 1 3 0 4 0 0 12.011 -0.05845371938 0.1441 2.503 0
6 1 3 0 4 0 0 12.011 -0.05845371938 0.1441 2.503 0
6 3 1 0 4 0 0 12.011 0.06922555631 -0.2051 2.731 0
7 2 1 0 3 0 0 14.007 -0.3526492565 -0.7096 2.173 0
6 3 0 0 3 0 0 12.011 0.2421137978 -0.2783 5.007 0
8 1 0 0 3 0 0 15.999 -0.2727317133 -0.1526 0 0
6 3 1 0 4 0 1 12.011 0.1106087372 -0.2051 2.731 -1
6 2 2 0 4 0 1 12.011 -0.02176872698 0.1441 2.503 0
6 2 2 0 4 0 1 12.011 -0.03293701519 0.1441 2.503 0
6 2 2 0 4 0 1 12.011 0.02147806111 -0.2035 2.753 0
7 3 0 0 3 0 1 14.007 -0.3288751853 -0.3187 1.839 0
6 3 0 0 3 0 0 12.011 0.2458086334 -0.2783 5.007 0
8 1 0 0 3 0 0 15.999 -0.2724553744 -0.1526 0 0
6 3 1 0 4 0 0 12.011 0.115251837 -0.2051 2.731 -1
6 2 2 0 4 0 0 12.011 0.001833195652 -0.0516 2.488 0
6 3 0 0 3 1 1 12.011 -0.04480232699 0.136 3.509 0
6 2 1 0 3 1 1 12.011 -0.05831215918 0.1581 3.35 0
6 2 1 0 3 1 1 12.011 -0.05410708873 0.1581 3.35 0
6 3 0 0 3 1 1 12.011 -0.01838424097 0.2955 4.346 0
6 2 1 0 3 1 1 12.011 -0.05438255192 0.1581 3.35 0
6 2 1 0 3 1 1 12.011 -0.06162970756 0.1581 3.35 0
6 2 1 0 3 1 1 12.011 -0.06162954536 0.1581 3.35 0
6 2 1 0 3 1 1 12.011 -0.05437280664 0.1581 3.35 0
6 3 0 0 3 1 1 12.011 -0.01812847186 0.2955 4.346 0
6 2 1 0 3 1 1 12.011 -0.05106678456 0.1581 3.35 0
7 2 1 0 3 0 0 14.007 -0.3093362399 -0.7096 2.173 0
6 3 0 0 3 0 0 12.011 0.4076324634 -0.2783 5.007 0
8 1 0 0 3 0 0 15.999 -0.2245703736 0.4833 0.389 0
8 2 0 0 3 0 0 15.999 -0.4446756386 -0.0684 1.085 0
6 2 2 0 4 0 0 12.011 0.1183069566 -0.0516 2.488 0
6 3 0 0 3 1 1 12.011 -0.01057937862 0.136 3.509 0
6 2 1 0 3 1 1 12.011 -0.05562903874 0.1581 3.35 0
6 2 1 0 3 1 1 12.011 -0.06186696915 0.1581 3.35 0
6 2 1 0 3 1 1 12.011 -0.06224449621 0.1581 3.35 0
6 2 1 0 3 1 1 12.011 -0.06186696915 0.1581 3.35 0
6 2 1 0 3 1 1 12.011 -0.05562903874 0.1581 3.35 0
5 3 0 0 3 0 1 10.812 0.4817521038 -0.3808 5.754 0
8 2 0 0 4 0 1 15.999 -0.4040402423 -0.0684 1.085 0
6 3 1 0 4 0 1 12.011 0.07051469185 -0.2051 2.731 1
6 2 2 0 4 0 1 12.011 -0.02213455447 0.1441 2.503 0
6 3 1 0 4 0 1 12.011 -0.03300123331 0 2.433 0
6 2 2 0 4 0 1 12.011 -0.04366430561 0.1441 2.503 0
6 3 1 0 4 0 1 12.011 -0.005734562606 0 2.433 0
6 4 0 0 4 0 1 12.011 -0.02686475853 0 2.433 0
6 1 3 0 4 0 0 12.011 -0.05926802681 0.1441 2.503 0
6 1 3 0 4 0 0 12.011 -0.05926802681 0.1441 2.503 0
6 4 0 0 4 0 1 12.011 0.07897631083 -0.2051 2.731 -1
6 1 3 0 4 0 0 12.011 -0.03450450854 0.1441 2.503 0
8 2 0 0 4 0 1 15.999 -0.4015669193 -0.0684 1.085 0
0 1 1 0 0 0
1 2 1 0 0 0
2 3 1 0 0 0
2 4 1 0 0 0
2 5 1 0 0 0
5 6 1 0 0 0
6 7 1 1 0 0
7 8 2 1 0 0
7 9 1 0 0 0
9 10 1 0 1 0
10 11 1 0 1 0
11 12 1 0 1 0
12 13 1 0 1 0
13 14 1 1 0 0
14 15 2 1 0 0
14 16 1 0 0 0
16 17 1 0 0 0
17 18 1 0 0 0
18 19 1.5 1 1 0
19 20 1.5 1 1 0
20 21 1.5 1 1 0
21 22 1.5 1 1 0
22 23 1.5 1 1 0
23 24 1.5 1 1 0
24 25 1.5 1 1 0
25 26 1.5 1 1 0
26 27 1.5 1 1 0
16 28 1 0 0 0
28 29 1 1 0 0
29 30 2 1 0 0
29 31 1 1 0 0
31 32 1 0 0 0
32 33 1 0 0 0
33 34 1.5 1 1 0
34 35 1.5 1 1 0
35 36 1.5 1 1 0
36 37 1.5 1 1 0
37 38 1.5 1 1 0
5 39 1 0 0 0
39 40 1 0 1 0
40 41 1 0 1 0
41 42 1 0 1 0
42 43 1 0 1 0
43 44 1 0 1 0
44 45 1 0 1 0
45 46 1 0 1 0
46 47 1 0 0 0
46 48 1 0 0 0
45 49 1 0 1 0
49 50 1 0 0 0
49 51 1 0 1 0
13 9 1 0 1 0
27 18 1.5 1 1 0
38 33 1.5 1 1 0
51 39 1 0 1 0
26 21 1.5 1 1 0
49 41 1 0 1 0
46 43 1 0 1 0
