14.5396840434 14.5396840434 13.0091748304 13.0091748304 11.0142780833 11.0142780833 1.20069731561 1 0 1 3739.12168054 2.06852527072 2 22 14 0.692307692308 5 0 6 0 0 0 -1 -3 0 1 0 0 0 14.9942083438 -0.730368399388 14.9942083438 0.0514972889281 26.2691782707 8.72916996842 3.0811905242 -3.15 16.5640029023 9.3127777803 2.83808243134 -2.75544974264 2.78878348165 -2.83607234968 6.01920351323 -0.291600600597
4.59819941913 4.59819941913 3.13470446599 3.13470446599 2.12399510948 2.12399510948 1.73644119999 0 0 0 671.671428571 1.17015037594 2 16 10 0.666666666667 3 0 0 0 0 0 0 0 0 0 0 0 0 13.0479923479 -0.286600948588 13.0479923479 0.0860467113588 12.6625816219 5.32783469918 2.6390250428 -2.36 19.1421440257 10.0513141665 2.18187862579 -2.16776045662 2.28948241621 -2.14657723261 5.99270445273 0.0932921312931
9.68035652582 10.6280507188 6.56483388871 7.42869764238 5.24249381953 6.12430220221 1.80981749528 0 0 1 2470.07232969 1.4755086896 1 27 27 0.423076923077 11 0 0 0 0 2 0 0 0 0 0 0 0 10.5489635191 -0.151222306017 10.5489635191 0.0956882442777 23.3088147221 8.6504307785 3.93804076266 -3.44 32.1334745923 9.82586415443 2.3318836581 -2.34944127783 2.53810073329 -2.31696214033 7.10804664519 0.371381634207
8.71888233611 9.15531811658 7.05029723971 7.28539434249 5.53974124593 5.71184426988 1.53723321649 0 0 1 1537.69583333 1.58230842912 2 18 15 0.5 3 1 1 1 0 0 0 0 0 0 0 0 0 13.9253719188 -0.721974221532 13.9253719188 0.0548555734022 19.5850567346 7.39707189283 3.11672882349 -2.37 35.4956918927 9.72501289984 2.51340694996 -2.36182656508 2.51980221521 -2.44699354269 6.30811561116 -0.143473453538
8.20739529925 8.20739529925 4.76817584986 4.76817584986 3.12376192545 3.12376192545 1.84515328342 1 1 0 1411.83333333 0.865128205128 1 11 11 0.6 4 0 0 0 0 0 0 0 0 0 0 0 0 13.2563823604 -2.6731171948 13.2563823604 0.183554408646 18.8587506116 6.66765426949 4.07315722248 -1.92 19.2855913108 10.0514480035 2.44921051453 -2.40419699363 2.37721971593 -2.56139418108 5.93059601224 -0.0265189112033
7.13653611938 8.0477670458 5.44343482033 6.4251497042 3.84183711681 4.84981536319 1.32283971255 0 0 1 1840.55172414 1.40065681445 2 17 9 0.5 4 0 0 0 0 0 0 0 0 0 0 0 0 13.4237804704 -0.438544287703 13.4237804704 0.283168668469 19.1788118488 8.47069487287 3.99221973585 -2.15 32.1334462232 10.0515520155 2.21143345577 -2.36482107321 2.32236933908 -2.46492414383 7.16927152814 0.140660053722
5.01921852201 5.01921852201 3.92493389095 3.92493389095 3.04265106626 3.04265106626 2.05417672773 0 0 0 396.495098039 1.07519543765 2 12 6 0.6 0 0 0 0 0 0 0 0 0 0 0 0 0 3.27661800831 0.554259259259 3.27661800831 0.554259259259 11.4881379962 4.94969309939 1.95150344161 -1.6 14.7958070864 9.76532224286 2.2349182739 -2.2813152497 2.37557443917 -2.18116536383 5.48470001372 0.645149423382
6.35796247908 7.35703324584 4.50426618723 5.70170019741 3.09410146342 3.9836900927 1.49915914223 0 0 1 1596.86666667 1.47331433998 1 20 20 0.631578947368 6 0 0 0 0 0 0 0 0 0 0 0 0 4.66075590865 0.584472369195 4.66075590865 0.584472369195 17.691286697 7.89257818557 4.01287298101 -2.71 32.1335777431 10.2090287337 2.12221767849 -2.29058005364 2.31355110971 -2.43005725359 7.18584380893 0.589089344663
8.52109312307 8.52109312307 6.41330428157 6.41330428157 4.61519362338 4.61519362338 1.39182389868 0 1 0 2313.74637681 1.38760811127 2 23 15 0.5 6 0 2 0 0 0 -1 0 0 0 0 0 0 14.7284653304 -0.493604565977 14.7284653304 0.158370244958 20.3581151279 8.18099521705 3.55186744456 -3.55 19.1421968974 9.81653729862 2.44231264786 -2.53692691925 2.37068124066 -2.64886358558 6.00000099255 0.059119570881
5.81791330241 7.37504826939 3.88470933951 5.19358076408 2.2875756135 3.46301210682 2.21448526956 0 0 0 1392.33333333 0.732222222222 2 16 13 0.666666666667 2 0 0 0 0 0 0 0 0 0 0 0 0 11.4277215164 -0.855496939261 11.4277215164 0.282348539725 19.5336174728 9.05924790832 5.61064821339 -1.79 35.4956970827 10.0902048213 2.20222678628 -2.13318567858 2.28337093881 -2.16402494154 7.99993910787 -0.136044420664
8.4361245598 8.4361245598 6.44212063918 6.44212063918 4.728460582 4.728460582 1.12631817939 0 0 1 2366.99650606 1.90726510875 2 23 12 0.545454545455 6 0 0 0 0 0 0 0 0 0 0 0 0 6.00743910754 0.411806927801 6.00743910754 0.411806927801 19.1867997585 7.87033662295 3.36471078663 -3.52 16.4823670205 10.076801567 2.23211558383 -2.36367307471 2.32140382853 -2.46614333522 5.91548836779 0.253026622605
6.96538425985 6.96538425985 5.34776960065 5.34776960065 4.09650969269 4.09650969269 1.56677678895 0 0 0 926.470588235 1.14438502674 1 11 11 0.5 3 0 0 0 0 0 0 0 0 0 0 0 0 4.92391171689 1.04211073318 4.92391171689 1.04211073318 14.9493267864 6.87606551253 3.20429092066 -1.61 15.1378552594 9.92437175104 2.17803822579 -2.27202672762 2.32602281784 -2.33479690294 5.93123656609 0.236803611203
9.26284306242 9.26284306242 7.11375223658 7.11375223658 5.13146872068 5.13146872068 1.18057973786 0 0 1 2876.98850575 1.78026510938 2 12 9 0.5 2 0 0 0 0 0 0 0 0 0 0 0 0 13.6700856697 -0.905068100879 13.6700856697 0.0888283440732 23.1100912295 10.7045730107 5.64401432463 -2.06 19.1597537891 9.83379696596 2.27107502517 -2.33706466293 2.33885882581 -2.38631959787 5.79740946938 -0.122477993441
5.22848967367 6.14416520246 3.69208822325 4.22075373628 2.4011988849 2.66553164142 1.64169006698 0 0 1 652 0.62091503268 1 6 6 0.6 0 0 0 0 0 0 0 0 0 0 0 0 0 3.47207822529 1.14263888889 3.47207822529 1.14263888889 14.0381083367 7.26830748781 4.71150517538 -0.38 79.9187310908 10.1410957428 2.10949279937 -2.20769736603 2.10990818805 -2.32035734387 9.10299304418 0.258684221295
5.45039155047 5.45039155047 3.54021421591 3.54021421591 2.40941139752 2.40941139752 1.83705888902 0 0 0 1666.43809524 0.978808845476 1 22 22 0.571428571429 6 0 0 0 0 0 0 0 0 0 0 0 0 12.7184790662 -4.59108925596 12.7184790662 0.209976518258 18.1988715977 7.33385570076 4.32984542212 -3.6 19.4132232317 10.1025540087 2.32078877816 -2.10981562996 2.28015214483 -2.20857783775 6.04821120358 -0.140611597722
8.80265254928 8.80265254928 6.33285187435 6.33285187435 4.51639281527 4.51639281527 1.43475534099 0 0 0 1753.66666667 1.52791461412 2 15 9 0.75 1 0 0 0 0 0 0 0 0 0 0 0 0 13.1076120798 -0.36127325725 13.1076120798 0.100307585841 20.1169889931 8.68123867421 4.5416867719 -2.17 16.5235739633 9.86331262583 2.47385041265 -2.5000942489 2.36388029191 -2.62857555519 5.97240013336 -0.171053999817
8.36067061211 8.36067061211 6.21975612436 6.21975612436 4.63947411323 4.63947411323 1.39456534188 0 0 1 2712.08965517 1.13489988877 2 19 10 0.555555555556 5 0 0 0 0 0 0 0 0 0 0 0 0 14.193493813 -0.566733870168 14.193493813 0.0591244025669 22.2706010006 9.69131031058 4.48188666437 -2.93 19.1436102144 9.95000647968 2.29446830719 -2.35320603038 2.32199240513 -2.44403655733 5.94761076425 0.0983500417898
9.76655769246 9.76655769246 7.10102159299 7.10102159299 4.83489817457 4.83489817457 1.33030728163 0 0 2 4332.49425287 1.51755161556 2 25 18 0.470588235294 8 0 0 0 0 0 0 0 0 0 0 0 0 13.5640443585 -4.71708286659 13.5640443585 0.0932638386777 26.5432857366 10.6008030182 5.55632214632 -4.06 19.413238034 10.0206688553 2.36393511535 -2.35156333737 2.31163636114 -2.44989937512 5.94072156202 -0.140893936398
4.22877103473 4.22877103473 3.02250834956 3.02250834956 2.07061727151 2.07061727151 2.10210062189 0 0 0 400.614285714 1.2116713352 1 13 13 0.5 5 0 0 0 0 0 0 0 0 0 0 0 0 11.953937311 -0.0993131141345 11.953937311 0.0877569391954 11.1016978397 4.34334675292 1.92818247667 -2.01 16.4787403565 10.1910381528 2.14884029423 -2.26634837452 2.22470156351 -2.36118420213 5.78576173498 0.120518685057
8.43118331139 8.43118331139 6.45764706011 6.45764706011 4.73551421074 4.73551421074 1.40953569232 0 0 1 2532.6 1.35113636364 4 27 10 0.666666666667 2 0 0 0 0 0 0 0 0 0 0 0 0 12.8953836701 -0.260845970333 12.8953836701 0.0558434528668 20.9440886386 9.28390157516 4.3703464021 -3.93 16.1656999175 9.7159827359 2.41711980497 -2.41587946528 2.40835767951 -2.4778349389 5.88910928647 0.175865660294
7.34626103649 7.34626103649 5.42857219391 5.42857219391 3.98962362981 3.98962362981 1.59281491648 0 0 1 2001.19509804 1.82420343137 2 25 21 0.6 7 0 0 0 0 0 0 0 0 0 0 0 0 12.4500958644 -4.74413409225 12.4500958644 0.0608104773963 20.0467333427 7.08034370018 3.35219001311 -3.88 19.4224520492 9.80029480163 2.46886886021 -2.33517401573 2.5198459372 -2.30686899025 5.77768897893 -0.274188591479
9.79297457599 9.79297457599 6.8551499256 6.8551499256 5.03849522856 5.03849522856 1.78418680813 0 0 0 2921 0.695075757576 3 15 6 0.6 0 0 0 0 0 0 0 0 0 0 0 0 0 13.6643722501 -0.868230085244 13.6643722501 0.115211535231 25.3155543866 11.2104629121 6.83998313921 -2.31 19.1454367864 9.75327640426 2.38531591004 -2.36967115675 2.34544874586 -2.96851461331 5.72868581378 -0.744623218025
12.7417295198 12.7417295198 10.9960252405 10.9960252405 9.37913013532 9.37913013532 1.45372784616 1 0 1 1962.19579865 1.61143563252 2 11 8 0.571428571429 2 -2 6 -0.333333333333 0 0 -1 -1 2 -1 0 0 0 13.0801184147 -0.746882912887 13.0801184147 0.0121915154951 22.4107628864 6.94561124064 2.46471870588 -1.79 16.6077785211 9.33742344352 2.83939246301 -2.75104918412 2.77413356523 -2.84992396769 5.72515255134 -0.327321012168
8.49031522644 8.49031522644 6.12112663189 6.12112663189 4.29115058527 4.29115058527 1.4802584168 0 0 1 3728.55714286 1.38006802721 4 25 11 0.6 4 0 0 0 0 0 0 0 0 0 0 0 0 12.3613797085 -0.872198285034 12.3613797085 0.00334041432919 24.8613296413 11.4516962525 5.8652040071 -4.25 16.5507010034 9.91590892671 2.2628421923 -2.30504796474 2.32145399917 -2.36842420229 5.6925444244 -0.136482856473
4.06399857414 4.06399857414 2.91544100308 2.91544100308 2.08364021322 2.08364021322 2.32706778094 0 0 1 416.068965517 0.901510029299 1 17 17 0.4375 5 0 0 0 0 0 0 0 0 0 0 0 0 11.6626589664 0.0350907029478 11.6626589664 0.0350907029478 10.6506062816 4.06965124475 1.58615747602 -2.49 16.1374543683 9.9987414863 2.12483379129 -2.0624854423 2.27244124752 -1.97267825844 6.03336381649 0.101355673809
6.98090451214 6.98090451214 4.20997758232 4.20997758232 2.78339658219 2.78339658219 1.49483651162 0 0 1 2636.2 1.29609195402 3 21 11 0.6 3 0 0 0 0 0 0 0 0 0 0 0 0 12.9923562028 -0.982273023352 12.9923562028 0.164425871352 21.4488968406 9.97590276911 6.1178143691 -3.26 19.1421465055 10.0788615427 2.19633386126 -2.16260279163 2.18269267754 -2.28666680267 5.72355818396 -0.152566304008
6.00897979408 6.00897979408 4.64154731027 4.64154731027 3.45950487713 3.45950487713 1.75599293182 0 0 2 666.793103448 1.05336617406 2 15 9 0.5 2 0 0 0 0 0 0 0 0 0 0 0 0 4.58906478332 0.166481481481 4.58906478332 0.166481481481 12.5986334074 5.00714987217 2.23545672467 -2.13 14.9228066431 9.75124169987 2.35725272207 -2.28593768438 2.34771458838 -2.31328765246 5.7564281031 0.466545088838
6.00062145298 6.00062145298 4.63546149806 4.63546149806 3.52906043221 3.52906043221 1.83133254008 0 0 1 737.04410441 1.52882570866 2 22 16 0.466666666667 5 0 0 0 0 0 0 0 0 0 0 0 0 13.3440652141 -0.227727361006 13.3440652141 0.0639351851852 13.3128348292 4.92834839843 1.8607622501 -3.14 19.1421428666 9.96859098104 2.25161486712 -2.19083889922 2.42723412482 -2.10826451068 6.00597038197 0.626443619367
4.92658187482 4.92658187482 3.07837531249 3.07837531249 1.90445421445 1.90445421445 1.45895590414 0 0 0 1181 0.642857142857 2 14 7 0.666666666667 2 0 0 0 0 0 0 0 0 0 0 0 0 5.66560457093 0.683365676581 5.66560457093 0.683365676581 15.39 9.03125 6.32098765432 -2 16.4798839661 10.2222792383 1.94240497162 -2.0837900766 2.10887430821 -2.22858154173 5.25721461797 0.294121304321
12.0755061668 12.0755061668 10.7396001435 10.7396001435 9.17388225956 9.17388225956 1.37212985671 1 0 1 1955.1476417 1.5844070558 2 11 8 0.571428571429 2 1 7 0.142857142857 0 0 1 -3 0 0 -1 0 0 12.4196964223 -0.529293081449 12.4196964223 0.0702926587302 21.4526202758 6.89006539723 2.41180009169 -1.83 16.5555971571 9.34520970364 2.80116692655 -2.73620059162 2.76179851229 -2.81223107385 5.80534328981 -0.275627904198
10.9634250657 10.9634250657 7.86844723755 7.86844723755 5.46668957895 5.46668957895 1.38823311945 0 0 1 5153.20114943 1.4228190392 3 21 10 0.555555555556 5 0 0 0 0 0 0 0 0 0 0 0 0 13.5535562983 -0.191723709507 13.5535562983 0.00172665060902 29.6771015615 13.8553268504 7.06233107351 -3.3 16.4946632245 10.0068687513 2.26594161992 -2.33691080654 2.28748143557 -2.40178314062 5.80605490262 -0.121371696233
9.15880503001 11.4655962869 6.06233190827 8.7446967286 4.02488477355 6.63983811843 1.65879879929 0 0 1 4983.33333333 1.53739837398 4 27 11 0.6 3 0 0 0 0 0 0 0 0 0 0 0 0 13.0953498756 -4.46009034945 13.0953498756 0.29386755165 30.4486199581 12.155613309 7.82283740272 -3.51 32.1669740919 10.0568392906 2.31138121196 -2.17663480645 2.44512335772 -2.09585086787 7.99288242442 -0.139342044988
7.48224266868 7.48224266868 5.21454863583 5.21454863583 3.51615291591 3.51615291591 1.51457173499 0 0 0 2452.66666667 1.28028673835 2 27 20 0.578947368421 7 0 0 0 0 0 0 0 0 0 0 0 0 12.9913318655 -0.195811846216 12.9913318655 0.195811846216 20.4143009948 8.87719680982 4.66551556524 -3.86 16.477045907 10.0704978566 2.12647251677 -2.12478599812 2.24655858077 -2.14875527493 6.06204662498 0.101967851561
9.62013657961 10.2373499795 7.58684014745 7.94318847 5.41838414306 5.84853461967 1.00313145134 0 1 1 2589.99425287 1.79141020887 2 12 9 0.5 3 0 0 0 0 0 0 0 0 0 0 0 0 12.2490837123 0.161965309054 12.2490837123 0.161965309054 21.1996460672 9.45236229603 4.90089354528 -1.66 35.4957455524 9.81427940119 2.34274860912 -2.37459864858 2.40862526038 -2.47004624259 6.21152074542 -0.127812557812
8.1898496502 8.1898496502 5.64475015805 5.64475015805 3.97903902204 3.97903902204 1.26531600341 0 0 1 2486.91428571 1.20479474548 2 20 13 0.583333333333 5 0 0 0 0 0 0 0 0 0 0 0 0 12.6345150119 -0.102116829629 12.6345150119 0.102116829629 20.3567372114 9.26426968729 4.79349892333 -2.92 16.4781820459 10.0253162394 2.24217395239 -2.18404531407 2.25444648206 -2.37691895908 5.94583619662 0.0932483833196
8.93766327638 10.0212850325 5.91929481831 7.13201601931 4.32388104012 5.63063524314 1.7599986825 0 0 3 2429.04827586 1.21916528367 2 23 14 0.538461538462 8 -1 1 -1 0 0 0 0 0 0 0 0 0 13.6032458585 -0.79264251548 13.6032458585 0.00726989367321 22.5091651978 8.49465349411 3.65346796463 -3.28 32.1335402241 10.055918421 2.33002974355 -2.15031220704 2.33497040185 -2.38973820948 7.18740822619 -0.0778387668084
6.59401061598 9.93855915653 4.69948174946 7.00331668739 3.18919901451 5.2585831587 1.59427089853 0 0 2 1989.83333333 0.791446208113 3 13 7 0.666666666667 1 -2 2 -1 1 1 0 0 1 0 0 0 0 12.6535513032 -3.80304836419 12.6535513032 0.143863836937 21.2537108002 8.91326924018 5.11915933147 -1.46 35.4960179511 10.2063406608 2.39169983975 -2.32292973067 2.22786515148 -2.52059990967 7.92133211313 -0.145520855286
7.3032303679 7.3032303679 5.46739837461 5.46739837461 3.8604904012 3.8604904012 1.49060427196 0 0 2 1609.37931034 0.856469201297 3 17 8 0.571428571429 2 -1 1 -1 0 0 0 0 0 0 0 0 0 13.0365055745 0.0609357153355 13.0365055745 0.0609357153355 17.8625241807 8.00709279877 4.08384116004 -2.53 16.6967205717 10.0339059881 2.25621492233 -2.31907007368 2.32661157639 -2.38748832055 5.78971854248 -0.131311586013
10.0363862879 13.767205964 7.08008515228 9.43603292733 5.00301115035 6.64156337233 1.54010378905 0 0 3 3996.95862069 1.41975894644 2 24 14 0.461538461538 7 0 0 0 0 0 0 0 0 0 0 0 0 13.7282217253 -3.52318477016 13.7282217253 0.0284114045768 27.3989010708 10.7726323172 5.60622001506 -3.17 35.4960185168 10.029623022 2.28269102139 -2.34438868166 2.32975348208 -2.46584089981 7.90317578253 0.0891606619693
8.64709706685 9.08353284732 6.72456059432 6.9596576971 5.03703345221 5.23173367858 1.40643408393 0 0 2 2854.35238095 1.00650199474 4 24 12 0.545454545455 2 -1 1 -1 0 0 0 0 0 0 0 0 0 13.8509726977 -1.93479061958 13.8509726977 0.251931929018 22.528182896 8.831495274 3.56704720248 -3.26 35.4956920947 9.9217174559 2.52823588961 -2.3183811844 2.47274559728 -2.52652233186 6.30202237469 -0.151585117374
7.0061769868 7.0061769868 5.05478388843 5.05478388843 3.56070609481 3.56070609481 1.67560658081 0 0 2 1637.3954023 1.33153841798 2 26 20 0.526315789474 6 0 0 0 0 0 0 0 0 0 0 0 0 13.5341749707 -0.270532065137 13.5341749707 0.270532065137 17.308744605 6.97949245542 3.18433294887 -3.8 19.1421444438 10.0233116284 2.17884631512 -2.09156988099 2.32459578046 -2.03866865822 5.88223322834 0.627160623141
9.416721292 12.1561929988 6.30791313068 8.27828749264 3.7930076687 5.69237652472 2.13787806093 0 0 0 5634.16666667 0.558760683761 4 24 9 0.625 4 -3 3 -1 0 0 1 0 1 1 0 0 0 13.3362229266 -4.03781791623 13.3362229266 0.0404046718929 32.7900468442 15.3891544396 10.2826961656 -3.42 32.2332553988 9.98646879737 2.31528284848 -2.2612209768 2.14282262393 -2.55370791714 7.98105205748 -0.130137231956
6.75038697159 6.75038697159 4.46614533826 4.46614533826 2.82270367224 2.82270367224 1.42183643253 0 0 0 3160 1.38494623656 3 25 14 0.692307692308 4 -1 1 -1 0 0 0 0 0 0 0 0 0 11.0327695864 -0.967843957991 11.0327695864 0.321984586154 21.9469099277 11.4390298603 7.2165449233 -3.75 16.5038987745 10.0584254629 2.1592310032 -2.09514706633 2.23060710361 -2.24238368742 5.72284717037 -0.147864048754
7.69070293742 7.69070293742 5.96868973301 5.96868973301 4.46586284751 4.46586284751 1.29827073832 0 0 0 1253.98095238 1.54006349206 2 14 8 0.714285714286 1 0 0 0 0 0 0 0 0 0 0 0 0 12.7692742352 0.194975314455 12.7692742352 0.194975314455 16.5337055321 7.53076542016 3.84723605263 -1.93 16.1390339019 9.8164605309 2.29525717188 -2.34856735071 2.27919152576 -2.40267224402 5.99833889136 0.0829035690043
7.86830089856 8.30473667904 5.40146833745 5.62504650242 3.65449226986 3.76628135234 1.49998533011 0 0 0 2897.33333333 1.30808080808 1 27 27 0.615384615385 7 0 0 0 0 0 0 0 0 0 0 0 0 12.8711693654 -0.400202533804 12.8711693654 0.100868784904 22.4827368121 9.83253853702 5.37927258506 -3.71 35.4956920488 10.0692767796 2.20144720284 -2.26394402456 2.23243513004 -2.34649413688 6.30058507574 -0.119059505789
7.63363448899 9.14837585174 5.23293832898 6.53947561643 3.53485555855 4.64016604682 1.71114964405 0 0 0 2776 1.03427419355 3 21 9 0.625 5 0 0 0 0 0 0 0 0 0 0 0 0 12.853369293 -4.27616869117 12.853369293 0.083171466066 23.3943102237 9.90261719209 5.69771136657 -3.27 32.2399790283 9.97888997827 2.25128999261 -2.31508111017 2.2789630027 -2.42545820925 7.86812050996 0.0595717339567
11.2223549788 11.2223549788 9.32857629227 9.32857629227 7.36969443948 7.36969443948 1.23959951807 0 0 3 2228 1.74621212121 1 10 10 0.555555555556 3 0 0 0 0 0 0 0 0 0 0 0 0 10.4993818669 0.0184751634048 10.4993818669 0.0184751634048 21.8734607121 9.1972560928 3.97982311392 -1.63 16.2541713835 9.81325537863 2.40686514221 -2.47366873595 2.39351221074 -2.54480861712 5.78826139016 -0.0106781854432
8.14701269655 8.14701269655 8.27003485762 8.27003485762 8.43417647064 8.43417647064 1.38715698676 0 1 6 454.460897436 1.25546896086 1 6 6 0.6 0 0 0 0 0 0 0 0 0 0 0 0 0 11.555441232 -0.44979686319 11.555441232 0.44979686319 9.90736880969 2.59209001219 0.670725670985 -0.93 16.3174135837 9.59157848704 2.9323373881 -2.44943838067 2.89743596835 -2.50478894578 5.40338836488 -0.134004162571
4.71240022498 5.14883600545 3.19283142145 3.44480773679 2.04034973785 2.16633789552 1.86561891431 0 0 1 1039.73333333 0.925955204216 1 21 21 0.55 6 0 0 0 -1 1 0 0 0 0 0 0 0 11.9390079103 -0.371033863134 11.9390079103 0.202039871504 15.0517882507 6.49500189956 3.32227053052 -2.86 35.4956915133 10.0628324853 2.26058243592 -2.04931119141 2.16578284909 -2.24451168324 6.71544994745 -0.11379583788
6.1359631129 6.1359631129 4.11023040503 4.11023040503 2.78908309992 2.78908309992 1.61289141188 0 0 0 1037 0.9 1 7 7 0.666666666667 1 0 0 0 0 0 0 0 0 0 0 0 0 9.2903597177 -0.226190904178 9.2903597177 0.226190904178 16.312921587 9.05909697309 6.48947753114 -1.06 16.4767963049 10.0788969062 2.08516268218 -2.25685918217 2.14492783375 -2.30793616629 5.26859260457 0.184667625561
8.64894296071 8.64894296071 5.78729294852 5.78729294852 3.92328701143 3.92328701143 1.47110368254 0 0 1 3894.36666667 1.18829471182 3 21 11 0.6 3 0 0 0 0 0 0 0 0 0 0 0 0 11.257020409 -0.785108308557 11.257020409 0.0635418620961 25.5020363365 13.5539355926 8.34032151772 -3.12 16.47706424 10.1256609572 2.12225660764 -2.20171296013 2.21861302098 -2.29883000114 5.68605389067 -0.13800974953
3.6075681801 3.6075681801 2.3256752955 2.3256752955 1.57373151382 1.57373151382 2.07785132026 0 0 0 391.333333333 0.780555555556 2 14 8 0.571428571429 2 0 0 0 0 0 0 0 0 0 0 0 0 11.1468836609 -0.198554001848 11.1468836609 0.176445998152 10.4188955452 4.61293654201 2.69605652066 -2.1 16.1379609135 10.0896929653 1.991142682 -2.011734564 2.03754106168 -2.11956506826 5.19701928928 0.898384030335
10.2215652842 12.1712479011 6.3358841124 8.08495677948 4.48392589915 5.80126522923 1.67736799328 0 0 1 3131.88505747 1.42036124795 3 18 9 0.5 2 0 0 0 0 0 0 0 0 0 0 0 0 13.4712586358 -3.75370578997 13.4712586358 0.131516847945 25.3170226573 10.0663512021 5.72756322282 -2.78 32.2279173163 9.94227155931 2.26714978278 -2.26059559039 2.31275866475 -2.2468318401 7.91137654895 -0.118433509514
10.6027324813 12.5337618663 7.79677980155 8.82726529579 5.74032193475 6.61660867643 1.31437027059 0 0 2 4459.02298851 2.00363050182 1 27 27 0.615384615385 8 1 1 1 0 0 0 0 0 0 0 0 0 13.9232269064 -3.64679170583 13.9232269064 0.0613017582803 27.1931779548 10.7723805851 5.25725185797 -3.99 32.227757419 9.98240990234 2.3556528729 -2.27717638973 2.32890758879 -2.38492271873 7.90246423441 0.0972643807772
8.96936740808 8.96936740808 6.8642761249 6.8642761249 5.04129515973 5.04129515973 1.22399537159 0 0 1 3159.87914614 1.60449350064 2 23 15 0.571428571429 6 0 0 0 0 0 0 0 0 0 0 0 0 13.4135794884 -0.203328115572 13.4135794884 0.203328115572 22.480640671 9.89767753835 4.52934634082 -3.31 19.1421464945 9.98321813723 2.18950744747 -2.29144530319 2.33573979867 -2.31098060223 5.95583241889 0.245846436575
6.7622183609 7.74149066906 5.22947133598 6.15419761573 3.82641200582 4.71186993229 1.5713625008 0 0 1 1109 1.26666666667 3 17 6 0.6 0 0 0 0 0 0 0 0 0 0 0 0 0 11.1192280014 -0.699952758881 11.1192280014 0.279188292601 16.5242400883 7.12379497491 3.40491084351 -1.94 32.1334742253 9.83358061715 2.36344245104 -2.41619430989 2.38503741163 -2.43735827084 7.09576829987 -0.0321591176785
9.41356920924 9.41356920924 7.1897444019 7.1897444019 5.35875022323 5.35875022323 1.20558550708 0 0 0 2891.87619048 1.44379800307 2 15 8 0.571428571429 3 0 0 0 0 0 0 0 0 0 0 0 0 9.91055993251 0.0113113144105 9.91055993251 0.0113113144105 22.9362759016 11.0623564861 5.75742256695 -2.24 16.3029733233 9.86539104838 2.24795305402 -2.36732338424 2.33436424484 -2.46401834252 5.47055494189 0.170656258658
10.7197343192 11.8035112757 8.10701174336 9.22186970902 5.76659425255 6.74570367828 0.963515147366 0 0 1 4496.67624521 2.00046053313 3 25 12 0.545454545455 5 0 0 0 0 0 0 0 0 0 0 0 0 12.5402039965 0.0562070068802 12.5402039965 0.0562070068802 25.1456853571 11.7107056726 5.94799559038 -3.15 32.1335335623 9.94724682389 2.19739989586 -2.37096317196 2.27547674288 -2.46625293091 7.20363990476 0.0956324028879
12.1253868502 12.1253868502 10.0292745432 10.0292745432 8.21864917484 8.21864917484 1.29204085201 1 0 2 2504.88412101 2.04371753602 3 20 9 0.5 4 -1 3 -0.333333333333 0 0 0 -1 0 0 0 0 0 12.9520548774 -0.964459742824 12.9520548774 0.038881585169 21.9989277431 7.29406585143 2.81601840652 -3.03 16.5078439872 9.48673058192 2.72430504811 -2.62403127647 2.68628760523 -2.74122477626 5.86796269821 -0.172748103549
8.07895802156 9.84591125233 6.0343464735 7.49304677997 4.2734595783 5.32945350857 1.204982043 0 0 1 2692.6543514 1.63577751735 2 21 11 0.6 5 0 0 0 0 0 0 0 0 0 0 0 0 13.6610256726 -3.55891547387 13.6610256726 0.240663625911 20.8778696051 8.50145772595 4.19008264463 -3 32.2332718258 9.98681579459 2.17808121592 -2.25918449167 2.29310766823 -2.36598198047 7.89119050856 0.306573535666
6.82007217796 6.82007217796 4.5919647532 4.5919647532 3.02740680834 3.02740680834 1.81124733989 0 0 0 2441 1.21505376344 4 27 10 0.666666666667 5 0 0 0 0 0 0 0 0 0 0 0 0 11.9555990861 -1.03143811357 11.9555990861 0.0474238322813 21.7027348395 10.15625 5.75778546713 -4 16.5188346278 10.0518807358 2.21553541246 -2.18895998482 2.32402307137 -2.20503922347 5.94836755123 -0.13759568321
7.57200425546 7.57200425546 5.83840379095 5.83840379095 4.32285979899 4.32285979899 1.30701318191 0 0 1 1410.93103448 1.89763238039 1 16 16 0.6 5 0 0 0 0 0 0 0 0 0 0 0 0 6.06132361741 0.669291767569 6.06132361741 0.669291767569 16.685447516 7.27094907903 3.41312360128 -2.47 16.3623574727 10.0009799437 2.27209133018 -2.39265681775 2.27923863797 -2.46381217196 5.75934831121 0.140133403614
6.09281043231 6.09281043231 4.75078044234 4.75078044234 3.58422268806 3.58422268806 1.80808852034 0 0 1 501.616370809 1.36517699574 1 13 13 0.666666666667 3 -2 2 -1 0 0 1 0 0 0 0 0 0 5.96874763794 0.0995150699169 5.96874763794 0.0995150699169 11.97999288 4.35358203773 1.75355034576 -1.8 16.4812415891 9.79165202974 2.4380439586 -2.37265426317 2.44858874437 -2.47950933053 5.66147543252 0.170591877195
9.16389598749 9.16389598749 7.02945679808 7.02945679808 4.96787636517 4.96787636517 1.13745021796 0 0 1 2687.49425287 1.64194784328 2 12 9 0.5 3 0 0 0 0 0 0 0 0 0 0 0 0 12.0692071691 -0.0134498899611 12.0692071691 0.0134498899611 22.2127637802 10.5501720014 5.83031113059 -1.99 16.6973731008 9.83632999156 2.26168988832 -2.37174588282 2.40745848759 -2.46728146552 5.76260964555 -0.123758265909
5.49904880869 5.49904880869 3.99220464179 3.99220464179 2.99372097141 2.99372097141 2.3713323357 0 0 0 846.3431455 1.432189515 1 21 21 0.5 9 0 0 0 0 0 0 0 0 0 0 0 0 13.397518739 -4.8263386952 13.397518739 0.0461419228185 15.2501645736 4.8545741913 2.17683506863 -3.29 19.4131855301 10.0113528266 2.34436264092 -2.12132639395 2.38717626831 -2.14117504528 6.15346081507 -0.135915470625
6.15421874206 6.15421874206 4.63816664679 4.63816664679 3.348709667 3.348709667 1.4782317587 0 0 1 1239.59770115 1.14134099617 2 15 9 0.625 3 0 2 0 0 0 -1 0 0 0 0 0 0 13.1940051609 -0.217877548276 13.1940051609 0.177988599166 14.1051840732 6.69027402042 3.16964831319 -2.27 19.1421442415 9.81421895139 2.26911122469 -2.32099967247 2.35916622061 -2.38050646731 5.46412269341 0.173038900448
10.6368286181 10.6368286181 8.41871438627 8.41871438627 6.24197719025 6.24197719025 0.985355428435 0 0 1 3192.5862069 1.84926854754 2 12 9 0.5 2 0 0 0 0 0 0 0 0 0 0 0 0 12.4128384487 0.26261279826 12.4128384487 0.26261279826 22.9182802215 11.0502435924 5.99097358963 -1.85 16.474388368 9.83126648005 2.26447703696 -2.34174458349 2.34709879014 -2.39246945932 5.81049140453 -0.123214088524
13.1585258003 13.1585258003 10.2100259237 10.2100259237 7.9627098767 7.9627098767 1.16537782311 1 0 2 4201.78040526 1.75983692769 3 25 11 0.6 5 0 4 0 0 0 -1 -2 1 0 0 0 0 13.9599565208 -1.38406492223 13.9599565208 0.0238112231233 25.7914170008 8.5772961882 3.41854842813 -3.89 16.5184880363 9.48874995891 2.73170542315 -2.6225596231 2.65793596558 -2.755097724 5.95242653452 -0.172406787304
11.272754385 11.272754385 8.41661140097 8.41661140097 5.98736688176 5.98736688176 1.29053554204 0 0 2 5060.54827586 1.14338179342 5 28 9 0.5 2 1 1 1 0 0 0 0 0 0 0 0 0 13.5697231982 -0.301321334089 13.5697231982 0.0048837588678 28.001863742 13.2282525068 6.50311703779 -4.14 16.1512670124 10.0104372672 2.34987489997 -2.32316730477 2.23701590172 -2.59167790449 5.94558980721 -0.123219084971
7.29835000733 7.7347857878 5.60253213248 5.85450844782 4.08568213722 4.21167029488 1.57809281646 0 0 0 1372 1.39601139601 3 18 6 0.6 0 0 0 0 0 0 0 0 0 0 0 0 0 11.2044318468 -0.778755353993 11.2044318468 0.210340555975 18.2434380329 7.85402495595 3.93419637593 -2.13 35.4956916951 9.82839711656 2.36225478324 -2.42057073895 2.37795589375 -2.43893407916 6.30090778781 -0.032436103548
8.20960495024 8.20960495024 5.1885732287 5.1885732287 3.80441939009 3.80441939009 1.66972328892 0 0 2 1167.7 0.830797101449 1 8 8 0.714285714286 1 0 2 0 0 0 0 -1 0 0 0 0 0 12.7206214569 -0.428204942471 12.7206214569 0.10302532124 17.4239143367 6.84267669981 3.80583256387 -1.4 16.4690216109 9.9239355424 2.39862989249 -2.34017622477 2.30234153239 -2.45783190298 5.9361393223 -0.120995494206
12.1996048587 13.0140051122 9.51939039825 10.258419677 6.94505805658 7.25158884448 1.36332592324 0 0 0 7142.12380952 1.29498259989 4 29 16 0.466666666667 7 -1 1 -1 0 0 0 0 0 0 0 0 0 14.144756841 -0.883641664311 14.144756841 0.103128192571 34.2988102238 14.8033793961 6.98214535445 -4.04 35.498264458 9.83370239116 2.48101165405 -2.48142087469 2.35399396423 -2.67108709143 6.41541053606 -0.134534306345
10.4584531744 10.4584531744 7.76201201391 7.76201201391 5.60441049605 5.60441049605 1.08897830225 0 0 0 4942.51428571 2.17744360902 3 21 7 0.666666666667 3 0 0 0 0 0 0 0 0 0 0 0 0 12.8243442514 -4.29719555866 12.8243442514 0.319397169007 27.3411727902 11.8812484314 6.6788672607 -3.23 19.4131915788 9.84499308628 2.30175436548 -2.35828444727 2.35450590923 -2.46381328895 5.48446401416 -0.137125305161
8.68028972386 8.68028972386 6.55429081337 6.55429081337 4.84957434322 4.84957434322 1.42678578735 0 0 1 2086.68965517 1.4114200964 2 20 14 0.615384615385 4 0 0 0 0 0 0 0 0 0 0 0 0 13.4320488913 0.105870829941 13.4320488913 0.105870829941 20.0090147449 9.06350167581 4.28075482654 -2.92 16.1538346421 9.90329549887 2.31451052141 -2.2749641745 2.2862599222 -2.37724210919 5.939886256 0.0716259311324
5.70533799577 5.70533799577 4.49835520344 4.49835520344 3.58849771282 3.58849771282 2.0562983718 0 0 1 366.69047619 1.07391845627 1 8 8 0.714285714286 2 0 2 0 0 0 -1 0 0 0 0 0 0 9.75535588309 0.12037037037 9.75535588309 0.12037037037 11.8471743102 4.16173370531 1.60781471067 -1.22 16.4982852971 9.69083614994 2.50059402776 -2.41491879597 2.50519703365 -2.51245921169 5.49151209814 0.049776579083
6.96186202974 7.76683680704 4.93359310186 5.83654933752 3.5030328762 4.2264974336 1.54345987947 0 0 2 1530.44022989 1.49089886274 1 21 21 0.5 7 0 0 0 0 0 0 0 0 0 0 0 0 4.90567410452 0.82161228689 4.90567410452 0.82161228689 17.2714761563 7.29076056155 3.24953887213 -2.84 32.1371232365 10.2191076657 2.13877858597 -2.21058161548 2.26722887824 -2.28295408241 7.09124394626 0.724025667967
8.3980301048 8.3980301048 7.03477037485 7.03477037485 5.23908524777 5.23908524777 1.76068224477 1 0 0 546.817204301 1.24848950333 1 7 7 0.666666666667 1 1 3 0.333333333333 0 0 0 -1 0 0 0 0 0 9.91213471618 0.248314436886 9.91213471618 0.248314436886 13.6297487883 4.25368829414 1.9496096777 -1.02 16.2547071151 9.58002655262 2.5506214749 -2.57812961667 2.51622794779 -2.66595100473 5.43107128304 -0.945538352055
7.02737555287 9.66720034459 5.10949837374 7.03839288578 3.57305223767 5.06665720204 1.35815480525 0 0 1 2094.49425287 1.38301908159 2 17 11 0.6 3 0 0 0 0 0 0 0 0 0 0 0 0 12.3710653269 -3.55138804607 12.3710653269 0.184095307593 20.4430863632 8.49797316274 4.67757370046 -1.83 35.4967855037 9.9876176193 2.17560191885 -2.25918291635 2.3037563415 -2.36597552805 7.89113248763 0.306573362799
6.50996955975 6.50996955975 5.02099782302 5.02099782302 3.68492985866 3.68492985866 1.74440270537 0 0 1 1100.90588235 1.59570973689 2 24 20 0.578947368421 6 0 0 0 0 0 0 0 0 0 0 0 0 6.15623141849 -0.759344883787 6.15623141849 0.172161176199 15.6944624691 5.7373217718 2.33464512314 -3.54 16.5095059322 9.80071150381 2.46808186996 -2.33499817364 2.51858165247 -2.3068541516 5.77647576328 0.26365483077
6.36376650827 6.36376650827 4.24378900125 4.24378900125 2.7439625254 2.7439625254 1.61866661845 0 0 0 2008.5 1.2791005291 3 23 10 0.555555555556 4 0 0 0 0 0 0 0 0 0 0 0 0 13.6927536226 -0.973530218121 13.6927536226 0.00647873991745 19.3543119135 8.51953225109 4.85105383967 -3.41 19.1454624399 10.105658104 2.07340744673 -2.12352529097 2.22006129619 -2.03303213283 5.88270339821 0.069664661054
11.4649357269 11.4649357269 8.59684272528 8.59684272528 6.78547222079 6.78547222079 1.47065052902 0 0 1 2966.22967033 1.54090528519 2 17 14 0.538461538462 5 1 3 0.333333333333 0 0 0 -1 0 0 0 0 0 13.7585322328 -1.51020130796 13.7585322328 0.00764833711262 24.9324679747 9.95962197501 4.6735525889 -2.74 16.3698630052 9.89362926744 2.44507735351 -2.44552769699 2.43698755268 -2.52078666374 5.96754747766 -0.142527691394
6.13643549638 6.13643549638 4.79571551925 4.79571551925 3.59868352375 3.59868352375 1.41911821501 0 0 1 682.448275862 1.52643678161 1 10 10 0.555555555556 3 0 0 0 0 0 0 0 0 0 0 0 0 5.82693940539 0.713568506042 5.82693940539 0.713568506042 13.0714757767 5.63818306489 2.62056059641 -1.62 16.3623118471 10.000980053 2.26980044243 -2.39265401071 2.25758871846 -2.46381212512 5.69010700817 0.140133326723
8.18286531164 8.18286531164 5.67158670392 5.67158670392 3.67877925053 3.67877925053 1.8978573635 0 0 0 3668.33333333 1.13439153439 2 25 16 0.6 7 0 0 0 0 0 0 0 0 0 0 0 0 14.2409266947 -4.72511091904 14.2409266947 0.0910091096624 26.7200131939 11.2389929484 6.21227512824 -3.88 19.4132150754 9.94736368372 2.31333341606 -2.1580019966 2.31676452669 -2.24274815633 5.94390665635 -0.137341055575
8.11745960838 8.97179650755 6.01793659118 6.67402392297 4.22444570877 4.79911519402 1.32066884258 0 0 0 3285.26666667 1.49150326797 2 21 14 0.538461538462 6 0 0 0 0 0 0 0 0 0 0 0 0 12.9993122024 -4.34786895424 12.9993122024 0.216754930514 24.3479167596 10.2306085196 5.306594195 -2.78 79.9187313536 10.0457275851 2.30767304916 -2.35918251693 2.35095545592 -2.48128595285 9.10395530353 -0.137110905752
9.87278731717 12.0232034542 7.09632878365 8.81766044932 4.9195176628 6.28014324397 1.60458609861 0 0 0 4383.66666667 1.10706252812 3 24 12 0.636363636364 4 0 0 0 0 0 0 0 0 0 0 0 0 13.7101967003 -4.05481401676 13.7101967003 0.061935800491 28.7600415353 12.7420443837 7.45061127815 -3.24 35.4956927309 9.92692771759 2.31647148359 -2.34089657889 2.25245766673 -2.51282609482 7.89168518587 -0.133951508287
7.94328205522 10.0737709004 5.43982056456 7.46986188258 3.51193631003 5.03941979677 1.48232131588 0 0 1 3233.4 1.12762923351 1 23 23 0.545454545455 6 0 0 0 0 0 0 0 0 0 0 0 0 13.0418782535 -0.471616207207 13.0418782535 0.197165365608 24.9097899326 11.0287059886 6.07239315651 -2.2 35.4978804206 10.1293668963 2.21974809733 -2.31703361056 2.30822401002 -2.43379116392 7.12673227446 0.102234162987
6.59349275277 9.30654387611 4.37333909058 6.677574907 2.92562064574 4.87602229699 1.60610706084 0 0 1 2340.2183908 1.47694969719 2 26 19 0.611111111111 7 0 0 0 0 0 0 0 0 0 0 0 0 12.6816577618 -3.79634113264 12.6816577618 0.108410463461 20.7598763773 8.323451274 4.64800204544 -3.5 32.2332889576 10.0736385265 2.15439937628 -2.09329576701 2.31018072639 -2.13386783265 7.92321323574 -0.113737525777
7.5439726729 7.5439726729 5.60568393244 5.60568393244 3.95793402494 3.95793402494 1.5463461156 0 0 2 1417.61494253 1.39503094607 1 15 15 0.571428571429 4 1 1 1 0 0 0 0 0 0 0 0 0 9.81875024559 -0.45167782019 9.81875024559 0.45167782019 17.3206547726 7.25812610279 3.55141947052 -2.1 16.3390976756 9.99991209799 2.19603758443 -2.19309958673 2.28607426785 -2.28343751844 5.83790180971 0.199116432795
11.599558726 12.0359945065 8.61651138116 8.85160848394 6.29916246677 6.47126549072 1.19318135205 0 0 3 7438.41609195 1.54540602039 3 30 24 0.521739130435 8 -1 1 -1 0 0 0 0 0 0 0 0 0 13.4281049984 -3.12076999581 13.4281049984 0.0465434866073 32.316382239 14.0106934429 7.20026433338 -4.63 35.4956928405 9.9545204082 2.329755685 -2.347799465 2.37063326515 -2.46324754996 6.30579564768 -0.133067956094
5.74696980786 5.74696980786 3.67600198338 3.67600198338 2.5319720048 2.5319720048 1.92127186706 0 0 1 1009.97701149 0.93289718777 1 17 17 0.5625 6 0 0 0 0 0 0 0 0 0 0 0 0 5.98871291572 0.461933264046 5.98871291572 0.461933264046 15.3016262755 6.66159276238 3.42688510817 -2.6 16.4772760229 10.0458088267 2.12243853512 -2.12232337718 2.34106606354 -2.15177283588 5.96821515212 0.284077041761
7.48014175519 9.52055708405 5.36932667083 7.05192665043 3.66871272333 4.93268852006 1.50062904776 0 0 1 2563.87356322 1.46046673633 2 23 17 0.5 6 0 0 0 0 0 0 0 0 0 0 0 0 13.1870015656 -3.98394944015 13.1870015656 0.00716360939846 21.6260622829 8.61910820224 4.3665302503 -3.21 35.4956978535 10.183895292 2.18503943943 -2.28408102519 2.2985722548 -2.35806224707 7.92342958522 0.122430484826
6.83044324194 7.23764336868 5.07516688675 5.40249372211 3.44161634938 3.60527976706 1.4879548884 0 0 0 2200 1.19704433498 2 19 11 0.6 6 0 0 0 0 0 0 0 0 0 0 0 0 12.5059874929 -0.225548250751 12.5059874929 0.225548250751 21.0780995502 9.71390020821 5.04772457938 -2.64 35.4956920923 10.1388081561 2.19807793329 -2.361737118 2.2915990428 -2.48156647677 6.33149103234 0.094450875136
8.83959637103 8.83959637103 6.65078777043 6.65078777043 4.75762965078 4.75762965078 1.05035517456 0 0 1 3644.28571429 1.58237840591 2 23 15 0.5 6 0 0 0 0 0 0 0 0 0 0 0 0 5.53030588214 0.963279056843 5.53030588214 0.963279056843 22.3475584369 10.6529200543 5.043173703 -3.45 16.4665126208 10.1191333594 2.18633625345 -2.36210905471 2.2804811032 -2.46269437979 5.88703868888 0.251253300122
4.18398183388 5.16958039353 3.06954950557 4.05514806522 2.1838368637 3.2382530105 2.02064883892 0 0 3 375.478571429 1.27138188609 1 15 15 0.5 5 0 0 0 0 0 0 0 0 0 0 0 0 12.2397656841 -0.0263369236584 12.2397656841 0.0263369236584 10.0174706016 3.52043941688 1.29107370491 -1.95 32.1665015167 10.2536093093 2.19063449338 -1.98051138927 2.26490364908 -2.19394996992 7.97577481661 0.578864894506
11.7577531465 11.7577531465 7.56988484819 7.56988484819 5.50845882844 5.50845882844 1.8396738662 0 0 0 4185.16666667 0.876007586534 4 18 6 0.6 0 0 0 0 0 0 0 0 0 0 0 0 0 13.7760034027 -0.957434820379 13.7760034027 0.0269487229267 29.7120884871 12.3452074077 8.07763919837 -2.84 19.1454405131 9.72858057858 2.41469513934 -2.39828321304 2.35722052595 -2.97096519967 5.73185846832 -0.744762657841
7.40277501642 7.40277501642 5.06272946404 5.06272946404 3.29124389565 3.29124389565 2.15209823939 0 0 0 2900.16666667 0.882728494624 3 19 9 0.625 3 0 0 0 0 0 0 0 0 0 0 0 0 14.0459646288 -4.71369847874 14.0459646288 0.0803501747921 25.1630843055 10.9696855592 6.69910974491 -3.1 19.413212148 9.93031934709 2.31331071645 -2.15239008838 2.30043329562 -2.24365472326 5.94068046341 -0.141687394367
7.86697546977 9.39682041207 5.49016257068 6.45920918707 3.80189987033 4.56256365868 1.55707530868 0 0 1 3052.3 1.31675579323 2 27 15 0.714285714286 6 0 2 0 0 0 -1 0 0 0 0 0 0 13.1334541903 -3.88691681023 13.1334541903 0.0253327821893 23.1487256661 9.08241407487 4.67850371221 -4.02 32.2331176455 9.91009266478 2.37614589574 -2.16194492778 2.28777698298 -2.34281282166 7.88903951781 -0.119800895346
10.2826416014 10.2826416014 7.23168019147 7.23168019147 5.08932429152 5.08932429152 1.83364396811 0 0 1 3955.78014184 1.70541007456 6 24 6 0.6 2 1 3 0.333333333333 0 0 0 0 0 0 0 -1 0 13.7897491468 -1.09211400275 13.7897491468 0.154402264936 30.5796113007 15.5855405312 9.0608091367 -3.96 16.1859162681 10.0286912316 2.39377318403 -2.2969624953 2.24394367706 -2.54430598656 6.38033493311 -0.143214766338
7.0986135859 7.53504936637 5.4299476328 5.68192394814 3.93028338205 4.05627153972 1.31564006727 0 0 1 1424.24260355 1.825519648 2 20 13 0.5 5 0 0 0 0 0 0 0 0 0 0 0 0 6.00269755419 0.789810918683 6.00269755419 0.789810918683 16.6018785372 6.87327656117 3.15490840334 -2.56 35.4956917022 10.1464536489 2.18531700545 -2.35594931267 2.22453222118 -2.4546038893 6.30163621145 0.250442135053
7.77324288841 8.77231365517 5.54341444125 6.72505939385 3.8200363628 4.74364568295 1.56697889977 0 0 1 2729.01904762 1.44314574315 2 25 22 0.52380952381 7 0 0 0 0 0 0 0 0 0 0 0 0 11.7240406415 0.124122602017 11.7240406415 0.124122602017 22.4827368121 9.83253853702 5.03938405984 -3.71 32.1335781658 10.1737220805 2.1825450395 -2.23533212311 2.33610750493 -2.33127116368 7.18613675882 -0.128104114278
6.65528700943 6.65528700943 4.80321384253 4.80321384253 3.37230831587 3.37230831587 1.41189788946 0 0 1 1506.55172414 1.61381275174 2 14 8 0.714285714286 1 0 0 0 0 0 0 0 0 0 0 0 0 13.0253184313 -4.57831817927 13.0253184313 0.237056285732 17.9005917824 6.91350294801 3.79894974055 -2.49 19.4132979084 10.1487652254 2.3960478055 -2.36768123333 2.29286648682 -2.48672621031 5.82778372022 -0.146807094185
8.70548083722 9.14191661769 5.67377589807 5.9257522134 3.71543511746 3.84142327513 1.36489997976 0 0 1 4899.23333333 1.16325272641 4 31 11 0.6 5 0 0 0 0 0 0 0 0 0 0 0 0 12.6910123232 -1.13961842231 12.6910123232 0.0426994983835 26.754280602 12.2937730322 7.36303980836 -4.3 35.495692308 10.1701503874 2.19775181057 -2.2030407469 2.23949362543 -2.36743234304 6.30161727523 -0.137502842064
8.53842750413 8.53842750413 6.42838814195 6.42838814195 4.70949480784 4.70949480784 1.09470871469 0 0 0 2722.14285714 1.21806239737 3 16 7 0.666666666667 1 0 0 0 0 0 0 0 0 0 0 0 0 12.4237673541 0.206342698833 12.4237673541 0.206342698833 20.8559272075 10.5757091897 5.59936387688 -2.4 16.1490956975 9.87456302942 2.20969059607 -2.34934376249 2.29024366269 -2.46431851657 5.76060932856 -0.12160922167
11.2892638059 12.3414626472 8.54678940761 9.75086007001 6.2062913856 7.46280330605 1.23838482823 0 0 1 5435.09166667 1.94070648344 1 28 28 0.407407407407 11 0 0 0 0 0 0 0 0 0 0 0 0 13.3462953201 -0.116351611442 13.3462953201 0.020180186652 28.8749969029 12.6243830679 5.68851384067 -3.87 32.1335058972 10.014773765 2.21944100849 -2.33592588231 2.43860998729 -2.4878911183 7.26066667083 -0.117292990407
7.75058872509 7.75058872509 5.42066099099 5.42066099099 4.01453956627 4.01453956627 2.0370262832 0 1 0 1855.5 0.554131054131 2 11 7 0.666666666667 2 0 0 0 0 0 0 0 0 0 0 0 0 11.46342984 -0.342981535773 11.46342984 0.179506054737 21.5489569161 10.5496831145 5.86319862031 -1.75 16.5465241236 9.58528585746 2.44700820887 -2.49273887113 2.47816271836 -2.54100083669 5.66484523273 0.144887193332
7.9531628028 9.45182558036 6.5044029494 7.90411698872 5.04550619261 6.31899417252 1.52757388887 0 0 2 1456.06666667 1.40987654321 2 17 11 0.6 2 -2 4 -0.5 0 0 0 -1 1 0 0 0 0 13.2833508084 -0.206301911005 13.2833508084 0.206301911005 18.2894781777 7.25183144593 3.17549470847 -1.75 35.4956920892 9.76273422468 2.47155122158 -2.42145792746 2.51653714873 -2.43981199644 7.14765662573 0.13697277529
11.1882367788 11.1882367788 9.47498778391 9.47498778391 7.88884866156 7.88884866156 1.49302432607 0 0 2 2625.7565973 1.71585121294 4 23 8 0.571428571429 3 0 4 0 0 0 -1 -2 1 0 0 0 0 12.7613553601 -1.20983005008 12.7613553601 0.00235544217687 23.6139874774 8.00634815022 2.84533238189 -3.49 16.5327478762 9.48653592997 2.72573953274 -2.61925166468 2.68908732006 -2.73560985659 5.75180015523 -0.167997918424
6.50878241511 8.19118465652 4.39166306975 5.78886203626 3.05859203297 4.10809907913 1.75279947408 0 0 1 1167.12068966 1.18434532734 2 13 7 0.666666666667 1 0 0 0 0 0 0 0 0 0 0 0 0 12.5699074074 -3.54514933443 12.5699074074 0.30589351327 16.9887022106 6.95040023553 3.79097736405 -1.85 32.233271471 10.0991449843 2.18131312989 -2.09949835102 2.25643875104 -2.12810063121 7.92329849337 0.35292548392
10.5850752907 10.5850752907 9.733662152 9.733662152 8.48292418291 8.48292418291 1.55802156497 0 0 1 1733.32897344 1.69103569796 2 17 9 0.625 4 0 6 0 0 0 1 -4 -1 1 0 0 0 11.6621195229 -0.614939767574 11.6621195229 0.0650472411187 20.4713065148 6.40167695982 2.04114971649 -2.9 16.6286350422 9.35215701379 2.79162886052 -2.71557490123 2.76269082621 -2.78234985539 5.66171004633 -0.384516773402
10.4363349701 10.4363349701 8.00104970153 8.00104970153 6.04192767934 6.04192767934 1.25693486559 1 0 1 3073.82051282 1.57677224736 2 23 17 0.625 5 0 0 0 0 0 0 0 0 0 0 0 0 12.5136549464 0.0534563739982 12.5136549464 0.0534563739982 22.3038712973 9.82921444177 4.96650728264 -3.17 16.1494562878 9.85057542837 2.3869403358 -2.37143456684 2.42543555837 -2.41450731868 5.94955382284 0.0950809802242
8.98606402275 8.98606402275 8.12060734512 8.12060734512 6.71912499989 6.71912499989 1.61675461789 0 1 0 837.258652947 1.40913782351 1 7 7 0.666666666667 1 -1 3 -0.333333333333 0 0 0 -1 0 0 0 0 0 10.1882669283 -0.0614677815571 10.1882669283 0.0614677815571 16.138314314 5.71934842667 2.11643146763 -1.06 16.4931275586 9.49080282836 2.63990411624 -2.65417346854 2.59705323361 -2.73036233098 5.47877172729 -0.187427572327
3.98081780449 5.31056518653 2.40691898563 3.43260457417 1.50277705191 2.31466306637 2.1946016974 0 0 0 732.833333333 0.764035087719 2 16 13 0.666666666667 2 0 0 0 0 0 0 0 0 0 0 0 0 10.5531573606 -0.924084710917 10.5531573606 0.106997039557 14.6156103653 6.58283331109 4.1090364371 -1.79 35.4956968263 10.1804600263 2.07229658451 -2.09162299988 2.23059019536 -2.0146564288 7.99317326121 -0.133438080291
7.93741473387 7.93741473387 5.55191795599 5.55191795599 3.77449191931 3.77449191931 1.54692020001 0 0 1 1891.25862069 1.53273880301 1 22 22 0.52380952381 7 0 0 0 0 0 0 0 0 0 0 0 0 4.89459886347 0.420033422291 4.89459886347 0.420033422291 18.6924037675 7.8353608311 3.52249654549 -3.32 15.3256067786 10.0246612496 2.1427709431 -2.28100675424 2.25628286113 -2.43470317329 5.8269807097 0.584198910082
4.67329608722 4.67329608722 3.55826908683 3.55826908683 2.69143423628 2.69143423628 1.79986920489 0 0 2 386.476190476 1.29100529101 1 13 13 0.583333333333 4 0 0 0 0 0 0 0 0 0 0 0 0 5.62686130008 0.625957577475 5.62686130008 0.625957577475 9.99939920346 3.76554747226 1.41495773796 -1.97 16.5625703771 10.1243043677 2.18347746232 -2.18569730856 2.35019449748 -2.14748388104 5.64310197864 0.171433199128
7.93493926663 8.3216375977 5.80821185668 6.18705812419 4.15781285126 4.45476710553 1.38148088772 0 0 1 2290.24285714 0.932775041051 3 20 10 0.666666666667 3 0 2 0 0 0 0 0 0 0 -1 0 0 12.3794129419 -0.199961307181 12.3794129419 0.109222778618 20.6254470465 9.91020969812 5.28533081285 -2.64 32.0920478011 9.93988579363 2.28233751362 -2.387486683 2.23060998736 -2.54088823235 7.79750347409 0.239294681347
8.6215012947 10.3354816513 6.26114019663 7.73049554696 4.26342868249 5.4875400676 1.57766725466 0 0 1 3441.95238095 0.919407763105 3 22 10 0.555555555556 4 -1 1 -1 0 0 0 0 0 0 0 0 0 13.3757611264 -3.95531040365 13.3757611264 0.0242894935752 24.6384676054 10.8456594486 5.9634125397 -3.48 32.2332727865 10.1214163861 2.31276558204 -2.28100476864 2.23802422621 -2.49195368107 7.89172846754 -0.133093887437
8.17370316968 8.17370316968 5.78507769384 5.78507769384 3.95367836642 3.95367836642 1.75385196928 0 0 1 2850.8045977 1.26951052103 3 28 18 0.588235294118 7 -1 1 -1 0 0 0 0 0 0 0 0 0 13.5131404821 -1.02869217607 13.5131404821 0.0815526394468 23.0424886479 9.38936113438 4.49997038038 -4.13 16.514570048 10.0073885469 2.22419066083 -2.12831894613 2.29107334211 -2.22420893193 6.16767557203 -0.143714595951
5.07607159265 5.8612361924 3.70236523215 4.503928359 2.59915348029 2.92958708225 1.89716588264 0 0 0 731 0.909523809524 1 13 13 0.666666666667 2 0 0 0 0 0 0 0 0 0 0 0 0 6.18652655301 0.41766718107 6.18652655301 0.41766718107 14.6391058955 6.64822342557 3.31304178348 -1.29 35.4982619375 9.90806970687 2.20213054069 -2.23861378966 2.37438593547 -2.26418007195 6.42453723354 0.418833923345
8.66738710939 10.5737439742 5.10976544685 7.06655880058 3.38925987708 5.08763553823 1.73985351755 0 0 1 1911 1.04761904762 1 12 12 0.636363636364 2 0 0 0 0 0 0 0 0 0 0 0 0 13.0390565084 -3.47822807009 13.0390565084 0.327778214534 20.9610554615 8.72001572965 5.18687284474 -1.76 32.2334276136 9.92279178897 2.29049788325 -2.18380431421 2.30040445331 -2.27890395584 7.88882912974 0.366453874943
8.66598157691 9.53885313785 6.23269168701 6.73664431769 4.36702188124 4.61899819658 1.56141584163 0 0 0 3576.71428571 1.56048906049 3 30 18 0.588235294118 4 0 0 0 1 1 0 0 0 0 0 0 0 12.8945647556 -4.35648725901 12.8945647556 0.0639982009682 25.0664760216 10.4084192417 5.71235310277 -3.6 35.4967855598 9.84161960778 2.29355681112 -2.1979534449 2.35287234045 -2.03593390302 6.30420878584 -0.137133029021
10.5452065071 10.5452065071 8.77214286859 8.77214286859 7.03981035777 7.03981035777 1.27054084938 1 0 0 1955.33582788 1.71540682177 2 14 7 0.666666666667 2 3 3 1 0 0 2 1 0 0 0 0 0 5.38942818682 0.43473022957 5.38942818682 0.43473022957 19.6678200692 7.84775086505 3.5518859073 -2 16.4653035465 9.52042998094 2.53611872518 -2.58971657523 2.56086612468 -2.60710234512 5.53723565698 -0.0132861440812
6.69646909946 6.69646909946 4.77988393075 4.77988393075 3.4619394111 3.4619394111 1.19621944066 0 0 2 2019.37931034 0.930543275371 2 17 9 0.5 4 0 0 0 0 0 0 0 0 0 0 0 0 13.5915327554 -0.294097204363 13.5915327554 0.216261725078 17.7959188023 7.9625 4.0561795031 -2.6 19.1435247082 10.0885595247 2.18628444065 -2.10891801298 2.35985590942 -2.22162442642 5.8268616988 0.282618556799
7.35873110735 7.35873110735 4.86472209662 4.86472209662 3.08395851189 3.08395851189 1.72636004961 0 0 1 3673.86666667 1.22711484594 4 25 11 0.6 4 0 0 0 0 0 0 0 0 0 0 0 0 14.275746314 -4.45877128221 14.275746314 0.0032702073914 25.5314844662 10.4500235876 6.49138618377 -4.09 19.4132099114 10.1256584199 2.29881585666 -2.19408203359 2.31117095242 -2.34840812639 5.76213150349 -0.138285806501
8.00134226452 8.43777804499 5.60764680111 5.84274390389 3.90713747496 4.07924049892 1.51484677736 0 0 2 3586.4137931 1.10748679714 2 27 24 0.521739130435 8 0 0 0 0 0 0 0 0 0 0 0 0 13.1732966658 -3.10388210174 13.1732966658 0.0886209267658 24.5880751463 10.4840748173 5.36633774963 -4.1 35.4956923168 10.1023399643 2.23717764481 -2.26235661213 2.36824862785 -2.41874843722 6.30574756479 -0.135611004961
9.59742159746 10.4306406996 6.84106370068 7.44772597642 4.58853882007 5.02856897621 1.53071602868 0 0 1 3538.18627451 1.74226703484 2 30 22 0.619047619048 7 -1 1 -1 0 0 0 0 0 0 0 0 0 14.9220604191 -0.913767521199 14.9220604191 0.0041609936113 25.4687545307 9.93991687845 4.51488293128 -4.18 32.1334982454 9.69460348916 2.43922826734 -2.37100656351 2.51546788983 -2.37769890579 7.13035136902 -0.124234334074
7.75634384559 10.0857530213 5.68696047102 7.47280954 3.97896351736 5.45371816399 1.15576089079 0 0 1 2889.34482759 1.35839822024 2 20 12 0.545454545455 6 0 0 0 0 0 0 0 0 0 0 0 0 12.4584468664 0.0431767298014 12.4584468664 0.0431767298014 22.3573713522 10.6520709935 5.69717203786 -1.84 126.912704483 10.1810025321 2.18731358264 -2.36209587018 2.28507089921 -2.46359302166 14.1119192414 0.0956329589644
11.9958752166 14.7934773293 8.10233422847 10.6568710891 5.89633012906 8.37323631618 1.46967899751 0 0 1 4614.77996716 1.22465857663 3 19 9 0.5 3 -1 1 -1 0 0 0 0 0 0 0 0 0 14.0761840533 -4.14664813494 14.0761840533 0.0566287223799 29.8773940904 12.3280916319 6.90277476671 -2.6 32.2332908346 9.81419701031 2.3541372984 -2.34974300929 2.37399492481 -2.51381990841 7.89333818247 -0.133972229118
6.54378749586 8.58932429777 4.8267295323 6.57039668429 3.35925487585 4.57373072807 1.38818360766 0 0 0 1493 1.29666666667 2 12 6 0.6 0 0 0 0 0 0 0 0 0 0 0 0 0 12.9271525825 -0.790810178889 12.9271525825 0.259899709194 18.7131015569 9.03824577461 5.45030410016 -1.07 35.4956919869 9.89329595875 2.22632781171 -2.31547819963 2.28484073866 -2.33934540498 7.91074036634 0.212813345548
9.35316863545 10.1675688889 7.41565722491 8.10406932072 5.87531521962 6.35348092319 1.59532154979 0 0 1 2139.56410256 1.35499222999 4 21 6 0.6 0 -1 3 -0.333333333333 0 0 0 -1 0 0 0 0 0 12.9267923458 -0.762352843915 12.9267923458 0.0955985974637 22.3950816933 8.75089129523 3.84284029477 -2.4 35.4967855717 9.70347980883 2.54644182834 -2.47943601224 2.51828315702 -2.55713716537 6.31944917119 -0.126778387449
5.84430746474 6.28074324522 4.31492225105 4.56689856639 2.90962800426 3.03561616193 1.45890383539 0 0 0 1113 1.26086956522 2 15 8 0.714285714286 2 0 0 0 0 0 0 0 0 0 0 0 0 12.155465581 0.227528554632 12.155465581 0.227528554632 16.0331778034 7.62231055581 4.33547663341 -1.84 35.4956914954 10.0854655727 2.17585503722 -2.3561708059 2.19148876721 -2.46454496788 6.30161995572 0.0962330757542
8.11314769373 8.11314769373 5.90153551103 5.90153551103 4.57771332462 4.57771332462 1.33178425549 0 0 3 1917.66666667 1.5846743295 2 21 14 0.461538461538 5 0 0 0 0 0 0 0 0 0 0 0 0 13.8168363433 -0.428582241539 13.8168363433 0.118703703704 18.7205415722 7.19495087207 3.31736343724 -3.29 19.1421475113 10.012 2.42541480452 -2.22511665018 2.34458172816 -2.33735499405 5.99765883019 0.0782758115588
8.91768484324 8.91768484324 6.59689094625 6.59689094625 4.93593240843 4.93593240843 1.16716147654 0 0 2 2452.6091954 1.50406624645 2 19 10 0.444444444444 5 1 3 0.333333333333 0 0 0 -1 -1 0 1 0 0 10.6505430952 -0.517059842915 10.6505430952 0.298756309878 20.1599213098 8.40456009309 4.20508462196 -2.76 16.4896796897 9.85090100781 2.27724095251 -2.38458064672 2.33248818923 -2.44886926817 5.86189303533 0.0405596307444
5.67256057877 5.67256057877 4.04661123724 4.04661123724 2.75037919268 2.75037919268 1.33852951844 0 0 0 1217 1.2371541502 2 14 7 0.666666666667 2 0 0 0 0 0 0 0 0 0 0 0 0 12.8015192874 -0.233215918439 12.8015192874 0.233215918439 15.7441906573 7.92287883308 4.66263577426 -2.14 19.1421434681 10.2533645361 2.16665830776 -2.34875854149 2.13379598243 -2.46618999241 5.37651930103 0.224100540098
9.73363265077 9.73363265077 7.15933832396 7.15933832396 5.29023502986 5.29023502986 1.11964003421 0 0 0 3509 1.25946969697 3 17 8 0.571428571429 2 0 0 0 0 0 0 0 0 0 0 0 0 12.501611549 0.204974123625 12.501611549 0.204974123625 23.6222521629 11.5532763529 6.28784138343 -2.53 16.1491003729 9.87456291306 2.21445294164 -2.37293803468 2.29833902697 -2.46506026649 5.76129673044 -0.121609764325
7.62102548687 7.62102548687 5.13398318735 5.13398318735 3.25822879508 3.25822879508 1.54324659474 0 0 1 3751.76666667 1.27492572787 4 24 11 0.6 3 0 0 0 1 1 0 0 0 0 0 0 0 13.114344721 -1.0338764568 13.114344721 0.211181297041 24.8838561385 11.9216460787 6.87205933539 -3.75 19.1431478542 9.95359189911 2.21910514634 -2.12438014912 2.22666822704 -2.24068723775 5.99695136633 -0.138933743454
7.54019851709 7.54019851709 5.17578027944 5.17578027944 3.71783142245 3.71783142245 1.53664043961 0 0 3 1797.77889447 1.7706232311 1 22 22 0.571428571429 7 0 0 0 0 0 0 0 0 0 0 0 0 9.09977891024 0.0595044520319 9.09977891024 0.0595044520319 18.5611396779 7.41624309776 3.16573531747 -3.46 16.4786167945 10.05588346 2.2178627542 -2.08663385474 2.36323160894 -2.05601433467 5.74143835915 0.269184467739
4.60555459219 4.60555459219 3.07543266541 3.07543266541 1.83989760924 1.83989760924 2.87170186299 0 0 0 362 0.466666666667 1 8 8 0.571428571429 1 0 0 0 0 0 0 0 0 0 0 0 0 11.7878779289 -1.07125 11.7878779289 0.407407407407 12.6784462697 4.63424259425 2.229701432 -1.39 16.1975406653 9.76131105122 2.47771356219 -2.32930386987 2.31649392298 -2.61754987881 6.18618354074 -0.14492227831
2.13782036012 2.13782036012 1.2616672736 1.2616672736 0.715356789468 0.715356789468 2.53006045688 0 0 0 84 -1.85565848402e-15 0 0 0 0 0 0 0 0 0 0 0 0 0 0 0 0 0 8.36558673469 0.364795918367 8.36558673469 0.364795918367 7.96 6.96 5.96 -0.04 16.2499236641 10.1569274093 1.83554939468 -1.93020102024 1.99929191544 -1.81237192233 4.38629622034 0.282260801186
7.42723830878 9.14953334082 4.87598359288 6.12027419068 3.20895375707 4.40281691414 1.69860956139 0 0 0 2944.83333333 0.859206989247 4 23 8 0.571428571429 2 0 0 0 0 0 0 0 0 0 0 0 0 12.8552881344 -3.7952689514 12.8552881344 0.101872129961 23.2376868642 10.2528535742 6.28603878688 -3.43 32.2332286673 10.1198840193 2.16314834886 -2.13655919373 2.10635860789 -2.34214834335 7.9146672252 -0.121437339415
4.53434612734 4.53434612734 3.23676765021 3.23676765021 2.24580456718 2.24580456718 1.51691308 0 0 1 494.833333333 0.568055555556 1 6 6 0.6 0 0 0 0 0 0 0 0 0 0 0 0 0 3.51909297052 1.09509259259 3.51909297052 1.09509259259 11.6203078392 6.66432660843 3.95073141355 -0.86 15.1470712151 10.1480696521 2.09107780763 -2.14088591126 2.0496185859 -2.30417222331 5.14230434267 0.336240798676
5.08122753249 5.99690306129 3.50215516457 4.03082067761 2.54424517633 2.80857793285 2.06886691577 0 0 1 820.022988506 1.07782256058 2 19 16 0.6 4 0 0 0 1 1 0 0 0 0 0 0 0 13.4717969077 -0.924673227673 13.4717969077 0.116933369027 14.7254271526 5.89038408291 3.01799307958 -2.2 79.9187311556 10.0107924352 2.2026877832 -2.03944329554 2.38017580291 -1.95875865199 9.10299599056 -0.135278008509
9.65819919603 9.65819919603 7.24512195968 7.24512195968 5.14047756935 5.14047756935 1.57023774487 0 0 0 3353 1.51587301587 2 22 16 0.666666666667 4 0 0 0 0 0 0 0 0 0 0 0 0 12.8445300217 -0.519825971249 12.8445300217 0.0726137269463 25.9284124928 12.1980230058 6.15093327866 -3.15 16.2651008858 9.98993784173 2.26693808721 -2.39907406208 2.33790995397 -2.42536494882 5.94270440664 0.0772732465329
9.88033345178 10.7158826107 7.19657057885 7.71296835834 5.07572843822 5.58345230424 1.38771287549 0 0 1 3413.40229885 1.38587848933 2 18 10 0.555555555556 5 0 0 0 0 0 0 0 0 0 0 0 0 13.269386246 0.125861916731 13.269386246 0.125861916731 25.70513314 11.5698560794 5.72352963818 -2.38 32.166378984 10.0068691389 2.2601354784 -2.33690311434 2.28878612776 -2.39456851554 7.97157702017 0.108728213036
9.72714872455 9.72714872455 7.03712899524 7.03712899524 4.2988072789 4.2988072789 1.88611081338 0 0 0 3275.40031153 1.79743910167 5 24 9 0.625 2 0 4 0 -1 1 1 0 0 -1 0 -1 -1 13.4842635203 -0.789590183296 13.4842635203 0.0533645353811 28.9140939286 14.3307887543 7.92238852319 -3.65 16.4779914086 9.96978583137 2.32267751183 -2.3192448529 2.19349621231 -2.57010280488 5.92662437465 -0.141272949923
10.4681055698 11.072316777 7.64485330708 8.16070182489 5.37816915089 5.8206776367 1.23755184765 0 0 2 4235.2816092 1.51738035676 3 23 10 0.555555555556 5 0 0 0 0 0 0 0 0 0 0 0 0 13.5668692392 0.0290563611752 13.5668692392 0.0290563611752 26.437640269 11.6979162444 5.63485173862 -3.17 32.1370440344 10.0068688211 2.26412327123 -2.3369001888 2.28864000121 -2.39546662022 7.02756791251 0.108717438134
9.03999567745 9.03999567745 6.54944328737 6.54944328737 4.65354978698 4.65354978698 1.15825523385 0 0 0 3560.40952381 1.73040416166 2 26 15 0.642857142857 6 0 0 0 0 0 0 0 0 0 0 0 0 13.4212359408 -0.417858453437 13.4212359408 0.308732976317 22.9944481997 10.2369226452 5.49225121215 -3.77 19.1421478223 10.0942149065 2.18577062512 -2.36257230916 2.2672541218 -2.46587241025 6.0382032685 0.102163048781
6.08086839383 6.08086839383 4.44710277194 4.44710277194 3.11881229074 3.11881229074 1.35225903011 0 0 1 1158.1 1.49601449275 2 18 11 0.6 3 0 0 0 0 0 0 0 0 0 0 0 0 4.73095657669 0.893068704334 4.73095657669 0.893068704334 14.9023639093 6.84435767675 3.30874848044 -2.66 15.2641347809 10.1973501512 2.17870427128 -2.35063466258 2.17576083265 -2.45556343919 5.54215920719 0.247201854575
7.62695978325 7.62695978325 4.33358027553 4.33358027553 2.84043701889 2.84043701889 2.0294964847 0 0 1 2639.16666667 0.551340996169 3 20 10 0.555555555556 4 0 0 0 0 0 0 0 0 0 0 0 0 13.2483991665 -0.115557449551 13.2483991665 0.0263967361636 23.1221954684 11.7477974302 8.06456119826 -3.16 16.629796388 10.0747099549 2.18137165116 -2.23488517354 2.20234591854 -2.3176122349 5.94444981388 0.0734199473819
8.45966753847 8.45966753847 6.08873614171 6.08873614171 4.22272177242 4.22272177242 1.3095682972 0 0 1 2848.20689655 1.61892633229 1 22 22 0.47619047619 7 0 0 0 0 0 0 0 0 0 0 0 0 13.832457365 -0.30551629107 13.832457365 0.30551629107 21.5502112492 9.68472762258 4.89145619839 -3.29 19.1421477538 10.2243668412 2.16029565932 -2.31733052943 2.28573270005 -2.44389921968 5.82294036414 0.145263839719
4.3616946629 4.3616946629 3.0929599306 3.0929599306 2.09241544406 2.09241544406 2.19854747004 0 0 0 408.80952381 1.25614690321 1 17 17 0.625 5 0 0 0 0 0 0 0 0 0 0 0 0 5.6760486934 0.548896604938 5.6760486934 0.548896604938 10.7162974525 4.10918773891 1.79726068519 -2.42 14.810510562 10.0033663487 2.03015248215 -2.06406418211 2.25926552995 -1.89392794392 5.87926564197 1.2865324628
7.04800963591 7.90234653508 5.31947927197 6.09309813763 3.67486152127 4.08335743457 1.46632000363 0 0 0 1604 1.29538461538 2 14 7 0.666666666667 2 0 0 0 0 0 0 0 0 0 0 0 0 5.36854775421 0.755995775108 5.36854775421 0.755995775108 19.2473807285 9.42591423912 5.24246215258 -1.52 79.9187312232 9.89711805914 2.19949568681 -2.31877173382 2.28418134142 -2.3527707512 9.10322202992 0.185470109262
3.80209514058 3.80209514058 2.7126094005 2.7126094005 1.66655703518 1.66655703518 2.27512419549 0 0 0 349.666666667 1.08611111111 1 12 12 0.636363636364 2 0 0 0 0 0 0 0 0 0 0 0 0 5.5625703281 0.589673992467 5.5625703281 0.589673992467 10.8638791233 4.92365769779 2.29553712919 -1.64 14.5199057862 10.0242762072 1.9720043586 -2.03884861047 2.19657483396 -1.95744437379 5.63437417356 1.06937947199
3.75521827214 3.75521827214 2.66797329092 2.66797329092 1.83572171719 1.83572171719 2.19244666374 0 0 0 290.547619048 1.2121031746 1 16 16 0.6 4 0 0 0 0 0 0 0 0 0 0 0 0 4.64546296296 1.02712962963 4.64546296296 1.02712962963 9.10327150235 3.77952259267 1.56563007668 -2.15 14.6893258614 10.1036156111 1.98945742482 -2.01993554191 2.1963294553 -1.83657322147 5.80849331979 1.39880760509
6.01918207271 6.79921538706 4.55292026101 5.23615452193 3.00748900725 3.67249163489 1.56154958411 1 0 1 975.333333333 1.36627140975 2 19 11 0.6 4 0 0 0 0 0 0 0 0 0 0 0 0 11.8560259942 -0.0917076766427 11.8560259942 0.0917076766427 14.2087331227 5.35034717839 2.57044827177 -2.4 32.1333872412 10.0293094552 2.40535174091 -2.05667732853 2.53566433636 -2.21099295021 7.07810659985 0.813471110259
8.9110283319 8.9110283319 6.4142778139 6.4142778139 4.71178626147 4.71178626147 1.33431296913 0 0 0 3337.03809524 1.31900517783 2 21 14 0.615384615385 6 0 0 0 0 0 0 0 0 0 0 0 0 14.0324089473 -0.415717687817 14.0324089473 0.0761817158694 23.9510914429 10.3855829135 5.14471657679 -3.19 19.1422171732 9.98463599782 2.20667576875 -2.35788033505 2.34496173319 -2.46484599946 6.04484371808 0.100855099505
11.1217014143 11.1217014143 7.16593761808 7.16593761808 5.16169832663 5.16169832663 1.44456113539 0 0 1 3495.4683087 1.90019773468 3 26 13 0.583333333333 7 0 0 0 0 0 0 0 0 0 0 0 0 7.84625011527 -0.128833550854 7.84625011527 0.0799419463801 24.8080705638 9.53982743347 5.16752053608 -3.87 16.489694159 9.95181188251 2.24495609057 -2.32350839414 2.30735071042 -2.39940684434 5.98802405241 0.130443984787
8.07106196222 8.07106196222 6.19848995646 6.19848995646 4.41898821726 4.41898821726 2.1113689534 0 0 0 1136.83333333 0.888285024155 1 7 7 0.666666666667 1 3 3 1 0 0 1 1 1 0 0 0 0 9.92190285525 0.165173807949 9.92190285525 0.165173807949 19.3066553098 8.89482387657 4.53381327058 -1.02 16.2546929589 9.6507097016 2.41679760531 -2.49639462072 2.43136530133 -2.52541027312 5.3367979741 0.0482828500818
9.40891769297 9.40891769297 7.3792762161 7.3792762161 5.67341460994 5.67341460994 1.32138935347 0 0 1 3082.23076923 1.15675990676 3 18 9 0.625 2 1 3 0.333333333333 0 0 0 -1 0 0 0 0 0 12.3494056863 -0.434055786334 12.3494056863 0.1865173462 23.4579146714 10.946581362 5.81128219731 -2.7 16.269922291 9.84169181359 2.40560385588 -2.39882618647 2.42539585594 -2.47119840301 5.92453126454 -0.134208322836
5.56978124665 5.56978124665 3.5427228275 3.5427228275 2.59005877839 2.59005877839 1.95446570546 0 0 2 722.344827586 1.17599641738 1 19 19 0.5 7 0 0 0 0 0 0 0 0 0 0 0 0 4.68589852608 0.302326415134 4.68589852608 0.302326415134 12.8209469306 4.83615384447 2.00085161386 -2.89 15.1826822022 10.1011492973 2.153826167 -2.11120755728 2.29938342145 -2.1186168938 5.8604992172 0.88377114641
6.48589848065 7.77364438201 4.18640652326 5.13070478997 2.75611464271 3.62450266203 1.67501792334 0 0 1 2378.96666667 1.4230651341 3 22 11 0.6 4 0 0 0 0 0 0 0 0 0 0 0 0 12.7347042404 -4.37401358083 12.7347042404 0.19534829827 21.6343832874 8.74430498969 5.2938426745 -3.07 32.1335678994 10.0863235861 2.29703718722 -2.09478523875 2.32930695724 -2.09600141392 7.11521933259 -0.139200382826
7.87455323595 8.71818914316 5.32219366263 5.85266033063 3.61598483877 4.07903324017 1.55986371495 0 0 1 3824.43333333 0.970740740741 3 30 20 0.526315789474 7 0 0 0 0 0 0 0 0 0 0 0 0 13.3290719581 -0.879281014011 13.3290719581 0.00249351430855 25.2879248687 11.7486497189 6.24304624035 -3.81 35.4968371154 9.98935723978 2.24885251247 -2.10131426411 2.32700815941 -2.28271376157 6.35052102393 -0.136478126304
5.2767580866 5.71319386707 3.80255037042 4.03764747321 2.72211232916 2.8809001855 1.88174114286 0 0 1 737.666666667 0.825396825397 2 13 7 0.666666666667 1 0 2 0 0 0 -1 0 0 0 0 0 0 13.9883985261 -0.421863662132 13.9883985261 0.155670823885 14.361160778 6.45803791499 3.36450525047 -1.58 35.4956914188 9.94554607469 2.28176878619 -2.24763263089 2.3322157425 -2.21304956204 6.30129468899 0.137998187859
5.09618822319 5.09618822319 3.42131280046 3.42131280046 2.29898526646 2.29898526646 1.5005617982 0 0 0 1072.23333333 1.05526695527 2 18 11 0.6 4 0 0 0 0 0 0 0 0 0 0 0 0 11.238122278 -0.315120105963 11.238122278 0.315120105963 14.351582035 6.91367345654 3.73907416657 -2.59 16.3919077237 10.1365429918 1.9919422993 -2.07847570171 2.13326457452 -2.21250916105 5.76340558808 0.559850263285
6.55468290806 8.01408187612 4.66186686108 6.16893046701 3.27482610822 4.62568692371 1.7996484706 0 0 1 1361.49425287 1.34617021973 1 19 19 0.5 7 -1 1 -1 0 0 0 0 0 0 0 0 0 13.4978121321 -0.524146685423 13.4978121321 0.0600317675917 18.1576867613 7.42035779976 3.6255223043 -2.22 35.4956923878 10.0739538447 2.19222229068 -2.24220700174 2.38890821803 -2.38188620051 7.22311840671 0.100147283734
6.64757823941 6.64757823941 4.83659171847 4.83659171847 3.4219277014 3.4219277014 1.5126146412 0 0 2 1279.9954023 1.513348659 1 17 17 0.625 5 0 0 0 0 0 0 0 0 0 0 0 0 9.59995828049 -0.175321211791 9.59995828049 0.175321211791 15.8909646288 6.71554285612 3.43443387044 -2.61 16.3391386429 10.0268547704 2.19502348543 -2.12539314185 2.27079176881 -2.23864512589 5.83744047687 0.176021617083
12.0758982904 12.0758982904 10.8595032002 10.8595032002 9.22690031668 9.22690031668 1.34489183762 1 0 1 2197.54647245 1.56882945806 2 11 8 0.571428571429 2 1 7 0.142857142857 0 0 1 -3 0 0 -1 0 0 12.4909464223 -0.922811599968 12.4909464223 0.0194631834215 22.3369149804 7.34018169875 2.63909886596 -1.87 16.5556373787 9.34520903694 2.80123661404 -2.73620189533 2.76182206634 -2.81231913754 5.8114218383 -0.275632854691
17.5469992394 21.5183118089 13.7107916099 16.8020986328 10.0961597394 12.3011247009 0.963152931537 0 0 1 24371.7371795 1.81267024605 4 34 22 0.428571428571 8 -2 2 -1 0 0 1 0 0 0 0 0 0 13.5816576791 -4.95011503524 13.5816576791 0.0287824388112 51.3040927093 22.0351102176 11.2229904672 -4.55 35.4982682608 9.75941850585 2.49526678622 -2.4156616322 2.47683225102 -2.48972044592 7.89301222814 -0.153175387164
13.5830468094 13.5830468094 11.9612469772 11.9612469772 10.1047139019 10.1047139019 1.14006628098 1 0 1 3625.37395957 1.63285389798 3 17 8 0.571428571429 2 1 7 0.142857142857 0 0 1 -3 0 0 -1 0 0 13.2242641661 -0.596515303671 13.2242641661 0.0403560982601 25.1275002671 8.6973315805 3.19866526521 -2.61 16.555613125 9.34520721909 2.80137108451 -2.73620897763 2.76200818091 -2.81229638458 5.8142920125 -0.275630029899
7.26654030814 8.31529509812 4.89072242486 5.93333145314 3.26085971728 4.24425617618 1.62036970612 0 0 0 3333.66666667 0.784722222222 5 27 9 0.625 2 0 0 0 0 0 0 0 0 0 0 0 0 12.5416607958 -1.01853890405 12.5416607958 0.00237785546317 24.0701310148 11.8745632781 7.21930960002 -3.58 32.1665364063 10.0818359097 2.24043858376 -2.15802348882 2.25427551977 -2.30773773138 7.98149120545 -0.165058080356
10.7744077947 10.7744077947 8.59463249072 8.59463249072 6.35655713944 6.35655713944 0.99367024236 0 0 3 4851.68965517 1.81418400112 3 25 10 0.555555555556 6 0 0 0 0 0 0 0 0 0 0 0 0 13.2295542875 -0.42882923511 13.2295542875 0.0709073921728 25.4955995679 10.7681836884 4.89156712604 -3.78 16.4676645282 9.88827285753 2.39710991809 -2.31679157817 2.36522742576 -2.34615084509 6.07590131126 -0.13829794556
5.45677121146 5.45677121146 3.94938857846 3.94938857846 2.9531056873 2.9531056873 2.06911482127 0 0 0 465.276190476 1.13873572821 2 12 6 0.6 0 0 0 0 0 0 0 0 0 0 0 0 0 13.4280544533 -0.123889649996 13.4280544533 0.123889649996 12.3682206398 4.78164516977 2.28244818416 -1.67 19.1421866998 9.84190236466 2.24026299054 -2.32325954638 2.32862248735 -2.30458025252 5.40972253005 0.294866533346
9.65479345557 9.65479345557 7.2887649839 7.2887649839 5.41751361971 5.41751361971 1.16739358355 0 0 2 3051.5 1.88487394958 2 28 15 0.5 7 0 0 0 0 0 0 0 0 0 0 0 0 13.579845675 0.129120337794 13.579845675 0.129120337794 21.5371143711 8.98764364542 4.18459933929 -3.99 16.1532003391 9.97829315113 2.42364349735 -2.22747001129 2.34832455119 -2.33595905163 6.00670698694 0.0783069934594
43.7704822114 45.2310756981 28.0898041193 29.550397606 17.7704495669 18.7988887072 1.47439134317 0 0 1 436706.873563 0.142794747523 32 109 9 0.5 3 -13 23 -0.565217391304 0 0 0 0 2 0 0 4 67 14.8939938386 -2.046433943 14.8939938386 0.0705383809699 156.107983765 81.4696950269 57.4472712542 -17.13 32.120227998 9.96713904404 2.43332757418 -2.29180434496 2.22983774316 -2.61537657253 7.80381043226 -0.142449010667
8.29605211232 8.29605211232 8.00590898326 8.00590898326 7.82107460081 7.82107460081 1.17306758621 0 1 4 725.052713178 1.11879660391 1 6 6 0.6 0 -1 1 -1 0 0 0 0 0 0 0 0 0 13.2333736943 -0.103588225414 13.2333736943 0.103588225414 11.6476957873 3.70853715205 1.24218485094 -0.89 19.1421434404 9.58651117182 2.796238288 -2.47683622846 2.82294954202 -2.5113915845 5.29072030453 0.00989020463475
8.20492710977 8.64136289024 5.7263971872 5.96149428999 4.10104125554 4.28131817144 1.54512449598 0 0 0 2727 1.37310606061 2 24 16 0.533333333333 6 -1 1 -1 0 0 0 0 0 0 0 0 0 12.3073394336 -1.07923180566 12.3073394336 0.0534501466514 22.8204354095 9.64063377655 5.34953698623 -3.36 35.4956920551 10.0336959611 2.23170563438 -2.3331356909 2.29530998498 -2.41217809103 6.30235537219 0.0693838840097
14.0725003735 14.0725003735 11.7502448247 11.7502448247 9.5346762225 9.5346762225 1.16685595816 1 0 1 4026.788319 1.89392212735 2 20 12 0.636363636364 4 0 4 0 0 0 -1 -2 1 0 0 0 0 11.162467893 -0.434010770975 11.162467893 0.247461237764 26.4702425386 10.0479238059 3.98518616916 -2.93 16.5265341263 9.48359891307 2.73494378822 -2.64455084681 2.69307269413 -2.75243162176 5.67309460796 -0.205726106134
6.45628837459 9.08134445722 4.19442981359 6.40642018718 2.6116637392 4.43730051807 1.69493529326 0 0 1 2968.56666667 0.887970430108 4 26 8 0.571428571429 5 0 0 0 0 0 0 0 0 0 0 0 0 12.67265418 -4.04295643042 12.67265418 0.0715054343748 22.9636792496 9.61553265972 5.5004100247 -3.71 32.2332889656 10.334562195 2.17641877394 -2.11053660108 2.18678982225 -2.32755312673 7.92333754248 -0.121402355153
7.69111455052 7.69111455052 5.8027106017 5.8027106017 4.30410101237 4.30410101237 1.33834198304 0 0 3 1908.83333333 1.57049808429 2 21 14 0.461538461538 5 0 0 0 0 0 0 0 0 0 0 0 0 14.6180695494 -0.593820963534 14.6180695494 0.0249793527247 18.589261338 7.11751785221 3.08011695665 -3.43 19.1435955414 10.012 2.42944854078 -2.22523882312 2.33950227783 -2.34520188523 5.97815359478 0.0777243030609
3.29491596807 3.29491596807 2.35232007057 2.35232007057 1.50847121413 1.50847121413 2.68800578665 0 0 1 217.166666667 0.734432234432 1 12 12 0.545454545455 3 0 0 0 0 0 0 0 0 0 0 0 0 11.6034297052 0.0103703703704 11.6034297052 0.0103703703704 8.81183347245 3.17813583495 1.26672532884 -1.77 16.1427995553 10.3089929511 2.04601539011 -2.06996547821 2.04475255533 -2.18405216293 5.30332644007 0.629726123359
8.02358333463 8.02358333463 5.54296312914 5.54296312914 3.75894601385 3.75894601385 1.33373811702 0 0 2 2988.23333333 1.36041666667 4 25 11 0.6 2 0 0 0 0 0 0 0 0 0 0 0 0 11.6749818115 -0.913814450337 11.6749818115 0.365717952092 21.5578302623 9.64152845466 5.13993178354 -3.67 16.4627358931 9.95209351249 2.24214259048 -2.09461523487 2.24045400482 -2.13428499207 5.7519800383 -0.138806649968
6.64837307442 8.85176208567 4.39858522819 6.12749348328 2.76479173633 3.92262512176 1.53462202812 0 0 0 2623.16666667 1.10536398467 3 22 9 0.625 3 0 0 0 0 0 0 0 0 0 0 0 0 12.326046391 -3.57716080539 12.326046391 0.0294960045766 21.8296937978 9.7545439067 6.06196750675 -2.87 35.4956922609 10.1216835586 2.12607156479 -2.09794407307 2.16859243563 -2.25477637055 7.89107351162 0.30567829786
2.29998609847 2.29998609847 0.695705769029 0.695705769029 0.574914957131 0.574914957131 3.12600665239 0 0 0 48 -1.04678170893e-15 0 0 0 0 0 0 0 0 0 0 0 0 0 0 0 0 0 10.2541666667 0.287037037037 10.2541666667 0.287037037037 6.67 2.7794902324 5.67 -0.33 16.137215823 10.0975991541 1.94807879571 -1.95129622597 1.97288271826 -1.94950661299 5.75046271624 -0.117164906538
5.49030068378 7.01051342073 3.57479494192 4.94016042354 2.58841169651 3.83086207291 1.94376326584 0 0 0 679.539215686 1.03076563959 1 13 13 0.583333333333 2 0 0 0 0 0 0 0 0 0 0 0 0 6.20938393207 0.797537687915 6.20938393207 0.797537687915 14.7638014733 6.30437241038 3.20327043929 -1.16 35.4956917267 10.1748626777 2.22419978982 -2.32832888522 2.48114912818 -2.24864577195 7.99377360092 0.402148609275
6.19875939875 6.19875939875 4.43363899611 4.43363899611 3.25495187819 3.25495187819 1.44064873952 0 0 2 938.8 0.929523809524 2 10 5 0.5 0 0 0 0 0 0 0 0 0 0 0 0 0 4.34771778156 0.821024027596 4.34771778156 0.821024027596 14.2941175019 7.38448759897 4.41041956533 -1.65 15.4169127752 9.95262141077 2.14149367549 -2.10439542406 2.24822217214 -2.03266380572 4.95702085635 0.452904731594
7.67398668084 8.48838693432 6.13369560357 6.8727248823 4.59258745427 4.89911824217 1.65911636252 0 0 0 1191.75 1.45307692308 2 15 8 0.714285714286 2 0 2 0 -1 1 0 -1 0 0 0 0 0 9.93971536298 0.17152552945 9.93971536298 0.17152552945 17.9101095187 6.91925601702 3.26474010164 -1.48 35.4982622085 9.61797859068 2.44068018906 -2.50677373516 2.48820012134 -2.50646491665 6.41577759501 0.107634854448
9.95935691492 10.7737571684 7.81799954533 8.50641164114 6.23793113199 6.71609683556 1.55704242072 0 0 1 2840.44871795 1.38976393976 4 22 7 0.666666666667 1 -1 3 -0.333333333333 0 0 0 -1 0 0 0 0 0 11.9653328702 -0.258145077475 11.9653328702 0.0253014000723 25.0664760216 10.4084192417 4.72111620158 -2.6 35.4967859011 9.70749522949 2.52021839173 -2.49351728207 2.51857260564 -2.54542205452 6.31942074899 -0.119015513587
13.1884185124 13.1884185124 11.1224562474 11.1224562474 9.18415301477 9.18415301477 1.31785388767 1 0 2 3037.7731036 1.9551547517 3 25 11 0.6 4 -1 3 -0.333333333333 0 0 0 -1 0 0 0 0 0 13.301881075 -0.987350599962 13.301881075 0.0282367363076 24.0958493294 8.26890615494 3.08534514564 -3.54 16.5080117712 9.48510194289 2.72872786748 -2.62622159392 2.6929809996 -2.74241625808 5.75300066534 -0.173391781158
7.88248173525 9.08567664725 5.857200199 6.91934959591 4.27328851989 5.22948510976 1.21973607408 0 0 3 2508.19310345 1.58022988506 3 23 13 0.583333333333 5 -1 1 -1 0 0 0 0 0 0 0 0 0 11.0360110573 -0.738957000628 11.0360110573 0.119265270625 19.8770422548 8.22718691731 4.09869144996 -3.06 32.133567987 9.97827953375 2.24605435159 -2.10460439494 2.38429135723 -2.04142528389 7.14655772334 -0.136978420295
6.87840673096 10.3602916683 5.01423730933 8.47433461857 3.48313239617 6.23150159014 1.56806218478 0 0 1 1698.09770115 1.12937116098 1 14 14 0.615384615385 3 0 0 0 0 0 0 0 0 0 0 0 0 12.8557980218 -3.65797111238 12.8557980218 0.11071670026 19.8486678348 8.11928112243 3.97172820095 -1.45 35.4956927596 9.99148920094 2.27031093432 -2.25840701739 2.31632421339 -2.40142360707 7.8874610401 0.0730118644092
5.44974161378 5.44974161378 3.64986619105 3.64986619105 2.44987361411 2.44987361411 1.42699157801 0 0 0 1279.18095238 1.02300018822 2 18 11 0.6 4 0 0 0 0 0 0 0 0 0 0 0 0 11.2547397638 -0.310559690429 11.2547397638 0.310559690429 15.3112399442 7.60576781543 4.43794299806 -2.59 16.3919090486 10.1353176233 1.99273265981 -2.07601281183 2.13385897716 -2.17224080377 5.76339265113 0.559676410135
6.85277805197 6.85277805197 4.94141081373 4.94141081373 3.38147822942 3.38147822942 1.67000480578 0 0 1 1559.33333333 0.642051282051 3 16 7 0.666666666667 1 -2 2 -1 0 0 0 0 0 1 0 0 0 12.7647556847 -0.25724231236 12.7647556847 0.0355802259175 18.4219507612 8.82861563633 4.83598059369 -2.37 16.2686430066 10.0487017778 2.27396996098 -2.31955708021 2.22894766546 -2.4075845717 5.80678663894 -0.130129166569
7.19493913753 7.19493913753 5.27562868053 5.27562868053 3.83199792911 3.83199792911 1.42905628112 0 0 1 2001 1.19047619048 3 16 8 0.571428571429 2 -1 1 -1 0 0 0 0 0 0 0 0 0 12.2520585965 -0.69963178823 12.2520585965 0.0654723952002 20.1327099616 9.05390680205 4.61795495394 -2.61 16.4665479469 10.1893883634 2.38093431379 -2.36348332324 2.27878159297 -2.47075064983 6.06258278183 -0.139288413745
4.05996546 5.85529380005 2.67700506963 3.91382675611 1.74692209046 2.56366629422 2.21035704642 0 0 0 607.666666667 0.90253411306 1 13 13 0.666666666667 2 0 0 0 0 0 0 0 0 0 0 0 0 5.94644557823 0.775465036323 5.94644557823 0.775465036323 14.4393434351 6.98489679265 3.99548089137 -0.97 79.9187311132 10.1714849562 2.05134279714 -2.11474659886 2.28736659001 -2.05929669363 9.10300328274 0.473532125126
7.24103147424 8.92343371565 4.87283401552 6.22767988716 3.15482758082 4.21803495248 1.68641268986 0 0 1 2524.8 0.917741935484 3 27 15 0.571428571429 5 0 0 0 0 0 0 0 0 0 0 0 0 13.0646225875 -3.94445190303 13.0646225875 0.0716080351894 21.3269281186 9.06977874369 4.70378455512 -3.91 32.2332722159 10.1898604581 2.2378610058 -2.13064913678 2.23870841459 -2.24755627056 7.92331764833 0.0951539847535
7.5408807672 9.86787114855 5.25215813104 7.45331583783 3.85213909901 5.70528715194 1.77024473396 0 0 0 2306 1.09247311828 3 16 7 0.666666666667 1 -1 1 -1 0 0 0 0 0 0 0 0 0 13.1995842722 -3.56710760742 13.1995842722 0.146733092929 23.5313835316 10.455312855 5.97547568349 -2.13 35.4956923393 10.0808928021 2.35248373415 -2.40383418161 2.27924872664 -2.54176418027 7.88760917318 -0.138828660663
6.53605362057 8.14081734689 4.76583764682 6.11611210229 3.20435499209 4.16801527555 1.40038204264 0 0 0 1479 1.31666666667 2 12 6 0.6 0 0 0 0 0 0 0 0 0 0 0 0 0 12.8800581256 -0.732192006849 12.8800581256 0.189036105206 18.7131015569 8.54214390879 5.20499246183 -1.07 35.4956919486 9.84284898574 2.33077929773 -2.38223186072 2.33079672448 -2.42484819992 7.98885072854 -0.0256693353322
8.06039114518 8.06039114518 5.97929278654 5.97929278654 4.18547029614 4.18547029614 1.16391979447 0 0 1 3165.95402299 1.40331850204 2 22 14 0.615384615385 7 0 0 0 0 0 0 0 0 0 0 0 0 12.4231883788 -0.106360779647 12.4231883788 0.106360779647 21.7214663643 10.20577355 5.03517422748 -3.5 16.4665191142 10.1550587925 2.18718344153 -2.36209597985 2.27890509018 -2.46361619386 5.97750400358 0.0948069771281
9.99095560163 9.99095560163 8.28936122616 8.28936122616 6.56490877586 6.56490877586 1.55502972512 1 0 0 1705.25662613 1.47471693305 2 10 7 0.666666666667 1 2 4 0.5 0 0 -2 0 2 0 0 0 0 13.2958151717 -1.03712691327 13.2958151717 0.0272773631057 20.9535497398 7.59193484678 3.29967578541 -1.92 16.532138089 9.47392070295 2.66168155251 -2.64017659525 2.59044063278 -2.74019155017 5.8805717313 -0.183823760304
11.0198201565 11.0198201565 8.15697706572 8.15697706572 5.33178432509 5.33178432509 1.37386506543 2 0 0 3392.74285714 1.94771544245 5 22 7 0.666666666667 1 -3 5 -0.6 0 0 1 0 0 1 1 -1 0 13.4696303588 -0.862990284077 13.4696303588 0.150902909003 27.1199422238 11.7356928544 6.58231487512 -3.46 19.1421488571 10.0372919909 2.41396002797 -2.29979722643 2.49521388583 -2.56496307118 5.92710034092 -0.140778462328
9.08467652519 9.93901342436 7.28966051383 8.01183103475 5.63761123978 6.21642667837 1.43065907036 0 0 1 2212.5 1.25504032258 4 21 6 0.6 0 0 0 0 0 0 0 0 0 0 0 0 0 14.0129390275 0.0214699336525 14.0129390275 0.0214699336525 21.4175171235 9.59660169236 4.26296765106 -2.43 79.9187313169 9.80815662504 2.43167961001 -2.41212028007 2.41339785196 -2.81422428411 9.10323032482 -0.637743866141
5.45220051089 6.26660076437 4.44573127075 5.18476054949 3.59066111533 3.88299282804 1.74476920535 0 0 3 511.6 1.18105263158 1 11 11 0.6 2 0 2 0 0 0 -1 0 0 0 0 0 0 12.5329393424 -0.323422619048 12.5329393424 0.102572086448 12.6264027022 4.19735388051 1.52675590782 -1.1 35.4982616492 9.81053169341 2.62127943812 -2.17450246565 2.49132813042 -2.33701194988 6.41960483479 -0.124363988127
6.7435089417 6.7435089417 5.30885120755 5.30885120755 4.0441180167 4.0441180167 1.9472219806 0 0 1 1114.16321632 1.38316609439 3 26 16 0.466666666667 6 0 0 0 0 0 0 0 0 0 0 0 0 13.302779195 -1.30050925926 13.302779195 0.124139135593 16.3792163372 5.85260744047 2.08359116576 -3.8 16.5263969873 9.82173989924 2.47146860578 -2.32477469136 2.4676037863 -2.44725157612 6.06670247046 -0.144351067191
6.0136302229 6.0136302229 4.45850757716 4.45850757716 3.26661383128 3.26661383128 1.91566132761 0 0 0 1216 0.74 2 13 7 0.666666666667 1 0 0 0 0 0 0 0 0 0 0 0 0 14.414542811 -2.88217771059 14.414542811 0.147197893046 17.7627678202 8.35839751779 4.52274982819 -2.05 19.2867035863 9.95465963893 2.25710177891 -2.35393069297 2.3115090936 -2.45447263758 5.35465436107 -0.0505749077178
11.9098124851 11.9098124851 7.60870607418 7.60870607418 5.06119006623 5.06119006623 1.15514552491 0 0 1 6926.06666667 1.70203026947 4 34 18 0.647058823529 6 1 1 1 0 0 0 0 0 0 0 0 0 13.041759197 -0.348746178409 13.041759197 0.0721161189477 29.5778626455 12.9446510371 7.68470991793 -4.91 16.5643151825 9.86558606155 2.32568845444 -2.21512183183 2.22902423321 -2.34127071708 6.04333415223 0.0949876832059
8.89282686554 8.89282686554 6.67270063266 6.67270063266 4.96468313063 4.96468313063 1.5226114173 0 0 1 1723.4 1.29704433498 3 16 7 0.666666666667 1 0 0 0 0 0 0 0 0 0 0 0 0 12.9250875802 -0.405615906085 12.9250875802 0.193930172378 19.9636368132 8.58062420111 4.03933905712 -2.33 16.1552116466 9.83667767874 2.50360781981 -2.45420440038 2.38914215283 -2.56390209779 5.93050835639 -0.124900176027
7.67749071798 7.67749071798 4.64807702945 4.64807702945 2.8294316359 2.8294316359 1.71729873697 2 0 0 1412.33333333 0.632222222222 2 13 10 0.555555555556 3 -1 1 -1 0 0 0 0 0 0 0 0 0 12.5035622953 -0.686813875241 12.5035622953 0.250405452432 17.7046572117 7.41610252015 4.935084658 -2.11 16.4857875949 10.030123728 2.30009912195 -2.17506883655 2.43694552387 -2.44957239352 5.95522764005 -0.119731587643
8.65484623554 9.09128201602 6.29190387431 6.5270009771 4.68255615399 4.87725638036 1.3010906037 0 0 2 3491.63218391 1.23087027915 2 21 11 0.6 5 0 0 0 0 0 0 0 0 0 0 0 0 12.9385716867 -2.30824585182 12.9385716867 0.148480488851 23.6234552397 10.6562606971 5.59372838701 -3.11 35.4956921845 9.99153547308 2.24359576774 -2.35116836976 2.2665474944 -2.42569988269 6.30246940726 0.0476328312383
8.86850818765 8.86850818765 6.8657004485 6.8657004485 5.4808320394 5.4808320394 1.25046448514 0 0 1 2052.81803629 1.46938382463 3 19 9 0.5 3 1 3 0.333333333333 0 0 1 -1 -1 0 0 0 0 12.1937783451 -0.333591749844 12.1937783451 0.306273194937 19.1900031641 7.80082931103 3.4748336949 -2.79 16.5471506788 9.72243968112 2.39124890773 -2.45214203376 2.44138769062 -2.49690934125 5.88668336206 0.104167161595
8.31538521756 9.91934140348 6.23269465052 7.82066735122 4.86961287252 6.58114092375 1.54308614338 0 0 1 1889.03333333 1.43670498084 2 14 7 0.666666666667 2 0 0 0 0 0 0 0 0 0 0 0 0 13.8403232609 -3.68576632537 13.8403232609 0.250610014067 21.0865492791 8.16833907388 4.03760044505 -2.16 32.2387925254 9.82664851437 2.5368132714 -2.44508394053 2.37706541273 -3.15657658746 7.90817706159 -0.942631873646
6.04151396251 6.04151396251 4.68163105875 4.68163105875 3.50225676777 3.50225676777 1.75599293182 0 0 2 666.793103448 1.05336617406 2 15 9 0.5 2 0 0 0 0 0 0 0 0 0 0 0 0 4.1351166296 0.201203703704 4.1351166296 0.201203703704 12.5986334074 5.00714987217 2.23545672467 -2.13 15.0937602467 9.74447830564 2.353490348 -2.29030982118 2.35249318096 -2.31121130839 5.78466791761 0.467985195162
8.03046182404 10.0128998024 6.27825151805 7.58143469057 4.3831853172 5.25729459655 1.35499952233 0 1 0 1342.14227642 1.66417761101 1 7 7 0.666666666667 1 0 0 0 0 0 0 0 0 0 0 0 0 11.6257394554 -3.07499266033 11.6257394554 0.11416940548 18.2624974195 7.48640838016 4.07352113951 -1.11 32.2332568846 9.91131684371 2.27513215759 -2.36334282008 2.29066992532 -2.41030140057 7.87892059708 0.132763056243
7.86045129408 9.39029623639 5.42568364637 6.39473026275 3.66983656039 4.43050034875 1.64449749122 0 0 1 3487.36666667 1.4264021164 2 26 14 0.615384615385 6 0 0 0 0 0 0 0 0 0 0 0 0 13.3692292933 -4.73103364699 13.3692292933 0.0445372143911 25.1424582473 9.59159623515 5.31485703621 -3.96 32.2331179081 10.0071525082 2.3574504472 -2.0966468422 2.30778280304 -2.12972699752 7.88903743774 -0.140895356156
10.5667557621 10.5667557621 8.23316684716 8.23316684716 6.41925000116 6.41925000116 1.40363300602 0 0 1 1979.93333333 1.71989247312 3 16 7 0.666666666667 1 0 0 0 0 0 0 0 0 0 0 0 0 13.6882305843 -0.388413879441 13.6882305843 0.246313335883 21.5122927541 8.22184127105 3.43722310603 -2.33 16.1597666687 9.69976332828 2.53737342524 -2.47816382461 2.46427677224 -2.56828234327 5.93220667931 -0.133433872341
4.1252394448 4.91040404455 3.06041813457 3.86934501192 2.09044488817 2.50550738881 2.02833065711 0 0 0 411.666666667 0.973039215686 1 7 7 0.666666666667 1 0 0 0 0 0 0 0 0 0 0 0 0 8.88811237027 0.220160024915 8.88811237027 0.220160024915 12.9635895832 5.9149396085 3.04562228494 -0.48 35.4982615163 10.2125963737 2.18517571775 -2.35792976259 2.322471539 -2.46840188314 6.43254972286 0.188541130872
5.90668011646 7.15231233565 5.04028949817 5.75945559523 3.97691997555 4.33650302408 1.95075596293 0 0 1 560.58974359 0.965317139001 2 9 6 0.6 0 -1 3 -0.333333333333 0 0 0 -1 0 0 0 0 0 12.3005322499 -0.0502314814815 12.3005322499 0.0242488662132 14.3228480671 5.63818306489 2.36757077889 -0.62 124.913488751 9.75991932735 2.48987974101 -2.4132286984 2.46105869542 -2.48536339543 14.1119169755 -0.149826184256
7.70900124874 8.65669544174 5.28237815745 6.18552562119 3.42285658687 4.17021981298 1.55665915737 0 0 1 2827 1.00215053763 3 22 12 0.545454545455 4 1 1 1 0 0 0 0 0 0 0 0 0 10.7707996234 -0.777514633409 10.7707996234 0.0158569725462 22.8854111488 11.0067057067 6.59423896823 -2.79 32.1334743588 10.0375685048 2.12391009599 -2.18246931393 2.34757510257 -2.16002346612 7.13125750895 -0.136473677158
9.26316310283 9.26316310283 7.19369327217 7.19369327217 5.49126291786 5.49126291786 1.38459561557 0 0 1 2959.8974359 1.04375485625 4 19 7 0.666666666667 1 1 3 0.333333333333 0 0 0 -1 0 0 0 0 0 12.9642945486 -0.351780938633 12.9642945486 0.00810487762598 23.3032950898 10.8388337073 5.9344761193 -2.86 16.5230714068 9.84737398274 2.40578790608 -2.39892608421 2.42873773656 -2.46393299143 5.80908215637 -0.143419995142
10.5624535419 10.5624535419 8.22996243271 8.22996243271 6.05032751129 6.05032751129 1.13054342828 0 0 0 3425.64227642 2.08945670409 3 17 7 0.666666666667 2 0 0 0 0 0 0 0 0 0 0 0 0 15.7989994257 -1.75128411868 15.7989994257 0.247092819641 24.9611803675 10.7260418716 5.49348142418 -2.71 19.1473872921 9.89909288206 2.44600443365 -2.42021363809 2.32159099379 -2.5500482406 5.85039859792 -0.148833091006
6.0665498195 6.0665498195 4.51654686983 4.51654686983 3.25068657395 3.25068657395 1.63287166425 0 0 1 928.183908046 1.19690154923 1 16 16 0.533333333333 5 0 0 0 0 0 0 0 0 0 0 0 0 6.20253689015 0.174347112557 6.20253689015 0.174347112557 14.1432618359 5.96466387562 2.7720430487 -2.47 15.1267633998 9.91032963156 2.21981100957 -2.28777379424 2.26534024183 -2.42474615899 5.91892335432 0.402321986924
7.25749703924 7.25749703924 5.11927599172 5.11927599172 3.40450399066 3.40450399066 1.47847287415 0 1 0 1811 1.55026455026 1 22 22 0.619047619048 6 0 0 0 0 0 0 0 0 0 0 0 0 12.475414807 -0.181456363848 12.475414807 0.181456363848 18.1957952039 7.82294948564 3.89429044309 -3.18 16.1491817409 10.0262964874 2.14765955541 -2.30195200097 2.23930611927 -2.35793757179 6.05449951342 0.102213987176
8.7438615788 13.7526166125 6.10854074648 10.3347486787 4.33283861145 7.75184404908 1.37640235386 0 0 2 3984.83333333 1.5564248459 2 25 15 0.714285714286 5 0 0 0 0 0 0 0 0 0 0 0 0 15.2952130069 -4.02831436046 15.2952130069 0.0102530403933 26.2264205493 10.0584686446 5.14120051824 -3.39 32.2482655646 10.018982744 2.34552846159 -2.3235309416 2.33198186729 -2.52061846648 7.91404622407 -0.120866473084
6.35579057236 6.79222635284 4.52542038434 4.76051748713 3.25310826469 3.42521128864 1.3807748667 0 0 1 1336.13793103 1.17954022989 2 16 9 0.5 3 -1 1 -1 0 0 0 0 0 0 0 0 0 6.14892860882 0.0858797171132 6.14892860882 0.0858797171132 16.4579929135 7.47973847433 3.97960463078 -2.01 35.4956916159 10.1324161182 2.2164444749 -2.3225054509 2.23859285833 -2.43962018876 6.30877240585 -0.0502763394883
6.41359216854 7.84375548287 4.31552007311 5.98970874757 2.91445693546 4.32670098454 1.63543153881 0 0 1 1922.54022989 0.988817167771 1 27 27 0.538461538462 8 0 0 0 0 0 0 0 0 0 0 0 0 12.8934221818 -0.356354035441 12.8934221818 0.348367241959 19.1119032356 8.02764449219 3.98857685826 -3.22 35.4956936721 10.0844245985 2.19725866407 -2.11745712691 2.35369392106 -2.18196767596 7.21306735014 0.102228663904
9.80460132013 9.80460132013 6.6140949369 6.6140949369 4.67366450429 4.67366450429 1.375316389 0 0 2 5530.16666667 1.81281455672 3 30 19 0.611111111111 8 0 0 0 0 0 0 0 0 0 0 0 0 12.6509604815 -4.80091564284 12.6509604815 0.0417531552209 28.8441652561 12.4590813669 7.53638330248 -4.67 19.4224619504 10.0559976297 2.30815573591 -2.12786412829 2.35836537107 -2.16446099829 5.77033514425 -0.274198169299
9.2415365826 9.2415365826 6.69947628691 6.69947628691 4.72623979478 4.72623979478 1.18955600476 0 0 1 4440.76666667 1.25116402116 3 22 8 0.571428571429 4 0 0 0 0 0 0 0 0 0 0 0 0 12.8409314343 -0.122051497292 12.8409314343 0.122051497292 25.6954272403 13.0663651908 6.63268470956 -3.39 16.4665288556 10.1457465256 2.20330040384 -2.36209386422 2.27876831847 -2.46363983153 5.92758762457 0.0946054461629
6.28966354651 6.28966354651 4.84686112412 4.84686112412 3.58401425699 3.58401425699 1.96314808155 0 0 0 622.333333333 1.32323232323 1 16 16 0.466666666667 5 0 0 0 0 0 0 0 0 0 0 0 0 2.42740173847 1.16328939909 2.42740173847 1.16328939909 13.536560223 5.58307421813 2.31812682734 -2.12 15.0878651723 9.85920738504 2.20494671093 -2.27128726304 2.37898667455 -2.26546090463 5.94433115752 0.312837077833
5.14427954231 5.14427954231 3.58248655491 3.58248655491 2.48687118047 2.48687118047 1.51173366223 0 0 1 781.533333333 0.986666666667 1 12 12 0.636363636364 2 0 0 0 0 0 0 0 0 0 0 0 0 5.61863378685 0.46281866759 5.61863378685 0.46281866759 13.1192727531 6.52059895546 3.57205014198 -1.88 16.3737913158 10.1260604175 2.1190983548 -2.25021981047 2.15042004697 -2.31057856404 5.50408449811 0.226023850993
6.94008446692 6.94008446692 5.35729249528 5.35729249528 4.23931343366 4.23931343366 1.70150280735 0 0 0 856.382352941 1.38991901108 2 13 7 0.666666666667 1 0 0 0 0 0 0 0 0 0 0 0 0 9.96154928485 0.0475519652305 9.96154928485 0.0475519652305 15.6739988019 6.57718223823 2.82761622921 -1.84 16.5046777793 9.82722385552 2.40461329206 -2.47438068883 2.43465653468 -2.49842535814 5.39320014322 -0.130332701937
9.05770007538 9.05770007538 6.85158799756 6.85158799756 5.62821302736 5.62821302736 1.54270034256 0 0 1 1364.5942029 1.41906295529 1 13 13 0.5 5 1 3 0.333333333333 0 0 0 -1 0 0 0 0 0 13.4927417171 0.157772371294 13.4927417171 0.157772371294 18.0462039075 7.10550199518 3.00203061268 -2.01 16.4811660916 9.83453074816 2.33760619815 -2.35750041294 2.41810753423 -2.55363905582 6.08142124501 0.0674725315129
0.72360679775 0.72360679775 0.22360679775 0.22360679775 0 0 1.97474487139 0 0 0 10 1.48029736617e-16 0 0 0 0 0 0 0 0 0 0 0 0 0 0 0 0 0 7.875 0.319444444444 7.875 0.319444444444 3.96 2.96 1.96 -0.04 16.2498502995 10.5475731665 1.56771160848 -1.68918478094 1.60809283261 -1.69085280155 4.09636113465 0.294768567858
9.51976944226 9.51976944226 6.76511736202 6.76511736202 4.94671537448 4.94671537448 1.23219900691 0 0 0 3686.83333333 1.00029708853 3 18 6 0.6 0 0 0 0 0 0 0 0 0 0 0 0 0 13.112703217 -0.164593660126 13.112703217 0.027238528164 24.59003147 12.7991997677 7.49064981887 -2.53 19.1421459994 9.97070906604 2.21612559433 -2.34664658474 2.25780684344 -2.4144323083 5.29436264608 0.0465036363044
3.86133971198 5.85091511957 2.51920052794 4.1518280929 1.59112867686 2.84143968622 2.22531116666 0 0 0 531 0.62091503268 2 14 8 0.714285714286 1 0 0 0 0 0 0 0 0 0 0 0 0 11.995077003 -3.55720143613 11.995077003 0.175260298564 12.5151895317 5.14285603531 2.83975226517 -1.94 32.2278725368 10.1514308658 2.19156187284 -2.03268684463 2.1194199013 -2.1581363004 7.91750234302 0.101616275809
6.50043717963 6.50043717963 4.68409889893 4.68409889893 3.10297870984 3.10297870984 1.35815763666 1 0 0 1321.33333333 1.51888888889 1 16 16 0.666666666667 4 0 0 0 0 0 0 0 0 0 0 0 0 12.8995015309 -0.316632882827 12.8995015309 0.0104436335804 16.0231397959 6.80021406493 3.79299623254 -2.47 19.1421444781 10.1894891727 2.31956385883 -2.34352520777 2.27402102783 -2.48870532097 5.93600776016 0.0626563708313
6.60318821405 6.60318821405 4.80731128961 4.80731128961 3.19225261189 3.19225261189 1.41180842884 0 0 0 1677.66666667 1.25641025641 2 16 8 0.571428571429 4 0 0 0 0 0 0 0 0 0 0 0 0 11.9098966265 -0.378837257253 11.9098966265 0.298327270559 18.1891752451 8.17926986509 4.31643167309 -2.61 16.2548386369 10.1888033724 2.16583274594 -2.35732965193 2.20797017813 -2.4625914504 5.50182679939 0.249937987788
9.01853409376 9.4257342205 6.58853737499 6.90124638348 4.69012599502 4.90103497183 1.35175305503 1 0 1 2307.2 1.16735632184 1 13 13 0.666666666667 4 -1 1 -1 0 0 0 0 0 0 0 0 0 12.9253823715 -0.182096455866 12.9253823715 0.0276227411372 21.4423624287 9.56360331448 5.27212309476 -1.79 35.4956921528 9.88839632388 2.30767535406 -2.26422254371 2.34537187665 -2.37895035802 6.33916884832 -0.116840394577
19.6377985977 19.6377985977 17.0586888676 17.0586888676 13.7960192523 13.7960192523 0.769683175131 0 2 0 11205.0371063 3.04088499589 1 24 24 0.652173913043 6 6 6 1 0 0 4 2 0 0 0 0 9 13.5104425126 -0.389274618034 13.5104425126 0.210288231706 35.6646927898 14.1145784412 5.93155699936 -3.48 16.5397659004 9.51984320986 2.55301008856 -2.59413161258 2.57916664781 -2.61246843697 5.94566007788 -0.0240405485463
21.107308204 22.4179254215 13.8329370262 15.0434333257 9.06470557252 10.0993818913 0.944032410691 0 1 1 60774.7 0.912969187672 11 49 9 0.75 1 4 4 1 0 0 0 0 3 0 0 2 1 14.031173102 -1.09771112181 14.031173102 0.0621303824294 68.2032449096 36.9795211881 24.8827268993 -7.58 32.1666246238 9.99439080844 2.38709701548 -2.27958095918 2.25024691244 -2.58366067626 8.00223823171 -0.152193939888
15.3221389108 15.3221389108 12.4824734185 12.4824734185 10.5857919924 10.5857919924 1.46757481868 0 0 2 2902.05685279 1.67559031112 0 0 0 0 0 -3 9 -0.333333333333 0 0 2 0 -4 -1 -2 0 5 12.9507365726 -0.582368288191 12.9507365726 0.00203750120597 27.591375808 8.51311085618 3.81941410049 -0.97 16.749810044 9.35562169514 2.68703309344 -2.68543155846 2.73839613968 -2.65216108809 5.85153503651 -0.207904795655
8.43265978507 9.27629569228 6.1135278755 6.70047348948 4.08522767401 4.5882127211 1.25922560275 0 0 0 3582.16666667 1.38651218063 3 24 11 0.6 5 0 0 0 0 0 0 0 0 0 0 0 0 12.7537173145 -0.123000891204 12.7537173145 0.123000891204 24.1736631681 11.4487619742 6.33390089041 -2.96 35.4968368406 9.96023328307 2.2018715254 -2.33164620128 2.2562111577 -2.38270825145 6.34591298881 0.0944200435306
5.6050043853 6.6056714525 4.29222245683 5.34671913838 3.21031616123 4.05607691597 1.81034848988 0 0 1 733.733333333 1.00603174603 2 14 8 0.714285714286 2 -1 1 -1 0 0 0 0 0 0 0 0 0 9.07188932959 0.538570483749 9.07188932959 0.538570483749 14.1600869263 6.32133159506 2.95942834625 -1.79 32.1334738261 9.89308033346 2.22903805426 -2.34528767846 2.33643577821 -2.3411630473 7.10061656785 0.509581967158
6.4188852698 6.4188852698 4.7337674003 4.7337674003 3.14133826845 3.14133826845 1.40091632081 0 0 0 1509.66666667 1.21444444444 2 15 8 0.571428571429 3 0 0 0 0 0 0 0 0 0 0 0 0 11.9037515018 -0.363391655401 11.9037515018 0.343541281532 17.4142372965 8.11232475021 4.36061532042 -2.41 16.1630811729 10.1951467251 2.15981583536 -2.35693601005 2.15152530952 -2.46254395717 5.45815017912 0.249994317039
9.38530372159 9.38530372159 7.4106955066 7.4106955066 5.57058698617 5.57058698617 1.14930689499 0 0 1 2435 1.6367816092 2 10 7 0.666666666667 1 0 0 0 1 1 0 0 0 0 0 0 0 11.8992977756 0.175965274871 11.8992977756 0.175965274871 21.423121039 10.4775840571 5.45595833708 -1.81 16.4818077659 9.82911729147 2.26735133475 -2.34669513646 2.36932755071 -2.38187699586 5.7723034022 -0.120760785308
9.56230225369 9.96950238043 7.31852531435 7.64811353539 6.46312212862 6.66649207663 1.34121605665 0 0 0 2056.66666667 1.23984674329 1 18 18 0.529411764706 6 0 0 0 0 0 0 0 0 0 0 0 0 13.0120067765 -1.03532139883 13.0120067765 0.106729442974 19.5568178177 7.38055513218 3.6 -2.4 35.4956921238 9.49407798179 2.50292367816 -2.56476273853 2.59249342238 -2.50724587666 6.33557244045 -0.0502845384915
9.05202490594 9.05202490594 6.49469661232 6.49469661232 4.75304813344 4.75304813344 1.12847459464 0 0 0 3212.27619048 1.81947203124 2 21 11 0.5 5 0 0 0 0 0 0 0 0 0 0 0 0 14.3708167445 -0.433038946588 14.3708167445 0.120519446141 22.528182896 9.54143214287 4.96509168593 -3.26 19.1435983075 9.8957341899 2.23473221222 -2.31766656153 2.3356614391 -2.36588696696 5.95089499234 -0.118236249669
5.24537207016 5.68180785064 3.08547506926 3.32057217205 2.18566536261 2.37595321075 2.31012787891 0 0 0 360 0.897058823529 1 6 6 0.6 0 -2 2 -1 0 0 1 0 0 0 0 0 0 10.6244135802 -1.31902777778 10.6244135802 0.134700727513 12.8368075186 4.24791818074 2.47495288468 -0.61 35.4956912037 9.92513380753 2.44261011418 -2.45716351314 2.33062519772 -2.62812134512 6.30161675944 -0.263011750986
8.27470080725 10.6158117063 5.6036875277 7.93736095643 3.66637287194 5.82037529018 1.3854380177 0 0 1 4787.93333333 1.46097676624 3 30 19 0.611111111111 8 0 0 0 0 0 0 0 0 0 0 0 0 10.7034206364 -1.00490997876 10.7034206364 0.365693489673 27.3476167687 13.208226854 7.20352449722 -3.69 32.1945979644 10.0673978328 2.15796393734 -2.10045987348 2.4082384609 -2.09675718554 8.00595275189 -0.138818328356
8.96136250773 8.96136250773 6.89481182948 6.89481182948 4.76689445461 4.76689445461 1.3700790271 0 1 0 2554.3 1.88958333333 1 18 18 0.588235294118 6 0 0 0 0 0 0 0 0 0 0 0 0 13.4832179611 -4.59518541142 13.4832179611 0.0516004011156 21.9486354049 8.4821216952 4.23774143469 -2.87 19.4131914197 9.89522859946 2.33824358066 -2.41215735121 2.3401314836 -2.46364057731 5.83008965428 -0.135963869976
7.87174643501 8.30818221548 5.54353204306 5.7617499333 3.77916699891 3.97075455392 1.62370250416 0 0 1 2893.7047619 1.21443001443 1 20 20 0.578947368421 5 -1 3 -0.333333333333 0 0 -1 0 0 0 0 0 0 14.3869305939 -1.31318179295 14.3869305939 0.202879165711 24.1155916526 9.68787950444 4.76812268502 -3.02 35.4956921834 10.045212278 2.29799008527 -2.17482874574 2.33045531536 -2.32196868695 6.30225905775 0.0246924033976
8.63303916613 9.0694749466 6.25773295458 6.49283005737 4.6468185095 4.84151873587 1.30518753386 0 0 2 3491.63218391 1.23087027915 3 24 11 0.6 5 0 0 0 0 0 0 0 0 0 0 0 0 11.1933507833 -0.779536181563 11.1933507833 0.0885211869739 23.25163658 10.4078521714 5.43728395062 -3.5 35.4956921604 9.99132000127 2.23654958685 -2.34152205235 2.26480326894 -2.4287664399 6.30247900583 -0.138872111101
8.49806771336 9.52871659529 5.87285281373 6.77487558576 4.14732466568 5.02464079058 1.6180112747 0 0 2 2906.18571429 1.10127323657 1 21 21 0.55 7 0 0 0 0 0 0 0 0 0 0 0 0 14.1263937992 -0.892761645293 14.1263937992 0.0246093385885 23.9801170297 9.23547729957 4.58274040222 -3.16 32.1335778179 9.96923517342 2.34486253855 -2.3320287312 2.34843487088 -2.42656660711 7.18722252009 0.00451615211019
3.76537750751 3.76537750751 2.64478153392 2.64478153392 1.89168905686 1.89168905686 2.64453758454 0 0 0 289.921568627 1.23587081892 1 17 17 0.5 7 0 0 0 0 0 0 0 0 0 0 0 0 12.1184637188 -0.306157407407 12.1184637188 0.0847222222222 9.71592075504 3.24899506131 1.34271033078 -2.49 16.337643146 10.1175340367 2.11567727166 -2.02935667483 2.28943802074 -2.01442568543 5.93122800686 0.452683386177
6.27164230564 7.9075571571 4.35628027129 5.4021909801 2.95164615609 3.79886561519 1.42109461658 0 0 2 1818.5 0.995384615385 2 15 8 0.571428571429 3 0 0 0 0 0 0 0 0 0 0 0 0 11.9375618127 -0.211451960838 11.9375618127 0.211451960838 19.4515432787 9.57504792954 5.59228775836 -1.31 79.9197618264 10.1350957567 2.11897046236 -2.15500243454 2.25985353154 -2.25084434322 9.10438948701 0.092492184305
6.91319190873 8.44303685104 4.77781299569 5.74685961208 3.2294428738 3.99010666215 1.57156401321 0 0 1 2847.13333333 1.39936868687 1 28 28 0.592592592593 9 0 0 0 0 0 0 0 0 0 0 0 0 12.7916486348 -3.89051750011 12.7916486348 0.0136354802645 21.9236954251 8.68491292784 4.5125857632 -4.29 32.2331175839 10.0548957179 2.18534152528 -2.10144106642 2.27754404005 -2.17971394652 7.88903606979 0.100993406676
7.88112697753 9.62958217672 5.33641570707 5.94290877936 3.7271340891 4.29136920271 1.69980749988 0 0 1 2321.3 0.891264367816 3 16 7 0.666666666667 1 -2 2 -1 0 0 0 0 0 1 0 0 0 13.0255579701 -3.33155198319 13.0255579701 0.0209067539053 22.2693671646 9.59278570264 6.28711280118 -2.42 32.2331019004 10.0345728248 2.27605807841 -2.31942861626 2.2379661386 -2.3919422334 7.91520151861 -0.131323669456
4.46786726024 5.3475200715 2.72419096369 3.46776101146 1.98251546919 2.39076375966 2.39812514388 0 0 0 440.666666667 0.943355119826 1 13 13 0.666666666667 3 0 0 0 0 0 0 0 0 0 0 0 0 5.95748401675 -0.530961474868 5.95748401675 0.217114722432 12.7588110745 4.52910888811 2.28479099975 -1.69 32.1664074357 10.1386143083 2.32233102384 -2.3799209882 2.28267065685 -2.53870112269 7.98210705758 0.533584136136
7.59101352251 7.59101352251 6.683314502 6.683314502 5.5563169961 5.5563169961 1.71027069893 0 0 1 501.870050761 1.54347594876 1 7 7 0.666666666667 1 0 6 0 0 0 -1 -3 3 -2 0 0 0 10.3910051335 -0.565125241455 10.3910051335 0.116065562799 13.5924666523 4.46715549499 1.80065070953 -1.06 16.3305754979 9.5520885147 2.57151545271 -2.49437116941 2.60410877074 -2.44358917082 5.39761906618 -0.0505120724253
6.54257029504 6.54257029504 4.55840970633 4.55840970633 3.08925413446 3.08925413446 1.72099528917 0 0 0 2228 1.04946236559 1 29 29 0.5 9 0 0 0 0 0 0 0 0 0 0 0 0 14.1569866429 -0.800714790702 14.1569866429 0.0456753905266 19.8965668371 8.1496170356 3.88256489015 -4.4 19.1455298864 10.0609458019 2.19015801234 -2.13052023807 2.31038357892 -2.17006967974 6.08024675819 0.101845994865
6.75832260042 6.75832260042 4.59551245095 4.59551245095 3.00235181443 3.00235181443 1.8872341961 0 0 0 2343 1.09032258065 3 24 10 0.666666666667 4 0 0 0 0 0 0 0 0 0 0 0 0 13.4645330435 -4.5027725022 13.4645330435 0.127232582299 21.9469099277 8.94704968425 5.65431766672 -3.75 19.4132033851 9.96253844824 2.30144754321 -2.20546714652 2.31594042662 -2.16224559286 5.96290900131 -0.384430005096
6.60029475331 6.60029475331 5.41786945513 5.41786945513 4.23137497616 4.23137497616 1.5858214159 0 0 1 741.416477966 1.81733160157 2 16 8 0.571428571429 4 -1 1 -1 0 0 0 0 0 0 0 0 0 10.0521816324 0.218035177672 10.0521816324 0.218035177672 13.9864746094 5.04648505255 1.90892752579 -2.4 16.6967882382 9.83270063984 2.34865799573 -2.41431865616 2.45810833187 -2.3900320908 5.5425721168 0.157240357675
6.33698958363 6.7734253641 4.69537641892 4.93047352171 3.46442070795 3.67730575851 1.78113525975 0 0 1 1097.49425287 1.21835249042 2 16 10 0.444444444444 3 0 0 0 0 0 0 0 0 0 0 0 0 6.15058387577 0.734367283951 6.15058387577 0.734367283951 16.3633874978 7.01948630514 3.21623657506 -2.11 35.4956916094 10.1903246095 2.18664483226 -2.28920192741 2.26832780964 -2.43174744922 6.30153061405 0.589805446429
9.2820177382 9.71845351868 6.87650827651 7.12848459185 5.07896963716 5.20495779483 1.65067918547 0 0 1 3227.10344828 1.25359842601 2 27 15 0.571428571429 7 -1 1 -1 0 0 0 0 0 0 0 0 0 14.467856383 -1.06508411738 14.467856383 0.0661043573808 24.8941878677 10.2990823076 5.06496638293 -3.78 35.4956922772 9.82715920021 2.34531716529 -2.31591593778 2.39093378305 -2.33375475373 6.3018027113 -0.120553001121
4.83717006189 4.83717006189 3.53729947808 3.53729947808 2.53233082494 2.53233082494 1.84373399137 0 0 0 555 0.929824561404 1 13 13 0.666666666667 2 0 0 0 0 0 0 0 0 0 0 0 0 5.9311952003 0.549687263794 5.9311952003 0.549687263794 12.1785661016 5.84692127321 2.93410613405 -1.87 16.4882545991 9.90808097967 2.19310782269 -2.23686552187 2.3264830895 -2.26410846709 5.34233540961 0.41871144999
9.05690775705 9.05690775705 7.03521710783 7.03521710783 5.01879285572 5.01879285572 1.36611176795 1 0 2 2958.5862069 1.81176792556 2 26 21 0.6 6 0 0 0 0 0 0 0 0 0 0 0 0 13.8209352204 -4.67030143677 13.8209352204 0.0457893107057 22.3881634268 7.97328315195 3.4700696785 -4.08 19.413239882 9.94256523277 2.48145593375 -2.28099873444 2.51959924936 -2.38687876472 6.07273751816 -0.141487216225
11.1617245096 12.0345960705 8.02962323801 8.51669665613 5.6573164842 5.95540766583 1.19968307291 0 0 2 7443.48275862 1.61934989952 3 33 24 0.521739130435 8 0 0 0 0 0 0 0 0 0 0 0 0 13.4333519999 -3.11606537847 13.4333519999 0.0937644093267 32.354807691 14.0358540167 7.53147709682 -4.59 35.4967866904 10.0250918749 2.27075239357 -2.36480165911 2.36997233321 -2.45805794336 6.30747759546 -0.133144272714
8.30964785184 8.30964785184 7.12494017901 7.12494017901 5.93128891934 5.93128891934 1.58123768881 1 0 0 583.746803867 1.4253385114 1 7 7 0.666666666667 1 3 3 1 0 0 2 1 0 0 0 0 0 10.0411817053 0.384217214664 10.0411817053 0.384217214664 13.4218253578 4.73700922524 1.88986461292 -1.02 16.2547068935 9.52077968734 2.53600887224 -2.58883693424 2.56062781448 -2.60683627596 5.4479411837 -0.0134271624853
5.55517910014 7.1166021576 3.80921971213 4.73845094554 2.51122741218 3.02666723815 2.13946312099 0 0 1 1428.06666667 1.23342830009 1 18 18 0.588235294118 5 0 0 0 0 0 0 0 0 0 0 0 0 14.0363526811 -3.89875241327 14.0363526811 0.0105589648113 18.9267366532 7.04575207542 3.80770341288 -2.85 32.2331167241 10.113482073 2.18992357626 -2.09425426577 2.30533744783 -2.11762821296 7.88760417048 0.145271404105
9.05806060093 9.05806060093 6.88355833016 6.88355833016 4.89139624433 4.89139624433 1.48551912277 0 0 0 3243 1.5243697479 2 23 17 0.625 5 0 0 0 0 0 0 0 0 0 0 0 0 12.773860375 0.0617311283444 12.773860375 0.0617311283444 24.7353529231 11.8466760461 6.19665212174 -3.38 16.254805827 9.99957537644 2.26417369406 -2.39689857825 2.33685798314 -2.43416136552 5.94270934626 0.0772751268124
8.30577652876 11.5504715588 5.64163038456 8.16455667702 3.92706020228 6.42240554642 1.45336475441 0 0 1 3527.47126437 1.14542644644 4 23 8 0.571428571429 3 0 0 0 0 0 0 0 0 0 0 0 0 13.2477037567 -4.03847990652 13.2477037567 0.0377659418417 25.1424582473 9.95667974766 6.00206656319 -2.96 35.4956931675 9.97502628914 2.24003180221 -2.22583277368 2.27784971753 -2.41749850166 7.91476111966 -0.122066030627
10.4268491445 10.4268491445 7.72293768357 7.72293768357 5.57155872284 5.57155872284 1.08098722902 0 0 0 3659.36190476 1.80443377351 2 18 11 0.5 4 0 0 0 0 0 0 0 0 0 0 0 0 6.1813832487 0.726909699448 6.1813832487 0.726909699448 24.081588704 11.404078571 6.3323577387 -2.63 16.4779931034 9.89755219285 2.20088649756 -2.31832925979 2.26268873893 -2.36562112041 5.8465548757 0.155129015388
8.54297562809 10.3759818166 5.88013066936 6.60863220958 4.02696500538 4.4998178899 1.62212330997 0 0 1 2945.03333333 0.933400537634 3 15 6 0.6 0 -2 2 -1 0 0 0 0 0 1 0 0 0 13.1139790283 -3.18842180332 13.1139790283 0.0324921384098 24.38375842 11.0486118794 7.409286936 -2.26 32.233101723 10.027338804 2.27599071269 -2.31945344457 2.23610647146 -2.3919696284 7.88266973654 -0.13132439377
6.18614914384 6.18614914384 4.46205141153 4.46205141153 2.91117817588 2.91117817588 2.0304338586 0 0 0 1009.33333333 1.15096618357 2 19 13 0.583333333333 4 0 0 0 0 0 0 0 0 0 0 0 0 12.1804224111 -0.650244708995 12.1804224111 0.0307561016959 16.0524533437 5.99827948266 2.84787214318 -2.82 16.465306234 9.85771731883 2.35647505059 -2.33400330499 2.34887246512 -2.47087687538 5.98372092225 -0.128042022354
7.99011266619 8.93780685918 5.73883708012 6.82859760583 4.33334599302 5.3163900024 1.71432143409 0 0 1 2072.66666667 0.606732348112 3 14 6 0.6 0 0 0 0 0 0 0 0 0 0 0 0 0 13.5455980872 -0.843525604686 13.5455980872 0.0425263500462 21.8687633756 9.7815666783 5.83883482308 -1.83 32.1334750056 9.79966578304 2.39050646393 -2.35448136678 2.35553912373 -2.96732301516 7.09607115649 -0.7439498871
5.12835052813 5.12835052813 3.64084774302 3.64084774302 2.57279685744 2.57279685744 2.25030536187 0 0 1 913.833333333 0.463924963925 2 10 6 0.6 1 -1 1 -1 0 0 0 0 0 0 0 0 0 13.0781340545 -4.4396325822 13.0781340545 0.0786602418745 16.6077813598 6.99988914084 3.90912909095 -1.76 19.4131827608 10.0568624305 2.34909923457 -2.28303754002 2.32469640243 -2.41356651029 5.67928199732 -0.138055411405
10.8647696191 11.3012053996 8.21005758511 8.4451546879 5.57966625439 5.79255130495 1.46617416167 0 0 0 4534 1.08502024292 5 25 7 0.666666666667 1 1 3 0.333333333333 0 0 1 0 0 0 0 0 -2 13.6542989016 -1.02527205509 13.6542989016 0.0675115177311 28.652796517 12.6690204953 7.19510640184 -3.35 35.4956923459 9.67761911248 2.38254713714 -2.44925099125 2.39870817321 -2.49307248038 6.30158125178 -0.150611565692
12.2021826992 12.2021826992 11.1004849728 11.1004849728 9.44266778674 9.44266778674 1.24618936394 0 0 1 3234.19901902 1.59431149499 2 19 11 0.7 4 0 6 0 1 1 -3 -1 2 -1 0 0 0 12.9699027021 -0.450530423302 12.9699027021 0.0613846185347 24.2270531412 8.33269000223 2.88032154325 -2.83 16.5631843711 9.34578727852 2.79900734445 -2.73313744876 2.76010287653 -2.80867197035 5.91453136312 -0.273772558071
9.45062572332 9.88706150379 6.37893024932 6.6140273521 4.48630456233 4.65840758628 1.46329356416 0 0 2 6178.3954023 1.03763699546 3 33 24 0.521739130435 8 0 0 0 0 0 0 0 0 0 0 0 0 13.3794096807 -3.10757378303 13.3794096807 0.0167194466724 30.5059145094 14.0139237182 7.51408455677 -4.95 35.4956926738 10.1023412444 2.22519499449 -2.20833152671 2.36843462096 -2.33111682017 6.30575273928 -0.14416217178
9.71384332753 10.150279108 7.05821221391 7.2933093167 4.95690464693 5.15160487331 1.33066584837 1 0 1 3553 0.657754010695 4 16 7 0.666666666667 1 0 2 0 0 0 0 0 -1 0 0 0 0 13.1078359036 -0.538501709938 13.1078359036 0.0942078354145 24.7934924151 11.4046512532 6.41702099956 -2.32 35.4956921101 9.83446329028 2.38061634475 -2.31729153517 2.28506398082 -2.52982775419 6.30231105361 -0.140175313063
9.15427645749 10.9212296883 6.45979407388 7.85870780242 4.4146623298 5.43175469046 1.44594851996 0 0 0 4160.38095238 0.993421993422 4 25 10 0.555555555556 4 1 1 1 0 0 0 0 0 0 0 0 0 13.2788500553 -3.93324365146 13.2788500553 0.0560248029172 26.3072046548 11.5295072571 6.71920604915 -3.76 32.2332722393 10.0127630528 2.27588749238 -2.30584853558 2.18667945735 -2.52310470602 7.89145655139 -0.136542338215
13.7166280567 13.7166280567 10.2628474878 10.2628474878 7.08952047722 7.08952047722 0.93685752856 0 0 0 10349.8333333 2.49674036281 5 24 9 0.625 5 0 0 0 0 0 0 0 0 0 0 0 0 12.9538746873 -0.337899539553 12.9538746873 0.00200512696864 36.2166598007 18.0734611635 10.9641882066 -4.07 16.5662098857 9.94691046157 2.29936238654 -2.35633299877 2.2378750728 -2.53353876942 5.94577148574 -0.131684912882
13.3866263532 13.3866263532 11.6518662287 11.6518662287 9.93332127888 9.93332127888 1.11495310072 1 0 1 4033.60612366 1.73340716627 3 18 8 0.571428571429 3 2 6 0.333333333333 0 0 1 -3 0 1 0 0 0 11.0141621374 -0.999154746792 11.0141621374 0.06522340213 25.8652888311 9.0928463034 3.53190136122 -2.81 16.5585675693 9.34593899036 2.80177806876 -2.73550175005 2.76285809513 -2.80930851629 5.68112889666 -0.283254885183
8.27770980153 8.27770980153 6.58920765719 6.58920765719 5.19371890917 5.19371890917 1.55415901604 0 0 0 1697.72715501 1.42821343675 3 25 13 0.666666666667 4 0 0 0 0 0 0 0 0 0 0 0 0 13.5136503212 -0.720646534077 13.5136503212 0.10176739523 18.3643862311 6.41927257938 2.53124776052 -3.67 16.6283439025 9.52173153039 2.53431427247 -2.50388909374 2.60731234154 -2.46686410564 5.98051703839 -0.38447789863
5.9759040981 6.41233987857 4.13217359802 4.36727070081 2.89761280298 3.07788971888 1.41292044952 0 0 0 1178.66666667 0.587301587302 1 7 7 0.666666666667 1 0 0 0 0 0 0 0 0 0 0 0 0 5.92219109242 0.740937691782 5.92219109242 0.740937691782 16.6372751153 10.0727562711 7.19142197459 -0.73 35.4956913964 10.0979036797 2.08031012475 -2.2569839846 2.17277595388 -2.2998891258 6.30220175352 0.223362340469
5.48187415933 5.48187415933 3.9196228216 3.9196228216 2.61179331161 2.61179331161 1.83281916942 0 0 1 1315.2 1.17933333333 1 21 21 0.6 6 0 0 0 0 0 0 0 0 0 0 0 0 11.5824784123 -0.117597419164 11.5824784123 0.117597419164 16.6312641462 7.12490088586 3.49691553484 -3.22 16.1488495301 10.1688132008 2.10005296404 -2.0907630628 2.20660452351 -2.16973267099 5.93850659905 0.0962871357938
6.15500228807 6.15500228807 4.28754720631 4.28754720631 3.00747549473 3.00747549473 1.62444988013 0 0 0 1407 0.736666666667 2 16 10 0.666666666667 2 0 0 0 0 0 0 0 0 0 0 0 0 12.2612487402 -0.201157643613 12.2612487402 0.0841291362224 17.3852076945 8.59658941497 5.01407198627 -2.44 16.4775516002 10.073155337 2.22869185464 -2.34256372839 2.20100964065 -2.44115762518 5.88808021303 0.0166929204111
13.9214452782 13.9214452782 12.4095566376 12.4095566376 10.5420865602 10.5420865602 1.09203739543 1 0 1 3658.21163864 1.95461995288 2 18 10 0.555555555556 4 2 6 0.333333333333 0 0 1 -3 0 1 0 0 0 7.17125876257 -0.35417798881 7.17125876257 0.00170646740155 24.948156956 8.7162901308 3.18009982386 -2.6 16.5651407855 9.34593123651 2.80205342467 -2.73550882555 2.76342730636 -2.80930873868 5.82496205779 -0.283251571203
7.0109481262 8.5407930685 4.78466117377 5.75370779015 3.26275907831 4.02342286667 1.51598201836 0 0 1 2681.14942529 1.39284390063 2 27 15 0.714285714286 7 0 0 0 0 0 0 0 0 0 0 0 0 12.50808382 -3.8946474563 12.50808382 0.00548516155798 21.1538403267 8.20951797009 4.33348870619 -4.09 32.2331174828 10.0866384945 2.15094823995 -2.09257129393 2.26151944476 -2.19856099368 7.88903585314 -0.116408874239
3.98896442339 3.98896442339 2.89555670171 2.89555670171 1.97909945845 1.97909945845 2.23435411226 0 0 1 422.362068966 1.09567275186 1 18 18 0.529411764706 6 0 0 0 0 0 0 0 0 0 0 0 0 5.84361567775 0.39666409465 5.84361567775 0.39666409465 10.5286954438 3.99657417188 1.54943018852 -2.62 15.289607674 10.0854160582 2.0721428594 -2.05946742663 2.22358591291 -1.97276594313 5.66577758878 1.11869601091
6.55485307207 6.96205319881 4.7259099522 5.02127951742 3.20819453493 3.44329163772 1.57766921606 0 0 1 1451.86666667 1.17377777778 1 14 14 0.692307692308 4 1 1 1 0 0 0 0 0 0 0 0 0 11.4368080105 -0.1369248661 11.4368080105 0.1369248661 17.9565325739 8.0194358055 4.41172387109 -1.85 35.4956919052 10.1302153691 2.1868554775 -2.20302420512 2.2915748256 -2.28275145324 6.31880613394 0.230072514458
10.2339368609 11.9479172174 7.0345641848 8.50391953513 4.85921942989 6.09385685339 1.79771476547 0 0 0 5456 0.978048780488 4 24 9 0.75 3 -1 1 -1 0 0 0 0 0 0 0 0 0 13.7268576741 -4.17544413163 13.7268576741 0.0462798762118 31.7141311344 14.7131725643 9.65610595414 -3.81 32.2332733111 9.90717253253 2.31788387713 -2.34231805338 2.24079789807 -2.51226479708 7.89169381605 -0.134004805806
6.52856632491 6.52856632491 4.76766198064 4.76766198064 3.44349889763 3.44349889763 1.36954783851 0 0 0 1068.5 1.170995671 1 7 7 0.666666666667 1 0 0 0 0 0 0 0 0 0 0 0 0 5.87190885614 0.293427326871 5.87190885614 0.293427326871 15.8212268691 8.54059346387 4.71920351393 -1.06 16.4880290375 10.0141147443 2.153125215 -2.25782608081 2.28363922454 -2.30795240473 5.28312615453 0.014913565465
7.89037901691 8.32681479738 5.21241163008 5.43062952031 3.37674258415 3.6018287547 1.54311142973 1 0 0 2888 0.651612903226 2 14 10 0.555555555556 4 0 0 0 0 0 0 0 0 0 0 0 0 13.2725885074 -0.246957729073 13.2725885074 0.0124991076678 23.5901371076 12.0909424277 8.52657979711 -2.07 35.4956919669 10.143714041 2.27748643142 -2.30006988341 2.30475715325 -2.43292112187 6.3069247362 0.032209400049
0.101015254455 4.54568645048 0 0 0 0 1.63299316186 0 0 0 4 0 0 0 0 0 0 0 0 0 0 0 0 0 0 0 0 0 0 2.275 1.19 2.275 1.19 4.46 3.46 3.46 1.46 126.922404713 11.9935952872 1.40453215993 -1.42667280836 1.85722990535 -1.17402990535 14.1957826608 2.57821733924
7.54080992092 10.513984842 5.40149892818 7.69097248423 3.60994221881 5.42770532023 1.57873303953 0 0 0 1990.34146341 1.6382954864 2 19 12 0.636363636364 3 0 0 0 0 0 0 0 0 0 0 0 0 12.976685174 -3.69944567796 12.976685174 0.223879423168 21.37502165 8.71095618788 4.72360408557 -1.86 79.9187313015 10.0247499868 2.18780494857 -2.13952182924 2.30908573107 -2.20253950536 9.10372467762 0.352168280391
6.36302022945 6.36302022945 4.15426097926 4.15426097926 2.8233668677 2.8233668677 1.81844168509 0 0 1 1472.13218391 0.821131741821 3 21 12 0.545454545455 4 -1 1 -1 0 0 0 0 0 0 0 0 0 13.329466764 -0.691621892584 13.329466764 0.190408688167 17.6659216871 7.39069431558 3.90794462765 -3.15 19.1421450555 10.0468991162 2.23667131318 -2.21304366961 2.16720457028 -2.47175651674 5.99772662941 -0.130210412728
11.2016956048 11.6381313853 9.40072248071 9.65269879605 7.64238943089 7.76837758856 1.32328501752 1 0 1 1972.66656784 2.13501417169 2 20 12 0.636363636364 4 0 4 0 0 0 -1 -2 1 0 0 0 0 12.8025280115 -0.981994703746 12.8025280115 0.0261859950081 20.578412224 6.78455423692 2.58835830688 -2.6 35.4956921494 9.48593727701 2.72294440303 -2.62513675468 2.68138303984 -2.74219049251 6.30173311229 -0.173221866132
9.20700085956 9.20700085956 7.64448489993 7.64448489993 6.27336117333 6.27336117333 1.47521221045 1 0 0 1243.81478017 1.49055618186 1 10 10 0.666666666667 2 0 0 0 0 0 0 0 0 0 0 0 0 11.8874449416 -0.34436774877 11.8874449416 0.316620488473 17.541830705 6.80488870978 3.06089407903 -1.55 16.5500181023 9.52073964402 2.53706741981 -2.58903823801 2.5616182964 -2.60706273131 5.70060647288 -0.01341619066
6.32913855433 9.17373147812 4.45501140303 7.34034882928 3.0293036601 5.67035646982 1.44248572913 0 0 0 1649.83333333 1.13897435897 2 13 7 0.666666666667 1 0 0 0 0 0 0 0 0 0 0 0 0 12.5821533024 -3.46174283074 12.5821533024 0.0117612690674 19.5974276887 9.16345406553 5.41838873632 -1.16 126.91270444 10.0686557579 2.25135456634 -2.31650976984 2.19403079562 -2.45137103571 14.1118953487 0.170343558025
5.0584009693 5.0584009693 3.61867661093 3.61867661093 2.54410666893 2.54410666893 1.54993550091 0 0 1 625.666666667 1.15399610136 2 13 7 0.666666666667 1 0 0 0 0 0 0 0 0 0 0 0 0 4.25155771646 1.04769386471 4.25155771646 1.04769386471 12.1785661016 5.84692127321 3.32323038244 -1.87 15.1194512664 10.0207601745 2.13535699461 -2.27841220241 2.19554719018 -2.29627169786 5.47649647717 0.24872584223
7.15624264143 7.97064289491 4.69237300007 5.32231378842 3.08915323405 3.65824070875 1.54101357658 0 0 0 3498.66666667 0.77904040404 4 26 9 0.625 4 -1 1 -1 0 0 0 0 0 0 0 0 0 12.5853473874 -1.16810808602 12.5853473874 0.0448884737701 24.3543505432 12.0850124236 7.37216312083 -3.29 35.4968370528 10.048766403 2.23530496785 -2.16283757213 2.24119913804 -2.42086841669 6.39258250389 -0.138744129541
16.9994245788 16.9994245788 13.1870591192 13.1870591192 9.35370892453 9.35370892453 1.08700322838 0 1 2 9717.42857143 1.11279896574 5 26 10 0.555555555556 3 -2 4 -0.5 0 0 -1 0 1 0 0 0 0 14.4738253824 -0.930434864314 14.4738253824 0.00511460724108 36.4722717021 14.1610537688 6.84317601566 -3.88506493506 16.6627208249 9.4343896581 2.68859794396 -2.64167501673 2.65578945101 -2.65249525219 6.47818126413 -0.199200889664
