13.99585614 -1.042584677 13.99585614 0.01825581449 41.7317616 20.43913837 12.54486937 -5.02
11.35566327 -0.5530498866 11.35566327 0.5530498866 11.78545994 6.145764265 3.712014075 -2.69
13.51406952 -0.2816857731 13.51406952 0.007817014151 25.24967706 11.78112261 5.856674731 -4.04
13.01896929 -0.3045526636 13.01896929 0.06099132763 29.93923587 13.2596361 6.989670614 -6.11
6.321872286 0.1146066258 6.321872286 0.1146066258 17.19723004 7.56459914 3.810848615 -1.23
13.90868992 0.005435566256 13.90868992 0.005435566256 24.20845461 9.715731572 4.035104702 -4.85
11.19663112 -0.95671341 11.19663112 0.3163724905 20.4249204 10.29332743 6.36457447 -3.31
10.76222222 -0.39125 10.76222222 0.2962962963 6.356547007 2.061707079 0.8941914548 -1.36
12.33598777 -0.5245081812 12.33598777 0.1070227597 20.45415041 9.27699107 4.770326315 -3.28
13.30281439 -4.54191858 13.30281439 0.06827357332 15.89828285 4.756752644 2.402331582 -1.98
13.49627362 -4.779292064 13.49627362 0.0449585328 21.25960707 7.933331787 5.024634853 -2.98
13.84067423 -0.8929831061 13.84067423 0.05795904572 24.88817303 8.812895973 3.407829903 -3.87
5.830785384 0.7407569602 5.830785384 0.7407569602 15.9657229 8.086254728 4.305872013 -0.91
12.9170054 -0.1297270116 12.9170054 0.1020420498 21.3709807 11.03638932 6.998638733 -2.93
5.156060252 0.540210625 5.156060252 0.540210625 21.40804119 9.590316449 4.664534518 -4.44
6.230149763 0.6921984753 6.230149763 0.6921984753 20.50287067 9.810483245 5.62783797 -1.23
5.752582162 0.6822534818 5.752582162 0.6822534818 16.37188209 9.106508876 5.78 -2
13.91156107 -0.05794348153 13.91156107 0.05794348153 23.66966147 9.393956638 4.078793979 -4.43
11.92639267 -0.4805555556 11.92639267 0.3969444444 9.781107035 3.284429709 1.223467514 -2.42
12.88055264 0.06952572541 12.88055264 0.06952572541 15.4458658 7.207956557 3.309452098 -1.45
6.051660211 0.6320385855 6.051660211 0.6320385855 16.09678329 7.649742696 4.627108398 -0.28
13.34076727 0.06724272837 13.34076727 0.06724272837 20.95200267 8.825970302 4.27892663 -1.3
4.452476064 0.8316113946 4.452476064 0.8316113946 11.7223683 4.790306557 2.044648124 -3.08
12.36559867 -0.2875356746 12.36559867 0.2875356746 16.96937176 6.937943316 3.338087479 -2.87
12.36239087 -0.5661952003 12.36239087 0.003668745276 14.54322778 6.159400244 2.965447273 -1.39
13.49604332 -1.025779459 13.49604332 0.006774323927 22.86869872 9.278908896 4.86270144 -2.31
13.86319492 -1.886179508 13.86319492 0.254277608 22.5281829 8.831495274 3.567047202 -3.26
13.3551274 -0.2880919236 13.3551274 0.02930555556 20.05616383 7.67423484 3.801906889 -2.87
13.49812916 -0.6890269168 13.49812916 0.06822467876 19.4438939 7.314617249 3.353297636 -2.52
13.64691877 -0.3151539414 13.64691877 0.006444056017 21.76833306 9.432425861 4.687295068 -3.06
13.25320534 -0.5386694884 13.25320534 0.09997918719 29.16033324 13.4114296 8.039858524 -2.4
4.929256211 0.8352547719 4.929256211 0.8352547719 17.81254624 7.632944224 3.467616341 -3.26
11.99363616 -0.8850088716 11.99363616 0.03130320658 24.09276917 11.86479359 6.673662536 -2.18
11.36513467 -0.1515940288 11.36513467 0.05672123234 18.18626761 8.665559553 4.373242228 -3.19
12.11969393 -0.5725727973 12.11969393 0.01015810362 22.07391894 8.627469466 4.762347764 -3.62
10.88833974 -0.8524870128 10.88833974 0.0176531325 25.11351748 14.78559463 9.77155616 -3.15
13.36618404 -3.137464148 13.36618404 0.05131667854 32.7540842 13.78657806 7.422313659 -4.63
5.742001437 0.8498768731 5.742001437 0.8498768731 16.99836783 8.857309509 5.35957221 -1.84
14.28432635 -0.3154095293 14.28432635 0.2540367387 17.691147 7.213257143 3.314441215 -3.39
9.569163151 -0.09540504478 9.569163151 0.09540504478 17.7143417 9.40059453 5.76201015 -1.1
13.71132047 -4.074111904 13.71132047 0.03537589875 28.34089792 12.4572761 7.254441415 -3.67
11.65189551 -0.2156103629 11.65189551 0.06784810234 22.28103735 9.766704933 4.866216424 -3.52
13.64780963 -4.696615773 13.64780963 0.09507768529 25.04732939 9.684152841 5.234993301 -2.62
13.95382513 -1.236316312 13.95382513 0.004631491294 26.68026074 11.5256073 5.285977378 -3.53
13.95664481 -0.6104724013 13.95664481 0.004976712264 30.68314283 14.57006179 7.51461386 -4.27
12.93351425 -3.57572558 12.93351425 0.08922409213 21.54651411 10.04516403 5.912197646 -2.16
11.22660837 -0.3501805653 11.22660837 0.1548081513 21.51229275 9.26666192 4.427864072 -4.33
12.43635274 -0.4969803099 12.43635274 0.07390502504 21.03908216 10.19858317 5.438004074 -2.68
13.37134975 -0.290084369 13.37134975 0.2310031576 18.85875061 8.183790283 4.244351704 -1.92
13.22941752 -0.2008160903 13.22941752 0.2008160903 9.958232245 3.65985367 1.577892764 -2.23
13.35271723 -3.904257795 13.35271723 0.01476114552 25.04550133 10.28063667 5.276018278 -4.06
13.63242271 -0.6802434231 13.63242271 0.1032704502 21.05764219 7.953224322 3.679952548 -2.81
12.39378937 -0.1843873352 12.39378937 0.1843873352 14.21808823 5.66979219 2.682871936 -2.39
13.71723576 -4.005087079 13.71723576 0.1027601318 28.76004154 13.21167144 7.450611278 -3.24
13.10457744 -0.3630546632 13.10457744 0.1236523946 21.33654635 9.492336526 4.427244769 -2.9
6.056076993 0.5969598765 6.056076993 0.5969598765 11.68829974 5.026927203 2.659971981 -0.79
13.32380446 -0.3526323932 13.32380446 0.1027449376 20.78868903 8.72034143 4.082775397 -3.47
2.68647723 0.5253551351 2.68647723 0.5253551351 13.17643349 5.663673596 2.578919816 -0.82
13.56200917 -0.6501495211 13.56200917 0.05431754955 22.85441487 7.304131503 2.410350567 -3.09
13.04617576 -0.04220421811 13.04617576 0.04220421811 19.71458695 8.829370942 4.058780013 -1.59
12.36186904 -0.1224169212 12.36186904 0.01681480694 13.99370923 4.439809488 1.775658963 -0.63
14.8777484 -1.914078439 14.8777484 0.007055322019 83.68927436 40.61319834 26.76614998 -10.97
13.05544767 -0.3553257667 13.05544767 0.2522972382 17.7959188 7.56344147 3.902840744 -2.6
10.78098692 -0.7826546893 10.78098692 0.01959748702 23.3257833 11.32749645 6.577557381 -3.34
5.55621764 0.7324244142 5.55621764 0.7324244142 13.63907071 5.647063357 2.591701042 -3.01
5.844890745 0.7600580622 5.844890745 0.7600580622 16.63727512 10.07275627 7.191421975 -0.73
5.996130406 0.4812856519 5.996130406 0.4812856519 16.25872382 6.661972799 2.808002322 -3.93
12.6952989 -4.37147244 12.6952989 0.4835292396 23.08109798 8.876110519 5.764240139 -2.59
14.68877025 -3.718173084 14.68877025 0.1933636837 21.89806718 9.342809011 5.035630645 -1.8
5.737067901 0.4935802469 5.737067901 0.4935802469 6.882397959 2.35714068 1.061160555 -0.8
5.530305882 0.9632790568 5.530305882 0.9632790568 22.34755844 10.65292005 5.043173703 -3.45
13.49822942 -4.58660248 13.49822942 0.3209029691 20.75493192 7.775867046 3.580433883 -3.13
13.04003326 -0.09569326342 13.04003326 0.09569326342 14.64897035 5.934405614 2.72164553 -1.93
12.79194707 -4.0590932 12.79194707 0.0748750071 25.30574065 10.73865023 6.175966391 -4.32
10.47472078 -0.9483684382 10.47472078 0.01528922063 16.03785039 7.085013234 4.326258545 -2.34
12.83371232 -0.432135792 12.83371232 0.05010654139 26.08653388 9.086498081 3.341280149 -3.35
12.39928187 -0.2234864981 12.39928187 0.05617710507 24.32494376 12.64899142 7.643737911 -3.32
14.24112098 -4.7026671 14.24112098 0.02146620685 27.97329531 9.980212676 4.635898229 -4.17
5.539691358 0.7939814815 5.539691358 0.7939814815 4.663609831 1.987123268 1.203610472 -0.49
3.641114812 0.534998609 3.641114812 0.534998609 16.76509739 9.423875115 6.027943213 -1.6
13.61498889 -0.8179083995 13.61498889 0.1100450365 22.39508169 8.750891295 3.842840295 -2.4
11.31229831 -0.9823928896 11.31229831 0.08581477346 24.86548011 9.91821828 4.678498739 -3.81
10.0511678 -0.8246445293 10.0511678 0.1986186191 20.44309955 7.594432 3.795076999 -3.46
12.87528213 -0.9478646432 12.87528213 0.2495751401 17.48198187 8.160013239 4.830171995 -3.34
13.06231154 -3.947320804 13.06231154 0.001334089191 18.27202759 7.13905651 3.644005494 -3.1
13.67313046 0.152957609 13.67313046 0.152957609 18.55030868 6.907469441 2.943328263 -3.21
13.6763753 -0.3580876795 13.6763753 0.07677164693 23.85435153 10.75846233 4.953639101 -3.29
4.650046296 1.168055556 4.650046296 1.168055556 10.08892023 3.453383332 1.344193141 -1.09
12.27032773 -0.06354110943 12.27032773 0.06354110943 17.12130662 7.51452139 3.613565664 -2.31
11.05220485 0.6328203117 11.05220485 0.6328203117 18.30820281 7.950070944 3.767000046 -2.73
12.56991946 -0.8124347014 12.56991946 0.09828056921 22.42487137 9.793961082 5.728143366 -3.77
10.11421429 0.07275935374 10.11421429 0.07275935374 21.64445292 9.700094574 5.191530832 -2.58
13.47483749 -0.4852650227 13.47483749 0.07894085412 16.69473531 5.76671156 2.324928794 -2.46
12.78219785 -0.3438740797 12.78219785 0.06004372428 21.83946096 10.25371858 5.187961025 -2.86
11.31007539 -3.718302723 11.31007539 0.0448600322 16.18374692 6.20838291 3.125265222 -3.3
14.65019441 -1.395091282 14.65019441 0.002296888981 55.52566138 27.20501164 16.56734515 -7.07
12.93827848 -3.815467095 12.93827848 0.1162922572 25.48240479 11.32603471 6.928589642 -3.14
13.88449942 -4.661006124 13.88449942 0.04908084862 25.88374787 9.984846731 4.913036723 -3.37
12.77776084 0.28093194 12.77776084 0.28093194 28.82782534 12.59396049 5.791593134 -1.92
12.19518246 -0.06778420782 12.19518246 0.04270408163 13.95918367 5.78 2.467120181 -1
13.402804 -4.451538102 13.402804 0.02400775405 31.67076243 13.80799511 8.865530447 -4.26
13.78522109 -0.3007545588 13.78522109 0.262042706 18.65485556 8.046693429 3.540472172 -2.13
12.74403381 -0.4311750005 12.74403381 0.03476192468 18.32494505 8.272920223 4.788877195 -3.47
12.37604138 -4.8435605 12.37604138 0.09814484333 24.58964381 9.438583022 6.48303924 -3.05
5.938384602 0.592633626 5.938384602 0.592633626 19.95405458 9.920587154 5.597005861 -2.34
13.28965091 -0.8971942686 13.28965091 0.04328312652 21.45262028 7.340500759 2.834314443 -1.83
12.84899834 -4.633236204 12.84899834 0.1299123588 32.29711634 14.23409291 8.706676738 -4.62
12.87647878 -0.4979740913 12.87647878 0.04777364829 27.20166546 13.10344622 6.721276698 -3.84
7.135540963 -0.2814121158 7.135540963 0.03167317544 22.61743571 7.611501839 2.671331454 -1.35
3.201388889 1.048611111 3.201388889 1.048611111 4.96 3.96 2.96 0.96
9.942561466 0.1350231481 9.942561466 0.1350231481 14.56458432 5.263251058 2.780030483 -1.02
6.874315465 0.6876784542 6.874315465 0.6876784542 21.16589846 10.847805 5.72322591 -2.55
13.44077848 0.1496549672 13.44077848 0.1496549672 19.43641975 7.709717537 3.261025567 -3.25
14.17877449 -0.1466548056 14.17877449 0.007955666835 20.53082555 7.759423655 3.17047269 -2.07
13.56625521 -0.3417997595 13.56625521 0.1079353532 21.50910563 8.970248676 4.25976934 -3.02
13.38213565 -4.529763488 13.38213565 0.08312094514 19.46271101 7.325592518 3.596952909 -3.5
13.00368524 -1.047280407 13.00368524 0.1013249559 21.06834495 8.790728497 4.85604705 -2.65
4.224670493 0.8661574074 4.224670493 0.8661574074 8.754379607 4.418501829 2.555922133 -0.83
13.54285155 -0.1736539167 13.54285155 0.1736539167 16.71331231 6.942284365 3.19352752 -2.44
13.3966954 0.1685699588 13.3966954 0.1685699588 17.16902441 6.585141549 2.819148386 -2.95
12.98421186 -3.795164929 12.98421186 0.09832708701 20.35811513 8.180995217 3.765627368 -3.55
5.6251307 0.4668263941 5.6251307 0.4668263941 14.07396436 7.220817083 4.292473395 -1.88
13.07599354 -0.611764366 13.07599354 0.01630918262 20.16492551 7.953519085 3.732569052 -4.12
12.26594144 -0.3807454649 12.26594144 0.1187010005 14.2558154 5.596497896 2.345316667 -2.69
14.05916712 -3.878292017 14.05916712 0.03251961973 46.77592087 21.37671312 13.57202917 -5.91
11.78582989 -1.129078857 11.78582989 0.1331858985 22.9362759 8.950907352 4.620919937 -3.24
12.88745798 -0.08564132443 12.88745798 0.01518969461 20.17451361 8.719061705 4.238869994 -3.11
12.78424508 -4.449034563 12.78424508 0.005146201068 21.75035015 8.227352949 4.589136585 -4.47
13.80391016 -0.4996412638 13.80391016 0.008972795015 25.92841249 11.72297554 5.986737532 -2.15
13.02169313 -4.617873756 13.02169313 0.04250341186 19.77050719 7.36490746 4.540151976 -2.55
5.693420887 0.7174187453 5.693420887 0.7174187453 13.69158659 6.005751973 2.491872503 -1.28
13.03348429 -0.1297897595 13.03348429 0.1297897595 19.99238513 8.599461962 4.335889334 -2.3
13.79136833 -0.547599432 13.79136833 0.1419653169 23.73087063 9.666795492 4.394044682 -3.65
14.26640099 -3.065272881 14.26640099 0.07054015035 23.13906676 8.723769071 4.698397862 -3.03
11.74367725 -0.04429988662 11.74367725 0.04429988662 13.51472492 6.909922945 4.443998046 -1.55
11.99231859 -1.571574074 11.99231859 0.3982407407 10.05156593 3.432738315 1.293447536 -2.13
13.57705212 -0.5454087769 13.57705212 0.08761847955 26.45295566 12.08471309 6.992232581 -2.61
8.729166667 0.0462962963 8.729166667 0.0462962963 4.127785235 1.605659929 0.7162425684 -0.04
11.13689665 -1.288771125 11.13689665 0.4750955762 22.30846396 10.087003 6.825810692 -3.38
12.38283158 -3.440158758 12.38283158 0.02286625835 19.1696281 8.861538462 5.446231604 -1.6
11.66182362 -3.268565224 11.66182362 0.1126920393 21.38464106 8.717055471 4.891569561 -3.85
16.14390866 -0.7793621347 16.14390866 0.1070929978 24.61676345 9.102311661 4.367101355 -4.07
11.20449473 -0.1197835264 11.20449473 0.1197835264 16.35392913 7.013365644 3.599606033 -3.12
12.25538208 -0.4718010518 12.25538208 0.06350594839 18.76164586 8.118421335 4.576154956 -2.02
13.00599403 -0.1863665746 13.00599403 0.1863665746 14.14326184 5.964663876 3.026639427 -2.47
12.81725084 -4.488551354 12.81725084 0.03493456328 21.09616156 8.534669439 4.769870705 -4.15
10.30351852 0.3134259259 10.30351852 0.3134259259 8.700001398 2.825351778 0.9588318172 -2.42
4.224940991 0.2343650469 4.224940991 0.2343650469 13.21729067 5.613752519 3.636707619 -1.22
12.86225852 -0.3543774695 12.86225852 0.1118409513 19.45615579 7.189798108 3.242312121 -1.86
11.44076153 -3.745303288 11.44076153 0.03657407407 10.34159882 3.156744729 1.687824429 -1.18
12.97321948 -0.3766329336 12.97321948 0.1895914572 25.00903875 11.59499493 6.016811982 -3.66
14.63251692 -5.14532379 14.63251692 0.01591294213 66.01573583 30.0982486 19.45692999 -8.13
6.134876376 0.6436566708 6.134876376 0.6436566708 17.54005844 8.200950511 4.418891474 -0.28
12.58711022 -0.7882092568 12.58711022 0.1376985026 19.58056015 8.330677053 4.006896981 -3.73
11.57942942 -0.3112859096 11.57942942 0.1916303354 17.29813263 8.533027642 4.980987971 -1.53
11.74245358 -0.3336935469 11.74245358 0.08783822016 11.77152049 4.421552477 1.869647672 -2.3
12.46076269 -0.3755223217 12.46076269 0.2881306873 20.28921522 8.221841271 3.726875373 -2.33
11.22929918 -0.7202142385 11.22929918 0.2962962963 11.62030784 4.559460217 2.454187208 -1.86
11.35051792 -0.3387008692 11.35051792 0.3387008692 12.42753034 5.084854666 2.450157191 -2.03
6.17661611 0.3924253853 6.17661611 0.3924253853 20.80220938 8.454591494 3.729477183 -2.08
12.765384 -0.2128253207 12.765384 0.03298041317 18.87306206 7.874401237 4.345356824 -1.47
11.02298587 -0.405742158 11.02298587 0.405742158 9.733912005 3.744477633 1.712117863 -1.81
12.72362088 -0.5018099978 12.72362088 0.2242024157 20.58083233 9.866687927 5.218331397 -2.15
13.00182383 -3.476765201 13.00182383 0.3659468443 18.5103854 7.643274317 3.627706363 -1.85
13.37662778 -1.160986013 13.37662778 0.217349632 28.48708417 11.69781199 6.384626781 -3.52
11.00685348 -0.7321231302 11.00685348 0.1322383856 21.01032283 9.327486376 4.651701676 -2.86
12.81838617 -4.349286809 12.81838617 0.5580234841 23.87154214 9.656856148 5.084666795 -2.85
12.9914333 -1.586826814 12.9914333 0.0469802952 15.89774867 4.892151651 1.576870899 -2.32
11.17309996 -0.4058276644 11.17309996 0.4058276644 9.029263936 3.131017244 1.129271813 -2.23
12.20613205 -0.2324457252 12.20613205 0.2324457252 12.45987363 4.923454247 2.066035439 -3.28
10.7615724 -0.7879313001 10.7615724 0.05821710153 22.40621626 10.66013841 6.347093513 -3.28
13.21726891 -0.4183072195 13.21726891 0.06889443072 25.87986642 13.20300415 7.399052112 -3.2
12.40484544 -1.030046708 12.40484544 0.2021275825 20.62956411 9.399309415 6.197905364 -3.1
13.53615181 -4.418701025 13.53615181 0.1044029379 21.91066848 8.143699669 4.107822603 -2.91
13.10090003 0.07818665725 13.10090003 0.07818665725 19.27442034 8.132379841 3.88940744 -2.05
11.44549595 -0.9707220992 11.44549595 0.2336954241 23.04206159 10.26851112 5.173183897 -4.72
6.006896315 0.6842685152 6.006896315 0.6842685152 14.48960803 6.185535281 3.162761593 -2.1
10.21804232 -1.231536806 10.21804232 0.07142019795 16.45799291 6.372995857 2.803043791 -2.01
12.50945201 -4.401757502 12.50945201 0.05838004022 21.90498987 9.698329184 6.971105899 -2.39
12.98150109 -0.7328716267 12.98150109 0.09205746763 22.11638575 9.588985159 5.050303331 -2.09
13.94416851 -0.08057163014 13.94416851 0.08057163014 34.43340067 17.8171299 9.818313827 -4.43
5.6975685 0.1808994709 5.6975685 0.1808994709 8.381487555 3.261616963 1.751830333 -1.22
13.57790737 -0.6171818426 13.57790737 0.007140648112 27.32815478 12.69441236 6.596868618 -4.71
13.90461325 -0.6613126732 13.90461325 0.02113047997 20.90316887 6.001744561 1.931576029 -5.24
6.204052396 0.69087089 6.204052396 0.69087089 13.61110661 5.629587732 2.445670743 -2.04
13.377466 -0.6009466058 13.377466 0.1319063891 22.24168142 10.57053 5.103062873 -1.96
13.90590607 -4.476509291 13.90590607 0.1393351337 29.5005883 12.48078394 6.583282304 -4.99
11.24586096 -1.291396296 11.24586096 0.4871768686 22.02506628 9.889866475 6.404907264 -3.67
14.15547999 -0.2422469285 14.15547999 0.09260761333 27.05856145 11.4673981 5.306356721 -4.8
12.66694625 -1.360160479 12.66694625 0.04920473513 26.06436222 8.259240754 3.683289425 -1.01
12.75038036 -0.6529596137 12.75038036 0.1560735282 19.46572366 7.195429962 3.145037328 -1.85
12.94858347 -4.007352551 12.94858347 0.02332477744 22.25132106 9.271460427 5.107130841 -3.95
14.19456184 -0.5046064815 14.19456184 0.04356764928 15.74419066 6.95938845 3.615294706 -2.14
10.91947625 -0.729827448 10.91947625 0.1428510467 17.33683011 8.057918592 4.75170513 -2.49
12.72730568 0.03330246914 12.72730568 0.03330246914 15.61567839 6.791027158 3.656764825 -0.77
13.83948995 -0.6638683128 13.83948995 0.003654336735 22.05856941 8.07948082 3.412284985 -2.15
11.7068287 -0.3425462963 11.7068287 0.08041666667 11.23598784 4.125446455 1.819827975 -0.84
11.17440348 -0.9581214873 11.17440348 0.3023333193 19.13075672 8.834229711 4.95893574 -2.64
12.40770856 -0.383495084 12.40770856 0.09093137553 24.27046352 12.02173533 6.172866219 -2.86
5.52705233 0.9045242661 5.52705233 0.9045242661 21.46490125 10.04552039 5.010700008 -3.38
13.44792902 -5.190645556 13.44792902 0.1029901416 29.01258362 12.32906395 7.723570585 -4.55
12.93319843 -4.408112259 12.93319843 0.3921349572 29.52956501 13.34624753 7.858276876 -3.96
6.470396353 -0.06161143132 6.470396353 0.03786375661 17.87204058 6.575392625 2.96171375 -2.52
14.17575082 -3.921114483 14.17575082 0.03278544502 25.14568536 9.548826731 4.253450504 -4.15
13.47853664 -0.7955837428 13.47853664 0.1083789508 30.53251868 12.48378073 7.075420886 -3.49
12.94596283 -0.8563587596 12.94596283 0.1249071611 20.79528486 9.5152388 5.320337259 -3.93
11.6903022 -0.2052001655 11.6903022 0.1066899379 21.33224439 9.540080101 4.803147116 -3.52
10.80817814 -0.8606516532 10.80817814 0.01995856107 22.50398317 10.7306307 5.491265035 -2.18
5.89255165 0.8316867441 5.89255165 0.8316867441 15.35931323 8.187219572 4.475511866 -1.54
12.42486245 0.1144031009 12.42486245 0.1144031009 15.34008293 7.133929248 3.801153512 -2.56
4.314463757 0.8386937043 4.314463757 0.8386937043 14.84602406 6.806367188 3.285823172 -2.72
12.83416444 -0.4070711687 12.83416444 0.1954755343 20.32035275 7.523370383 2.920635313 -1.59
13.61776056 -0.06561004031 13.61776056 0.06561004031 18.65489205 7.156197935 3.19593916 -3.36
13.83030755 -0.4028909465 13.83030755 0.02606307266 23.25128776 9.052014256 4.03337087 -4.16
12.44633234 0.09200267912 12.44633234 0.09200267912 22.35733827 11.16735577 6.085024891 -2.33
12.68739398 -0.2699141993 12.68739398 0.01055298354 22.69497481 10.41752922 5.845522152 -2.49
13.11401366 -0.3488093843 13.11401366 0.136274184 25.99638355 12.75172553 6.993789045 -2.08
13.68306992 -1.045671441 13.68306992 0.1028081117 33.78625526 15.75762643 8.537505138 -5.1
5.894568786 0.2788444297 5.894568786 0.2788444297 18.28011646 7.246184523 3.202828566 -2.76
11.49707062 -0.7202993748 11.49707062 0.1924084662 36.23638666 14.36328673 6.004683945 -2.12
10.93059842 -0.545211238 10.93059842 0.3022517505 37.16984681 15.56860712 6.991039897 -2.12
4.24509897 0.7865025825 4.24509897 0.7865025825 11.84191045 4.863909707 2.291770159 -2.95
12.34338231 -0.4774183594 12.34338231 0.06206182191 21.3220185 9.405173833 5.359617969 -4.39
11.50799522 -0.1399283566 11.50799522 0.06144508593 19.63212861 8.813522857 4.5626642 -3.32
13.5068283 -3.404034805 13.5068283 0.001116447608 22.91696712 8.938983084 4.754996156 -1.26
13.21115289 -3.757306193 13.21115289 0.2709501239 22.6370817 9.132283929 4.770132567 -2.55
11.35757702 -0.3518002803 11.35757702 0.08574501869 17.54867328 6.701777622 2.766447621 -2.86
12.43835867 -0.07783154381 12.43835867 0.07783154381 17.99945179 7.403287857 3.313063799 -3.06
13.17862569 -1.24208284 13.17862569 0.04005015432 21.33178995 7.656144042 3.276900208 -2.21
13.53065961 -4.840320021 13.53065961 0.01037193445 23.81427679 7.795800012 3.516839778 -3.91
14.01944722 -0.5335929103 14.01944722 0.174207501 27.68771675 11.7940572 5.285075493 -4.47
13.76149381 -4.062078104 13.76149381 0.05336562326 32.5433734 13.79547536 8.52153255 -3.97
11.14099883 -0.733021542 11.14099883 0.1228919963 16.95056441 7.402223391 3.410268954 -2.49
11.3811319 -3.731388889 11.3811319 0.01564814815 10.32169935 3.542554632 2.361749128 -1.76
13.34896975 -3.111265339 13.34896975 0.09762720562 30.24535899 13.05881417 6.647667653 -3.79
12.58454031 0.3027363092 12.58454031 0.3027363092 18.98768263 7.579510218 3.676353831 -1.35
11.94580325 -0.3711412066 11.94580325 0.3537752732 19.15990995 8.854709094 4.570256203 -2.61
6.217382371 0.3803717713 6.217382371 0.3803717713 20.61314686 9.467900607 4.516308709 -2.28
5.075648148 -0.1533276644 5.075648148 0.1533276644 14.78031591 6.372574111 2.630513448 -2.79
13.57350217 -0.4787718263 13.57350217 0.1042512795 19.87704225 8.227186917 3.973433245 -3.06
2.615185185 0.9083246117 2.615185185 0.9083246117 16.01390347 8.121885023 4.555883964 -1.86
13.46235408 -1.60509556 13.46235408 0.03006073985 30.08038566 12.45810538 6.640904416 -5.39
2.626640684 0.5015289588 2.626640684 0.5015289588 14.34911357 6.095679012 2.949931338 -1.25
13.04512363 -4.42725567 13.04512363 0.06195759322 25.53045142 10.59367067 5.976693874 -3.56
13.70708188 -0.24445468 13.70708188 0.24445468 21.32246106 8.854570514 3.971772375 -3.22
13.79921824 -3.838655827 13.79921824 0.08985603211 29.34527662 13.62154608 7.94853462 -3.64
11.64260625 -0.9199690007 11.64260625 0.307543511 23.36600192 10.08182824 4.600571915 -4.38
14.07377128 -0.3004318351 14.07377128 0.2134897683 21.58813443 9.315680473 4.75876115 -3.25
14.10792234 -1.248969857 14.10792234 0.001941889997 27.07216809 10.06093753 4.936751507 -1.973116883
5.375074877 0.5405990174 5.375074877 0.5405990174 11.12025409 3.540907431 1.143980956 -1.58
10.47149158 0.01309235808 10.47149158 0.01309235808 22.17653145 9.698316738 4.291744197 -1.63
11.70306299 -3.283771719 11.70306299 0.2300140259 16.97901316 6.689166093 3.722925238 -3.46
5.984804292 0.3952245948 5.984804292 0.3952245948 24.07013101 13.07875355 6.951554513 -3.58
9.255022387 0.1725446429 9.255022387 0.1725446429 14.51772042 5.853442484 2.676193098 -2.07
11.55410345 0.2027353405 11.55410345 0.2027353405 19.64756674 9.225203829 4.660325539 -1.66
12.88648493 -0.9381161232 12.88648493 0.1414934666 24.83677434 10.26271865 4.760753391 -4.84
7.061310121 -0.2843078389 7.061310121 0.03746340212 21.9403902 7.599778444 2.518220536 -1.3
12.92258526 -0.427596492 12.92258526 0.2149236414 22.35737135 9.749011471 5.310665092 -2.84
13.75645102 -0.587769193 13.75645102 0.2050043042 23.42986575 8.850645038 4.189840855 -3.97
12.74400418 -0.3928086342 12.74400418 0.1823731163 19.12422274 8.107986566 3.56108134 -2.86
13.01733674 -0.2091078379 13.01733674 0.08902948817 18.1988716 8.668793943 4.72818705 -2.6
13.15053409 -2.913475281 13.15053409 0.01332012447 18.81990614 7.343211502 3.366798269 -2.96
14.12739119 -1.122502808 14.12739119 0.04850193164 25.44958988 9.593419409 4.326966892 -3.2
12.58547282 -3.527029611 12.58547282 0.0615481193 22.32844597 10.16573192 5.675448212 -2.87
13.06294711 -4.108014325 13.06294711 0.1676309104 19.27442034 6.7781403 3.213326326 -3.05
6.090857926 0.2326599899 6.090857926 0.2326599899 16.13649727 6.873058726 3.234496308 -1.35
13.79453736 -0.5419102044 13.79453736 0.0129692017 16.72309557 6.879205329 3.19867405 -2.73
9.182638889 0.4305555556 9.182638889 0.4305555556 4.47 3.47 3.47 -0.53
9.80142739 0.1708796296 9.80142739 0.1708796296 15.37038037 6.172602309 2.853695079 -1.02
13.98650827 -4.644916866 13.98650827 0.1182978635 21.28488109 7.781597431 3.892332081 -3.57
13.38687264 0.2317028849 13.38687264 0.2317028849 20.46227789 8.908927513 4.068658298 -0.81
13.74549414 -1.012536271 13.74549414 0.1058063009 22.24168142 7.869915193 3.468383799 -1.96
3.6700096 0.3147002551 3.6700096 0.3147002551 15.41017442 5.750999287 2.56377141 -1.12
11.59531634 -0.7032942422 11.59531634 0.09478514742 21.55969161 8.927063983 4.218349763 -3.28
11.11621638 -0.5177310767 11.11621638 0.1359329012 23.21130271 13.20839057 8.056865934 -2.07
10.84370748 -0.1275925926 10.84370748 0.1275925926 8.199009901 3.479115436 2.307383934 -0.9
12.73798069 -4.828193343 12.73798069 0.01243840204 30.94705532 12.88685837 8.057777778 -5
13.30702176 -0.6950998887 13.30702176 0.1540273054 21.14638642 9.762021054 5.951987347 -2.57
13.10531796 -3.509123002 13.10531796 0.3578083266 18.31968328 7.522515397 3.436114968 -2.05
12.61891227 0.008196273368 12.61891227 0.008196273368 25.78903887 11.72937678 5.777004955 -3.47
6.086779484 0.5217108714 6.086779484 0.5217108714 17.58846243 8.235108032 4.437836877 -1.23
12.25973844 -0.1104078373 12.25973844 0.1104078373 15.67680035 7.370211938 3.955941057 -2.21
13.79136833 -0.547599432 13.79136833 0.1419653169 23.73087063 9.666795492 4.394044682 -3.65
12.54897239 -3.669559536 12.54897239 0.06852100943 22.59198578 9.369612919 5.332268144 -2.09
14.76802024 -0.4998760922 14.76802024 0.02855276692 28.9843297 14.39655009 8.485718448 -3.01
12.8069798 0.03911106704 12.8069798 0.03911106704 18.20532312 8.237607293 4.395328047 -2.17
12.13162186 -0.04376177392 12.13162186 0.04376177392 18.96857621 8.756765312 4.5397149 -2.37
5.019288549 0.9522222222 5.019288549 0.9522222222 6.56 5.56 5.56 -0.44
4.441993992 0.3848595889 4.441993992 0.3848595889 14.53523687 5.928050218 2.564839319 -2.8
11.54474532 0.1560212578 11.54474532 0.1560212578 16.31278931 7.821521152 4.472929347 -1.55
13.05353291 -1.034711674 13.05353291 0.01571542201 25.30273535 8.674154082 3.488859217 -4.21
12.26803729 -0.7308223734 12.26803729 0.3017627892 17.73371142 7.435176016 4.509148676 -2.08
13.01110878 -3.463405409 13.01110878 0.3680889388 18.47223489 7.61907323 3.613685684 -1.89
13.29716893 -0.4463372348 13.29716893 0.08808153345 23.60855112 9.591700878 4.248729021 -3.78
13.52565822 -1.018824291 13.52565822 0.06242890879 39.93386065 22.42096349 18.46906081 -5.09
13.36692455 -3.720063819 13.36692455 0.02802599712 20.84632101 8.377602009 4.507547867 -2.41
9.244271542 -0.4492361111 9.244271542 0.4492361111 8.96 3.886985049 7.96 -0.04
5.977655659 0.5326637167 5.977655659 0.5326637167 13.42431379 5.827615945 2.672804908 -2.56
13.60786366 -0.8671274644 13.60786366 0.05277317492 24.3347459 9.672123091 5.926782985 -2.31
12.07359914 -0.159971301 12.07359914 0.159971301 14.47613488 6.536540041 3.40496038 -2.46
13.59533473 -3.168220941 13.59533473 0.004624065676 25.44958988 9.928243196 5.250372804 -4.2
11.57923036 -1.19643505 11.57923036 0.1904864706 20.03071998 8.624598717 4.330942937 -3.26
13.11183317 -3.968544081 13.11183317 0.007323003275 19.81035353 7.399176892 3.85089264 -2.49
14.59527663 -3.138401321 14.59527663 0.1109898589 19.16180936 7.457018502 3.602910907 -3.82
12.63107037 -0.3330684236 12.63107037 0.05127486134 19.52313684 7.913960749 3.746156117 -2.79
13.90056329 -0.2716516151 13.90056329 0.2716516151 22.70683527 9.043308895 4.021788764 -3.74
12.58852414 -0.3948164799 12.58852414 0.08920563823 24.53191388 11.70217419 6.301595501 -3.59
9.958333333 -0.1574074074 9.958333333 0.1574074074 5.47 2.693713647 1.758184438 -0.53
6.065087711 0.3932227891 6.065087711 0.3932227891 14.39593249 5.167556711 2.014822523 -2.2
13.0420229 -3.527470319 13.0420229 0.1838479986 21.00004957 8.857112762 4.274005487 -2.25
11.72694694 -0.7053158768 11.72694694 0.06669803039 23.50624347 8.607575882 3.766211318 -0.65
9.368055556 -0.7453703704 9.368055556 0.2222222222 4.47 1.758184438 3.47 -0.53
4.462595601 1.007600191 4.462595601 1.007600191 21.10577409 10.25096148 5.515649372 -3.14
13.14572864 -4.429532724 13.14572864 0.1049405287 27.01417094 11.27036557 5.864240263 -4.57
13.28359946 -3.033405413 13.28359946 0.08222585922 26.41843454 11.2773758 5.776710126 -3.19
13.4164297 -0.5582913078 13.4164297 0.07653100288 28.94531838 11.99554148 6.754834978 -3.05
13.26436479 -0.3907216611 13.26436479 0.1945735702 18.06490761 7.443809919 3.557499757 -2.99
2.618055556 1.087235607 2.618055556 1.087235607 12.4806387 4.467155495 1.587867739 -2.06
13.54085877 -0.8879082834 13.54085877 0.05929236821 23.68993658 10.64633368 5.54937332 -4.46
13.8907761 -1.003163122 13.8907761 0.06817134213 31.01885657 13.91248334 7.373852073 -4.42
13.82570535 -1.204446098 13.82570535 0.01592133868 19.74079412 6.453656813 2.508589655 -2.7
12.16277558 -0.3940835838 12.16277558 0.1426157056 24.7171229 11.80063663 6.104375043 -1.92
13.11303088 -0.2936693982 13.11303088 0.04150799009 24.91890414 11.15279708 5.272835201 -3.39
13.29272955 -0.7784489691 13.29272955 0.1366393158 28.16551268 13.79904872 7.600128622 -3.85
5.909163197 0.8276848982 5.909163197 0.8276848982 17.7143417 9.40059453 5.76201015 -1.1
12.2608064 -3.587061279 12.2608064 0.05913741739 21.89479951 9.442468524 5.301221055 -2.32
5.633368771 0.2350453515 5.633368771 0.2350453515 17.28390452 6.201696604 2.482333674 -1.59
11.30201967 -0.4025418748 11.30201967 0.2440441734 19.45615579 9.092536824 4.577421181 -1.86
13.68782292 -0.2535227702 13.68782292 0.04169867046 22.79970374 8.173848758 2.918805757 -3.15
9.350907658 0.2061089833 9.350907658 0.2061089833 22.7659943 10.50166155 5.060973423 -3.01
13.30079236 -0.94527777 13.30079236 0.2848962533 22.05856941 9.1473351 4.137650714 -3.15
13.01481216 -3.642785874 13.01481216 0.1185938419 21.740722 9.340948169 5.059224188 -2.48
5.210422808 0.5926851852 5.210422808 0.5926851852 11.31940715 4.777140577 2.328640168 -2.17
14.68154882 -1.040456113 14.68154882 0.1367940077 18.12102848 6.843371078 2.685297251 -3.93
12.42567612 -3.651317314 12.42567612 0.1980818921 20.16192359 8.619581913 5.458757189 -3.58
11.40781557 -1.009537037 11.40781557 0.1685648148 9.013093821 3.299396433 1.330826946 -1.56
6.11276791 0.7663650111 6.11276791 0.7663650111 22.35733827 11.16735577 5.851769952 -2.33
10.96090459 -0.796676981 10.96090459 0.6265554138 14.69586858 5.637781874 2.737963453 -1.88
11.75030459 -0.8928235492 11.75030459 0.06089234536 15.45726069 5.214170226 1.955547171 -1.07
13.3895358 -3.906540394 13.3895358 0.05651972157 24.4060142 10.26851112 5.84785966 -2.72
13.0175633 -0.7466898148 13.0175633 0.1242998866 15.7117158 5.928050218 2.660355932 -2.8
12.54092873 -3.865306576 12.54092873 0.0324537829 20.57744851 8.2095058 4.57303666 -3.69
12.5236326 0.3052998232 12.5236326 0.3052998232 17.08335363 7.489521066 3.48426812 -1.35
13.25811364 -0.2064442386 13.25811364 0.2064442386 23.84467857 10.75185713 5.443865994 -2.3
11.6158992 0.05747072739 11.6158992 0.05747072739 20.35673721 8.839165432 4.463469469 -2.92
15.05364139 -4.835835428 15.05364139 0.06610416628 24.68371074 9.141498216 4.585798817 -5
5.801186697 0.699212963 5.801186697 0.699212963 11.5386968 4.378233643 1.659763558 -1.28
12.26791076 -0.09805718275 12.26791076 0.09805718275 15.74419066 7.417725836 3.786430666 -3.14
13.03440165 -3.953984132 13.03440165 0.02023557571 17.37764038 6.599585495 3.464260631 -3.04
12.79438866 -5.192503189 12.79438866 0.5025108655 16.69364807 5.202687045 3.595972084 -2.36
11.52622494 -0.9529715799 11.52622494 0.3422623081 18.71310156 9.578854992 5.995964075 -3.07
12.99617934 -4.386421815 12.99617934 0.05877337248 22.32844597 8.937943322 4.957010304 -2.87
11.6561978 -0.4413260121 11.6561978 0.2034664179 19.25580144 7.841385397 3.635485646 -3.72
13.95575851 -3.918821911 13.95575851 0.1621056035 26.57259407 10.70743444 5.464088738 -3.03
11.62543766 -0.06082316547 11.62543766 0.009979794333 20.42389586 9.768052675 5.201265721 -1.85
13.08722511 -0.8428430886 13.08722511 0.2647019772 15.36309926 6.03853045 2.83166309 -2.17
5.67925422 0.1962037037 5.67925422 0.1962037037 9.984033613 4.811985947 3.022964882 -1.1
6.637995399 -0.1897471778 6.637995399 0.1897471778 20.19369059 9.153338986 4.738573056 -2.09
4.915123457 0.5347222222 4.915123457 0.5347222222 3.77 2.77 2.77 0.77
13.1478484 -3.508805049 13.1478484 0.3633017243 18.0088014 7.083080756 3.084535691 -2.05
12.69248299 0.2646990041 12.69248299 0.2646990041 21.28845753 9.904587959 5.393970183 -1.95
5.951186697 0.5422222222 5.951186697 0.5422222222 9.390577885 3.627821657 1.464299399 -1.84
13.15476726 -3.248061898 13.15476726 0.09075294943 28.5358193 13.05547537 7.558232482 -3.47
13.62475505 -0.3958752937 13.62475505 0.08087014193 19.66037593 7.756382328 3.664692147 -3.29
5.482347647 -0.2397222222 5.482347647 0.2397222222 13.83495838 5.769894034 2.444916582 -2.8
13.87225862 -3.491631577 13.87225862 0.3533054611 18.06314374 6.527563267 3.321122834 -2.74
13.70674819 -0.1984607035 13.70674819 0.07956909896 19.00210686 7.68534325 3.411439548 -2.99
10.11329571 -0.1399124202 10.11329571 0.1399124202 15.04218366 6.48861994 3.162618286 -2.87
13.06685175 -1.007083523 13.06685175 0.1685214653 27.8609607 12.65547169 6.907830741 -4.69
12.85802001 -0.827282472 12.85802001 0.2451596288 24.05053349 11.86008366 6.94134579 -3.6
14.75031111 -1.297584117 14.75031111 0.166158431 25.78509222 10.49090653 4.979608973 -3.85
5.504570053 0.6753469598 5.504570053 0.6753469598 14.71862454 4.846495902 1.588967915 -1.42
13.03588907 -1.015934639 13.03588907 0.1119212979 25.97696247 10.8841946 5.653878932 -3.1
13.27337832 -0.9875950153 13.27337832 0.2327859357 25.92841249 11.27514802 6.544651854 -2.15
12.4687096 -0.4893145821 12.4687096 0.07843364198 17.26911221 9.061946403 4.498149849 -1.56
13.81511354 -4.454112008 13.81511354 0.01168510552 26.89040902 10.6772263 5.576533681 -3.16
14.88208919 -1.494094347 14.88208919 0.007549090395 84.82397032 44.61603509 31.04978225 -10.59
12.72654705 -4.820196123 12.72654705 0.05115976733 21.53675166 8.289625368 5.677174867 -2.17
12.12378101 -0.4332231113 12.12378101 0.05728092389 18.30554662 8.259523082 4.779622144 -2.49
13.38126382 -0.139392933 13.38126382 0.02388010785 20.59424758 8.326152659 3.430356028 -3.3
12.80992842 -4.404112851 12.80992842 0.02833438661 25.87511754 12.10615724 7.913916752 -3.74
12.31859619 -3.626943602 12.31859619 0.06603975204 19.97321932 8.198229481 4.482277417 -2.32
12.9629964 -1.296774669 12.9629964 0.02338279773 27.96690691 11.88515894 6.116927181 -4.58
14.79559737 -0.5626955083 14.79559737 0.01175928012 21.90150948 8.879130623 4.092873692 -3.6
12.18758453 -0.04047884882 12.18758453 0.04047884882 16.45751221 7.446362302 3.918278476 -2.4
10.40901441 -0.6565225893 10.40901441 0.2355896977 22.42563501 9.544225418 4.242372569 -2.04
11.49987355 -0.2929053288 11.49987355 0.18226054 11.29007946 4.459144725 2.111902114 -1.81
6.056010015 0.6279845889 6.056010015 0.6279845889 13.19549064 6.575910495 3.2 -1.8
13.36397213 -3.317821403 13.36397213 0.04481696127 24.1059137 9.68176342 5.207634072 -3.03
13.17302869 -0.3916488046 13.17302869 0.2723098509 20.55825086 8.972491863 4.546175681 -2.71
5.830107587 0.2605441851 5.830107587 0.2605441851 17.49164971 7.759613022 4.089294394 -0.92
12.14331128 -0.04259802454 12.14331128 0.04259802454 20.75628722 10.54049404 5.754711449 -2.97
11.80163463 -0.1757210176 11.80163463 0.0139780565 21.57254992 7.292243767 2.521475782 -3.5
13.97650116 -0.2773398539 13.97650116 0.2719904758 16.66626242 6.843461372 3.204015938 -3.79
14.86654851 -0.358724978 14.86654851 0.277043536 22.88800547 10.10384114 5.557257272 -3.29
13.72141692 -0.1489675748 13.72141692 0.0694930042 26.87964928 11.65445258 5.617976412 -3.32
2.601851852 0.3806481481 2.601851852 0.3806481481 13.34801147 6.20703413 2.919563877 -1.64
14.52853789 -4.758132291 14.52853789 0.03583313465 30.32323868 12.3100011 8.388606168 -2.22
5.830277632 0.6791309209 5.830277632 0.6791309209 11.31835755 4.476601857 2.122279096 -1.78
14.34136934 -4.065820642 14.34136934 0.04371341443 42.66006474 20.1559262 13.29502649 -5.94
12.52266228 -0.1486947279 12.52266228 0.05968485684 19.96363681 8.192147889 4.178209461 -2.33
14.7863117 -5.208908472 14.7863117 0.009757382917 75.31010567 34.61847026 22.45942465 -8.72
12.58527896 -4.676098148 12.58527896 0.09705054012 20.93462785 6.537881797 3.048757414 -1.94
13.51787919 -0.7956668965 13.51787919 0.4656655528 21.1442266 9.363166962 5.151413852 -3.1
13.90484251 -1.135153 13.90484251 0.04350031774 42.70046085 21.10583569 14.021604 -5.71
6.640178532 -0.1957161279 6.640178532 0.1957161279 20.9712207 9.685362819 4.717536318 -2.28
11.23398334 -1.310547918 11.23398334 0.2753203866 21.07809955 8.386715566 5.047724579 -2.64
13.61821367 -0.9617800454 13.61821367 0.156906914 17.90059178 7.631142436 3.798949741 -2.49
5.512760771 0.5728703704 5.512760771 0.5728703704 6.160248408 2.234974333 1.026121648 -1.57
4.603248772 0.6711210317 4.603248772 0.6711210317 17.3739813 7.019218351 3.104219902 -3.73
11.35746175 -0.4707893234 11.35746175 0.1543115342 18.20523707 7.530891094 3.580621251 -3.84
4.656954837 1.023032407 4.656954837 1.023032407 11.97078247 4.631682966 1.750920679 -1.81
11.8047541 -0.4572541434 11.8047541 0.008603191468 19.1783977 8.802232022 5.17333295 -3.15
12.27032773 -0.06354110943 12.27032773 0.06354110943 17.12130662 7.51452139 3.613565664 -2.31
13.89240459 -0.5445339664 13.89240459 0.0770140353 25.0951976 10.81331967 4.61295439 -2.57
14.06853285 -1.143173868 14.06853285 0.0331489355 25.41402595 9.07726167 4.071504746 -2.68
12.85860263 -0.4471456496 12.85860263 0.06545869261 23.29873053 8.082619817 2.859008466 -2.83
5.264724957 0.5931578594 5.264724957 0.5931578594 23.61391672 10.64986917 5.408680201 -2.12
13.51033804 0.03781588561 13.51033804 0.03781588561 18.72054157 7.194950872 3.121432674 -3.29
11.18924411 -0.4509491067 11.18924411 0.4509491067 14.89297275 6.085745853 2.806984908 -3.67
13.52555718 -0.5412943937 13.52555718 0.2581844675 25.56926508 11.9455257 6.573491185 -3.52
12.50965515 0.3061148023 12.50965515 0.3061148023 16.13649727 7.264051998 3.234496308 -1.35
11.16914629 -0.7336781871 11.16914629 0.3271406269 21.40985444 10.46899759 6.344436533 -2.3
11.83340497 -1.239773302 11.83340497 0.07586349887 24.83225552 10.14382596 5.212851169 -3.28
13.20649291 -0.8733269495 13.20649291 0.0590119071 24.53191388 11.22370656 6.301595501 -1.59
5.367659492 0.7598542249 5.367659492 0.7598542249 19.24738073 9.425914239 5.242462153 -1.52
10.7912037 -0.2911111111 10.7912037 0.2911111111 6.805074799 3.011779445 1.345015863 -1.31
13.46453304 -4.502772502 13.46453304 0.1272325823 21.94690993 8.947049684 5.654317667 -3.75
13.575988 -0.1925710547 13.575988 0.03033917258 18.75302051 7.306200388 3.169474564 -2.99
13.69030668 -1.015842506 13.69030668 0.05851993575 26.75932869 10.82926676 7.083330971 -2.84
12.65766702 -0.2610139073 12.65766702 0.09187037881 19.71458695 8.417898385 3.945375903 -2.59
13.02800296 -0.2064244785 13.02800296 0.1268499097 16.07036489 6.830535911 3.343148934 -1.42
15.82576853 -3.321758928 15.82576853 0.2272344369 28.62976852 10.79219692 4.993250293 -3.13
12.64992284 -0.0249537037 12.64992284 0.0249537037 14.63519978 6.59668484 3.220029109 -0.77
14.28573226 -0.7524769306 14.28573226 0.0165316358 22.23133863 7.316575537 2.499241789 -2.61
12.540204 0.05620700688 12.540204 0.05620700688 25.14568536 11.71070567 5.94799559 -3.15
12.63477003 0.1117521287 12.63477003 0.1117521287 19.71458695 9.271767294 4.881601643 -2.59
12.19982785 -0.3211931532 12.19982785 0.1354182151 16.63126415 7.124900886 3.080017096 -3.22
12.26544323 -3.444511686 12.26544323 0.04928890306 23.94821041 7.944359824 3.069258713 -2.13
13.30142413 -3.029564046 13.30142413 0.07579581807 25.107878 10.17442856 4.960446652 -3.19
13.04389739 -0.1619387755 13.04389739 0.1619387755 16.08925781 6.48354459 2.972213208 -3.4
14.68402141 -0.9697859756 14.68402141 0.1376121969 23.36600192 10.48409658 5.17459551 -3.38
11.02349424 -0.6336973676 11.02349424 0.07684238348 22.89765915 9.691031773 4.874326308 -2.28
12.78507894 -3.779743626 12.78507894 0.08994140648 22.28891527 10.07337278 6.543174428 -3.4
11.97945984 -0.4209992546 11.97945984 0.06502326625 13.74890195 5.284190168 2.536348247 -2.22
12.09496618 -4.529198451 12.09496618 0.2755917737 16.17536982 6.279085849 4.140095503 -1.2
6.370846569 0.6225478122 6.370846569 0.6225478122 16.71362243 7.247128789 3.477337454 -1.74
9.56375 -0.2881944444 9.56375 0.1215277778 6.4 3.585185185 5.4 -0.6
13.73332335 -0.7771715213 13.73332335 0.01970777869 28.9696005 12.13693469 6.192736718 -4.54
11.14624007 -0.4811928382 11.14624007 0.2277947368 25.73077055 9.632095437 3.786546851 -3.74
3.82537037 1.120925926 3.82537037 1.120925926 6.085628141 2.492201094 1.425448346 -1.04
11.53958748 -0.927089199 11.53958748 0.2255897521 21.46985301 9.918173483 5.83717376 -2.83
13.0746881 -0.4215167032 13.0746881 0.3074010045 21.82525952 9.0944 4.314489796 -3
12.73542045 -0.8094682564 12.73542045 0.2426495444 22.87562826 10.99960411 6.106064209 -3.8
12.33090601 -1.668579924 12.33090601 0.009106620961 37.58645425 21.19219831 13.11366306 -3.6
11.24951166 -1.28639059 11.24951166 0.5185200811 21.89806718 8.915277778 5.421366386 -1.8
13.44501501 -3.649475256 13.44501501 0.07196869836 32.26690993 14.5840352 9.389047934 -3.25
13.59533473 -3.168220941 13.59533473 0.004624065676 25.44958988 9.928243196 5.250372804 -4.2
14.0711308 -1.158612135 14.0711308 0.01150848765 26.88068462 10.29885273 4.776092998 -3.17
12.37408171 -0.2916784067 12.37408171 0.1112218915 15.08088514 5.868053862 2.873446609 -1.47
13.79880793 -3.843916438 13.79880793 0.06697026959 28.35064277 12.46387751 6.309580899 -2.66
12.6335878 -0.3640000184 12.6335878 0.04220335929 19.52313684 7.913960749 3.62475258 -2.79
13.07279144 -3.841755634 13.07279144 0.1352807511 21.39856555 8.480217655 4.132717657 -2.45
12.80972049 0.08272737033 12.80972049 0.08272737033 24.86132964 11.93637099 6.062353722 -3.25
12.7570676 -3.908638631 12.7570676 0.09349090933 21.52698937 8.283522301 4.212395273 -3.18
10.45388291 -0.2806481481 10.45388291 0.1331018519 14.11431997 4.037486556 1.269688902 -1.26
9.422182155 0.1960329271 9.422182155 0.1960329271 11.25238372 4.435903871 1.980419924 -1.85
13.50435547 -3.769548979 13.50435547 0.07947916667 17.21558673 6.612471655 2.745873136 -2.9
14.49998306 -2.329821988 14.49998306 0.07022144551 31.20126625 13.49087739 6.998324964 -3.74
13.4233843 -0.3385426537 13.4233843 0.2814692038 22.75647866 10.49520266 5.542495255 -3.02
12.60943622 -0.5504803751 12.60943622 0.0632345016 27.04301541 10.91232612 6.210745262 -3.54
10.36952576 -1.098266263 10.36952576 0.09438941527 19.71416707 7.528538666 4.2636124 -3.04
13.06938891 -0.2654648001 13.06938891 0.0172712654 20.50066402 8.534909352 4.38956671 -3.77
12.26662285 -0.5524638846 12.26662285 0.02099606676 20.43349098 9.3166077 5.018605804 -3.84
14.58754884 -0.9448501924 14.58754884 0.09165767394 24.78893583 9.870969054 4.743513227 -2.89
14.61048013 -0.8782989631 14.61048013 0.01358976628 24.20270138 10.13603984 4.665150105 -2.93
13.05110229 -0.3556642618 13.05110229 0.2454512577 17.17239427 7.069085296 3.717023405 -2.66
13.01628305 -0.5414961262 13.01628305 0.055759296 17.2884589 7.14436302 3.749146737 -3.54
12.9610692 -3.732617512 12.9610692 0.1958610219 21.26922365 8.643953703 4.699277139 -2.97
7.339727088 0.05785503393 7.339727088 0.05785503393 18.3205542 9.318225039 6.176725336 -3.02
13.52817744 -0.5092886707 13.52817744 0.07285958365 17.20627338 6.91722142 3.049192986 -1.91
12.73975001 -0.569624152 12.73975001 0.0002348256668 23.56075973 10.96968556 5.989355833 -4.1
13.17946479 -0.2534170288 13.17946479 0.04122775937 22.04893412 9.974773575 4.686283611 -3.16
12.22358161 -0.0995776644 12.22358161 0.0995776644 13.39688312 5.17514552 2.400701132 -3.27
6.37794582 0.6397547832 6.37794582 0.6397547832 20.42389586 9.768052675 5.002364546 -0.85
13.75704567 -3.904518089 13.75704567 0.03440633834 28.31166413 12.43747797 7.44745471 -2.7
14.75899513 -0.7419112576 14.75899513 0.05656934996 24.24497927 7.789294809 2.685294458 -2.57
11.58083711 -3.936215986 11.58083711 0.1899074074 12.90738544 4.783666224 3.144389315 -2.16
15.28801188 -1.28027556 15.28801188 0.1306592143 27.72578272 12.20546651 6.41031174 -3.43
12.93990053 0.1599123601 12.93990053 0.1599123601 18.71116192 7.847150529 3.671932877 -2.3
8.698024691 0.2448148148 8.698024691 0.2448148148 5.446798906 2.052669548 1.138019489 -0.69
12.60990523 0.0003811278138 12.60990523 0.0003811278138 23.11825638 10.74146624 5.362357317 -2.64
3.361111111 1.75 3.361111111 1.75 2.74 1.74 1.74 -0.26
12.67907193 -0.1686517747 12.67907193 0.1686517747 21.90150948 8.879130623 4.092873692 -1.6
11.96029766 -0.4794496212 11.96029766 0.2452753157 21.61485569 10.0937237 5.715054432 -2.09
4.804839797 0.7156422693 4.804839797 0.7156422693 14.46150011 6.16753005 2.888398196 -2.13
12.97216793 -4.797628997 12.97216793 0.0150315619 30.86396393 13.37557471 7.869078915 -4.58
13.30738429 7.973251029e-05 13.30738429 7.973251029e-05 18.22437993 7.84159017 3.650437449 -2.15
6.640738027 0.05838248622 6.640738027 0.05838248622 21.80628288 10.27940025 4.996004925 -3.02
14.69382618 -0.517638534 14.69382618 0.1322096085 20.58661826 8.088466167 3.530984235 -4.01
2.248842593 1.232824074 2.248842593 1.232824074 6.241943084 2.099553891 0.6722660272 -1.3
13.34174205 -0.2813634297 13.34174205 0.0938390571 19.37005771 8.598279704 4.540316872 -1.95
13.1956302 -4.530247071 13.1956302 0.0253760393 14.93655592 4.506581785 2.464794235 -1.98
13.50836396 0.06403812593 13.50836396 0.06403812593 20.64151273 7.02953036 2.654493669 -2.53
12.37918202 -0.02923823618 12.37918202 0.02923823618 21.24999072 10.35380367 5.385435419 -2.99
8.806457242 0.1109957555 8.806457242 0.1109957555 15.8597524 7.499375044 3.838751537 -3.02
13.51024415 -4.075760936 13.51024415 0.01342912088 25.46253372 10.96440253 5.947152153 -3.63
10.62441358 -1.319027778 10.62441358 0.1347007275 12.83680752 4.247918181 2.474952885 -0.61
12.99181763 -0.2038638336 12.99181763 0.2038638336 19.95405458 8.574347772 4.320528323 -2.34
14.45249168 -0.7185322591 14.45249168 0.0203760393 19.10543163 7.118052804 3.149379262 -2.88
13.66112931 -4.615368528 13.66112931 0.01039672638 24.74654397 10.36424542 6.334255256 -3.89
11.36790674 -0.9726093917 11.36790674 0.3844974079 24.1349481 11.42145767 6.533333333 -4
13.97723052 -0.2897661827 13.97723052 0.2897661827 12.16434623 4.746545499 2.002068738 -2.6
13.33997492 -0.6811948679 13.33997492 0.0003474145437 28.40911458 12.50350715 7.074425362 -4.6
10.35050438 -0.8491705772 10.35050438 0.05146821397 22.93432767 11.0422315 5.495321281 -2.74
11.17448238 -3.260495825 11.17448238 0.4603825863 13.44339368 4.779544006 2.821270051 -2.54
12.10117035 -4.628783081 12.10117035 0.1669415937 18.07421562 8.545320424 7.223284369 -1.27
13.09114813 -3.640118572 13.09114813 0.3627904148 22.37607157 9.444195498 4.490367638 -3.42
10.50144332 -0.6889890663 10.50144332 0.6649007932 17.34552975 8.01511563 4.491781569 -1.01
4.861667165 0.2772264739 4.861667165 0.2772264739 14.03211947 4.596371826 1.952612737 -1.35
14.64177618 -5.144490456 14.64177618 0.01866776306 65.67053917 29.8555027 19.2764744 -8.48
12.11169025 -0.1721889773 12.11169025 0.1721889773 15.54206614 7.275440098 3.528758706 -2.35
11.86418934 -0.9917361111 11.86418934 0.41375 11.10607649 4.23337922 1.814065094 -1.39
11.9455154 -0.1569261779 11.9455154 0.1569261779 10.98878709 4.274359372 1.889425012 -2.13
11.73326101 -0.2062226002 11.73326101 0.2062226002 14.01239594 5.23576496 2.105831694 -1.61
15.14911895 -0.9195334311 15.14911895 0.01115173435 26.02585757 10.39807774 4.710710234 -4.22
6.14990427 0.3850943429 6.14990427 0.3850943429 22.45211857 10.28914552 5.427553308 -2.34
13.81725202 -0.7634860402 13.81725202 0.06697057497 32.98705543 14.8013933 8.659965181 -3.39
12.92820224 -0.9467715363 12.92820224 0.2511695279 18.45105686 8.360151207 5.074030543 -3.34
13.47569389 -3.114903588 13.47569389 0.09807971752 33.80717341 14.99563315 7.976557575 -5.08
14.15176532 -0.7720627572 14.15176532 0.03734245087 23.54715398 8.79005526 3.69688301 -2.19
13.14993789 -3.612803813 13.14993789 0.05628085281 21.31731012 7.344042707 3.56943162 -0.92
13.69533321 -4.315362316 13.69533321 0.05343283494 24.55938888 10.46553348 5.332265741 -3.13
13.59432602 -3.101659362 13.59432602 0.1102912786 20.75027266 8.695545216 5.35088864 -1.51
5.828271217 0.4183044989 5.828271217 0.4183044989 16.02354048 7.615466378 4.560781062 -1.85
15.72641454 -0.69239284 15.72641454 0.01109538892 25.58809168 9.920098786 4.109033174 -3.37
14.08563028 -4.18379711 14.08563028 0.001632761471 26.79308621 10.75619978 5.487815019 -4.8
12.8258042 -0.7549018435 12.8258042 0.04769206599 19.5709889 7.589132234 3.178548005 -3.74
9.979641448 0.1334391954 9.979641448 0.1334391954 19.94772924 8.926158822 4.732753448 -1.8
10.0361489 -0.5144444444 10.0361489 0.01592592593 6.538764846 2.344994096 1.222616942 -1.58
12.38031329 -0.4975283447 12.38031329 0.1260206444 13.91898367 5.181509776 2.192082102 -2.71
13.4571792 -0.9929973634 13.4571792 0.006840748929 26.58952657 9.098382381 4.189711575 -3.3
10.66359589 -0.501277089 10.66359589 0.3118091021 20.55645287 8.654946545 4.356062269 -2.34
5.955001051 0.4507612539 5.955001051 0.4507612539 24.07013101 13.07875355 7.2193096 -3.58
13.17500093 -4.576509088 13.17500093 0.1188063558 23.6319208 8.360353709 4.455062716 -3.52
11.53580405 -0.339467642 11.53580405 0.1101048753 20.95581109 8.122104283 5.325263246 -1.35
13.05707721 -0.3856519847 13.05707721 0.01796883145 25.35582201 10.89355467 5.270429171 -2.74
12.30948038 -0.1078679083 12.30948038 0.1078679083 21.6540788 10.15875473 5.195732163 -2.57
12.90824757 -0.4364541952 12.90824757 0.1696730668 23.58034452 10.98363516 5.037342037 -3.08
13.52141276 -4.583947099 13.52141276 0.0861031081 21.76960714 8.589138612 4.74730678 -2.45
12.61426935 0.06920993719 12.61426935 0.06920993719 20.21061666 9.107848038 4.473123593 -2.53
13.06431651 0.02426925104 13.06431651 0.02426925104 23.42046422 9.476555024 4.477020867 -2.98
12.13761775 -0.4581841466 12.13761775 0.17345673 18.60632324 8.467865857 4.314727551 -2.18
6.058895396 0.7799899744 6.058895396 0.7799899744 13.9109663 6.596991445 3.491500474 -1.51
12.81980716 -0.2210280128 12.81980716 0.2210280128 23.12940805 9.842706676 4.815982613 -4.04
12.69784063 0.06252662356 12.69784063 0.06252662356 18.29108891 7.885138694 4.103955131 -2.08
5.135030864 -1.552469136 5.135030864 0.9606481481 8.45 2.83820082 3.986912752 1.45
13.21025984 -0.7412669643 13.21025984 0.1025979991 19.73571742 8.138967373 3.448840643 -2.21
10.98916808 -0.9902846353 10.98916808 0.1834645062 13.05260571 5.204537995 2.532534129 -2.95
13.07264174 -0.0266816025 13.07264174 0.0266816025 17.74716859 6.926817738 2.852405594 -3.33
6.347002359 -0.01019752843 6.347002359 0.01019752843 23.68993658 13.29607504 7.81594742 -2.46
14.42079263 -1.261934906 14.42079263 0.007165165449 22.43451508 9.004597411 4.274586571 -2.76
13.51280458 -0.8031313776 13.51280458 0.05233742587 30.44155847 14.88984263 8.698540576 -3.1
12.8373536 -0.4007217831 12.8373536 0.1879974939 18.01815141 7.088683781 2.903148741 -2.04
12.03123079 -4.151088064 12.03123079 0.08097222222 16.08696072 5.164085271 2.983796885 -0.29
13.31200665 -0.1406131823 13.31200665 0.05003350736 20.80220938 8.811136034 3.949070353 -2.08
13.73524607 -0.1989139354 13.73524607 0.02715527232 21.95812784 9.178444251 4.49004283 -2.86
13.54911546 -0.8131841065 13.54911546 0.05675841269 29.12401992 13.07140367 7.476324993 -3.38
13.32281573 -1.067908557 13.32281573 0.05552597737 20.00901474 7.059306801 2.834142244 -1.92
5.974041086 0.7975267919 5.974041086 0.7975267919 17.37764038 8.105365998 4.19427154 -2.04
12.20659862 -0.07601831132 12.20659862 0.07601831132 18.48016498 8.870436682 4.864256231 -2.31
13.34427658 -3.10921774 13.34427658 0.09853102887 29.20341382 12.77561453 6.529732777 -4.88
10.6068748 -0.7889537218 10.6068748 0.1333435778 17.54973874 8.716985426 5.379705213 -3.27
10.05796695 0.001622942387 10.05796695 0.001622942387 12.68158878 4.64425673 2.035752373 -2.34
13.54398623 -1.034544004 13.54398623 0.02959684392 29.73567295 14.40887808 8.876782756 -4.24
13.48426352 -0.7895901833 13.48426352 0.05336453538 28.91409393 14.33078875 7.922388523 -3.65
13.06047579 -3.589221025 13.06047579 0.00735390352 22.77217722 9.217725231 4.845295415 -3.41
4.708333333 0.5833333333 4.708333333 0.5833333333 2.212525253 0.4622112383 0.206165084 -0.04
13.01741546 -0.4717287704 13.01741546 0.08154740898 24.97202517 8.734784328 3.086898534 -3.03
4.158070594 1.071830121 4.158070594 1.071830121 9.259525515 5.774022446 3.528920697 -0.83
13.05385793 -0.7818075239 13.05385793 0.1231936319 31.57095117 13.42431119 8.006344387 -2.85
13.64812167 -1.626351455 13.64812167 0.01308898877 25.99610887 9.59398983 4.021024132 -4.63
13.52668054 -0.8860472958 13.52668054 0.1464446251 25.90899359 11.26214904 6.34162012 -4.17
14.12486619 -0.5521387718 14.12486619 0.0622906186 31.98026886 14.62651893 6.917356109 -2.98
11.59915019 -0.7322926504 11.59915019 0.02251504552 25.58056685 13.61477218 8.044003691 -2.04
12.56981702 0.1884411201 12.56981702 0.1884411201 18.35781357 7.92876201 3.979734058 -2.01
6.228287037 -0.1242361111 6.228287037 0.09444444444 11.20527762 4.406909764 1.882659237 -0.9
12.40829166 -0.1805510967 12.40829166 0.1805510967 17.00746523 7.058827542 3.180353798 -2.43
14.12368395 -0.7546458755 14.12368395 0.02524617698 19.92416765 7.596273006 3.54130316 -3.01
6.016991884 0.5149707706 6.016991884 0.5149707706 14.69665017 6.687772004 3.700295676 -1.23
6.305498446 0.6258164951 6.305498446 0.6258164951 14.70624214 6.694370032 3.516121643 -1.22
13.67685185 -0.1836062931 13.67685185 0.03704513838 20.72615914 8.487810599 4.124363722 -2.86
12.32292753 -0.0433195334 12.32292753 0.0433195334 21.03849147 9.731747337 4.914288608 -2.21
11.71062927 -0.7377929623 11.71062927 0.3824372648 24.37395567 13.31700445 8.300354194 -3.27
11.36247733 -0.06641230966 11.36247733 0.06641230966 20.94 16.31292159 15.33114334 -1.06
11.37204083 -3.077739063 11.37204083 0.139624234 19.98280209 8.593181297 4.991083254 -1.31
14.09742288 -0.4150519207 14.09742288 0.1338194444 20.54700499 7.966197268 3.831213465 -3.35
11.17962795 -0.7427274047 11.17962795 0.1437253296 18.24343803 7.854024956 3.934196376 -2.13
13.08419587 0.04325477189 13.08419587 0.04325477189 26.24561839 12.9268966 6.543905892 -3.37
12.69504275 -0.9517961246 12.69504275 0.07533235367 25.07604966 11.2090743 5.696166962 -4.59
12.59528623 0.05198289347 12.59528623 0.05198289347 16.09870489 6.848749673 3.3765369 -2.39
11.60579383 -1.097441745 11.60579383 0.05192709221 29.42332394 12.43058541 6.223288611 -4.07
12.71635996 -1.050089704 12.71635996 0.01392164273 29.8040115 12.55902891 6.752985289 -3.17
13.24115443 -4.579075937 13.24115443 0.1309069245 21.84423729 8.419629368 4.172483303 -3.98
12.74029874 0.01548982882 12.74029874 0.01548982882 20.23204771 9.633201617 5.302863909 -3.05
11.47240728 -0.0800350457 11.47240728 0.0800350457 16.15539591 6.885223536 3.689583363 -2.33
12.52488223 -4.136733604 12.52488223 0.0169404812 48.95199785 18.28354499 8.594854214 -3.05
5.930282637 0.8115096339 5.930282637 0.8115096339 14.58157465 7.07813763 4.306265812 -1.35
12.53365471 -0.230960577 12.53365471 0.230960577 21.3709807 10.41597065 5.785836539 -2.93
8.849248335 0.268881829 8.849248335 0.268881829 13.33847563 5.770704907 2.930454796 -2.65
6.146574074 0.7485694602 6.146574074 0.7485694602 14.53726107 7.057341295 3.576768008 -1.87
13.31831763 -3.076337066 13.31831763 0.1384611971 26.2343843 10.87342112 5.374655247 -4
13.21497318 -0.7490679282 13.21497318 0.107501848 22.70462439 9.980837118 5.476444893 -3.48
13.74375427 0.08664390287 13.74375427 0.08664390287 21.90117746 9.918812739 4.576234971 -1.92
5.614738221 0.2432303477 5.614738221 0.2432303477 15.76446353 5.386377731 2.008600688 -2.26
12.47075558 -0.08136219766 12.47075558 0.08136219766 16.34447116 6.642064229 3.336729815 -2.13
11.65987111 -0.6297929043 11.65987111 0.08543058967 18.59624233 6.39675431 2.78544524 -2.76
13.63096587 -0.7242245446 13.63096587 0.02013078998 30.11620427 15.23407729 9.673788531 -3.43
10.62313764 -0.8028135956 10.62313764 0.1155869678 18.5092751 8.40049869 4.877353567 -3.28
5.884700491 -0.1806944444 5.884700491 0.1806944444 11.04429174 4.093394385 1.563769759 -2.82
3.655092593 1.064814815 3.655092593 1.064814815 5.48 1.806655656 1.767356322 -0.52
11.39160402 -0.3337038435 11.39160402 0.3337038435 16.34447116 7.007246672 3.615429016 -2.13
13.80765746 -0.07759291629 13.80765746 0.01094224389 19.56141793 8.318239908 4.142977778 -1.75
6.018505606 0.5305169753 6.018505606 0.5305169753 15.57445727 5.947570839 2.535693922 -3.67
11.31040889 -0.3941526572 11.31040889 0.2343125029 19.71458695 9.271767294 4.689488238 -1.59
5.416465892 0.4971054089 5.416465892 0.4971054089 12.26201814 6.514681953 3.676170656 -2.2
13.11916763 -1.019582892 13.11916763 0.09427532836 22.02506628 10.92127508 6.161652146 -2.67
15.02619078 -0.4365434466 15.02619078 0.09972784673 21.45542383 9.229951712 4.431856961 -3.39
14.76126783 -3.361779133 14.76126783 0.01081295961 27.30007253 10.76390466 7.117507674 -2.29
14.29523386 -3.338067839 14.29523386 0.04977385409 21.93714107 9.369031795 5.439424688 -3.76
13.58919351 0.09401856576 13.58919351 0.09401856576 19.85890628 6.628123888 2.345504991 -2.4
12.42579468 0.08553436921 12.42579468 0.08553436921 21.34153646 10.98016821 6.051562323 -2.37
11.09747289 -0.4284621983 11.09747289 0.02285510522 18.43408939 7.978708425 3.989827189 -2.93
11.50220507 -0.5444565026 11.50220507 0.3111205068 15.7538191 6.548506445 3.437281364 -3.13
11.44697668 -0.8319894921 11.44697668 0.1817730796 30.6625489 14.39696788 7.967454127 -1.56
12.67792606 -4.774960024 12.67792606 0.1463949929 29.21089891 12.70116679 7.505723907 -4.29
14.11621591 -1.020038896 14.11621591 0.003250478169 42.52380292 19.11527381 10.32924156 -6.08
14.02634475 -4.500778033 14.02634475 0.007432450426 28.88275778 10.02490639 4.723661846 -3.63
13.34837309 -0.02330654905 13.34837309 0.02330654905 20.95891262 8.630452651 4.326222848 -2.61
6.235638497 -0.2201669186 6.235638497 0.1807610544 18.69166834 7.396403066 4.094125644 -2.66
13.93844267 -3.908350981 13.93844267 0.04456032151 37.80266496 18.66949607 12.43086882 -4.01
13.76388633 -0.2798409155 13.76388633 0.2798409155 20.7726914 8.516274533 3.686322452 -3.81
12.87418754 -0.1104109977 12.87418754 0.1104109977 17.18773834 7.173357956 3.369023308 -2.24
11.24598884 -0.6840624289 11.24598884 0.2310417979 15.87090692 6.503797115 3.224066232 -1.51
13.42968819 -0.3427736933 13.42968819 0.06028292181 18.90171316 8.2867272 4.340530014 -2.44
13.77989025 -3.660971854 13.77989025 0.04945306109 26.53368063 9.910714484 4.881645487 -3.07
10.99402069 -0.7442539039 10.99402069 0.1168154358 22.07784065 10.45531285 5.560246781 -3.13
13.35755588 -0.07724658523 13.35755588 0.0030520539 22.21452973 8.641898726 3.855020534 -3.59
5.814088924 0.5596855665 5.814088924 0.5596855665 15.14669839 7.009722222 3.582806813 -3.4
13.54670355 -4.420506521 13.54670355 0.05968935028 20.47143352 7.610864108 3.589293759 -3.43
14.42127411 -1.010335708 14.42127411 0.2467914095 30.55610182 13.05835773 7.456904902 -4.4
13.69538779 -4.459630152 13.69538779 0.08777166615 28.41982182 11.78374807 6.623273421 -4.11
13.99804824 -1.309637346 13.99804824 0.1438699907 22.16457205 8.835244939 4.305635207 -3.04
11.32212586 -0.9604076378 11.32212586 0.3989220598 24.1349481 11.92344045 6.756679115 -4
12.12037026 -0.083148077 12.12037026 0.083148077 17.08537039 7.881805077 4.203713105 -1.75
12.61141838 -1.028401466 12.61141838 0.1138044974 20.25931433 8.261449021 4.493889414 -2.48
10.2132046 0.4310459184 10.2132046 0.4310459184 13.19549064 5.67623359 2.704682622 -1.8
13.22724592 -0.360740557 13.22724592 0.1858388973 21.88516798 9.863323684 4.953508432 -4.33
8.071405108 0.2883241213 8.071405108 0.2883241213 17.48198187 9.223532144 5.076821856 -3.34
3.807122012 0.910122197 3.807122012 0.910122197 13.6274846 6.391038863 3.355695266 -1.8
13.40612246 -3.904880758 13.40612246 0.02032598996 25.86044909 10.03337555 5.297989513 -3.22
14.12720209 0.0295048081 14.12720209 0.0295048081 24.43750433 9.764794249 4.287130369 -3.9
13.99823239 -0.4646538813 13.99823239 0.4646538813 17.94336278 7.716306457 3.486444686 -2.12
6.076881971 0.12553087 6.076881971 0.12553087 15.48551775 7.240640565 3.712973379 -2.04
14.2410729 -0.3192864812 14.2410729 0.1554614407 14.01656691 6.224214912 3.215668415 -1.94
12.5775263 -0.2335846036 12.5775263 0.2335846036 16.72309557 7.253312875 3.458256619 -2.73
13.50679865 -3.11953166 13.50679865 0.0924622196 31.75329763 13.35055207 6.620780394 -4.83
13.27138162 -4.331191157 13.27138162 0.5876862688 19.60927559 7.968145865 4.161992813 -1.7
13.22092782 -4.540403912 13.22092782 0.07857048375 14.93655592 4.506581785 2.361068834 -1.98
4.915079894 0.887579702 4.915079894 0.887579702 23.18552324 9.670989646 4.395046503 -3.23
12.59760102 -0.8901918853 12.59760102 0.06499689069 26.97793511 12.44952904 7.02736655 -4.07
13.53887524 -0.7900140149 13.53887524 0.1653497942 21.76960714 9.784873992 4.574990745 -3.45
13.73191877 -1.16398968 13.73191877 0.1871441703 24.26308453 11.08709776 4.934904677 -3.44
12.97536254 -0.9519409014 12.97536254 0.05617078133 21.05859052 9.700163336 4.674864698 -2.66
6.233066972 0.2951616358 6.233066972 0.2951616358 22.11004513 8.916732974 3.851261091 -2.7
6.136930508 0.4440031074 6.136930508 0.4440031074 14.547054 7.662021157 4.626829256 -0.86
13.40997986 0.003030145455 13.40997986 0.003030145455 24.37148509 10.06276452 5.091997256 -0.97
12.00314862 -0.2399074074 12.00314862 0.1618745276 12.89531654 5.866492014 2.819277477 -1.55
12.90858143 -3.909593181 12.90858143 0.08139525885 21.991127 8.372782213 4.241256238 -3.22
11.46301776 -1.017477324 11.46301776 0.14 11.28065462 4.131667162 1.808967415 -2.82
12.63763506 -0.06029487976 12.63763506 0.06029487976 16.78941824 7.703749508 3.626586345 -2.66
13.16621904 -0.7609033289 13.16621904 0.1332094466 30.1879466 12.63655864 7.280125047 -2.85
13.7839344 -0.7888683128 13.7839344 0.04805300111 22.02002957 8.056780529 3.400529817 -2.19
9.455005613 0.5835010393 9.455005613 0.5835010393 15.21253413 6.285545547 2.670491422 -2.33
12.44358025 -0.1449382716 12.44358025 0.07532572751 15.19834306 6.348640703 4.78954378 -0.86
13.32998771 -0.6422486104 13.32998771 0.1741963286 24.62632668 10.50881257 5.073001712 -3.06
10.38047107 0.1940273835 10.38047107 0.1940273835 18.93991882 7.917215237 3.393410207 -2.4
6.633978768 -0.61056097 6.633978768 0.08901722726 21.95812784 9.956932472 4.362924634 -2.86
14.11959516 -0.5406017469 14.11959516 0.03983735998 19.7720436 8.070818917 3.811222218 -3.53
13.07588602 -0.07419361011 13.07588602 0.06190587847 25.30641302 11.40864381 5.586025498 -3.98
12.33659179 -0.09844360404 12.33659179 0.0476028057 20.56134085 9.852628816 5.901198549 -3.17
13.22586228 -3.219531953 13.22586228 0.0156973468 21.991127 9.104014732 5.166378805 -2.22
13.03500189 -3.9441011 13.03500189 0.05361164297 25.53481597 11.76963971 6.634392632 -2.725064935
12.86417473 -1.065980029 12.86417473 0.01768183454 22.74846348 9.057225945 5.211810145 -3.93
4.428547808 0.5947222222 4.428547808 0.5947222222 8.9183604 3.069587984 1.267125421 -1.35
5.661044529 0.7000390354 5.661044529 0.7000390354 15.48551775 6.832340537 3.119455927 -2.04
12.75326871 -4.378426127 12.75326871 0.1669276569 24.246531 10.03257382 6.316790071 -3.4
13.05420963 -0.9249911423 13.05420963 0.1491538853 20.92317746 8.425830723 4.003977377 -3.33
13.41357949 -0.2033281156 13.41357949 0.2033281156 22.48064067 9.897677538 4.529346341 -3.31
10.67241281 0.02384785931 10.67241281 0.02384785931 15.77773702 6.291528986 2.863456191 -3.73
12.22644991 -0.107624874 12.22644991 0.02942397329 17.99015045 9.800132642 5.00909879 -1.06
13.84713312 -1.037493032 13.84713312 0.01637387671 19.13122163 6.358333883 2.333715145 -2.37
12.50093504 0.009785641363 12.50093504 0.009785641363 22.28024129 11.0954018 5.653220241 -2.92
12.19377835 -0.3335917498 12.19377835 0.3062731949 19.19000316 7.800829311 3.474833695 -2.79
13.31366263 -5.425644916 13.31366263 0.02093234446 67.72779981 39.47594592 26.59662207 -4.06
12.34150526 -0.008080828778 12.34150526 0.008080828778 20.44308636 9.781566678 4.830927818 -2.83
14.51952041 -0.8446373259 14.51952041 0.05440251308 26.63762186 11.31800582 6.292992198 -3.42
12.29999474 -2.453629539 12.29999474 0.1588977597 18.07283708 8.578808788 5.131047671 -2.73
12.41898183 -0.4981815471 12.41898183 0.1537666301 24.38664767 11.12353773 5.65896743 -2.74
12.8820986 -0.3989608135 12.8820986 0.1952058925 19.00679024 8.356363444 3.534020967 -2.33
12.46291242 -4.435746037 12.46291242 0.07993622449 15.88072576 6.510341856 4.24537759 -2.5
12.35296674 0.015 12.35296674 0.015 11.51349768 4.125142551 1.753335506 -1.97
12.82231928 0.09023080684 12.82231928 0.09023080684 24.95825448 12.00549179 6.105578825 -3.15
9.646201263 0.05092592593 9.646201263 0.05092592593 12.18416062 4.534392392 2.224617978 -1.28
12.85529935 -3.487018785 12.85529935 0.0007003537054 22.1385376 9.673485413 4.832524866 -2.67
12.76785869 -0.8852094269 12.76785869 0.1575427013 22.75287538 9.596601692 5.320531785 -3.43
14.04011934 -4.44250238 14.04011934 0.1123771063 30.30351973 11.87490857 7.046641435 -3.24
12.87191414 -4.290538309 12.87191414 0.5807079044 19.48071659 9.080839373 5.854287142 -2.28
12.29626527 -0.4918660767 12.29626527 0.2557197177 21.2115277 9.851313464 5.181143158 -3.03
4.220740531 0.303175548 4.220740531 0.303175548 13.05891179 4.314719098 1.731969062 -1.42
11.75170913 -1.155412327 11.75170913 0.4202142824 25.42372718 11.84357964 6.113236816 -3.67
13.51116041 -1.226764777 13.51116041 0.04173271307 26.36550099 11.56878686 5.814587958 -4.7
6.785920216 0.1737033922 6.785920216 0.1737033922 20.28921522 8.549568625 3.831601914 -2.33
6.144063504 0.6247590863 6.144063504 0.6247590863 16.2593674 6.952252102 3.561277591 -1.22
11.18105337 -0.969183768 11.18105337 0.09892958459 26.01580525 11.3336981 5.835543936 -3.06
11.82895113 -0.2981879333 11.82895113 0.1367602218 20.05682775 8.905327829 6.193729564 -1.26
2.59462963 1.188433012 2.59462963 1.188433012 13.78386357 7.720085893 4.558366956 -0.64
12.01046414 -1.029769193 12.01046414 0.2138068126 25.50134286 11.89792067 6.54864408 -4.59
13.5736396 -0.5918680713 13.5736396 0.0008125472411 21.23075874 9.864624386 4.997369683 -2.01
11.00661663 -0.5418147151 11.00661663 0.1633269625 23.50288369 8.310383283 3.122305399 -3.38
11.99004315 -0.5010019841 11.99004315 0.08238803855 15.13500333 6.952511517 3.869078663 -3.26
6.540971703 0.5419447793 6.540971703 0.5419447793 17.03870942 7.144871671 3.671853512 -2.09
13.95501031 -0.3585364964 13.95501031 0.07499858277 21.28845753 9.904587959 5.037073426 -2.95
13.13454803 -0.226624441 13.13454803 0.08980640447 26.21682193 11.14657943 5.13766319 -3.4
16.85906329 -1.980464026 16.85906329 0.06755645314 19.92530949 5.832747548 2.014263809 -1.37
11.54391759 -0.7094365568 11.54391759 0.09066515792 20.19369059 8.338501167 3.967658095 -3.09
11.48366684 -3.531720211 11.48366684 0.001045564818 19.98666693 7.69781642 4.939592144 -2.76
12.96295717 -0.5731942935 12.96295717 0.1361504601 23.73793651 10.73304895 5.152776408 -1.99
12.84509303 -0.3325701268 12.84509303 0.0177904856 24.41569772 7.917359628 3.1482146 -0.71
11.29101992 -0.985625 11.29101992 0.3176981765 14.4099723 6.437869822 4 -2
11.26253851 -0.9740413388 11.26253851 0.2961550179 35.20171001 19.88784652 13.15229979 -5.28
13.47669291 -0.05260078105 13.47669291 0.05260078105 19.10543163 7.118052804 3.05891059 -2.88
12.82094187 -0.4355114263 12.82094187 0.04448700518 25.45283184 11.86394942 5.942936844 -3.64
6.627626673 -0.1826640358 6.627626673 0.1826640358 18.777578 8.62610003 4.129148361 -2.57
12.64202912 0.2787036686 12.64202912 0.2787036686 19.81108104 8.546790205 3.802421031 -2.13
6.013824313 0.5511810105 6.013824313 0.5511810105 18.27202759 8.282656736 4.255508036 -2.1
11.50035399 -0.2910444749 11.50035399 0.2910444749 15.86108826 9.422409971 6.646345671 -1.52
12.96752966 -4.427484917 12.96752966 0.1759623914 19.67920922 7.767757562 3.874361871 -4.27
13.51958304 0.3349371086 13.51958304 0.3349371086 28.2904852 13.02007731 6.859059346 -3.49
12.91930594 -0.4289165104 12.91930594 0.2131881042 22.35737135 9.749011471 5.135581075 -2.84
12.256707 0.1011218686 12.256707 0.1011218686 20.91570719 9.672099462 4.939879905 -1.96
7.828730681 0.07476524059 7.828730681 0.07476524059 24.55938888 10.46553348 5.354944445 -4.13
6.352053844 0.6207303956 6.352053844 0.6207303956 15.8249078 6.673335015 2.995412811 -1.68
12.71067745 -0.1313851977 12.71067745 0.1168034373 17.52966403 7.784886606 3.496687473 -1.88
13.76411956 -0.5309349277 13.76411956 0.1293551146 22.97893186 9.542313183 4.215468196 -3.45
13.3289888 -0.2614586132 13.3289888 0.2614586132 16.54317137 7.136098421 3.257588674 -2.92
14.40025032 -4.993406273 14.40025032 0.05278695249 28.86932818 10.19614149 4.953757668 -4.23
10.89326614 -0.8499858737 10.89326614 0.02034025738 23.51180005 12.6432035 7.518587335 -3.15
14.46438134 -0.166319123 14.46438134 0.07827454742 21.03871352 8.962162851 4.124263333 -2.83
14.12144594 -4.196116846 14.12144594 0.01864348787 31.92517007 11.58877256 6.636955017 -3
8.860750622 0.04979162287 8.860750622 0.04979162287 15.27839216 6.326943444 3.066033357 -1.26
9.43021437 0.2264845784 9.43021437 0.2264845784 10.10760181 3.747171836 1.82830456 -2.07
5.907905801 0.6568603553 5.907905801 0.6568603553 13.19549064 6.575910495 3.2 -1.8
12.72117319 -3.535904297 12.72117319 0.3009471594 21.21858507 8.713409213 4.317120294 -2.64
11.30614579 -0.8205614025 11.30614579 0.0110461956 22.42359891 10.26989039 5.232567097 -3.37
6.47851053 0.4818621273 6.47851053 0.4818621273 28.86556213 13.00286161 5.805306365 -3.88
12.8550348 0.09111856471 12.8550348 0.09111856471 17.86252418 7.606501962 3.929660668 -2.53
14.04593773 -1.183047473 14.04593773 0.01390873016 22.46344749 8.31913772 3.922066096 -2.73
14.01547803 -0.7548223738 14.01547803 0.008817070753 32.43640782 13.31208098 6.511120288 -3.505064935
10.91815401 -1.029327286 10.91815401 0.0602532124 11.57309902 3.49843122 1.274266926 -1.51
13.44177774 -0.2236800307 13.44177774 0.001849052482 23.25498672 9.524915586 4.579880702 -3.91
13.27144483 -3.858401824 13.27144483 0.04365292155 30.85816041 12.68827208 6.622108272 -4.15
12.89733441 -0.4144813975 12.89733441 0.2319755186 20.22245804 8.356853039 4.114570218 -3.06
15.09190842 -3.375675747 15.09190842 0.00710193053 30.21478806 12.23865378 8.085008393 -2.33
12.32063722 -0.07700327973 12.32063722 0.07700327973 22.88020247 11.02362555 5.973599286 -1.89
9.443658999 -0.3930332735 9.443658999 0.00970972303 23.95750047 8.439172 2.95868106 -2.12
9.938006337 0.194679469 9.938006337 0.194679469 15.7117158 5.928050218 2.534867445 -1.8
13.42332987 -4.583469046 13.42332987 0.2343634088 27.35734797 11.37321775 6.801917991 -2.68
12.04648971 -0.0294560786 12.04648971 0.0294560786 16.71593191 8.71040694 5.278207468 -1.65
5.908001464 0.5971513605 5.908001464 0.5971513605 9.632166619 3.774174066 1.45024345 -1.58
11.58756204 -3.256573321 11.58756204 0.2016512879 21.13461311 7.858962727 4.349102368 -1.11
12.79506493 -0.2025302358 12.79506493 0.009928375832 21.39856555 9.193287681 4.829950392 -3.45
8.876585919 0.6866647237 8.876585919 0.6866647237 17.08335363 7.903801958 3.900608147 -2.35
13.42332987 -4.583469046 13.42332987 0.2343634088 27.35734797 11.37321775 6.801917991 -2.68
13.34937745 -0.03803287982 13.34937745 0.02855111489 18.36734694 7.935 3.68 -3
13.12057028 -4.814357403 13.12057028 0.006505102041 16.46716269 5.316594968 3.12616671 -2.39
12.84176391 0.04375273824 12.84176391 0.04375273824 18.26249742 8.276216611 4.251481871 -2.11
13.32084949 -4.706605164 13.32084949 0.1937939135 18.4413546 7.489521066 4.630789994 -2.35
13.3677527 -0.6688491889 13.3677527 0.003558835456 28.47733752 12.54978762 7.105779825 -4.53
5.492471439 0.952456474 5.492471439 0.952456474 15.0244918 6.530811952 2.827181582 -2.53
14.30595764 -1.094369579 14.30595764 0.01198635496 33.9420021 14.66979506 7.226208881 -5.94
13.29766991 -6.086025931 13.29766991 0.04217858105 26.21977038 9.225664162 4.785173021 -3.85
13.11987866 -0.03973123359 13.11987866 0.03973123359 31.24157763 16.60164255 9.652612389 -3.19
5.023216412 0.9011602419 5.023216412 0.9011602419 7.862459016 3.814282938 2.11427089 -1.24
6.124197373 -0.1125682634 6.124197373 0.1125682634 13.59246665 5.617947319 2.439311532 -2.06
13.68650283 -0.4034807595 13.68650283 0.05980052579 24.46411803 11.6541147 6.476311434 -3.66
11.6175707 -0.9162742848 11.6175707 0.2568795985 23.44894941 11.37956953 6.897897986 -2.83
13.26478549 -3.963673499 13.26478549 0.007070018393 29.39406585 12.72096853 6.937053036 -3.59
5.906936177 0.2529072897 5.906936177 0.2529072897 17.33568773 8.008010668 4.739726313 -1.02
6.280445166 -0.2330003884 6.280445166 0.1730758692 19.76397619 7.819016072 4.186648148 -3.18
12.98867359 -0.983030418 12.98867359 0.02407736466 23.82324928 8.242576342 3.201250246 -3.03
12.62467923 0.1933934296 12.62467923 0.1933934296 20.51985862 9.375590841 4.70979291 -1.75
13.67946816 -0.3733023248 13.67946816 0.08154743338 20.33755135 8.430387923 4.324926907 -3.94
13.39247918 -3.306141667 13.39247918 0.1569674889 22.1911807 9.54 5.771111111 -3.5
13.64049032 -0.6434894052 13.64049032 0.1360171835 22.54060985 8.365054499 3.866574188 -3.65
11.63187821 -0.3273392575 11.63187821 0.1319016912 17.29216677 6.548690345 2.844374107 -2.13
13.19761339 -0.06800556803 13.19761339 0.02011525141 20.35673721 9.720794934 4.641438746 -1.92
11.46148783 -1.188449003 11.46148783 0.4554277208 21.81775357 9.391666667 5.092094951 -2.4
13.17099585 -3.088161994 13.17099585 0.008432409635 28.26294374 13.35379334 7.428146464 -3.75
13.66747237 -0.6023062301 13.66747237 0.2139914546 22.4912227 8.60370868 3.854408373 -3.97
12.65676307 -0.3534226867 12.65676307 0.1496134698 20.33755135 8.826499353 4.455626498 -2.94
11.33178994 -0.7967195924 11.33178994 0.4795615282 26.26834346 11.95708008 6.503261409 -3.8
12.39072405 0.2190835223 12.39072405 0.2190835223 18.05345064 8.085923746 4.455976619 -1.75
12.57281358 -0.2211038777 12.57281358 0.05060041184 26.13044331 12.36911037 6.680657372 -3.49
13.19122138 -4.462449077 13.19122138 0.05612975617 19.48071659 8.166964005 4.706814675 -3.28
13.73401635 -0.2390654571 13.73401635 0.03933105769 26.26282881 12.04644479 6.27673901 -2.97
11.50382064 -0.9964777201 11.50382064 0.2983224944 19.1696281 9.921903732 5.985147845 -3.6
11.77359868 -0.3831406716 11.77359868 0.2366427869 23.74747819 9.579746339 4.874154262 -3.98
13.21872449 -0.6907333903 13.21872449 0.05847894096 19.65714022 7.998300028 4.059476323 -2.65
13.27266963 -3.11339612 13.27266963 0.08569990419 28.39090109 12.57837491 6.611053128 -4.14
12.8910259 -3.480088525 12.8910259 0.3509550258 15.47609829 6.107183115 2.654545812 -2.05
12.85399989 -0.3475484633 12.85399989 0.04630442177 26.42380275 12.54842381 6.382751543 -3.64
13.38681067 -0.3677417368 13.38681067 0.04001249744 22.91828022 9.420106421 4.562948306 -4.85
14.83510249 -0.9348474637 14.83510249 0.1357932634 20.71729236 8.157085281 4.044708759 -4.01
11.3448395 -0.7004783873 11.3448395 0.4971100992 19.50034949 7.992634374 3.958727558 -1.46
11.1338363 -0.5277869373 11.1338363 0.2055491847 25.14810781 9.060350146 3.475683644 -3.38
12.73770238 -4.512437047 12.73770238 0.005015690969 22.543094 9.337396367 5.719742158 -4.14
5.839428159 0.7590739789 5.839428159 0.7590739789 15.65493656 9.250893257 6.14748061 -0.73
11.50850361 -0.8717698798 11.50850361 0.6270314392 14.38031939 6.05291509 3.203986892 -1.56
12.87517425 -0.5387115104 12.87517425 0.03096228419 23.58357954 11.03434641 6.06368579 -2.57
13.99128398 -0.5208991397 13.99128398 0.001090701777 26.97571426 11.64106099 6.163264817 -2.61
12.6604364 -1.278015714 12.6604364 0.09319448476 25.2763001 9.87268873 6.155934661 -3.35
5.966445972 0.5624537037 5.966445972 0.5624537037 9.753174391 4.627079885 2.368972284 -0.79
13.31528403 -0.4156404109 13.31528403 0.2291631859 26.93726058 11.61586547 6.14720781 -2.65
13.93888736 -4.095025698 13.93888736 0.0142802458 32.63762553 14.12776433 7.719413989 -4.75
13.6924587 -0.411997775 13.6924587 0.04437075208 26.43352024 13.06909402 7.675042608 -3.63
13.70613985 -0.2092124368 13.70613985 0.177496167 26.90814165 11.67289588 5.127124893 -3.29
11.54125031 -3.879507511 11.54125031 0.05555366591 12.97706908 4.8294187 3.759243648 -2.09
12.8672568 0.0945709795 12.8672568 0.0945709795 25.73222538 12.10924685 6.034455781 -2.53
13.37992531 -0.03493836227 13.37992531 0.03493836227 23.14683365 9.939685355 5.064600152 -2.61
13.57705212 -0.5454087769 13.57705212 0.08761847955 26.45295566 12.08471309 6.992232581 -2.61
13.2064212 -1.107371504 13.2064212 0.01457336021 20.00901474 6.790814746 2.910141616 -1.92
12.19159676 -0.679963284 12.19159676 0.08587827008 22.38666463 10.64605461 6.347668708 -2.3
14.31694311 -0.3052293918 14.31694311 0.3052293918 18.69166834 8.56748921 4.252063608 -2.66
12.26053819 -0.1980925613 12.26053819 0.1147521229 21.01032283 9.736180111 4.979580548 -1.86
11.80941989 -3.131790787 11.80941989 0.06160654891 22.64705414 10.78177047 8.160572842 -1.64
9.308703704 0.2389814815 9.308703704 0.2389814815 6.160248408 2.234974333 0.9232172686 -1.57
12.49782598 -1.11441642 12.49782598 0.0430398623 44.2520246 15.88234961 6.907298847 -2.96
13.66792641 -3.761938764 13.66792641 0.01780603259 29.72277878 12.22932052 6.051213733 -3.76
11.43923785 -0.7071656029 11.43923785 0.01652751533 24.09820444 8.388682581 3.009485539 -1.73
11.90803952 -0.7561199325 11.90803952 0.08031756892 23.50267568 8.192484726 2.906681407 -2.61
13.71948209 -3.663029467 13.71948209 0.04878895247 25.82345152 9.492935261 4.779693421 -2.81
9.371227079 -0.1648136338 9.371227079 0.1394197589 16.77046701 7.28425802 3.499196265 -1.68
5.988712916 0.461933264 5.988712916 0.461933264 15.30162628 6.661592762 3.426885108 -2.6
12.81990616 -0.6683570411 12.81990616 0.1923231258 20.64905805 9.412927754 5.042445913 -2.08
12.76108347 -0.4217377895 12.76108347 0.1668347544 21.01927004 9.279490149 4.737636071 -4.23
13.00508324 -0.7082145219 13.00508324 0.09570007607 23.22305092 9.255765814 3.879249965 -2.53
12.8427718 -4.288254192 12.8427718 0.2047110286 24.76023539 9.511049698 4.988708708 -2.92
4.321056311 0.8425 4.321056311 0.8425 10.71629745 4.450341179 1.905898062 -2.42
11.72223583 -0.8525944931 11.72223583 0.2653598379 24.94856123 11.99857485 6.705187398 -2.16
12.81793789 -3.237813337 12.81793789 0.07504109977 18.07283708 7.658788662 4.668836554 -1.73
12.09851319 0.2422306371 12.09851319 0.2422306371 21.90498987 12.14413434 8.439430385 -1.39
4.99845679 0.7222222222 4.99845679 0.7222222222 3.29 2.29 2.29 0.29
12.64796211 -4.333914974 12.64796211 0.5024783554 20.43365553 8.227352949 4.284312776 -3.47
9.688800915 -0.1415868029 9.688800915 0.01000661376 13.57700066 5.179477979 2.598422675 -2.4
14.01954079 -4.964697056 14.01954079 0.01375844559 27.61286302 10.2068714 4.638935074 -5.21
12.83833696 -4.331496534 12.83833696 0.2222778436 25.49750309 11.07646 6.05608784 -3.15
5.929724817 0.08198097251 5.929724817 0.08198097251 20.45645645 8.653948413 4.028847721 -3.15
12.87768606 -0.9938783777 12.87768606 0.009639302997 21.53630587 7.273530733 2.60804236 -3.54
11.63156104 -0.2058693416 11.63156104 0.2058693416 11.40322396 4.8940699 2.30403921 -2.69
13.81572586 -0.599081234 13.81572586 0.07482993914 25.66595432 10.87623258 5.291608159 -4.6
5.692154195 0.6128737035 5.692154195 0.6128737035 15.77307691 8.503615508 4.966502977 -1.11
13.36474879 -4.613473321 13.36474879 5.571781485e-05 22.29868954 8.769999831 5.20101915 -2.39
11.6604197 -0.8554740515 11.6604197 0.2661909084 23.88397474 12.31344263 7.730090011 -2.77
12.84052409 -0.2837746835 12.84052409 0.2567507068 18.03387032 6.670056102 3.0863699 -1.35
4.69447586 0.8982595322 4.69447586 0.8982595322 15.21253413 6.285545547 3.017190225 -2.33
14.19493457 -0.7979065087 14.19493457 0.01281238522 20.96161157 9.240945913 4.89685484 -3.29
4.849382154 0.4486375661 4.849382154 0.4486375661 16.79092958 6.18377627 2.449686876 -1.13
14.04723264 -0.2521020895 14.04723264 0.2155289516 25.18656814 9.685001317 4.280997105 -4.8
2.243055556 0.7661111111 2.243055556 0.7661111111 7.32845987 3.403772294 2.218872017 -0.78
11.8269825 -0.8406995853 11.8269825 0.03998216648 25.12750027 8.69733158 3.089680543 -2.61
12.39764633 -0.2442589257 12.39764633 0.2442589257 16.91263794 7.377339589 3.676071154 -2.53
12.67307415 0.2789194918 12.67307415 0.2789194918 20.049889 9.505583665 5.224312627 -2.24
12.34826767 -0.04140417159 12.34826767 0.04140417159 21.52896018 10.07159727 5.141224635 -2.7
12.3428234 -3.561777308 12.3428234 0.1906163625 20.91356955 9.208862457 4.876374073 -3.34
13.60210387 -0.3972104675 13.60210387 0.03716643823 19.4721201 7.975133578 3.600165407 -3.49
13.200525 -0.8739143238 13.200525 0.07153942039 28.17568489 11.7657679 7.31502314 -2.4
11.21268697 -0.909153264 11.21268697 0.2265950701 19.87959557 8.879223277 5.320167064 -1.87
12.86566864 -0.5871634518 12.86566864 0.02358612581 23.77176159 7.852636213 2.970136539 -2.32
11.289302 -0.9666147014 11.289302 0.4311370937 16.65693839 8.06294586 5.244059396 -1.71
13.3358501 -0.2034769463 13.3358501 0.2034769463 20.69820935 8.744945947 4.410552084 -4.19
11.65619494 -0.379089971 11.65619494 0.3180672477 16.61116209 6.260311973 2.648537052 -1.55
14.2001722 -1.257981637 14.2001722 0.04925206811 22.58884316 9.101830476 4.464809359 -2.6
10.36834955 0.06168263248 10.36834955 0.06168263248 17.98626339 6.965338388 3.099752263 -2.4
14.58518302 -0.5213823438 14.58518302 0.08837024496 19.4721201 7.642942356 3.393035591 -3.49
12.40677267 -1.152909922 12.40677267 0.3550631835 23.639102 10.06682916 4.591080695 -3.02
12.53170706 -0.8255581601 12.53170706 0.2445124717 18.51768065 8.871888149 5.075680751 -2.82
12.60541743 -3.980321998 12.60541743 0.01009741916 21.01957447 8.349343594 4.82297197 -1.7
13.76651288 -0.5649952653 13.76651288 0.1239184419 22.91322942 9.168014108 4.089723864 -3.52
13.82238495 -0.9149796625 13.82238495 0.1190383283 19.67525082 8.29554147 4.432670862 -2.08
14.62533777 -0.8266040722 14.62533777 0.093380312 19.87740642 7.776499868 3.850068729 -3.42
13.61317215 -4.152781293 13.61317215 0.07210173112 29.0815312 13.35529161 8.007592714 -3.48
11.18427845 -0.772119008 11.18427845 0.4241440172 15.12519833 6.945486956 3.638485963 -1.27
13.10202396 -0.1887234122 13.10202396 0.0183076529 24.25110201 11.03027834 6.589427081 -3.88
14.21094787 -4.027685841 14.21094787 0.02562511478 24.57851283 9.401961497 4.548899382 -3.11
13.66437225 -0.8682300852 13.66437225 0.1152115352 25.31555439 11.21046291 6.839983139 -2.31
5.598512374 0.3829053042 5.598512374 0.3829053042 21.63482726 9.693582071 4.831240158 -1.59
12.40039366 -0.04702803498 12.40039366 0.02923314542 15.87901701 6.629935721 2.786781349 -1
11.67490094 -1.1515178 11.67490094 0.03755601433 23.26705113 9.391666667 5.451851852 -2.4
12.26103427 -0.1829925412 12.26103427 0.1088558201 14.33165875 6.382877229 3.270100173 -2.08
13.50025286 -0.2073484808 13.50025286 0.002470475561 17.25284458 6.945502844 3.034364291 -2.86
12.33500021 -0.1458334535 12.33500021 0.1458334535 16.03258399 6.806274987 3.09603591 -2.46
13.28965091 -0.8971942686 13.28965091 0.04328312652 21.45262028 7.340500759 2.834314443 -1.83
14.55787255 -0.9397034308 14.55787255 0.1629961867 20.06455132 8.135413202 4.426051679 -3.68
11.99091152 -1.079526374 11.99091152 0.04467506884 23.04206159 10.26851112 5.022764982 -4.72
12.23458218 -0.3172086802 12.23458218 0.3172086802 19.70443772 9.760523424 5.724452818 -3.05
13.53021066 -0.2373252586 13.53021066 0.2373252586 20.40532544 8.559279778 3.896574142 -3.5
10.9297488 -0.7170406244 10.9297488 0.04002566567 23.65125863 11.57414563 7.242715689 -2.5
13.39709777 -0.03896597824 13.39709777 0.03896597824 20.46575126 8.016858779 3.315616788 -4.14
13.25093931 -3.657277416 13.25093931 0.1090028619 23.31599427 9.023733614 5.288516232 -2.35
6.086905595 -0.8257484174 6.086905595 0.4820684261 15.26898252 5.981520781 2.615527642 -3.27
12.72233888 -0.007216553288 12.72233888 0.007216553288 21.44236243 9.145207621 4.594893586 -1.79
6.32052628 0.447458313 6.32052628 0.447458313 19.59447041 8.407734532 4.398425519 -3.36
6.105210611 0.6561027162 6.105210611 0.6561027162 20.58704771 10.9140583 5.914384808 -2.68
8.725138889 0.1475694444 8.725138889 0.1475694444 7.96 3.079539222 3.026851632 -0.04
4.279966511 0.9006538171 4.279966511 0.9006538171 10.78209532 3.295438001 0.9859766107 -0.89
13.43134698 -3.067434393 13.43134698 0.004845631127 31.82668312 14.52246059 7.623076342 -4.14
11.66898975 -0.5902941618 11.66898975 0.3312535168 22.96954487 9.202125377 4.039743044 -4.46
11.80209042 -2.648600836 11.80209042 0.1225694444 18.86 9.715029932 7.269182492 -0.14
13.42521126 -0.8399893649 13.42521126 0.01657779186 25.99638355 11.32067925 6.993789045 -2.08
12.80244042 -1.084122674 12.80244042 0.06545560801 19.84866783 8.505400503 4.431058756 -4.45
15.3124187 -4.825878421 15.3124187 0.02694865289 27.45939406 10.93461341 5.445749266 -4.71
13.3533104 -0.1897095447 13.3533104 0.1897095447 23.44226553 9.75057088 4.503863991 -2.3
9.155518349 0.2045057529 9.155518349 0.2045057529 19.60927559 8.758565155 4.491403785 -2.7
12.8218499 -4.479635973 12.8218499 0.06352395124 24.84194672 10.55413522 6.053723741 -3.27
6.441450775 -0.05275876323 6.441450775 0.02461262283 16.77046701 5.942209581 2.501683262 -2.68
4.55184138 0.3279686319 4.55184138 0.3279686319 14.23666663 6.373308612 2.846859987 -1.71
13.37185218 -5.176798666 13.37185218 0.09292292659 29.33765643 10.87232607 7.426159998 -4.22
12.18700743 -0.3296932351 12.18700743 0.09010933694 16.06731609 7.628147037 3.867466417 -1.31
14.8957659 -0.3950157513 14.8957659 0.08337594434 22.5281829 9.541432143 4.8195811 -3.26
12.58594837 0.03912132278 12.58594837 0.03912132278 19.71458695 8.829370942 4.689488238 -1.59
12.29147338 -0.06287189258 12.29147338 0.06287189258 18.39284668 8.807724949 5.045101422 -3.4
11.90721038 -0.51256062 11.90721038 0.2790806079 24.45443361 12.15547504 6.687387904 -2.67
2.707986643 0.4644230136 2.707986643 0.4644230136 22.37607157 10.67268627 5.566031325 -2.42
11.69516448 -0.4314495937 11.69516448 0.4314495937 12.32358811 3.476154376 0.993796253 -1.06
12.38156211 -0.6949816863 12.38156211 0.2794356786 17.91777197 7.556318102 4.811237969 -1.89
13.47207089 -0.8838161376 13.47207089 0.0279350907 19.53130253 6.564413279 2.459246803 -2.93
6.08337963 0.01606481481 6.08337963 0.01606481481 13.78386357 7.073267029 4.194495435 -1.64
12.64758787 -1.160036247 12.64758787 0.03038723628 27.21139457 13.11042467 7.587935561 -4.83
4.19427107 0.0698844561 4.19427107 0.0698844561 11.82433344 4.690732453 3.15227848 -1.65
12.79455947 -1.333326462 12.79455947 0.2715027688 25.24913013 10.41175784 5.681622838 -3.85
11.33414832 -0.6615098262 11.33414832 0.09493055556 17.15435807 4.843263116 1.447871861 -1.56
12.61753809 -0.2175148035 12.61753809 0.2175148035 20.37699828 9.309291588 4.716177295 -2.53
13.56716921 -1.192124784 13.56716921 0.06657391834 25.17817218 10.2185963 6.117477724 -2.45
13.69876077 -0.4792789824 13.69876077 0.2593309783 23.37093503 10.42964985 4.764452417 -1.79
5.263646273 0.6767338261 5.263646273 0.6767338261 15.78717033 6.649254688 3.234055637 -1.72
6.263581926 0.7587106231 6.263581926 0.7587106231 17.75308211 8.866307477 4.731107879 -2.06
12.56991946 -0.8124347014 12.56991946 0.09828056921 22.42487137 9.793961082 5.728143366 -3.77
6.123885132 0.4645274139 6.123885132 0.4645274139 16.91263794 6.998787197 3.696342011 -1.53
13.77754263 -4.426402964 13.77754263 0.2512508398 20.63504751 8.245433733 4.134178022 -2.63
10.86894221 -0.7760145639 10.86894221 0.0273850542 24.30533984 12.04866239 7.074490041 -3.34
13.00892243 -0.5333248299 13.00892243 0.01504346183 16.52507156 7.973574745 4.145191997 -2.33
12.25316788 0.285299523 12.25316788 0.285299523 18.24343803 7.854024956 3.657569965 -2.13
13.41069932 -0.9953381923 13.41069932 0.08918878616 31.08263486 14.26087584 9.035007855 -4.45
5.497962963 0.64 5.497962963 0.64 5.676535551 1.95199328 0.75242261 -1.09
14.01674694 -4.713056448 14.01674694 0.0815230143 24.17202739 10.27835852 6.437472837 -3.1
12.53617356 -3.98260368 12.53617356 0.006391757985 25.7376486 11.03027834 6.370654601 -2.88
6.924611835 0.1000037556 6.924611835 0.1000037556 15.58916079 5.285920118 2.321601343 -1.93
12.99293666 -0.5407094397 12.99293666 0.09722378933 24.28573641 10.97995902 5.704512767 -2.36
13.44803326 -0.3518170941 13.44803326 0.05251068616 21.37502165 9.964619695 5.060059899 -1.86
14.12560596 -0.5724059902 14.12560596 0.03776308054 18.93991882 7.917215237 3.762669031 -4.4
2.256990741 0.5160648148 2.256990741 0.5160648148 13.82296786 7.103192344 4.216306288 -1.6
13.15704632 -0.1938370802 13.15704632 0.1938370802 15.83303962 6.098382556 2.672189835 -2.39
11.40102238 -1.258195246 11.40102238 0.090817141 20.40543462 7.591373852 4.070081919 -2.33
13.56143217 -0.2483221122 13.56143217 0.04495905152 23.35647009 10.075635 5.170776635 -3.39
14.13640769 -4.223767061 14.13640769 0.03806650907 34.74625865 16.49654936 9.95916463 -3.58
12.60340041 0.005518463686 12.60340041 0.005518463686 18.72030215 8.587013079 4.4317122 -2.63
5.732546296 0.5219803477 5.732546296 0.5219803477 10.73803417 5.351237049 2.627115346 -1.77
14.42795546 -0.4585819622 14.42795546 0.1365630617 19.60927559 9.198626308 5.012834718 -1.7
5.807300879 0.3109012556 5.807300879 0.3109012556 10.65095107 5.286264286 3.045362795 -0.86
13.79450843 -3.90859488 13.79450843 0.03342044842 28.81854518 12.7819263 7.919113794 -3.18
13.49110761 -0.9712488909 13.49110761 0.1075889619 20.61584683 7.552601669 3.658367808 -3.65
12.79224852 -0.2631216406 12.79224852 0.06249835194 18.37688063 7.94123951 3.821275494 -2.99
4.520522329 0.6316666667 4.520522329 0.6316666667 12.67208496 5.333995566 2.273019199 -1.35
14.00388022 -0.1874967985 14.00388022 0.1874967985 23.85245273 10.01146774 4.780672068 -1.87
10.63326014 -0.3971015778 10.63326014 0.3971015778 22.37607157 10.23782255 5.054845936 -3.42
11.68090152 -0.333561252 11.68090152 0.333561252 22.00076097 9.512456569 5.001807164 -2.21
6.134391394 0.6842880763 6.134391394 0.6842880763 10.50057845 4.313367894 1.967859736 -1.65
12.21821866 0.09707445697 12.21821866 0.09707445697 20.7022578 9.964515138 5.530074156 -1.56
16.03905527 -0.822096902 16.03905527 0.05323525747 28.15577029 12.33204218 6.227863504 -4.86
12.32287257 -0.2002335286 12.32287257 0.2002335286 14.35158203 6.034183187 3.018582594 -2.59
13.56136292 -0.9091352425 13.56136292 0.1104224237 23.20668328 10.77164422 5.158922157 -1.96
13.67498917 0.00260993299 13.67498917 0.00260993299 20.86578365 8.254558051 3.437379105 -3.71
9.923611111 -3.657407407 9.923611111 1.02662037 6.87 2.247742509 2.551431005 -0.13
13.84511773 0.1200851678 13.84511773 0.1200851678 30.89300354 14.2809209 7.514673042 -3.55
10.96400617 -0.7062654244 10.96400617 0.7062654244 18.88261212 8.274085164 4.516502395 -1.46
10.60900484 -0.4976631435 10.60900484 0.3127539245 19.61329881 8.419797271 3.974312526 -2.34
13.09386311 -4.691008205 13.09386311 0.0005333128622 19.39320205 6.982645721 4.130301338 -3.37
13.41090289 -3.946709131 13.41090289 0.01033730918 24.0575267 9.283009584 4.746118517 -3.08
4.836773117 0.7662785809 4.836773117 0.7662785809 14.51772042 6.203557433 2.763185776 -3.07
11.02961094 -0.8773106812 11.02961094 0.6622173931 12.67108664 4.476601857 2.729051713 -0.78
10.17413572 0.1410009081 10.17413572 0.1410009081 15.504358 5.806126996 2.296794354 -2.02
12.95484291 -0.2888426882 12.95484291 0.05598450491 17.68528896 7.403395111 3.313137399 -1.13
12.89968298 -3.752388859 12.89968298 0.006198131764 29.31600452 12.23791103 6.916371776 -2.67
12.48595777 -0.4104800708 12.48595777 0.07433536236 17.23520042 6.846242234 3.288136527 -3.19
12.06600395 -0.4629473734 12.06600395 0.04182227366 13.59817044 5.873740429 2.768435045 -2.83
10.99322227 -0.7350010591 10.99322227 0.1296136464 21.37502165 9.518233446 5.253635258 -2.86
13.29188698 -4.29087773 13.29188698 0.04211236038 18.0433927 6.999967443 3.58298707 -2.34
11.61565193 -0.3013888889 11.61565193 0.3013888889 9.984476359 4.794988653 2.697548375 -1.55
14.39970334 -3.499674742 14.39970334 0.1197604875 17.7143417 6.321752434 3.072682757 -3.1
13.83334591 -0.9672248205 13.83334591 0.00618299076 27.48694099 12.23225569 6.98443602 -2.1
13.04889235 -4.428707483 13.04889235 0.3925533825 14.1313759 5.18165052 2.806585188 -1.82
13.08603899 -0.07727069686 13.08603899 0.07727069686 20.01155202 9.02982425 4.498087395 -2.28
13.05041517 -0.09918335214 13.05041517 0.09918335214 61.29432746 33.35616049 18.88092835 -6.78
13.85994597 -3.968965097 13.85994597 0.02882884018 29.57949189 13.30360474 6.834567901 -3.4
9.980416667 -0.1927314815 9.980416667 0.1927314815 6.47 3.652815356 5.47 -0.53
15.07467262 -4.019954156 15.07467262 0.01952078561 24.17710228 9.495663578 4.646051569 -3.53
11.2317371 -0.466486937 11.2317371 0.3762498087 17.03065588 7.788573151 5.417404026 -2.33
11.81353396 -0.7231056498 11.81353396 0.03799537562 16.51477503 5.525617188 2.458166661 -1.95
12.38462739 -0.3447403957 12.38462739 0.02148081017 22.73357437 10.00022907 4.683707565 -3.45
12.85596725 -4.352404448 12.85596725 0.234484877 22.14529688 10.04050249 5.792854372 -3.06
7.062968376 -0.297870767 7.062968376 0.01476119273 24.02254 8.47463528 3.029841611 -2.05
12.33000877 -0.7902147359 12.33000877 0.1647367991 21.3317774 10.41191667 6.046568858 -2.38
13.24404037 -1.032225705 13.24404037 0.2260772787 28.43061685 12.27250223 6.391765014 -4.69
12.69454442 -0.4562197657 12.69454442 0.1359064696 17.65324888 7.104789553 3.065468813 -1.75
9.392413902 0.3510664264 9.392413902 0.3510664264 16.07173008 8.164694531 5.105955252 -1.8
13.25649934 -0.9175779662 13.25649934 0.01771566772 30.47114004 14.35365545 9.564594966 -3.07
12.18042241 -0.650244709 12.18042241 0.0307561017 16.05245334 5.998279483 2.847872143 -2.82
13.20352082 -3.980068466 13.20352082 0.0017287998 22.00559427 8.852256464 4.353382527 -3.81
12.26957692 0.04436053138 12.26957692 0.04436053138 16.45751221 7.925108156 4.783199549 -1.4
10.96743827 -0.7367642227 10.96743827 0.1294869646 19.12146073 8.861709978 4.800354991 -3.21
13.99616611 -1.149466293 13.99616611 0.1726646802 18.28155809 5.954086901 2.69260228 -3.09
9.714467321 0.08540961812 9.714467321 0.08540961812 17.833977 7.98797238 3.635556818 -2.56
12.03328002 0.05396302171 12.03328002 0.05396302171 22.71427418 11.95428014 6.283843559 -2.47
6.020396196 0.3831635802 6.020396196 0.3831635802 9.020017006 2.878485441 1.126866138 -0.24
11.30401335 -0.02654739043 11.30401335 0.02654739043 16.43 11.90209634 12.49930007 -1.57
6.32052628 0.447458313 6.32052628 0.447458313 19.59447041 8.407734532 4.398425519 -3.36
6.002719698 0.6403914714 6.002719698 0.6403914714 13.03433248 5.272510903 2.464764235 -2.66
13.04749039 -0.2976553466 13.04749039 0.110253736 21.75997854 8.955977938 4.287935889 -3.46
13.38003697 -0.2117239775 13.38003697 0.2117239775 22.4140929 10.26347441 5.228571732 -3.38
13.95692735 -0.6156696555 13.95692735 0.1423182338 29.61418846 13.04523094 6.718724668 -5.45
13.16621904 -0.7609033289 13.16621904 0.1332094466 30.1879466 12.63655864 7.280125047 -2.85
12.87467543 -0.1552700796 12.87467543 0.1552700796 17.24976655 8.497768995 4.955881906 -1.58
14.32371412 -0.4805890278 14.32371412 0.08351601765 17.691147 6.594523851 2.922622093 -3.39
4.492929474 0.9270483749 4.492929474 0.9270483749 11.64769579 3.708537152 1.205976779 -0.89
12.12421013 -0.4123639456 12.12421013 0.01402075285 17.53255443 7.636003976 3.926598495 -2.82
12.33936516 -0.3158276644 12.33936516 0.1025688519 15.24075628 5.964453667 2.788923885 -2.3
12.45233256 -0.8919386892 12.45233256 0.2229768825 26.97793511 12.44952904 7.02736655 -4.07
12.72782783 -1.327455433 12.72782783 0.2608629107 25.02119089 10.11624007 6.038412903 -3.61
11.04959523 -0.6398159111 11.04959523 0.1374320514 16.56474906 6.531007476 2.937443533 -2.6
12.64628497 -0.7270823631 12.64628497 0.0692510943 23.57391186 10.56738953 6.059211715 -2.58
12.95618115 -0.3807327098 12.95618115 0.08849537037 12.847659 4.744551602 3.738571439 -1.22
13.63125079 -0.4867916463 13.63125079 0.03771639057 28.89312143 11.46892258 5.474981478 -3.205064935
9.443658999 -0.3930332735 9.443658999 0.00970972303 23.95750047 8.439172 2.95868106 -2.12
5.71109253 0.5355843726 5.71109253 0.5355843726 9.522159782 4.460784585 2.46504217 -2.03
11.60413659 0.180946949 11.60413659 0.180946949 19.57309491 10.2884 6.575480834 -1.75
10.78279716 -0.1171825922 10.78279716 0.07523497381 19.71537652 6.76697342 2.560251247 -2.56
13.76309333 -0.485934075 13.76309333 0.2575240055 24.33823448 10.64405498 5.322174463 -1.79
13.99540959 -0.6290386038 13.99540959 0.03561980348 17.45294697 7.251424519 3.991039752 -3.37
12.99361159 -0.3503159556 12.99361159 0.1464214915 22.60746659 11.35270003 8.469928548 -2.68
14.80518865 -1.109418105 14.80518865 0.01450122484 27.51306609 11.89989947 5.96138503 -3.52
13.24826227 -3.667061279 13.24826227 0.0418838751 22.02002957 9.525198464 5.3564202 -2.19
13.34711649 -3.961260931 13.34711649 0.08465202554 22.90731303 9.697337179 5.38692575 -3.27
12.63054965 -0.1131663214 12.63054965 0.09287199756 17.6756052 7.827516653 3.912052655 -3.14
12.87768473 -0.2009215209 12.87768473 0.01242208473 21.34171795 8.790367282 4.261888009 -3.51
11.05252359 -0.8825909564 11.05252359 0.07115005036 25.69542724 12.03407464 6.63268471 -3.39
13.1975637 -0.2339935557 13.1975637 0.1495690035 19.46572366 8.256141006 4.12674383 -0.85
13.1478484 -3.508805049 13.1478484 0.3633017243 18.0088014 7.083080756 2.99028503 -2.05
6.20253689 0.1743471126 6.20253689 0.1743471126 14.14326184 5.964663876 2.772043049 -2.47
4.583039257 0.8826638479 4.583039257 0.8826638479 15.26898252 6.69027402 2.91480709 -2.27
11.56036415 -0.6905728878 11.56036415 0.1163088033 20.60624687 9.004325328 4.263366559 -2.66
13.92869206 -1.255424318 13.92869206 0.02059245612 22.58884316 9.101830476 4.331339817 -2.6
12.19088664 -1.212389109 12.19088664 0.01368328044 70.18082547 36.54111817 20.85024207 -8.91
13.25716455 0.2110058923 13.25716455 0.2110058923 21.01978609 8.950050465 4.025663006 -1.85
12.93816599 -0.9809886684 12.93816599 0.02057133639 21.81737621 7.201714488 2.773361135 -3.23
12.62451204 -0.1756857649 12.62451204 0.148664861 18.5480917 8.427427393 4.478592596 -2.24
13.83023069 -0.6847016461 13.83023069 0.009678996599 22.39594151 8.279030492 3.515959634 -1.8
3.49322771 0.7418291761 3.49322771 0.7418291761 10.60370402 4.041490982 1.759748478 -0.54
14.34329209 -0.5264570645 14.34329209 0.1107579612 17.53037839 6.909573679 3.390916443 -3.29
14.7801478 -0.5714954688 14.7801478 0.001370112605 18.85445705 7.365697955 3.000140692 -3.88
12.90861152 -3.52192424 12.90861152 0.188900122 30.34147179 13.03066948 6.748060033 -3.12
13.43039174 -0.6868914516 13.43039174 0.08675036424 28.61380209 13.10974581 9.096040927 -3.39
13.31469425 -4.438941762 13.31469425 0.0431635091 22.91696712 9.309548688 5.203505432 -2.26
13.37774197 0.3905067696 13.37774197 0.3905067696 24.15799769 11.45705248 5.980919054 -1.55
12.58091873 -0.495640361 12.58091873 0.3567266909 18.75848483 8.192055877 4.140893306 -3.59
12.8335028 -0.5293828726 12.8335028 0.09401423669 25.59837702 12.99459527 7.256485316 -3.49
12.29120752 -4.291799901 12.29120752 0.09697963908 16.37067071 5.548633899 2.840583484 -0.49
6.896638915 -0.5787067482 6.896638915 0.0110867032 21.95812784 9.956932472 4.622798627 -2.86
11.65724512 -2.867870098 11.65724512 0.1051525888 22.99349505 9.955149659 6.0915656 -0.29
13.194379 -4.506619775 13.194379 0.08074416301 19.46271101 7.325592518 3.596952909 -3.5
12.95043047 -0.3230292784 12.95043047 0.05990147945 18.62486689 8.103997226 3.918475847 -2.73
12.92243901 -0.9162093437 12.92243901 0.04497010795 22.10323235 10.44239292 5.307561901 -2.59
13.65259206 -1.074195977 13.65259206 0.03452585664 24.40643004 10.76390466 5.014689792 -2.29
13.47711121 -3.772687224 13.47711121 0.02778148369 23.53524306 9.704527667 4.998551637 -2.62
12.41780974 -0.001883525764 12.41780974 0.001883525764 22.37665601 11.16540852 5.902354189 -2.82
13.89098314 -0.7570222742 13.89098314 0.1508197121 20.840037 7.2457107 3.067602945 -3.04
11.64523906 -0.7470173101 11.64523906 0.04230713388 22.9845514 10.16875898 5.599985203 -3.19
10.1443279 -0.04811791383 10.1443279 0.04811791383 22.10674915 10.01419586 5.201411561 -3.1
13.33233933 -0.003148148148 13.33233933 0.003148148148 18.65489205 7.156197935 3.2955883 -3.36
12.27296917 0.01720757748 12.27296917 0.01720757748 20.18520562 11.47864096 6.642064229 -2.13
12.03355176 -3.179609313 12.03355176 0.290942106 18.90171316 7.52619898 3.619194358 -2.44
9.731149219 0.3218518519 9.731149219 0.3218518519 12.03646119 4.269761721 1.831641929 -1.02
13.84430133 -1.111312476 13.84430133 0.05919637608 20.47130651 6.827631181 2.684107395 -1.9
12.54421738 -1.090512037 12.54421738 0.02775619226 27.64913226 10.92690382 5.433606673 -4.91
13.69995112 -0.9200340661 13.69995112 0.1215703473 25.69542724 11.5632118 6.638987157 -2.39
11.44631036 -0.009530840804 11.44631036 0.009530840804 17.60570934 7.440837151 3.661707843 -3.8
5.195787876 0.5601582053 5.195787876 0.5601582053 15.76830414 7.019036912 3.364841192 -3.74
12.19037239 -0.1811643959 12.19037239 0.1811643959 21.46841901 10.51186083 6.651042551 -2.24
12.83427554 -0.2109954029 12.83427554 0.2109954029 21.51229275 9.26666192 4.297964634 -4.33
2.414534203 1.05508459 2.414534203 1.05508459 14.80174301 8.546833224 5.580555556 -1.6
14.62913091 -3.958811119 14.62913091 0.1272241552 22.9942071 8.636522452 4.933935527 -3.18
15.41877795 -1.988504905 15.41877795 0.008491759 169.2774515 87.25910197 61.87721674 -21.63
13.763949 -0.9234018986 13.763949 0.002238604897 29.17018386 12.4359365 8.044851319 -2.39
13.52245313 -0.8028153082 13.52245313 0.1142381713 22.07784065 9.994479062 5.203688724 -4.13
13.68466567 -4.799635532 13.68466567 0.1413198644 23.18159967 9.59957138 5.71207706 -3.1
4.957700051 0.4536278292 4.957700051 0.4536278292 20.12396144 8.187013355 3.504878364 -2.28
9.871395251 0.1679477277 9.871395251 0.1679477277 17.33568773 7.499375044 3.653689817 -1.02
11.91456406 0.267949589 11.91456406 0.267949589 15.98874427 8.799255497 5.479727711 -1.39
13.03354769 -4.954002333 13.03354769 0.04430555556 18.17947912 5.974402958 3.36378214 -2.62
13.71745457 -3.873823846 13.71745457 0.05981854161 27.3768108 12.25574183 6.25758231 -2.66
6.208828377 0.7983710212 6.208828377 0.7983710212 14.70624214 6.266454205 3.179692028 -1.22
5.820624417 0.6979443815 5.820624417 0.6979443815 15.53262166 6.863347813 3.294024873 -2.99
10.97792566 -0.7484661841 10.97792566 0.1121536392 20.22245804 9.172886457 4.735517339 -3.06
11.33745717 -0.7224513416 11.33745717 0.2303891618 17.96722293 7.674323392 3.686206145 -2.42
14.67494075 -3.117894896 14.67494075 0.01035626571 19.98072934 7.950527438 3.746946949 -3.95
10.77778076 -1.029904969 10.77778076 0.3777444728 22.07922173 9.326139197 4.2329641 -2.41
10.4266439 0.1950969224 10.4266439 0.1950969224 19.89656684 8.536718905 3.88256489 -2.4
7.381369796 0.1010325902 7.381369796 0.1010325902 20.29384595 10.85546626 7.396515615 -3.02
12.5275339 -0.06452665917 12.5275339 0.06452665917 18.36438623 7.629989583 3.301814044 -3.67
11.20151468 -0.9118151263 11.20151468 0.6511741029 17.96205747 7.055088516 3.300418561 -3.1
13.36326595 -3.757205497 13.36326595 0.06060529755 21.80812383 8.986756082 4.444767065 -3.41
6.003675517 0.5574102419 6.003675517 0.5574102419 8.62327017 3.174281589 1.340426268 -1.67
13.10736269 -0.5868034711 13.10736269 0.2359828929 22.69497481 9.97437562 4.967437909 -3.49
11.03806077 -0.8650281347 11.03806077 0.4877728962 13.64383516 5.220116521 2.623168555 -2.33
12.33805618 -4.775281455 12.33805618 0.1742056359 22.60426443 8.55082868 4.709544352 -3.18
12.80625843 -0.6350262733 12.80625843 0.06086212373 23.46284365 10.40797314 5.73571464 -4.2
12.51169764 -1.065816799 12.51169764 0.05437216553 18.13038337 6.037141975 2.275514272 -1.92
12.64142487 -0.4065093537 12.64142487 0.009337863232 14.77339594 5.565664811 2.438327151 -3.15
15.86316196 -3.63024335 15.86316196 0.1034879444 28.12096027 10.49809144 4.738236743 -3.67
6.149479836 0.4559145881 6.149479836 0.4559145881 17.42059205 7.047640894 3.119586712 -1.68
12.24019324 0.04152397983 12.24019324 0.04152397983 14.70946517 4.949010816 2.034124718 -1.61
11.36890462 -0.9487517232 11.36890462 0.3272644901 21.15384033 8.956996688 4.500740297 -3.09
11.27046892 -0.88824388 11.27046892 0.3311076528 20.84632101 9.164001911 4.831788941 -2.41
8.794858223 0.08977863802 8.794858223 0.08977863802 18.5008473 8.885924064 4.352616912 -1.86
14.24870457 -1.23916452 14.24870457 0.1190991353 22.30916346 9.308799415 4.49667715 -2.89
6.618348923 -0.1739644747 6.618348923 0.08463813303 17.86860051 6.413777486 2.804542251 -3.2
12.30288369 -1.16600826 12.30288369 0.03400753416 21.78086031 9.264269687 5.367335265 -3.92
11.5476221 -0.3891596067 11.5476221 0.3105861442 15.00569774 5.516058706 2.264034041 -1.55
11.95430665 -0.3637337992 11.95430665 0.3439133403 19.69470856 9.232454819 4.811377828 -2.06
13.55335134 -0.9973847095 13.55335134 0.1764514494 29.18917118 13.51190926 7.872090614 -3.8
13.52524907 -4.834680219 13.52524907 0.04713851608 23.05158504 7.392223958 3.332490649 -3.71
13.46338916 -4.109082984 13.46338916 0.06510742105 19.78162067 7.717785311 3.246067459 -3.52
14.37167076 -3.619317839 14.37167076 0.004505981615 23.00281662 9.641528455 5.324045229 -3.67
17.46092864 -2.160573416 17.46092864 0.04841330205 26.02585757 8.389276823 3.124648613 -2.22
13.3741269 -3.851210827 13.3741269 0.03161884816 21.66370491 8.523493768 4.251765623 -3.56
14.70521159 -0.7285566264 14.70521159 0.04902600624 24.24497927 7.789294809 2.685294458 -2.57
11.16246789 -0.434010771 11.16246789 0.2474612378 26.47024254 10.04792381 3.985186169 -2.93
13.08122669 0.05292529663 13.08122669 0.05292529663 20.46227789 8.510279629 4.207297519 -0.81
4.499097392 0.7401086037 4.499097392 0.7401086037 18.68302526 8.580624201 4.178209461 -2.33
13.68616092 -0.2865786801 13.68616092 0.2665450132 21.49333527 8.885387897 3.963571195 -3.35
7.843983906 0.08626884048 7.843983906 0.08626884048 24.80807056 10.62656524 5.454034014 -3.87
6.092394168 0.645820927 6.092394168 0.645820927 15.60942546 7.322783203 4.130129303 -0.28
13.44624487 -4.486303023 13.44624487 0.2949915753 22.77248971 8.768823567 4.392666862 -4.67
6.210095987 -0.1074718128 6.210095987 0.0331867284 13.55519346 4.447491572 1.790979127 -1.1
11.26271589 -0.569353899 11.26271589 0.09061728395 9.733912005 3.744477633 1.84535989 -1.81
13.52658786 -0.1671209501 13.52658786 0.1671209501 12.83948932 5.153367081 2.422136889 -1.87
14.82117753 -0.5472979261 14.82117753 0.09551466574 19.76397619 8.156586208 3.488453925 -3.18
14.50235742 -3.558680549 14.50235742 0.1664427113 25.81744897 9.056069532 4.244037148 -4.44
12.53954586 -0.5981232195 12.53954586 0.05375077976 19.15866741 10.64451232 6.686603138 -2.17
13.75522954 -0.9238020633 13.75522954 0.1141864868 31.81282688 15.3338285 9.710149141 -3.71
5.95942234 0.8065909234 5.95942234 0.8065909234 20.43349098 10.79875398 6.318410689 -1.84
13.43029502 0.0779220918 13.43029502 0.0779220918 19.82050305 8.191861524 3.833741582 -3.12
12.70107606 -0.3328814727 12.70107606 0.1081815826 19.99640182 9.447243367 5.612395909 -3.75
14.68748576 -0.5567205914 14.68748576 0.01864323681 19.59447041 7.716613645 3.53515475 -3.36
13.09524131 -0.5809756639 13.09524131 0.01763887783 21.31225977 10.397659 5.568816885 -2.4
12.10478069 -0.05596411489 12.10478069 0.05596411489 20.41430099 8.87719681 4.833205913 -3.86
12.57706097 -0.3217559524 12.57706097 0.3217559524 14.40529779 5.784342763 2.404825404 -3.19
14.55542116 -1.922903054 14.55542116 0.01280464996 55.17695507 25.09998383 13.38474242 -6.58
11.89492698 -0.1398903837 11.89492698 0.1398903837 22.08747659 10.46208057 5.564659984 -3.12
13.14134204 -4.470127586 13.14134204 0.264286012 24.94856123 9.835272317 5.111493071 -3.16
14.20452388 -1.22955278 14.20452388 0.03574346849 28.25595787 10.60521186 4.934924344 -4.28
12.92661354 -3.871425533 12.92661354 0.01144441226 21.28845753 8.292079728 4.408584386 -2.95
12.87982752 -0.9708175303 12.87982752 0.2423797113 26.20594194 11.22066583 5.14327414 -5.03
13.229395 -0.6867754393 13.229395 0.04988116234 18.31968328 7.522515397 3.532251004 -3.05
13.03761457 -4.678662804 13.03761457 0.2782326707 22.04460689 7.552601669 3.993436294 -2.65
9.858723939 0.120787037 9.858723939 0.120787037 13.74890195 5.284190168 2.179989691 -1.22
15.07442956 -0.4380168178 15.07442956 0.2558425848 18.74868281 6.912626689 2.950815588 -3.26
4.28952818 0.9765172975 4.28952818 0.9765172975 17.74339664 8.859182064 4.954541886 -2.07
12.84508157 -4.40182037 12.84508157 0.261417559 24.53191388 9.575867976 5.244688593 -3.59
13.48848245 -0.8550623624 13.48848245 0.1588752965 24.83481347 11.36590962 7.371632088 -3.8
13.25963902 0.1273322124 13.25963902 0.1273322124 20.7726914 8.516274533 3.817089478 -2.81
15.10264394 -1.890983697 15.10264394 0.01004940705 87.37328727 45.25429192 31.06021876 -10.03
14.75022838 -1.433865446 14.75022838 0.003228217049 81.37331917 43.26103484 31.05171965 -9.86
13.76318165 -0.23706113 13.76318165 0.23706113 20.21492581 7.868849059 3.445931904 -3.41
12.32930886 -0.3964861387 12.32930886 0.06788417031 22.1911807 10.50548697 5.771111111 -1.5
12.87463195 -4.357654737 12.87463195 0.2458017495 23.45791467 10.48861659 6.209884572 -2.7
9.055473553 0.6635146703 9.055473553 0.6635146703 16.4958461 7.505238855 3.676652711 -1.97
12.38680576 -3.790748803 12.38680576 0.02852007331 17.45294697 6.860900769 3.818026071 -3.37
12.52719153 -0.1673706647 12.52719153 0.1546782123 21.88280996 9.203101536 4.277245969 -4.62
5.938937012 0.2360635034 5.938937012 0.2360635034 20.65880529 9.922977128 5.712808939 -2.07
12.8528903 -1.309611087 12.8528903 0.1655820893 26.35578456 8.147840327 3.600795556 -0.71
13.64904403 0.03401630109 13.64904403 0.03401630109 19.19603945 7.56707285 3.101884915 -3.51
12.43973572 -0.3578060848 12.43973572 0.1284684954 16.922119 5.747723196 2.757029948 -1.52
14.34977721 -0.7327174141 14.34977721 0.07715266308 31.30937688 13.25331482 6.694220126 -5.12
14.83322697 -0.598898201 14.83322697 0.07132345853 30.66072254 14.12055019 7.984984193 -3.79
4.861667165 0.2772264739 4.861667165 0.2772264739 14.03211947 4.596371826 1.952612737 -1.35
13.44670572 0.2369881687 13.44670572 0.2369881687 18.23331384 7.548347773 3.061085101 -1.81
13.47400245 -3.104683192 13.47400245 0.1058445313 29.56435323 11.65650787 5.966066513 -4.14
13.44089365 -4.625946285 13.44089365 0.001559905979 23.85435153 9.910179265 5.105559122 -3.29
11.78529652 -0.273673102 11.78529652 0.273673102 15.03696202 6.882350459 3.031907096 -1.36
13.41906868 -0.1794788138 13.41906868 0.1281976832 39.43690685 16.29403208 7.19980587 -2.7
5.639982694 0.2346423847 5.639982694 0.2346423847 16.67248007 5.415769832 1.883146664 -2.26
13.98866694 -1.001003787 13.98866694 0.01031526332 17.86932657 7.524381328 3.826629177 -2.94
11.97796674 -0.3096759259 11.97796674 0.1600056689 9.585664485 3.444766176 1.463164894 -2.63
13.49497969 -3.683081 13.49497969 0.3403340997 16.53690694 5.940347116 2.351444117 -2.63
13.22753754 -0.3856337285 13.22753754 0.1775040772 27.09357278 12.98742382 8.028015123 -3.5
12.86541617 -0.1686034129 12.86541617 0.1686034129 17.58846243 8.745377067 5.132614579 -1.23
14.54671711 -0.4099501856 14.54671711 0.09049860376 23.79519027 10.36174629 4.91759889 -2.93
6.132355993 0.8644543651 6.132355993 0.8644543651 13.9696424 6.639812138 3.519858926 -1.45
11.98145558 -0.9310100151 11.98145558 0.1367825999 17.03592063 6.396816229 2.861246863 -2.4
11.80559606 0.03457638598 11.80559606 0.03457638598 20.13616281 9.114280892 4.887469389 -2.15
11.25032957 -0.9721981426 11.25032957 0.2992102852 35.20171001 19.88784652 13.15229979 -5.28
6.154300044 0.411087963 6.154300044 0.411087963 16.61891199 8.026077519 4.416141141 -1.84
5.98133716 0.6371103395 5.98133716 0.6371103395 13.90181476 6.146844082 3.006125991 -2.06
13.40318358 -3.946953578 13.40318358 0.4168246095 18.09222445 7.671626576 4.676969997 -2.71
5.98133716 0.6371103395 5.98133716 0.6371103395 13.90181476 6.146844082 3.006125991 -2.06
3.187824074 1.222222222 3.187824074 1.222222222 5.537680731 1.872915765 0.6372736985 -1.24
13.1247883 -0.989200455 13.1247883 0.02353497544 27.32828972 10.16319372 4.049743757 -3.23
13.21590053 -0.9436734882 13.21590053 0.1439785386 25.08005548 11.04786615 6.274771818 -3.55
13.31837275 -4.51874189 13.31837275 0.05036470144 15.54204376 5.533326893 3.275818632 -1.98
7.031335552 -0.3793275201 7.031335552 0.01936454514 23.05791845 7.953499762 2.667400052 -2.09
5.40220379 0.5591137566 5.40220379 0.5591137566 16.03258399 7.19468411 3.490561335 -2.46
11.92996924 -1.071872318 11.92996924 0.05498184596 23.04206159 10.26851112 5.022764982 -4.72
13.04576936 -0.1937475943 13.04576936 0.1937475943 15.6739988 6.577182238 3.349143194 -2.84
13.27245145 -1.286836658 13.27245145 0.1030022221 23.00386301 9.364780587 4.646683213 -3.17
13.46696134 -0.9137587179 13.46696134 0.05599219884 23.29827147 8.483629814 3.862078917 -4.11
12.27426531 -0.1060465482 12.27426531 0.09217375865 20.49977041 8.992915692 4.309702939 -3.4
13.258319 0.1255966752 13.258319 0.1255966752 20.7726914 8.516274533 3.817089478 -2.81
12.54616253 -1.079849652 12.54616253 0.05541527381 27.70266086 14.6634244 10.16098276 -2.54
12.82365253 -1.58111863 12.82365253 0.01583876606 20.48152486 10.35062268 5.092752969 -1.83
11.24978259 -0.9361911505 11.24978259 0.03560529126 21.57707813 7.49065198 3.357655904 -0.65
13.82065114 -4.231250063 13.82065114 0.1197253885 31.39686101 15.0823793 8.495565231 -3.54
12.74270158 -0.32573961 12.74270158 0.003548918574 21.2537108 9.837770338 5.540838233 -3.46
12.16515109 0.1363547156 12.16515109 0.1363547156 17.42391434 8.624878618 5.311347956 -1.4
13.06251614 -4.4458796 13.06251614 0.06375697943 29.21843861 13.53244763 7.886402137 -3.77
12.55732992 0.03153601873 12.55732992 0.03153601873 18.37688063 8.353596555 3.966807223 -2.99
14.04934088 -0.8835645702 14.04934088 0.1713392353 25.23943185 11.71479788 6.627959485 -1.86
11.95396589 -0.1611082766 11.95396589 0.05764917695 10.59432558 4.035866968 1.756639057 -2.55
12.31812972 -0.04994331066 12.31812972 0.02597222222 14.32284807 5.638183065 2.367570779 -0.62
6.299367975 0.2456635802 6.299367975 0.2456635802 15.56088926 5.27051474 2.264252292 -0.96
6.143283112 0.7490283901 6.143283112 0.7490283901 22.23204199 11.06044236 6.505811845 -1.97
14.59305758 -3.309052605 14.59305758 0.03711829176 19.34982973 6.968765578 3.226270874 -2.62
8.537592593 0.1397222222 8.537592593 0.1397222222 5.319275766 2.478228729 1.073981897 -0.82
9.891900677 -0.7849284541 9.891900677 0.7622663927 15.33114334 7.09339375 4.801605197 -1.06
11.59488917 -0.3029496332 11.59488917 0.3029496332 17.20140693 7.962953265 4.466289145 -2.63
13.3379872 -4.47277829 13.3379872 0.06197298515 22.78182845 8.855658169 4.679584775 -4.4
12.26670611 -0.08793981481 12.26670611 0.07587653271 16.21634356 6.850695679 3.312576055 -0.65
13.01139284 -3.8575525 13.01139284 0.02908452925 28.73683301 13.11042467 8.353100458 -3.83
5.955169557 0.2370022711 5.955169557 0.2370022711 17.6175078 8.766686496 4.898615917 -1.2
13.79646913 -0.5013097863 13.79646913 0.1458659397 23.77792969 9.053810836 3.887311385 -4.6
11.58292844 -0.9626028095 11.58292844 0.3294147105 16.77612646 7.666556918 4.265998825 -3.07
12.54682068 0.1582138903 12.54682068 0.1582138903 20.30801656 9.670344179 6.027125261 -1.43
11.79497407 0.07927564139 11.79497407 0.07927564139 13.00648133 4.944623342 2.345316667 -2.69
13.77447475 -4.166363215 13.77447475 0.0600729418 32.50387566 15.28365021 9.818604711 -4.01
14.98226655 -0.4827464937 14.98226655 0.1203465136 19.64756674 7.992266269 3.668772404 -2.66
13.1763224 0.0332717798 13.1763224 0.0332717798 27.07913898 11.04618234 5.560720159 -3.11
13.55509063 -0.7964046311 13.55509063 0.1643604602 23.66092784 11.08845313 5.521783826 -3.49
12.89946973 -4.626660373 12.89946973 0.07607556597 28.44726451 12.25521561 9.40525045 -2.79
11.53793966 0.03498252079 11.53793966 0.03498252079 9.158814336 3.488988893 1.392219314 -2.09
13.67242027 -0.7721699386 13.67242027 0.0722103857 23.2992844 10.43960015 5.002987336 -3.45
13.79670726 -1.292329615 13.79670726 0.06033138582 30.25422363 13.17767187 8.601075651 -3.29
6.086644857 0.5809558158 6.086644857 0.5809558158 18.36438623 7.986233973 3.78789574 -2.67
12.61380131 -4.341205748 12.61380131 0.4010217992 21.75662995 9.593496516 5.986990857 -2.54
11.69745659 0.01005468237 11.69745659 0.01005468237 16.36994476 6.730258872 2.942540854 -3.81
5.497582199 0.9027761243 5.497582199 0.9027761243 17.61521656 8.268998583 4.141675174 -2.79
13.85792989 -0.2059230915 13.85792989 0.2059230915 10.07958055 3.730744665 1.445626134 -2.1
5.833607883 0.2618931353 5.833607883 0.2618931353 12.19202283 4.473821133 1.769295208 -2.57
11.81885015 -0.0171239607 11.81885015 0.0171239607 11.37492983 4.875572625 2.416892341 -1.72
12.21952126 -0.6369646007 12.21952126 0.04939734041 17.46262502 6.50694915 3.255013764 -2.36
13.64226485 -0.7972056616 13.64226485 0.05136801687 32.73775835 16.05618548 8.6931688 -4.17
10.93337315 -0.109825351 10.93337315 0.109825351 12.85630942 5.838856112 3.715221695 -1.59
5.748687526 0.7176152625 5.748687526 0.7176152625 14.41864112 6.961532477 3.572870022 -1.52
9.545433615 -0.3958293178 9.545433615 0.005498571781 26.26004284 9.41904267 3.403382452 -2.16
13.30700975 -1.028947992 13.30700975 0.06641651042 26.70035603 12.17876436 7.054462781 -2.9
9.458333333 -0.4799382716 9.458333333 0.08333333333 4.76 2.025957447 3.76 -0.24
11.77490009 -0.7450046318 11.77490009 0.4012152598 24.37395567 13.31700445 8.644516762 -3.27
13.22125331 0.09851492294 13.22125331 0.09851492294 19.14301532 8.119908712 3.827783419 -1.84
6.200874591 -0.5777078609 6.200874591 0.1673148148 14.0185455 6.164208984 3.128924687 -0.4
8.845675497 0.6796032069 8.845675497 0.6796032069 16.50576747 8.48758639 4.575317432 -2.35
13.32350676 -3.074515896 13.32350676 0.1425834767 26.77519496 11.21358081 5.739654403 -4.43
12.87910415 -0.4465150358 12.87910415 0.1337211829 18.64514866 8.040181997 4.152726959 -2.14
13.63685524 -0.8626037992 13.63685524 0.1010448686 24.3347459 11.01427081 6.360125239 -2.31
13.14171268 -0.5208566016 13.14171268 0.007104404651 22.27914114 10.56868141 5.594754081 -2.41
12.78626874 0.1842515568 12.78626874 0.1842515568 23.53524306 11.49072922 6.462350329 -2.62
12.10809922 0.108990161 12.10809922 0.108990161 15.68642659 7.880401784 4.894847227 -2.2
14.16705769 -0.3743116969 14.16705769 0.08347222222 15.22472887 5.840473736 2.67572479 -1.68
12.9553938 -4.573997368 12.9553938 0.05897069539 29.47023299 13.52080301 9.710357898 -2.76
6.002719698 0.6403914714 6.002719698 0.6403914714 13.03433248 5.272510903 2.464764235 -2.66
12.96842881 -4.400385802 12.96842881 0.350990035 18.0719618 6.692397725 3.593599954 -2.31
10.1345157 0.3601851852 10.1345157 0.3601851852 13.15872835 6.053949478 2.588149999 -1.28
13.4246237 -0.8867920684 13.4246237 0.08442232699 24.44466426 8.69797646 4.27915164 -3.25
12.86936434 -3.878168192 12.86936434 0.03746832614 26.7691578 13.30968182 9.080606322 -3.83
12.45684687 -0.4196455265 12.45684687 0.2835587154 19.36242633 7.665727588 3.549654531 -2.33
11.09412383 -0.8237244898 11.09412383 0.2135949442 16.95056441 7.402223391 3.410268954 -2.49
12.58060936 -3.509651142 12.58060936 0.03763592471 20.79528486 9.5152388 6.022282533 -0.93
13.35398839 -0.7014989607 13.35398839 0.05087705761 12.15961197 4.340502975 1.869877552 -2.89
10.61490166 -0.4536750914 10.61490166 0.02004003685 18.17125879 5.872559369 2.520377309 -2.43
13.25207453 -3.986574822 13.25207453 0.05138117284 25.6857215 8.918359375 4.481520761 -2.4
13.25828475 -4.543449609 13.25828475 0.2889761411 24.7741119 10.50954885 5.827095265 -2.34
12.91583745 -4.368165107 12.91583745 0.16780564 24.37019048 11.48052002 7.696174738 -2.9
13.45402732 -0.1646915633 13.45402732 0.1646915633 20.01844389 9.069778744 4.260220541 -1.91
13.73881968 0.1063595994 13.73881968 0.1063595994 16.49042863 5.771489786 2.24390055 -1.46
15.29561366 -0.9832373468 15.29561366 0.001466954837 26.63934745 10.66048421 5.164475111 -2.96
13.62017213 -0.1863661687 13.62017213 0.1863661687 16.33286331 6.707470594 3.062473227 -2.85
10.7912037 -0.2911111111 10.7912037 0.2911111111 6.805074799 3.011779445 1.345015863 -1.31
14.07156276 -0.9305361199 14.07156276 0.1581512451 16.86307346 6.493419203 3.013966942 -1.98
13.71080351 -0.2169152731 13.71080351 0.2169152731 19.35317904 7.660235034 3.235266197 -3.34
12.68480096 0.2496372255 12.68480096 0.2496372255 18.01482656 8.109300859 3.8438034 -2.37
12.13438119 -0.04621913328 12.13438119 0.04621913328 20.63204741 9.079289131 4.252694078 -4.26
14.51066723 -1.55238822 14.51066723 0.001351406163 27.19193649 11.68553405 6.339306186 -3.85
13.025106 -0.188537344 13.025106 0.01433415986 16.40122493 6.338817977 2.784604947 -2.07
11.48112027 -3.127866908 11.48112027 0.4939527629 28.29990555 11.8945241 6.269872734 -1.48
13.19461149 -0.6116352558 13.19461149 0.03489305581 26.63155906 12.13018059 6.577272595 -3.97
12.36839585 0.03853954159 12.36839585 0.03853954159 21.18541115 10.30510713 5.732859568 -2.53
14.13157387 -0.117307556 14.13157387 0.0899032193 34.67290936 14.62893955 6.687679703 -4.08
14.75882429 -1.183840695 14.75882429 0.004040191909 23.15838477 8.735423975 4.283870933 -4.01
13.41168553 -4.342650336 13.41168553 0.08177478322 23.73793651 9.573823187 4.895899868 -2.99
14.83030083 -4.786127151 14.83030083 0.1810536869 23.80473341 8.941711718 4.512509284 -3.92
14.36909409 -4.358204401 14.36909409 0.2252204321 25.54015459 10.20704019 5.636519194 -3.55
13.01417863 0.08230312383 13.01417863 0.08230312383 20.48147045 8.921629416 4.86216205 -1.79
14.33832703 -3.32402593 14.33832703 0.007502448383 21.64414732 9.626472918 5.510796492 -4.06
11.52937713 -0.9591560036 11.52937713 0.2959957299 22.5502561 10.31792391 5.233911037 -3.64
11.08168781 -0.3510619756 11.08168781 0.1639051849 16.50576747 7.04165962 4.140451643 -3.35
12.09108898 0.05545108437 12.09108898 0.05545108437 20.55825086 8.972491863 4.881021033 -2.71
12.23124008 -0.008637566138 12.23124008 0.008637566138 10.52869544 3.996574172 1.734944786 -2.62
10.52771455 -0.2256497981 10.52771455 0.2256497981 25.53344911 10.09898817 4.761681187 -2.74
3.910593348 0.8842592593 3.910593348 0.8842592593 7.033229518 2.772719727 1.20823441 -1.64
13.14000096 -1.581479233 13.14000096 0.2645209679 22.93432767 11.0422315 6.368743134 -2.74
11.15257118 -0.6471053005 11.15257118 0.4213660032 13.05290293 4.971873091 2.190866366 -1.64
6.03578925 0.116127593 6.03578925 0.116127593 14.52405654 5.41554723 2.329267822 -2.41
12.89613219 0.1021613552 12.89613219 0.1021613552 24.74891829 10.65988799 4.714819934 -3.57
13.05422393 -0.4091162072 13.05422393 0.2371653656 24.97764148 11.07460738 6.102881791 -2.13
13.09976092 -3.597322396 13.09976092 0.04088219076 23.57576511 10.21837934 5.392841453 -2.16
12.71290202 -0.2475987801 12.71290202 0.2475987801 16.3030954 9.051199962 6.14040955 -2.07
14.18902757 -4.718568281 14.18902757 0.06765533142 25.7376486 11.03027834 6.589427081 -3.88
13.30188107 -0.9873506 13.30188107 0.02823673631 24.09584933 8.268906155 3.085345146 -3.54
14.21383937 -0.6656200359 14.21383937 0.3436422915 18.62486689 8.103997226 4.06697426 -2.73
14.77624144 -4.813829074 14.77624144 0.02637159373 22.65182407 8.578963879 4.369297547 -4.13
12.50700797 -0.4113974299 12.50700797 0.01545881624 19.05456444 8.388074849 4.242866145 -2.28
13.15639881 -3.853466537 13.15639881 0.1602974464 29.24899164 14.01155286 9.214170435 -3.31
12.30297737 0.1025982615 12.30297737 0.1025982615 13.28562523 6.144766821 3.422428356 -1.15
5.875616005 0.7468800813 5.875616005 0.7468800813 24.12638986 9.91074121 4.640271999 -3.23
15.0911162 -1.559417948 15.0911162 0.002597677591 85.3582315 43.09615588 28.74220176 -11.29
13.55689358 -1.117497446 13.55689358 0.08212191358 21.02888063 7.479848589 2.988556113 -2.22
13.48443468 -0.3819514519 13.48443468 0.3373263889 17.0454065 7.464546525 3.605693672 -1.39
13.38347128 0.07849272837 13.38347128 0.07849272837 20.95200267 8.825970302 4.27892663 -1.3
11.74900455 -0.6785174437 11.74900455 0.1966047732 23.54490997 8.310181887 3.588081687 -0.61
12.31523529 -0.2571984704 12.31523529 0.1423184659 19.85039828 8.859129518 4.876479182 -2.9
13.54828554 -0.6513101966 13.54828554 0.08948395379 27.5754692 13.9138239 7.744917285 -3.01
13.00346355 0.2884503386 13.00346355 0.2884503386 18.24343803 7.854024956 4.084429124 -2.13
12.45320337 -0.9690943015 12.45320337 0.1884415279 26.00609432 11.77636902 6.580307681 -4.07
13.19573324 0.04123901091 13.19573324 0.04123901091 23.48628118 9.516802907 4.388423279 -2.91
12.92858441 -0.3559296384 12.92858441 0.3344813975 20.41430099 8.479523972 4.188679821 -2.86
14.62026927 -0.7192998866 14.62026927 0.1666215852 15.57445727 5.669880387 2.30114775 -3.67
5.556203704 0.5613425926 5.556203704 0.5613425926 5.611696741 1.914944034 0.6572339649 -1.16
14.03885474 -0.7725096395 14.03885474 0.03687183328 24.19302179 10.5469068 5.575670165 -2.94
5.014115646 -0.1013398762 5.014115646 0.1013398762 12.47939625 4.9577695 3.878439854 -1.59
6.159082285 0.5885484029 6.159082285 0.5885484029 47.57854402 25.35045883 14.81680271 -5.38
11.13833445 -1.26641674 11.13833445 0.5195462919 21.04883626 9.693296893 6.169457632 -3.67
14.39833183 -4.533066497 14.39833183 0.01663439947 33.17858925 13.50688014 8.682046399 -3.72
8.848761916 0.6835094569 8.848761916 0.6835094569 16.50576747 8.48758639 4.575317432 -2.35
5.027777778 0.8194444444 5.027777778 0.8194444444 3.96 2.96 1.96 -0.04
5.513541838 0.9539859466 5.513541838 0.9539859466 20.75027266 9.998497897 4.964985175 -2.51
12.79639658 -4.426444968 12.79639658 0.07544196691 19.20749135 7.368613597 3.731550452 -2.12
13.42406416 -3.115788718 13.42406416 0.01768461433 26.89864396 10.59371539 5.271434701 -4.3
13.4730055 -4.976781999 13.4730055 0.1902674897 16.882398 6.158844143 3.598396318 -2.96
11.07799333 -0.5355421312 11.07799333 0.06589663643 21.44236243 7.414504634 3.828304222 -2.79
10.37139899 -0.1202576439 10.37139899 0.1202576439 20.24278143 6.576131212 2.669865169 -0.38
5.593716257 0.5379312651 5.593716257 0.5379312651 24.19620781 11.04184702 5.51146666 -2.51
13.55617102 -4.528877927 13.55617102 0.01136148904 21.3511918 8.126354982 4.026784367 -3.5
12.97272953 -3.662609147 12.97272953 0.2761793399 20.86841099 8.853340504 4.594859401 -3.01
13.42072748 -4.369811219 13.42072748 0.2271747187 23.40413173 9.367271484 4.614585868 -2.34
12.24125329 -0.5306587072 12.24125329 0.06169589558 23.99174391 11.27766143 6.924088575 -4.66
13.54906794 -4.974586424 13.54906794 0.06799557594 27.01491715 10.58109386 6.979509814 -3.58
12.96588875 -0.5837438587 12.96588875 0.1326504367 16.28773172 5.959577486 2.443627999 -3.19
13.37577146 -3.114499974 13.37577146 0.09474877372 32.35480769 14.44919827 7.868377027 -4.59
10.95013363 -0.9704444313 10.95013363 0.1822718926 21.18268294 9.388958722 4.806244811 -4.06
13.69078787 -4.020584764 13.69078787 0.08795347522 27.50333267 12.34240865 6.8592261 -3.53
12.90670164 -3.341634029 12.90670164 0.1039967735 24.32855238 10.21798384 6.012720317 -1.8
10.96083333 0.4478703704 10.96083333 0.4478703704 9.67 6.785340254 5.800378096 -0.33
9.622958768 -0.1747050677 9.622958768 0.1747050677 15.35368557 6.374364041 3.069896578 -2.18
14.80331915 -4.788189553 14.80331915 0.05009150049 27.56563237 11.35974901 6.406951405 -4.02
13.78489402 -0.02022417668 13.78489402 0.02022417668 22.87068368 10.57278715 4.977634922 -3.9
12.24650028 -0.1520746538 12.24650028 0.1520746538 16.07173008 7.649704142 4.354336735 -1.8
13.46505085 -0.6294548037 13.46505085 0.07534863946 22.00076097 9.110199419 4.270428534 -2.21
12.23078329 -3.285689231 12.23078329 0.05233807354 18.99097795 7.270368253 5.902892143 -2.34
14.07788503 -0.5387410242 14.07788503 0.07381920824 25.6943547 10.89427454 4.932154761 -2.57
5.9307168 0.7968631745 5.9307168 0.7968631745 17.16875604 7.962166149 4.103101066 -2.26
14.07742555 -2.96694196 14.07742555 0.002678361468 22.02002957 8.390290571 4.386269721 -3.19
11.88955891 -0.354053288 11.88955891 0.02478902466 14.3806031 6.417232515 3.2955989 -1.03
14.25309257 -0.574016565 14.25309257 0.02309455572 19.99958594 7.961998178 4.018234797 -2.93
6.251217158 0.229382656 6.251217158 0.229382656 21.38057433 9.92749705 5.177126088 -1.33
11.70900455 -1.285122857 11.70900455 0.1066026156 23.50624347 8.287916835 3.576389122 -0.65
14.07913826 -0.8631740783 14.07913826 0.005596149949 27.44122538 10.0659138 4.111123153 -3.87
12.24009323 -3.626042524 12.24009323 0.009362901025 26.44238069 13.0318237 8.974280474 -1.81
12.37342743 0.2056253851 12.37342743 0.2056253851 17.1023294 7.916760794 3.752766513 -2.33
12.4885615 -0.06534465875 12.4885615 0.04747898624 19.20880085 7.812409595 3.481202781 -2.77
13.32027473 -3.114384632 13.32027473 0.08201867594 28.50688358 11.94215562 5.993911449 -4.61
5.511286611 0.9074476253 5.511286611 0.9074476253 20.87514034 10.087003 5.205372711 -2.38
13.01084566 -0.624351807 13.01084566 0.0156319287 22.65637858 9.948542075 5.263645166 -2.53
14.74160605 -5.150254053 14.74160605 0.005385004212 62.18148392 26.50089847 16.54142804 -8.02
15.86277206 -1.84865443 15.86277206 0.02665386667 24.92835033 9.734950744 4.448947091 -3.38
11.49818173 -0.3792487806 11.49818173 0.07046590097 21.44594671 9.22383783 4.428288575 -3.4
11.88062127 -1.127085249 11.88062127 0.03340531768 20.03071998 8.624598717 4.487734915 -3.26
12.44042819 -1.100960205 12.44042819 0.09598843645 23.6319208 10.60684026 6.078991303 -3.52
13.45641353 0.2366986332 13.45641353 0.2366986332 21.42312104 9.550633978 4.607916877 -0.81
12.40850488 -0.3582172416 12.40850488 0.1841916134 22.12602258 10.02734667 5.224464698 -2.08
12.97153152 -1.035268457 12.97153152 0.0582224572 25.82345152 10.5149936 4.993568828 -3.81
13.85309476 -1.220068674 13.85309476 0.1354182588 18.93991882 7.54987767 3.6331549 -4.4
12.22678792 -0.4597975807 12.22678792 0.01275250456 18.34434438 8.286323516 4.199828499 -2.45
12.55470365 -2.991285814 12.55470365 0.004865601403 18.16978323 7.723042527 4.509314059 -3.63
13.18627694 -0.9978671114 13.18627694 0.01089324031 22.73868256 10.3881468 5.814840985 -2.94
13.77755036 -3.737322373 13.77755036 0.2687852471 22.68036305 8.923917153 4.119242622 -3.1
12.44442431 -0.05121117344 12.44442431 0.05121117344 19.79119802 9.325064666 4.56779305 -2.51
13.66570424 -4.542604027 13.66570424 0.006517752163 21.16177168 8.014510448 3.850515472 -3.7
11.35898532 -0.01751592238 11.35898532 0.01751592238 18.65485556 8.046693429 4.336144777 -2.13
12.84102568 -3.564029891 12.84102568 0.3020320242 15.77307691 6.179531655 3.022869153 -2.11
12.36036332 -0.5006765722 12.36036332 0.2569734802 22.55671146 9.947713685 4.83077322 -3.23
12.7869094 -3.80736861 12.7869094 0.1143919115 21.9664481 9.388712946 6.12324808 -3.73
12.03320106 0.2092389456 12.03320106 0.2092389456 12.67208496 5.741805737 3.155871781 -1.35
14.0509267 -0.4650756453 14.0509267 0.2109234741 21.0481777 8.607218833 4.03570263 -3.82
13.39198262 -0.0663140092 13.39198262 0.0663140092 26.98766095 11.99017563 6.092890127 -3.06
11.31851671 -0.7515302579 11.31851671 0.4494928141 19.09188866 8.806944245 4.170829678 -1.68
13.49714027 -0.6734607531 13.49714027 0.08854896627 26.17120111 12.87842717 7.076763169 -2.9
6.352053844 0.6207303956 6.352053844 0.6207303956 15.8249078 6.673335015 2.995412811 -1.68
11.03091953 -0.7469014143 11.03091953 0.1098528217 23.88337155 11.24442043 5.801849072 -3.26
12.62419287 -4.363395121 12.62419287 0.1840341082 26.62790125 12.69348912 7.774569067 -3.43
12.82573192 -0.9349467356 12.82573192 0.06260760477 18.64305921 6.019599329 2.159282469 -2.76
13.46358211 -4.274911966 13.46358211 0.01473628055 34.76120233 14.40790619 8.04534473 -4.09
4.487312453 0.9374508692 4.487312453 0.9374508692 11.4011378 4.594064459 1.823897448 -2.43
13.39947373 0.1049279136 13.39947373 0.1049279136 19.75289028 8.442870432 4.073657307 -1.55
13.8051929 -0.7351183128 13.8051929 0.04412344104 21.80812383 7.93231877 3.336219884 -2.41
9.775183768 0.03289351852 9.775183768 0.03289351852 11.99858661 4.248077766 1.574534079 -1.06
14.14563801 -0.4939066271 14.14563801 0.04821840033 27.55451322 11.34231429 5.740251056 -2.61
13.88884502 -0.6541559873 13.88884502 0.124062805 26.73721849 11.18959928 5.213729046 -4.47
12.88891282 -0.1412965722 12.88891282 0.1412965722 26.65706351 12.71424956 7.09337262 -3.4
6.077770154 0.4585586044 6.077770154 0.4585586044 21.31225977 11.56506316 6.857002155 -2.4
12.68786279 -0.4037958239 12.68786279 0.2792972446 16.37284626 6.321752434 2.848884934 -3.1
11.5476221 -0.3891596067 11.5476221 0.3105861442 15.00569774 5.516058706 2.264034041 -1.55
6.094360826 -0.3857338908 6.094360826 0.1563564237 15.45726069 5.214170226 2.549204865 -2.07
13.19771673 -3.053615129 13.19771673 0.1203690983 25.30588201 11.36295173 5.791649651 -4.35
13.24343611 -2.816516362 13.24343611 0.1637332481 22.92662141 10.57746574 5.953969191 -2.25
13.21943279 -0.3478162351 13.21943279 0.03850287482 29.87229665 11.72382274 5.35838329 -2.18
14.29412086 -1.088494754 14.29412086 0.06178277484 22.62743358 9.126190651 4.503946739 -3.56
13.86410419 -1.104928117 13.86410419 0.00368710576 27.18726294 12.19978886 5.63942548 -2.39
12.55135732 -0.3210029289 12.55135732 0.3210029289 18.26142583 8.147316411 4.261489242 -1.08
10.59773054 -0.217037037 10.59773054 0.03529320988 10.65949126 4.194132566 1.607137108 -1.42
14.36766212 -5.854805419 14.36766212 0.0210959446 30.6979534 10.61848551 8.085143683 -1.84
13.11365504 -3.601449084 13.11365504 0.1035189086 24.90009753 10.18729478 5.896214112 -3.21
11.49375315 -0.9002825087 11.49375315 0.3304496847 18.0529154 7.729953782 3.435001256 -3.33
12.762546 -0.4298954267 12.762546 0.1434506348 21.09550319 8.998531411 4.024329016 -2.77
4.35014503 0.2078760393 4.35014503 0.2078760393 11.65810637 5.061525405 2.402796637 -2.42
13.42449582 -0.1102173091 13.42449582 0.01184252173 19.5709889 8.324457758 4.168214688 -2.74
6.433371985 -0.02234608028 6.433371985 0.02234608028 20.9819349 9.716942579 4.94901413 -2.89
12.29374549 -0.5111080996 12.29374549 0.04401234116 18.80048518 9.101388754 4.800337324 -1.98
13.37514019 -0.03577212984 13.37514019 0.002346938776 17.36466046 7.013538529 3.071185477 -2.74
13.56635219 -0.3635730394 13.56635219 0.1270377646 28.47828202 13.5567677 6.542337967 -3.64
13.11342557 -4.189373829 13.11342557 0.04184999967 29.13078188 12.40919376 8.279346948 -4.43
12.45003464 -0.2710078893 12.45003464 0.202081225 16.44786201 7.439718404 3.913950915 -2.41
6.096979137 0.5224516122 6.096979137 0.5224516122 18.55779641 8.926280034 5.127231544 -1.23
12.32067593 -0.3916520767 12.32067593 0.04099776044 24.06720373 9.657311318 5.353027806 -3.07
11.5858832 -0.4656103629 11.5858832 0.01625570096 22.28103735 9.766704933 4.866216424 -3.52
13.49045896 -1.623167043 13.49045896 0.01662291324 40.04630607 19.63356539 13.86332706 -5.13
13.89203328 -0.8930701461 13.89203328 0.01588520394 34.05573177 16.00956236 9.165804725 -4.29
12.87854179 -0.4402490698 12.87854179 0.006140919175 19.92530949 8.555526968 4.309022981 -2.37
14.15484977 -0.2626840193 14.15484977 0.1353698271 19.62271353 7.123385256 3.344026371 -3.33
8.92278242 0.6866356355 8.92278242 0.6866356355 15.92872063 6.739699943 3.311208676 -2.57
12.0678458 -1.037656368 12.0678458 0.04880007559 14.75454549 4.294281005 1.379875268 -2.38
13.36136292 -0.7008019091 13.36136292 0.1043283194 22.24168142 10.57053 5.274467273 -1.96
15.3661414 -4.100737357 15.3661414 0.009919007727 27.26421198 10.34610261 5.421608545 -3.31
9.955910809 0.4911602419 9.955910809 0.4911602419 9.911593599 3.632715619 1.295797058 -1.28
11.6232525 0.1710117752 11.6232525 0.1710117752 19.36403415 10.0687761 5.79223971 -2.4
2.562827407 0.7246987329 2.562827407 0.7246987329 17.32065477 7.646193636 3.574511598 -1.1
12.90625346 -0.5850935374 12.90625346 0.03331018519 16.52507156 6.653367511 3.147874388 -2.33
12.24411594 0.003964695701 12.24411594 0.003964695701 16.85575943 6.613971534 3.012626035 -2.59
12.32325525 0.1813963425 12.32325525 0.1813963425 15.48551775 6.832340537 3.253726365 -2.04
12.37941294 -0.1999613072 12.37941294 0.1092227786 20.62544705 9.910209698 5.285330813 -2.64
13.69047034 -0.2584962637 13.69047034 0.1446804587 22.78182845 10.03257382 5.497684789 -2.4
13.30921729 -3.128435892 13.30921729 0.058052915 28.89240632 12.49085407 6.472522511 -4.62
6.519501134 0.1548611111 6.519501134 0.1548611111 14.7333959 5.660107683 2.443695284 -1.84
13.39458162 -3.769177844 13.39458162 0.0279682326 26.36624481 11.45842143 7.124311776 -3.24
13.18494734 -1.263900709 13.18494734 0.03962422315 20.64149816 8.708910118 3.892889256 -2.25
9.747944399 0.2977742791 9.747944399 0.2977742791 23.40413173 10.50954885 5.342160409 -3.34
13.02405864 -0.1355319541 13.02405864 0.12191463 17.91962759 7.643472052 3.806409425 -2.47
12.28727429 -0.5098292366 12.28727429 0.03774484781 23.13906676 10.72468192 5.472956159 -2.03
13.27314641 -3.905783271 13.27314641 0.1097352211 22.9748959 8.974771375 4.218300433 -2.2
12.87011515 -4.389266413 12.87011515 0.1339470231 24.03384075 9.757995753 5.124298967 -3.68
13.19129253 -5.015497776 13.19129253 0.011804532 26.57930043 9.765291231 5.582640688 -4.48
10.98169031 -0.9609496932 10.98169031 0.3194514154 24.50285746 12.19073424 6.943019618 -2.62
9.990351674 0.1166470616 9.990351674 0.1166470616 18.51992381 7.290760562 3.631215318 -1.84
12.75435109 -0.04103579081 12.75435109 0.04103579081 23.46747485 10.20825038 4.854911046 -2.93
13.70922409 -0.1080429371 13.70922409 0.03612271143 22.15408387 9.033389175 4.178905512 -3.33
13.87306969 -1.321246105 13.87306969 0.07499560079 33.01618185 13.95769786 7.225331439 -5.36
12.96660787 -0.2798521661 12.96660787 0.1066564311 24.46411803 10.30645646 5.068128219 -1.66
13.01897145 -1.001970607 13.01897145 0.07714023401 27.4566359 12.82850028 7.103834188 -5.11
15.9270805 -0.6351738473 15.9270805 0.06373630008 20.38551794 6.825907976 3.55131814 -2.89
9.387149943 0.177191358 9.387149943 0.177191358 13.6274846 6.391038863 2.780635796 -0.8
9.781390697 -0.2287530084 9.781390697 0.1857564411 20.50066402 8.934336808 4.684766093 -2.77
13.08462998 -0.1745014225 13.08462998 0.1745014225 10.78202096 3.843337299 1.952595112 -1.35
14.67768467 -4.410002984 14.67768467 0.02884747417 23.23566475 8.782095214 3.749162245 -3.93
14.0827883 -1.010397952 14.0827883 0.02053021751 42.60930456 21.12199547 12.48065597 -5.53
15.43007391 -2.108405959 15.43007391 0.006173319784 127.5456753 66.6120888 47.03341414 -15.91
14.48681092 -0.338302284 14.48681092 0.02737133356 24.30146006 9.465047884 4.096588418 -3.75
13.14186531 -4.388044605 13.14186531 0.001000110533 22.60813795 9.502456172 5.420854892 -2.58
14.17491578 -0.7682691096 14.17491578 0.006555631302 22.68987658 8.929704207 4.122506605 -3.09
10.16451363 -0.5957148171 10.16451363 0.2216999713 21.12663637 8.410629702 3.429928418 -3.43
10.86159779 -0.5641449136 10.86159779 0.114695531 18.28343195 6.496983693 2.304396101 -2.5
13.77002157 -0.3255719929 13.77002157 0.06425925926 16.94108224 6.340877915 2.933325217 -2.5
6.218643471 0.3547901445 6.218643471 0.3547901445 13.19549064 6.575910495 3.395674263 -1.8
8.98112961 0.676684911 8.98112961 0.676684911 18.5330215 8.095038424 3.85089264 -2.49
11.75807037 -3.54913766 11.75807037 0.03101660592 25.26756801 10.1674836 5.639022436 -3.39
11.71532785 -0.1586111111 11.71532785 0.1586111111 9.79170514 4.183884298 2.188569455 -1.75
13.88912309 -4.133363769 13.88912309 0.005725483031 33.45297685 15.02923424 8.814247535 -3.44
9.842046248 -0.387596175 9.842046248 0.387596175 16.20264961 6.553841815 3.038944992 -2.28
6.105594918 0.6093623533 6.105594918 0.6093623533 18.97812927 9.222770726 4.725120879 -2.36
6.320676716 0.8099034359 6.320676716 0.8099034359 18.46742605 8.052669536 3.8263387 -2.56
5.865199339 0.1085560679 5.865199339 0.1085560679 23.42986575 9.823793953 4.595885773 -2.97
13.64676198 -0.4579413502 13.64676198 0.1367582654 18.92081539 6.876846838 3.414846729 -1.42
10.72599279 -1.008296381 10.72599279 0.08661226561 25.81190851 12.6183442 7.604196453 -4.27
13.10953846 -0.2468858067 13.10953846 0.2468858067 24.97764148 11.07460738 5.585660029 -3.13
13.52436634 -3.646036826 13.52436634 0.1330697279 27.50333267 11.89338668 7.278207229 -3.53
12.03776737 -0.4978080231 12.03776737 0.08946027479 24.73153697 11.40538041 5.733090825 -3.95
11.88958905 0.003625529741 11.88958905 0.003625529741 19.88646665 8.595328165 4.102218339 -3.05
13.11073035 -0.04602069686 13.11073035 0.04602069686 20.049889 9.055786175 4.513921038 -2.24
12.55551792 0.1331211682 12.55551792 0.1331211682 13.61518929 5.954690553 2.89 -2.36
14.30949193 -1.415094718 14.30949193 0.07328834929 17.7864051 6.525466671 2.549377562 -3.61
14.32162882 -3.302295969 14.32162882 0.2091272488 22.00552628 9.414973192 5.682262932 -3.69
13.04954691 -0.658317369 13.04954691 0.02531729625 25.34499626 11.72749436 7.355514255 -2.28
13.02795713 -0.04235194506 13.02795713 0.04235194506 23.33228246 9.976008958 4.772709592 -2.83
14.06500617 -4.011738033 14.06500617 0.04287375334 25.90017996 10.56322099 5.150673966 -3.73
13.02679185 0.0791368744 13.02679185 0.0791368744 22.92780031 10.61164293 5.46393652 -3.84
13.87226348 -0.7873868313 13.87226348 0.02374744555 22.9845514 8.6307164 3.571702743 -2.19
13.38287887 -4.563072423 13.38287887 0.17313849 19.52858207 7.36405127 3.513128453 -3.43
12.33032052 -3.415204525 12.33032052 0.04181310616 23.93174198 9.96023489 5.464036026 -3.21
13.55229612 -3.652450107 13.55229612 0.2986011291 24.82720619 9.894584416 4.636334047 -2.85
14.00531239 -1.069025971 14.00531239 0.07598631945 25.23883476 9.153229119 3.972063295 -3.42
8.236666667 0.3310185185 8.236666667 0.3310185185 5.96 3.161612903 3.96 -0.04
12.25626559 -1.108137526 12.25626559 0.02437654846 15.37038037 6.621702104 3.17071657 -3.02
6.014477828 0.3790565949 6.014477828 0.3790565949 13.51792924 5.247237117 2.216415643 -2.14
3.788580247 0.9444444444 3.788580247 0.9444444444 3.35 2.35 2.35 0.35
11.99824452 -0.1756796296 11.99824452 0.1756796296 10.4537305 3.951830211 1.838899608 -1.7
9.331203704 0.2875925926 9.331203704 0.2875925926 6.160248408 2.234974333 0.9232172686 -1.57
13.58803156 0.01534830828 13.58803156 0.01534830828 24.51120507 11.65159693 5.815185868 -1.13
12.38006054 -0.02710825479 12.38006054 0.004424148332 18.70339335 8.535383852 4.357605429 -2.08
12.83368055 -3.531158502 12.83368055 0.3452457545 23.11825638 9.921191662 4.908517405 -2.64
12.83072638 -0.1299959396 12.83072638 0.1299959396 25.07458664 12.08857904 6.768231478 -3.03
12.30834491 0.006971136453 12.30834491 0.006971136453 22.94411139 11.60491662 6.624742267 -2.73
13.7641621 -1.107201646 13.7641621 0.04220502585 23.60291547 8.343618176 3.699364737 -2.55
11.32382328 -0.4667654462 11.32382328 0.1259836301 20.28853512 9.65635974 5.29642664 -2.45
12.13462952 0.2569608938 12.13462952 0.2569608938 17.46314264 7.740674315 3.496099091 -2.95
11.18924411 -0.4509491067 11.18924411 0.4509491067 14.89297275 6.085745853 2.806984908 -3.67
11.85911311 0.07422437111 11.85911311 0.07422437111 15.15610213 5.913351859 2.874213982 -2.39
12.24024768 -0.03905909102 12.24024768 0.03905909102 21.92965138 9.537268918 4.611895732 -2.89
11.86682916 0.08340710756 11.86682916 0.08340710756 14.81786056 5.710451843 2.753986684 -2.75
11.74790889 -3.064220545 11.74790889 0.1560418869 21.13461311 9.356722327 5.333009732 -1.11
13.36585118 -1.106425986 13.36585118 0.002287362476 22.85164689 8.384530968 3.991982483 -1.92
12.76060939 -0.05285215726 12.76060939 0.05285215726 27.49743909 12.88261346 7.146620479 -4.67
5.404720884 0.9429785974 5.404720884 0.9429785974 15.87901701 7.05078125 3.673469388 -2
10.66546261 -0.9355652269 10.66546261 0.1253624931 18.03406515 8.551172212 5.368360777 -2.77
11.90677591 -0.7131560141 11.90677591 0.03537011058 23.86199731 10.40550232 4.784234195 -3.86
12.34548253 -0.05601521164 12.34548253 0.05601521164 13.882695 5.035156312 2.063042265 -2.08
5.987035323 0.8032037284 5.987035323 0.8032037284 22.21452973 11.02083131 5.672894806 -2.59
12.86770696 -0.06458291341 12.86770696 0.06458291341 21.58670242 9.661038881 5.166352384 -2.64
13.83889461 -1.700095466 13.83889461 0.02708128622 18.17947912 6.944892747 3.498643841 -2.62
13.23289165 -0.9603524424 13.23289165 0.0204196894 21.44342761 7.33564172 2.865388932 -2.84
13.23095858 -0.3596858198 13.23095858 0.02877134952 23.15635992 10.34444444 5.068410793 -2.6
4.717302791 -0.2153506472 4.717302791 0.005704168241 22.9845514 9.352497929 4.129977613 -3.19
14.43832117 -0.4464042498 14.43832117 0.235615301 17.60782577 7.781393026 3.883334407 -3.21
13.38414606 -3.131107588 13.38414606 0.06809513668 30.85816041 12.3275721 6.916879823 -4.15
12.63732816 -0.2932480274 12.63732816 0.1207948843 17.74339664 7.873719102 3.334730131 -1.07
13.74966318 -0.8712382291 13.74966318 0.05240865958 18.95515587 6.747004998 2.724485561 -2.04
12.46780926 -0.08009982565 12.46780926 0.08009982565 21.9664481 10.34444744 5.245409531 -2.73
12.10901623 -1.186318233 12.10901623 0.0074894548 23.81427679 9.621241915 4.544153532 -4.91
13.29807366 -4.457538667 13.29807366 0.03609931959 25.52166831 10.02918824 6.484487535 -3.1
15.07163369 -4.15054827 15.07163369 0.01057768015 23.31834529 8.656000926 3.909833821 -2.43
6.002507679 0.5906268109 6.002507679 0.5906268109 17.09284133 7.91028059 3.904584963 -2.34
11.55789452 -0.7305815398 11.55789452 0.01380125661 24.43172107 8.698806627 3.03746044 -2.61
11.44237733 0.3114161838 11.44237733 0.3114161838 13.83490263 6.5475795 3.138251866 -2.13
11.04037187 -0.7175428319 11.04037187 0.4431510152 17.8112 7.92 4.148148148 -3
9.807092612 0.2193914837 9.807092612 0.2193914837 17.60570934 6.735960034 3.525343434 -1.8
15.03191315 -1.059255481 15.03191315 0.03667312315 37.97267104 15.90572771 7.487863445 -4.925064935
12.71812994 -4.4388953 12.71812994 0.01408871882 16.68920161 6.386237245 3.520223952 -3.16
13.9379922 -0.4589420905 13.9379922 0.1986515285 17.7191559 6.910146838 3.118409943 -3.36
11.70868292 -0.247345679 11.70868292 0.247345679 10.64127724 4.767588659 2.580693843 -1.87
13.11953706 -1.034313964 13.11953706 0.04218198854 23.38452026 10.84435299 6.597575234 -2.28
4.719372788 1.111245118 4.719372788 1.111245118 13.91898367 6.189043691 2.91761861 -1.71
13.13895584 -3.104180097 13.13895584 0.1117030161 25.97696247 11.30766481 6.00751157 -4.1
5.783953137 0.6475532267 5.783953137 0.6475532267 15.17491097 7.028879411 3.4205208 -2.37
13.08689949 -3.095760854 13.08689949 0.09591311833 24.23174121 10.15493205 5.608118197 -3.9
12.58695755 -0.269438121 12.58695755 0.09181085532 22.56265028 11.32002821 6.438906733 -2.12
13.40191375 -0.5852135823 13.40191375 0.009905739659 24.48179251 10.63762068 5.09770292 -3.16
2.427401738 1.163289399 2.427401738 1.163289399 13.53656022 5.583074218 2.318126827 -2.12
12.93918186 -3.89404402 12.93918186 0.02539756373 27.78206353 13.49183382 8.975893687 -3.8
12.17875709 -0.5759864215 12.17875709 0.219308683 15.37038037 6.621702104 3.752352477 -2.02
11.11418966 -0.5564526644 11.11418966 0.2233333333 10.16778524 4.439868094 2.170475207 -2.36
5.822087769 0.1465539942 5.822087769 0.1465539942 17.33964855 7.270261796 3.558725929 -4.08
13.93671439 -4.666421838 13.93671439 0.3580933464 24.19620781 9.507318861 4.935444325 -4.51
12.01787416 -1.039735631 12.01787416 0.1436643548 20.13161981 8.386767099 4.304198676 -1.79
6.16686193 0.1989559713 6.16686193 0.1989559713 15.85126976 6.071664935 2.913305462 0.47
13.18075297 0.1549074074 13.18075297 0.1549074074 17.4299155 6.738700023 2.99431807 -2.67
14.07522245 -0.8789553283 14.07522245 0.0157368235 26.52510625 9.563058131 3.76700586 -3.87
11.14287179 -0.4961688183 11.14287179 0.3683203907 18.1957952 8.231177654 4.377414641 -3.18
12.61738892 -4.466471501 12.61738892 0.1916621876 22.30916346 9.308799415 5.484697384 -3.89
12.34355291 0.2198920354 12.34355291 0.2198920354 17.43359163 9.186747054 5.316594968 -1.39
12.02807729 -0.1933560091 12.02807729 0.06795428022 13.2060502 4.980637187 3.950731414 -0.86
11.56844625 -0.7002861399 11.56844625 0.1012724159 21.16345429 8.963250928 4.504549277 -3.08
13.61800485 -3.463026758 13.61800485 0.2273133759 20.77908456 8.714140312 4.637499192 -2.48
13.64493197 -0.6064607631 13.64493197 0.1023686522 23.29873053 8.336495398 3.276864245 -2.83
13.37308049 -2.697857446 13.37308049 0.2004794974 21.46160475 8.765898459 5.482087655 -2.77
11.84795353 -0.4960708275 11.84795353 0.2774567833 27.34117279 13.21847427 7.040411618 -4.23
6.008505291 0.1565271904 6.008505291 0.1565271904 17.6756052 8.809345589 5.178431117 -1.14
10.87452183 -0.6573979418 10.87452183 0.07903132759 13.55790886 4.845779762 2.119068428 -3.42
13.71689358 -1.041136831 13.71689358 0.09170524691 21.58670242 7.496101562 3.269609949 -2.64
13.37088026 -0.1630907227 13.37088026 0.1254854017 23.8810872 10.82926676 4.791361986 -3.84
14.68649957 -0.5578779988 14.68649957 0.01726582634 19.59447041 7.402580343 3.335017388 -3.36
12.63722862 0.2523896657 12.63722862 0.2523896657 17.52966403 7.784886606 3.775645926 -1.88
12.43743969 -3.862967558 12.43743969 0.1254963332 23.57391186 10.56738953 6.948825499 -4.58
13.45328956 -0.236680621 13.45328956 0.1307770114 16.27827655 6.964461248 3.446102482 -2.2
13.47511684 -3.880718774 13.47511684 0.03258630433 18.92081539 7.196064183 3.386808789 -2.42
4.809766307 0.901651392 4.809766307 0.901651392 15.78683429 6.374420597 2.750764473 -2.44
3.350347222 1.1675 3.350347222 1.1675 6.48 5.48 4.48 0.48
12.88533295 -0.9244214971 12.88533295 0.008803207601 24.81763827 10.63277407 5.171183951 -3.86
12.8687292 -3.441715017 12.8687292 0.3645528903 17.52015993 7.022182411 3.244175851 -1.89
10.02332247 -0.6719104308 10.02332247 0.1381481481 7.259289617 2.822390726 1.539554121 -1.85
6.288862768 0.2045035559 6.288862768 0.2045035559 19.30694886 7.63279294 3.500512304 -3.39
5.733919753 0.7443518519 5.733919753 0.7443518519 5.741442725 1.989295929 0.7721086462 -1.02
12.34203468 -0.4024715806 12.34203468 0.05928073325 22.91696712 10.12330359 5.220601465 -3.26
14.51007131 -0.7873458634 14.51007131 0.05554451726 23.4994737 9.426135204 4.177733746 -4.24
13.23041238 -0.2033031929 13.23041238 0.01790140826 24.39633084 11.60610943 6.889446044 -2.73
3.572506141 0.2092824074 3.572506141 0.2092824074 12.66343734 5.046373919 2.159817676 -2.06
13.74059154 -0.5621558304 13.74059154 0.1856019777 22.61377582 8.556453184 3.686183868 -3.17
11.82055496 -3.18009861 11.82055496 0.1271497402 23.96700357 9.367769906 5.098088643 -3.75
13.14396084 -1.341392937 13.14396084 0.05212901083 27.92965506 11.17070358 6.977510392 -3.65
12.61299383 -3.681007297 12.61299383 0.1374294772 22.80405949 9.718478253 4.396088246 -2.97
11.34125871 -0.7478211283 11.34125871 0.3929248297 21.16337668 11.54749474 7.954438626 -2.14
13.76308957 -4.804430523 13.76308957 0.06283655154 25.24913013 8.374005578 3.922112383 -2.85
12.55632848 -4.05218721 12.55632848 0.08067380823 21.26346855 8.919732725 5.545368454 -2.45
13.46296842 -0.03690633661 13.46296842 0.03690633661 18.65489205 7.156197935 3.19593916 -3.36
6.077503661 0.2241902872 6.077503661 0.2241902872 10.41626456 3.635943535 1.361552942 -0.74
4.388097443 0.7289022739 4.388097443 0.7289022739 13.45273862 5.884338129 2.762347313 -3.21
13.14686526 -0.5766875636 13.14686526 0.2848016556 16.0231398 6.800214065 3.486807197 -2.47
13.40255853 0.04575555556 13.40255853 0.04575555556 19.40626394 7.603373136 3.548402927 -2.56
14.20347341 -0.4254456826 14.20347341 0.3234175462 19.91572834 8.161761505 3.864238221 -3.38
15.07017032 -4.875627816 15.07017032 0.02443749961 26.02489149 9.610867944 4.821203871 -5.6
13.1160503 -0.05664036959 13.1160503 0.04570574305 21.05859052 10.21276976 6.159590022 -2.66
5.706522739 0.7484837963 5.706522739 0.7484837963 14.35123584 7.510031316 5.209780408 -1.06
13.54828554 -0.6513101966 13.54828554 0.08948395379 27.5754692 13.9138239 7.744917285 -3.01
12.21816799 -3.786995465 12.21816799 0.009855442177 14.85073751 5.833949889 3.509731927 -2.55
4.660602954 0.1819869352 4.660602954 0.1819869352 17.23042193 7.983276561 3.724962642 -1.6
13.41514033 -1.149327523 13.41514033 0.04672046905 20.8750949 7.403271929 3.223986718 -2.7
15.15957751 -3.963299243 15.15957751 0.005877083858 24.80318293 9.384917856 5.031881037 -2.31
12.48119925 -0.9237050672 12.48119925 0.008037418324 23.58034452 10.48916367 6.219054335 -2.08
13.29584783 -0.4000945085 13.29584783 0.03264491593 21.40985444 11.03174792 6.086559795 -2.3
6.00779074 0.7895355512 6.00779074 0.7895355512 16.60187854 6.873276561 3.154908403 -2.56
6.493719293 -0.05181689342 6.493719293 0.01936885865 17.01695 5.799833205 2.490483353 -2.42
11.88291909 0.00693757905 11.88291909 0.00693757905 20.83057962 9.209332601 4.30204732 -3.05
12.58637208 -4.624869126 12.58637208 0.05107242343 28.71129192 12.26458406 7.867091714 -4.29
9.946664305 -0.5801257664 9.946664305 0.02566675416 16.4111923 7.347621671 5.385438988 -0.96
11.42333865 -3.32184033 11.42333865 0.5308130197 13.97830983 5.09132995 2.887524259 -1.98
13.90273888 -3.918131534 13.90273888 0.03182265228 30.77110499 13.202073 7.974544943 -3.18
12.13091642 0.2053408709 12.13091642 0.2053408709 23.5159098 11.47684226 6.233153845 -1.64
13.32464047 -3.126733623 13.32464047 0.06958969396 29.19386517 12.38013746 6.376904363 -4.89
13.68801587 -0.585349652 13.68801587 0.1029675034 23.03014753 8.189146102 3.206782292 -3.12
12.35767394 -0.1381784874 12.35767394 0.04047739775 17.01769988 7.834576331 4.172585233 -1.82
12.39716273 -0.5636358159 12.39716273 0.07421340302 26.73967074 12.72992801 7.8225374 -4.86
14.44215296 -4.743679114 14.44215296 0.1100240194 29.75832779 12.66582282 9.48810978 -1.47
13.34697642 -3.950812758 13.34697642 0.0649544414 26.06436222 10.53976039 5.530700683 -3.01
13.64686008 0.2041794743 13.64686008 0.2041794743 23.09920615 10.30645646 5.068128219 -1.66
12.37539415 0.04316917122 12.37539415 0.04316917122 20.69265558 9.957722445 4.939733701 -2.57
14.0889967 -2.746267929 14.0889967 0.05147023635 61.82215299 26.49010216 13.43880311 -5.81
7.427931173 0.06701653533 7.427931173 0.06701653533 18.32494505 8.759031631 5.011431012 -3.47
12.24019324 0.04152397983 12.24019324 0.04152397983 14.70946517 4.949010816 2.034124718 -1.61
12.21099284 -0.2264964048 12.21099284 0.2264964048 19.98280209 9.941320752 5.611942568 -3.31
13.73447299 -0.6936240893 13.73447299 0.1139505592 20.96105546 8.72001573 4.995227376 -2.76
12.0371047 -0.7943185683 12.0371047 0.05719299567 24.73003632 10.64778918 5.361291744 -4.59
10.46510188 0.1415392918 10.46510188 0.1415392918 16.85575943 7.340062784 3.374484744 -2.59
13.27171063 -1.015880293 13.27171063 0.101475865 21.8659056 9.42340808 4.927777114 -3.35
11.14624007 -0.4811928382 11.14624007 0.2277947368 25.73077055 9.632095437 3.786546851 -3.74
12.98217424 -0.9363299438 12.98217424 0.0008712463916 21.05771387 8.894528586 4.771423704 -3.19
13.0157141 -1.253337366 13.0157141 0.01593700134 21.03849147 8.882051214 3.894925825 -2.21
10.99968165 -0.5593240583 10.99968165 0.4250247491 17.44413967 5.512124755 2.303910131 -1.97
12.92553935 -0.5176464993 12.92553935 0.02325057257 25.5320326 8.782913743 3.129732328 -3.43
12.72412501 -0.5066989819 12.72412501 0.04122247999 22.77780709 10.92865363 5.831750136 -3.9
11.16860492 -0.4508054611 11.16860492 0.2412979785 26.70807115 10.18276333 3.947038321 -3.67
13.39646661 -0.6574479077 13.39646661 0.04670741376 26.35578456 12.50016944 6.734583975 -4.71
11.42772152 -0.8554969393 11.42772152 0.2823485397 19.53361747 9.059247908 5.610648213 -1.79
11.02277336 -0.7299219162 11.02277336 0.1335369528 21.28845753 9.459994834 4.707135568 -2.95
13.36420484 -0.1751033391 13.36420484 0.03278298658 26.79317153 11.85802247 6.011234313 -3.26
5.406925352 0.7540751764 5.406925352 0.7540751764 17.85300812 8.000717791 3.362865182 -3.54
4.619205719 1.073981377 4.619205719 1.073981377 12.64491875 5.366112239 2.440304032 -1.08
12.45302853 -0.001250924909 12.45302853 0.001250924909 18.45316151 8.405302055 4.316617423 -2.91
13.97196757 -1.063018931 13.97196757 0.08010230674 24.74110289 8.867057721 3.702900806 -2.94
12.65070564 -4.588555378 12.65070564 0.2141378496 16.96937176 6.55920378 3.970649773 -2.87
12.35134754 -0.203583403 12.35134754 0.04662997606 17.72402644 7.860510381 4.504618576 -2.09
4.916039042 0.436014275 4.916039042 0.436014275 17.46686806 6.564196356 2.831133315 -3.39
8.840645287 0.2209471582 8.840645287 0.2209471582 16.35137575 7.373373164 3.366362265 -2.51
13.88847726 -0.9794446807 13.88847726 0.108308768 14.93655592 6.853283696 3.259265425 -1.98
14.99203237 -0.6228354776 14.99203237 0.1222514124 27.49629377 10.09638974 4.057706705 -3.81
12.60439827 -0.1807019657 12.60439827 0.1807019657 24.1059137 12.43763931 7.2347381 -3.03
6.034427255 0.4845112469 6.034427255 0.4845112469 18.51897892 9.433790033 5.609204458 -1.27
13.82504207 -4.442856451 13.82504207 0.04184809291 22.36460519 7.133783828 2.882617954 -2.84
12.61718934 -1.158536208 12.61718934 0.05489693975 24.61906029 10.27940025 4.996004925 -3.02
4.338101852 0.9138888889 4.338101852 0.9138888889 8.109290012 3.164716974 1.357331308 -2.23
12.71631094 -0.2395804989 12.71631094 0.2395804989 14.89815622 5.64123615 2.829183586 -3.02
12.45085392 -0.997447981 12.45085392 0.02446416921 23.79581135 10.63846875 6.099405208 -2.86
12.35136881 -0.01848995521 12.35136881 0.01848995521 20.69265558 9.49388179 4.782626485 -3.57
13.17680698 -3.928110457 13.17680698 0.002797446394 30.03734254 14.04010462 9.323340977 -3.51
12.51046533 -0.13944161 12.51046533 0.13944161 17.08968351 7.830920619 3.730079761 -1.27
12.95821347 -1.176914625 12.95821347 0.01539627614 31.76588402 15.83965737 11.51930782 -4.45
13.19077228 -3.059532289 13.19077228 0.1286335611 25.23883476 11.31800582 5.763730949 -4.42
12.4753067 -0.9787054433 12.4753067 0.07838869708 20.9712207 8.8384232 4.578189748 -3.28
13.06656514 -0.7465915533 13.06656514 0.1060180461 18.60632324 7.595949759 3.810735012 -2.18
12.78226603 -4.479424992 12.78226603 0.05722391503 25.80638048 11.55131291 7.335218781 -3.81
11.57259259 -4.115578704 11.57259259 0.3784722222 11.98189073 4.188337783 2.479716949 -2.09
7.812003962 0.1900353053 7.812003962 0.1900353053 21.93332784 9.467900607 4.956085434 -3.28
12.74261641 -4.404755257 12.74261641 0.05233236501 26.82813455 11.77575081 7.119837007 -3.77
9.719683231 0.4196302589 9.719683231 0.4196302589 15.8597524 7.499375044 3.653689817 -1.02
13.01429201 0.1718294131 13.01429201 0.1718294131 22.46344749 10.72696937 5.180872453 -2.73
7.535554058 0.06642215285 7.535554058 0.06642215285 18.3101515 7.516493678 3.817860734 -4.06
12.58619403 -0.812989459 12.58619403 0.09757917502 22.42487137 9.793961082 5.536355816 -3.77
11.55513168 -0.2934289966 11.55513168 0.2253329318 18.4995715 6.458543312 3.642740686 -1.29
10.92028627 -0.6912004354 10.92028627 0.2865913303 19.36049268 7.461199125 3.945885387 -2.96
13.21280097 -3.864429684 13.21280097 0.102090227 24.74504241 10.08802267 6.400661638 -3.37
13.41552058 -1.040257125 13.41552058 0.03397734653 29.79093042 14.98844314 9.807400165 -3.76
12.28730768 0.07859006209 12.28730768 0.07859006209 20.60624687 9.896646255 5.276448889 -2.66
11.97579082 -1.310347222 11.97579082 0.2936111111 11.31940715 4.00892017 1.595455592 -2.17
13.78583097 -4.778557427 13.78583097 0.02881575701 23.45305276 8.732928671 5.335437157 -3.21
11.11849359 -0.4663753643 11.11849359 0.1911587197 16.08925781 6.8426767 3.513123 -2.4
12.88343474 -3.905071531 12.88343474 0.08377936237 20.35672333 8.324688602 4.549582684 -1.38
8.921193431 0.6965018341 8.921193431 0.6965018341 17.20140693 7.962953265 4.262701476 -2.63
5.929265395 0.4439900269 5.929265395 0.4439900269 23.57055206 12.68889421 6.970153295 -3.09
12.66898794 -4.464531812 12.66898794 0.08687204743 24.24138164 10.83659688 7.012256975 -3.03
14.23837207 -0.7833643811 14.23837207 0.003612337244 21.79849432 9.804469205 4.899537197 -3.42
11.73205614 -1.148167378 11.73205614 0.4256846785 24.30130491 9.925323029 5.252877384 -2.4
14.92923623 -3.926533839 14.92923623 0.1726794113 27.45466765 11.03484667 5.778911459 -3.58
12.09621994 -1.304300831 12.09621994 0.1006952843 19.20725898 8.136148429 4.814717447 -1.84
11.17513889 -1.103263889 11.17513889 0.372962963 8.704250707 2.582203264 1.067733653 -1.39
4.536312831 0.282239229 4.536312831 0.282239229 15.87901701 6.629935721 3.347107438 -2
14.09882214 -0.2467016425 14.09882214 0.1397835393 26.05565266 10.84180973 4.718147572 -4.87
13.24181818 -0.6824941397 13.24181818 0.0145644042 25.86528883 8.849375068 3.411357296 -2.81
12.07577972 -4.62767197 12.07577972 0.167927787 17.08968351 7.830920619 6.234909127 -1.27
12.81262539 -3.506557485 12.81262539 0.003748819796 27.12383769 11.22138226 6.696114378 -2.92
12.19254246 -3.297974616 12.19254246 0.005421952987 14.96535934 5.35322084 2.8312594 -1.95
11.8091672 -0.1849740189 11.8091672 0.06878156878 28.14031886 11.99802261 6.186691624 -4.4
13.3846177 -0.1622244447 13.3846177 0.04764898785 20.24278143 7.885246792 3.199199956 -3.38
12.1702007 -0.05811862751 12.1702007 0.05811862751 20.36646523 10.24986199 6.33256631 -1.37
12.56000756 0.04074074074 12.56000756 0.04074074074 11.78097529 4.427193243 1.697347304 -2.29
5.899205956 0.6766560965 5.899205956 0.6766560965 16.88310996 9.519513159 5.059425043 -1.48
13.08251168 -3.487141394 13.08251168 0.06410391788 22.46344749 9.819674347 5.031392785 -1.73
13.8652642 -0.6162413652 13.8652642 0.09395742994 24.82720619 10.25666204 4.785173021 -3.85
13.43765297 -0.262648117 13.43765297 0.2373781617 24.07203864 10.15191439 5.023073247 -2.64
12.99448084 -3.678216369 12.99448084 0.03659029895 29.04224766 13.6528264 9.874395874 -2.99
12.74371927 0.01419983315 12.74371927 0.01419983315 25.13349608 11.68029055 5.901734021 -3.53
12.22523803 -0.1208114384 12.22523803 0.07096518513 17.72947583 7.300591295 4.444622147 -2.62
11.19669848 0.02102933149 11.19669848 0.02102933149 9.094017447 3.4504539 1.462788468 -2.16
12.26892741 -0.1897033437 12.26892741 0.1244837934 21.26593787 9.909829169 5.087444342 -1.59
12.95678725 -0.01129115226 12.95678725 0.01129115226 16.87471744 6.974817471 3.13320316 -2.57
11.78154875 -1.118662471 11.78154875 0.08907646973 21.60509213 10.08678275 5.948088625 -3.1
12.59584646 -4.254610816 12.59584646 0.1602851188 19.65579387 8.282656736 4.993189247 -3.1
9.91875145 -0.571021415 9.91875145 0.02998522654 24.55042349 11.67994749 7.203388257 -3.09
13.38899563 -0.4115812647 13.38899563 0.1069858416 28.65124203 13.66141905 7.658655557 -3.87
13.14780789 -0.6795882751 13.14780789 0.1310446543 23.07063271 9.890392888 4.777105166 -3.69
11.79634821 -0.04215351311 11.79634821 0.04215351311 17.28267148 7.233874147 3.404273532 -2.14
14.36178839 -0.1891319837 14.36178839 0.1891319837 24.46580242 9.781988074 4.61599491 -1.87
13.45256365 -0.3636014704 13.45256365 0.01117238141 21.16177168 7.710958253 3.64325847 -1.7
11.31448301 -0.9702702799 11.31448301 0.153653326 21.80039324 10.22584499 6.301118598 -2.9
14.04107002 -0.6572815699 14.04107002 0.06888360257 16.63126415 6.721078416 3.496915535 -3.22
11.09479774 -0.9414576933 11.09479774 0.3446064326 17.75901866 9.526900031 5.893593273 -2.59
6.004887609 0.04118783419 6.004887609 0.04118783419 19.02387755 9.812097075 5.628523161 -1.75
11.94270605 -0.9491090325 11.94270605 0.1790988319 18.39284668 7.458306926 3.190498998 -2.4
12.20697635 -4.428820032 12.20697635 0.003117434164 23.84478974 9.768268006 6.350996924 -2.81
13.48786796 -3.081077598 13.48786796 0.01518286322 29.20124505 12.69477811 6.439958261 -4.3
13.38542054 -0.3926083884 13.38542054 0.1470563101 23.23566475 11.27599153 6.540422414 -2.93
11.80222391 -3.172788978 11.80222391 0.1761486358 23.17541322 9.226495603 4.658553891 -2.58
12.50218775 -0.03071084002 12.50218775 0.03071084002 22.73744817 10.48228844 5.203692173 -3.04
12.98780788 0.2103452485 12.98780788 0.2103452485 19.38918862 7.829910015 4.074836307 -1.93
14.30165073 -3.839188042 14.30165073 0.0046944775 25.33478447 9.355992437 4.31326111 -3.95
12.95531213 -3.619453158 12.95531213 0.1399345973 16.32555642 5.981455946 2.32515173 -2.15
13.28695782 -3.115812803 13.28695782 0.04623328424 28.39090109 12.57837491 6.611053128 -4.14
13.64273518 -0.6454546958 13.64273518 0.1144397728 23.28022452 9.290930502 4.213354693 -2.47
13.55937729 -0.8693897649 13.55937729 0.1073742985 23.88337155 10.77828498 5.632870403 -4.26
6.15936193 0.160159675 6.15936193 0.160159675 15.85126976 6.071664935 2.913305462 0.47
13.33946214 -0.5989341354 13.33946214 0.0406800359 20.90396188 9.202449782 4.530907372 -2.35
12.97586907 -4.483205947 12.97586907 0.01183708521 20.48152486 8.704832174 5.57190435 -2.83
14.54315489 -0.2634261576 14.54315489 0.06446761849 21.64502796 9.352497929 4.930067249 -3.19
5.539142008 0.7100305359 5.539142008 0.7100305359 17.11181782 7.923242568 3.776338416 -3.32
14.97390116 -4.839489263 14.97390116 0.05996780773 23.66161176 8.857348139 4.4900377 -5.07
5.468884994 0.6725113379 5.468884994 0.6725113379 14.77093095 6.366512773 2.880050275 -1.8
13.20867499 -3.835408701 13.20867499 0.03477797433 19.26485819 7.752123111 3.752787656 -2.06
11.92568666 0.08050231191 11.92568666 0.08050231191 21.42312104 9.998015284 5.455958337 -1.81
15.29098248 -4.823449149 15.29098248 0.02797841686 26.5094379 10.35896671 5.252406265 -4.71
13.2350458 -0.7838254063 13.2350458 0.004794634085 19.18837139 7.704379546 3.724483313 -4.14
13.90694452 -3.700966534 13.90694452 0.07087692878 31.24157763 13.62634901 7.486582182 -3.19
2.858842593 0.3690740741 2.858842593 0.3690740741 13.77896585 5.734710395 2.426338541 -0.86
12.59472689 0.01490740741 12.59472689 0.01490740741 15.17491097 5.613986844 2.555887649 -2.37
12.67863429 -4.750725667 12.67863429 0.1759490216 20.72704082 8.566329566 5.287796751 -2
13.8313641 -4.078162211 13.8313641 0.1445656324 35.91562855 15.77485242 10.53589757 -3.93
13.72688906 -4.254299529 13.72688906 0.008012178318 30.02748516 11.69781199 7.756527608 -2.52
10.96351328 -1.447420176 10.96351328 0.0631086808 19.73362636 9.260094396 5.251307702 -3.02
13.7705291 -0.6064308173 13.7705291 0.1162006927 26.94687372 12.03824756 5.83727489 -4.64
13.84568419 -0.3661689552 13.84568419 0.06961739184 25.79249338 11.6297038 5.421549728 -3.29
14.56956819 -0.3998294321 14.56956819 0.09952625031 22.52870843 9.263560804 4.53737302 -2.93
11.78041408 -0.4646322692 11.78041408 0.08582070676 25.86528883 9.092846303 3.470844488 -2.81
12.74932869 -0.3886011861 12.74932869 0.0728819359 20.49032446 8.262178568 3.840348761 -2.41
4.368787793 1.146018519 4.368787793 1.146018519 9.158814336 2.951224925 1.127944298 -1.09
13.05981154 -3.957728967 13.05981154 0.01676618796 18.27202759 7.13905651 3.644005494 -3.1
11.83811612 -3.525146352 11.83811612 0.1653345248 24.22486786 9.524810687 5.19950768 -3.48
13.15434081 -0.6170849659 13.15434081 0.006760689507 15.98536715 5.785568832 2.65112768 -2.51
13.95624823 -1.431253964 13.95624823 0.1368029509 32.68878869 13.19015274 7.473956098 -3.22
11.37172564 -0.8318237096 11.37172564 0.4404864706 21.58556549 10.59772172 5.938224691 -3.12
6.377122145 0.6108800069 6.377122145 0.6108800069 20.30147352 8.863843257 4.394160648 -2.61
13.2962147 -0.7594333564 13.2962147 0.1992958409 27.21611745 11.39992343 5.650589844 -4.36
13.33205564 -0.5564422808 13.33205564 0.07872566558 27.9706898 12.20717647 6.320428918 -3.05
15.43292791 -0.273870336 15.43292791 0.1971004582 21.92021034 8.271387798 3.61694693 -3.58
11.336716 0.1540407582 11.336716 0.1540407582 18.94616315 8.704832174 5.092752969 -1.83
13.0687411 -0.9443818731 13.0687411 0.002496518299 19.81605033 6.58624654 2.479504876 -1.84
12.18605537 -4.764448964 12.18605537 0.07472965147 26.85 14.79253433 11.63851565 -1.15
12.26673653 -0.4716271537 12.26673653 0.06231490999 19.73362636 8.778883922 5.249023656 -2.02
14.22865041 -1.159561209 14.22865041 0.02455711451 26.00570287 9.599614738 4.082016243 -3.62
13.56656407 0.07217956206 13.56656407 0.07217956206 22.19553004 9.329140944 4.714096224 -2.61
13.66069983 -0.1269128615 13.66069983 0.1209486178 24.92835033 10.77504555 4.777902759 -3.38
13.46952288 -0.5908040013 13.46952288 0.089630312 21.58813443 9.315680473 3.966958634 -2.25
6.618348923 -0.1739644747 6.618348923 0.07503872991 17.86860051 6.413777486 2.889139087 -3.2
8.837440867 0.09402001271 8.837440867 0.09402001271 12.56757486 5.670687268 2.60102772 -2.46
12.16865091 -0.03929758387 12.16865091 0.03929758387 24.55128571 12.77017953 7.204169114 -3.57
13.67186358 -0.5810657334 13.67186358 0.05743247145 21.95259334 8.702908816 4.360681524 -3.26
13.1922629 -3.101843218 13.1922629 0.09732001134 25.69879584 11.20875744 5.794381493 -3.94
5.960866087 0.5560185185 5.960866087 0.5560185185 9.618380041 4.067252416 1.937556526 -0.93
12.92665407 -0.5816687925 12.92665407 0.08212182812 23.69023171 9.544225418 4.354807999 -2.04
10.29948566 0.2178716644 10.29948566 0.2178716644 17.68181154 6.887940638 2.979988924 -2.4
6.425895219 -0.06041308422 6.425895219 0.03765117158 16.922119 6.028196015 2.546550318 -2.52
11.67503283 -0.21474062 11.67503283 0.1818116182 12.10276211 4.968365046 2.18835796 -1.95
12.62902778 0.09324074074 12.62902778 0.09324074074 13.99898357 6.661249119 3.320918748 -0.42
12.6637763 -0.2312697888 12.6637763 0.03064650009 17.88155731 7.61881907 3.791496435 -2.51
14.5283964 -4.453527977 14.5283964 0.03274622275 20.40532544 7.572541908 3.466953373 -3.5
12.7885782 -0.6592845099 12.7885782 0.2463232077 17.97674299 6.05460002 2.868267227 -3.41
12.49056867 -0.5167030313 12.49056867 0.02778719867 22.57573184 9.96023489 4.838240924 -3.21
10.76495508 -0.3717602891 10.76495508 0.01594017439 17.7959188 6.850325562 3.03717988 -2.6
13.27138162 -4.331191157 13.27138162 0.5876862688 19.60927559 7.968145865 4.161992813 -1.7
13.4147102 -0.006394242882 13.4147102 0.006394242882 18.72054157 7.194950872 3.217161916 -3.29
6.45714182 0.4431560217 6.45714182 0.4431560217 14.61146054 6.263753057 2.943895876 -1.97
13.44153241 -0.3127009919 13.44153241 0.04584821177 27.76618283 12.5229632 6.233700412 -3.26
4.294967167 0.8242966847 4.294967167 0.8242966847 12.38719728 5.994853705 3.425677449 -1.65
13.12799865 -0.2591716717 13.12799865 0.08697444982 19.32543967 7.64376564 3.316166216 -3.37
11.6603227 -0.5748883606 11.6603227 0.4127984556 22.09793528 8.9990319 3.824184837 -4.39
10.73066043 -0.3131481481 10.73066043 0.1446759259 11.99858661 4.248077766 1.650514305 -1.06
11.98472151 0.03999130352 11.98472151 0.03999130352 20.70766232 8.396129386 3.775216938 -3.18
6.452001134 0.05194444444 6.452001134 0.05194444444 15.18431607 5.930369177 2.796495437 -1.36
13.57497856 -0.2943002692 13.57497856 0.06252050782 16.47691872 6.724754097 3.363616859 -2.99
13.16977767 -3.056130446 13.16977767 0.1280954561 26.47239167 12.09817037 6.595735282 -3.59
13.27372173 -0.2884214118 13.27372173 0.1976124035 15.08088514 6.203017708 2.993086068 -3.47
12.18955742 -0.3553825631 12.18955742 0.3553825631 17.63100838 8.793056526 5.444564919 -1.72
11.56093966 -0.9651130976 11.56093966 0.3282007188 17.74339664 7.873719102 4.118233704 -3.07
13.20141249 -0.3480320738 13.20141249 0.07405843201 21.82671952 8.517120389 3.677231359 -3.68
12.53513763 -1.128478353 12.53513763 0.007343383437 27.44458933 13.79765089 9.214539452 -2.8
13.46632156 -0.4913604917 13.46632156 0.02363275006 15.73456253 6.15553598 2.856992599 -3.15
12.21120094 -1.767693647 12.21120094 0.04849529164 19.75308642 8.347140039 4.116863905 -3
12.90647721 0.1724746273 12.90647721 0.1724746273 18.71075724 8.580503668 4.101897417 -2.64
12.96155585 -4.888496147 12.96155585 0.2233065459 25.27714618 9.491089302 4.92067817 -4.38
11.58756204 -3.256573321 11.58756204 0.2016512879 21.13461311 7.858962727 4.349102368 -1.11
13.830975 -4.252129246 13.830975 0.1136017626 32.17964444 15.12541755 8.881209959 -3.74
13.26612286 -0.8681211157 13.26612286 0.01294465039 27.7953945 13.53092894 7.646367853 -3.23
12.9923562 -0.9822730234 12.9923562 0.1644258714 21.44889684 9.975902769 6.117814369 -3.26
13.24421713 -0.5436563216 13.24421713 0.09382439131 26.21977038 11.47066123 5.921726088 -2.85
12.94944561 -0.2816150842 12.94944561 0.1386574969 24.09952823 11.35500701 6.245836345 -2.55
13.01741546 -0.4717287704 13.01741546 0.08154740898 24.97202517 8.734784328 3.086898534 -3.03
12.38363718 -0.06742423809 12.38363718 0.06742423809 16.4485306 7.074648094 3.512579418 -2.02
4.486773117 0.8353086682 4.486773117 0.8353086682 12.7004821 5.068834837 2.050941637 -3.02
12.45638807 0.04079662434 12.45638807 0.04079662434 24.53070465 10.84616433 5.629937137 -3.16
13.91968811 -1.068466437 13.91968811 0.07385015985 26.03522757 9.44210256 4.168241776 -2.04
12.77927225 -1.086383893 12.77927225 0.06611660739 28.53663303 14.64273296 9.509868058 -3.7
12.42650136 0.0508351357 12.42650136 0.0508351357 20.9819349 9.716942579 4.640308995 -2.89
14.08243696 -0.9647154848 14.08243696 0.05175794874 34.13394148 17.06435423 10.39553073 -3.36
12.11346581 0.2242791174 12.11346581 0.2242791174 20.95354974 8.548409443 3.859750004 -2.92
5.983838054 0.7105481843 5.983838054 0.7105481843 19.64756674 9.700163336 5.237168961 -2.66
12.08008061 -1.15713707 12.08008061 0.02589189482 19.96363681 7.829468167 3.661870614 -2.33
12.69314232 -0.4697859756 12.69314232 0.08205664132 23.3945989 10.50318403 5.186059438 -3.35
12.47393734 -3.278550393 12.47393734 0.03815896112 18.85875061 7.004522213 4.627049113 -0.92
13.50915545 0.06817670278 13.50915545 0.06817670278 19.60388443 7.722290629 3.645278827 -3.35
6.129190676 -0.2587943883 6.129190676 0.180393781 14.82137362 7.250570515 4.188382306 -1.1
14.79198602 -1.220662956 14.79198602 0.04138618708 50.83363383 24.94090068 14.93970789 -6.16
6.272576491 0.1793389393 6.272576491 0.1793389393 15.4290076 5.198842344 2.305925976 -1.1
12.05155266 -1.11923493 12.05155266 0.0549771143 18.72984736 7.41994712 3.321117834 -2.62
9.361163902 0.3496890159 9.361163902 0.3496890159 15.10942294 7.458960405 4.884859922 -1.8
13.65561437 -3.461965219 13.65561437 0.1817498746 23.69960654 9.810302358 6.117477724 -2.45
13.29803762 -0.8477484458 13.29803762 0.0490265705 20.64149816 8.708910118 3.782065364 -2.25
11.86819717 0.0915330641 11.86819717 0.0915330641 14.88358206 5.749714336 2.895800167 -2.68
8.402570862 0.0643792517 8.402570862 0.0643792517 7.091358575 3.903486251 2.070394524 -1.02
12.31623649 -3.21412293 12.31623649 0.06558289416 24.51254276 11.21033596 6.499294529 -1.61
11.07642925 -0.6906266057 11.07642925 0.2451101703 26.00886461 11.15841036 5.401459065 -1.92
12.27089734 -0.02290891505 12.27089734 0.02290891505 23.31295735 10.39039274 5.221375242 -2.85
12.36517908 -0.4230838477 12.36517908 0.0357640802 16.73749044 7.195564468 3.684406479 -2.11
13.22442462 -3.117779377 13.22442462 0.06973203788 26.50486648 10.57696104 5.833489019 -4.1
5.924310489 0.7392128678 5.924310489 0.7392128678 16.63727512 9.320488261 6.708430811 -0.73
11.82217412 -0.3122216351 11.82217412 0.1178705776 17.09952196 7.336325553 4.886717005 -1.26
13.2509444 -0.1930087344 13.2509444 0.00780648862 21.82738352 8.999076628 4.619533874 -4.39
13.55234639 -0.8049701524 13.55234639 0.1868780514 23.27430948 10.81866448 5.187086859 -3.89
2 2 2 2 3.469393939 1.167541077 0.4323388373 -0.72
13.40934748 -0.3160481141 13.40934748 0.2935981374 24.34791676 12.07799932 6.862331167 -3.78
6.519593726 0.01237244898 6.519593726 0.01237244898 13.87699188 4.516794812 1.491442047 -1.52
6.180812495 -0.3971528803 6.180812495 0.09250406169 31.8170854 13.68487463 6.573169888 -5.15
14.24216601 -0.3682227366 14.24216601 0.1351936886 14.01656691 6.224214912 3.215668415 -1.94
13.08193144 -0.2075599697 13.08193144 0.04891616762 21.83946096 10.78436274 6.066937215 -2.86
12.790204 -4.101493095 12.790204 0.07470127866 16.20670059 4.915810998 1.879052869 -1.66
12.13251133 -0.05501265509 12.13251133 0.05501265509 21.51722725 10.54761448 5.89757825 -2.19
11.55241871 -0.3596305201 11.55241871 0.03963730042 25.25799004 10.53033487 5.462284381 -4.4
11.37010804 -1.541022185 11.37010804 0.1611226852 18.83312702 6.961087351 3.188077401 -2.17
11.53816246 -0.7964773479 11.53816246 0.4095597128 16.84340346 6.394950489 2.750356237 -2.3
11.78518037 0.0563713771 11.78518037 0.0563713771 13.62974879 5.64123615 3.105179508 -3.02
11.72527726 -0.5471265579 11.72527726 0.1007811623 17.40167959 10.13120859 7.633358426 -1.65
13.14507622 -3.905371313 13.14507622 0.0005730140725 23.68069148 9.194305146 4.716755564 -4.05
13.0220028 -0.8114862982 13.0220028 0.09807802292 24.35759922 10.23692265 5.492251212 -3.77
10.68148434 -1.064308187 10.68148434 0.2073668325 24.37696468 11.11686891 6.034499055 -3.75
12.41601742 0.1228037604 12.41601742 0.1228037604 15.34969792 7.633817065 4.005747672 -1.55
6.846615506 0.7994269652 6.846615506 0.7994269652 16.70414966 7.240946354 3.473700178 -1.75
13.68281852 -1.611307642 13.68281852 0.02196363111 25.49164033 10.17640309 5.801123423 -4.6
12.18059713 -0.8601440329 12.18059713 0.05939531368 13.53954873 5.004554625 2.440376493 -2.89
13.25518891 0.03791666667 13.25518891 0.03791666667 18.2145956 7.206698201 3.386207204 -2.83
13.02466222 -0.2436054422 13.02466222 0.2313449097 15.09028565 5.873709615 2.736730388 -2.46
11.57208539 -0.7237364919 11.57208539 0.02612469774 22.83649811 12.12048166 6.852282585 -1.84
6.482613351 -0.1397233062 6.482613351 0.1397233062 16.15683341 6.288768331 2.714341731 -3.04
12.05798673 -0.9682326082 12.05798673 0.1277603315 25.62749041 11.07416337 6.033378319 -2.46
10.88090963 -1.229548414 10.88090963 0.17092932 13.51472492 5.681432127 4.073060452 -1.55
12.46112071 -0.7864985933 12.46112071 0.06333776048 27.6780129 11.31187529 6.648713272 -2.88
13.77419044 -1.15583975 13.77419044 0.2080345325 24.83677434 10.64519513 4.441141778 -3.84
13.50452007 -1.196261012 13.50452007 0.1091431288 40.89209546 16.4152602 7.264877696 -6.49
12.88539827 -0.4609226867 12.88539827 0.1362759359 22.75287538 9.596601692 5.151824253 -3.43
5.947366623 0.4261692177 5.947366623 0.4261692177 13.3219136 4.45091393 1.626351452 -1.13
6.043792412 0.5132513535 6.043792412 0.5132513535 17.54973874 8.207778884 4.634007189 -1.27
12.58168723 -0.1611351535 12.58168723 0.05410051689 24.42807219 10.0979554 4.602890568 -3.91
13.77913607 -4.051903315 13.77913607 0.05761449452 28.05835358 12.2662773 7.123317324 -3.96
13.20085286 -1.063845745 13.20085286 0.03249530511 29.13063958 13.47085828 8.311942053 -4.86
12.86270238 -0.9471598956 12.86270238 0.01243704688 22.74846348 9.472927578 5.817702699 -3.93
12.61434324 -3.229241964 12.61434324 0.005159204305 23.76642584 10.15252872 6.309773462 -1.89
12.31593539 -0.6739190453 12.31593539 0.088736218 23.47263467 10.90697107 6.642700365 -2.19
13.2535845 -1.252082507 13.2535845 0.1784221991 16.89367695 6.31297234 2.569273631 -3.55
12.91246277 -4.360287932 12.91246277 0.1790613977 24.59971835 9.995231208 6.125272403 -2.52
12.82703462 -3.844882284 12.82703462 0.04036913472 19.99238513 7.847150529 4.026404871 -3.3
13.07616532 -0.3129793841 13.07616532 0.04051024282 22.35069701 8.829287998 3.660621498 -3.12
13.58603547 -0.7483989764 13.58603547 0.01285291791 28.25320005 13.34687806 7.21364584 -3.76
13.01223518 0.02420373023 13.01223518 0.02420373023 18.5008473 8.022491002 3.869742657 -2.86
12.68901416 -4.394389405 12.68901416 0.09852654951 22.45902388 9.583615324 6.073003489 -2.83
14.40740314 -4.167062239 14.40740314 0.0487280383 35.20171001 15.13797688 8.668503656 -3.28
10.76213308 -0.7872622365 10.76213308 0.04716267976 22.40621626 10.66013841 6.347093513 -3.28
12.35487377 -0.2386848533 12.35487377 0.01003271003 20.91356955 9.208862457 4.534805652 -4.34
12.9353254 -3.990434341 12.9353254 0.0073378428 23.64158962 9.38963974 5.358453895 -4.51
14.64564762 -1.120789056 14.64564762 0.0336022515 26.13044331 9.360885062 3.940221587 -3.49
13.72685767 -4.175444132 13.72685767 0.04627987621 31.71413113 14.71317256 9.656105954 -3.81
11.6586047 -0.04423940111 11.6586047 0.04423940111 19.76397619 8.156586208 3.932278552 -3.18
14.26137179 -0.6153108592 14.26137179 0.007722964582 31.52923072 13.90058659 7.189901258 -5.45
13.53841683 -3.114783899 13.53841683 0.09977465002 33.1136309 14.21765699 7.141819084 -5.4
10.69030529 -0.5331020244 10.69030529 0.2865907515 23.02301546 9.859624233 4.475305863 -2.74
10.96295991 -0.8648328452 10.96295991 0.3539581661 20.60032452 9.880752321 5.227572566 -2.13
5.627891361 0.335989229 5.627891361 0.335989229 17.03592063 6.723966942 2.669272793 -2.4
13.77328256 -4.656087451 13.77328256 0.03393074636 22.46162567 7.869198302 3.54672659 -3.33
13.06634853 -4.429569022 13.06634853 0.06473849004 21.07441524 9.632019711 6.822895297 -3.23
13.29173514 -0.2082990631 13.29173514 0.2082990631 15.26248573 7.599094762 4.183163208 -1.13
13.23065659 0.1251723676 13.23065659 0.1251723676 21.42699336 8.843775374 4.024717168 -2.42
12.86284171 -0.3169850718 12.86284171 0.3169850718 16.77046701 6.240617205 3.011461079 -3.68
5.909298154 0.6919211872 5.909298154 0.6919211872 19.94772924 9.93972101 4.927096966 -1.8
13.92638997 -0.8673202617 13.92638997 0.01881633124 36.75022693 15.14019761 7.053746698 -4.21
13.12296924 -3.471042628 13.12296924 0.3708243914 19.21820025 7.818201889 3.736095743 -1.76
4.414247228 1.010700655 4.414247228 1.010700655 14.96811523 6.494186107 3.054287927 -2.59
13.49776973 -0.1950398647 13.49776973 0.1136234725 17.86252418 7.606501962 3.784049512 -2.53
12.86087834 -0.4071418179 12.86087834 0.01051647665 19.86013052 9.350077113 5.090391935 -2.89
12.59479524 -0.4115631707 12.59479524 0.003439895582 24.82500529 11.87890047 6.842151764 -3.81
10.06152603 0.01440842309 10.06152603 0.01440842309 17.16875604 7.16127427 3.120810926 -2.26
12.3336365 -0.1672802288 12.3336365 0.1672802288 22.46344749 10.25829291 5.553619223 -1.73
5.217174561 0.4981953893 5.217174561 0.4981953893 12.44413926 5.58697922 2.570367284 -1.59
13.1467733 -0.4597371764 13.1467733 0.2132629124 26.68738555 11.86450587 6.395098615 -3.91
13.07431228 0.06506076492 13.07431228 0.06506076492 22.79125095 9.094254324 4.289038001 -2.65
12.82434425 -4.297195559 12.82434425 0.319397169 27.34117279 11.88124843 6.678867261 -3.23
5.813493262 0.2090895062 5.813493262 0.2090895062 9.965190556 4.301480795 2.08337723 -0.57
12.72720935 -0.1735676831 12.72720935 0.1735676831 19.38918862 8.611069785 4.548551372 -3.93
6.271186776 0.1494571844 6.271186776 0.1494571844 20.85592721 8.383625731 3.390133399 -2.4
12.86840893 -0.3131327741 12.86840893 0.07529770884 16.51541937 7.966646065 4.352125121 -2.34
11.86668419 0.1779308538 11.86668419 0.1779308538 17.68181154 7.54987767 3.510214446 -2.4
12.99055435 -5.377865082 12.99055435 0.1552986801 28.9696005 11.38397652 6.069390162 -3.54
13.80450843 -3.901650435 13.80450843 0.04168491123 28.88680508 12.82850028 7.952731992 -3.11
14.65179974 -2.901185126 14.65179974 0.2793942901 20.43365553 8.577191031 4.152556492 -3.47
12.37126414 -0.0993920242 12.37126414 0.0993920242 21.12499987 10.26465749 5.524612364 -3.12
4.581341716 0.5689583333 4.581341716 0.5689583333 13.54910463 5.338113667 2.431843087 -1.88
13.02395684 -0.9697819548 13.02395684 0.0355510863 24.7410083 8.492365886 3.336862228 -3.03
13.35737989 -3.513587835 13.35737989 0.3704706612 23.54715398 10.19972507 5.077070763 -2.19
13.35097564 -0.3682053349 13.35097564 0.2589205535 16.57333671 7.526221268 3.97867946 -3.28
12.58557594 0.3140609515 12.58557594 0.3140609515 15.87001315 6.424848745 2.714484851 -1.35
13.79727231 -0.4435391984 13.79727231 0.07754260507 22.3855765 9.835242202 4.52024529 -2.41
3.744861111 1.180555556 3.744861111 1.180555556 5.74 2.950970464 3.74 -0.26
11.07839164 -0.7718626386 11.07839164 0.2278367174 21.71707038 11.99241227 6.861797828 -2.58
12.80155622 -4.555523632 12.80155622 0.06858267286 26.87728449 10.49318496 6.692691518 -3.72
6.636029673 -0.1588455058 6.636029673 0.1588455058 18.98501867 8.732029775 3.963231607 -1.79
12.86110043 -0.9476498724 12.86110043 0.03646310994 16.07255178 5.114456052 1.830654939 -1.92
13.3480817 -1.601201814 13.3480817 0.264055965 23.4377662 8.961749651 3.450994753 -4.68
11.99464902 -0.7514814475 11.99464902 0.1438983675 20.40470639 8.473377047 4.351493063 -3.87
14.47475469 -0.9548886159 14.47475469 0.1701712461 19.09188866 7.911629221 4.006704614 -3.68
10.55315736 -0.9240847109 10.55315736 0.1069970396 14.61561037 6.582833311 4.109036437 -1.79
9.609345246 0.3725263611 9.609345246 0.3725263611 16.07173008 8.164694531 5.105955252 -1.8
5.548047147 0.6973090368 5.548047147 0.6973090368 17.8112 9.474609375 4.988662132 -2
3.488674124 0.6308834089 3.488674124 0.6308834089 15.27839216 7.0992569 3.313553606 -2.26
12.80151929 -0.2332159184 12.80151929 0.2332159184 15.74419066 7.922878833 4.662635774 -2.14
9.977961546 -1.149129819 9.977961546 0.3291605516 12.30181831 4.422633639 1.766796629 -1.74
13.21714455 -4.506744234 13.21714455 0.04514698934 67.31546709 25.72056926 12.73031402 -8.67
13.41985208 0.0108824641 13.41985208 0.0108824641 19.4721201 7.642942356 3.600165407 -3.49
14.58941706 -1.046740468 14.58941706 0.1938302726 20.84403578 8.23753963 4.24360102 -3.88
13.1010316 -0.2948205887 13.1010316 0.07735082305 18.57988706 6.816067498 2.694740029 -4.44
12.90373588 -0.4167564773 12.90373588 0.09473841434 20.79829374 9.131998994 4.663850269 -3.46
13.30347643 -3.119079144 13.30347643 0.02917340442 30.28344331 13.86105418 7.42907932 -4.18
14.00661281 -0.7469510244 14.00661281 0.03845226092 21.991127 9.104014732 4.241256238 -3.22
12.92129507 -3.66585771 12.92129507 0.01446269362 24.6869081 10.05087392 5.63065354 -3.43
12.83344843 -1.07268008 12.83344843 0.0523227443 25.59933292 10.77470749 6.910752897 -1.66
5.521478308 0.9607770677 5.521478308 0.9607770677 22.14529688 10.50271255 5.399835791 -3.06
13.8909727 -1.823679508 13.8909727 0.2528109515 22.5947533 8.871890187 3.587422941 -3.19
13.7153468 -0.8633748159 13.7153468 0.1258641105 27.39890107 11.51754117 5.721521111 -4.17
13.76225202 -0.7588564106 13.76225202 0.04824304132 32.01682246 14.14506552 8.002786376 -3.39
11.97796674 -0.3096759259 11.97796674 0.1600056689 9.585664485 3.444766176 1.463164894 -2.63
13.16493033 -3.118558764 13.16493033 0.01838660607 25.54542157 10.34076649 5.429302087 -4.1
17.13975502 -2.235707081 17.13975502 0.05497716679 22.31904776 6.344285842 2.318524844 -1.48
13.17407736 -3.704981799 13.17407736 0.2119773033 20.95891262 8.007413456 3.411768799 -2.61
11.48952251 -0.9811661796 11.48952251 0.3145268313 17.54973874 8.716985426 5.112300133 -3.27
13.78765747 -1.096998457 13.78765747 0.04863039061 23.02317543 8.011359733 3.431762022 -3.15
13.14900098 -0.4284911829 13.14900098 0.395351878 15.83434322 6.67935947 3.391002249 -3.67
12.65767511 0.06513164525 12.65767511 0.06513164525 15.81199753 7.441637218 3.969158744 -0.57
13.85655734 -1.039061618 13.85655734 0.1172466249 27.58175036 12.46609219 6.436699747 -2.98
11.7323722 -0.1380543034 11.7323722 0.1380543034 15.74419066 7.417725836 3.987195813 -2.14
14.55011496 -0.3081963827 14.55011496 0.2017547569 17.23520042 6.51483509 2.955721475 -3.19
15.093499 -4.822742949 15.093499 0.001071168056 27.99016972 10.61869595 6.177401052 -4.03
4.498567885 0.6300982615 4.498567885 0.6300982615 11.72425483 5.10522459 2.14775065 -1.35
13.32949847 -0.2476395877 13.32949847 0.05360289007 21.51229275 8.897288872 4.083227162 -3.33
13.41240565 -4.798492508 13.41240565 0.1121110003 25.63719519 9.542313183 5.535034062 -4.45
13.74021066 -0.2325289352 13.74021066 0.2325289352 20.21492581 7.868849059 3.445931904 -3.41
10.78328002 -0.6514689363 10.78328002 0.08197005963 19.66671399 8.79716539 4.2060714 -2.64
13.48569441 -1.070655116 13.48569441 0.02210822298 29.46237575 12.76687501 6.275093006 -3.52
12.92356185 -0.9338278008 12.92356185 0.05657986111 23.42986575 6.472092909 2.536680141 -0.97
6.989796863 -0.5469779856 6.989796863 0.009095804989 19.01319183 5.888429752 1.838132064 -2.5
3.502845696 -1.322720431 3.502845696 0.5953318426 17.07268903 7.419755307 4.625560576 -1.763116883
4.389841443 0.6557234515 4.389841443 0.6557234515 18.96857621 8.756765312 4.553724788 -1.37
13.16248997 -1.009121968 13.16248997 0.1662143081 27.4566359 12.38147085 6.729473004 -5.11
12.94107783 -3.871410468 12.94107783 0.04253332193 21.78886504 8.601091585 4.437319502 -3.43
13.25574824 -0.4941553288 13.25574824 0.03358806794 18.93036696 7.543955716 3.418134011 -3.41
12.9515918 -4.823670664 12.9515918 0.04107322857 30.45754462 13.10707987 7.683384073 -5
10.50601774 -1.005157309 10.50601774 0.359240933 17.94615083 9.032249817 6.00625 -2.4
11.96028156 -3.730949074 11.96028156 0.2019444444 13.3056168 4.621827285 3.098454789 -1.76
14.62612996 -4.459059237 14.62612996 0.1609871032 26.077783 8.071049115 2.984470593 -2.58
12.78096917 -0.2643458494 12.78096917 0.2643458494 29.12088474 14.49676486 8.556333962 -2.87
13.17668823 -4.653754016 13.17668823 0.193867158 18.64395148 6.716687322 3.405661775 -2.71
12.84762782 -4.503968659 12.84762782 0.1455330649 25.82345152 10.5149936 5.689328153 -3.81
13.29677447 -0.2011939741 13.29677447 0.1024396363 17.99945179 7.077479256 2.928949341 -3.06
13.54990412 -4.560643524 13.54990412 0.005608570589 23.77622088 8.571917262 4.232240517 -2.88
12.81134292 0.1548511461 12.81134292 0.1548511461 20.17451361 9.592849314 5.282228887 -2.11
13.22698649 -0.2889513653 13.22698649 0.206021353 16.12956747 6.044875919 3.448404223 -1.74
12.69314232 -0.4697859756 12.69314232 0.08205664132 23.3945989 10.50318403 5.186059438 -3.35
6.222900027 0.4595388742 6.222900027 0.4595388742 14.72401335 6.336233759 2.961956161 -2.85
11.50084096 -0.8669519629 11.50084096 0.05383871309 26.68738555 12.75811677 6.936239516 -4.91
11.90884417 -0.4004979214 11.90884417 0.155659486 13.68203547 5.999362111 2.615345358 -3.29
12.97837254 -0.6214644228 12.97837254 0.596946992 14.51772042 6.203557433 3.03721116 -2.07
13.62565129 -0.2372341481 13.62565129 0.05296768532 22.72559211 9.385175913 4.236394364 -3.72
13.65575524 -0.07044255363 13.65575524 0.07044255363 22.84212889 10.55337513 4.943315799 -2.93
15.03184772 -4.616457567 15.03184772 0.4551811266 25.33461975 8.621119472 4.289740881 -3.32
12.58632733 -3.877893059 12.58632733 0.09009016515 25.10367347 10.7266436 6.159667969 -2
12.98543872 -1.018615227 12.98543872 0.05975993743 29.69379278 8.859145949 4.089412334 -0.79
4.85424656 0.8874003038 4.85424656 0.8874003038 22.24769119 9.432028244 4.321396728 -3.23
6.172510551 0.130199338 6.172510551 0.130199338 21.50281386 8.891337736 4.449718008 -3.34
13.69914755 -0.9896387977 13.69914755 0.006942247963 24.84194672 10.15003224 5.856726548 -4.27
5.309405124 0.1882001134 5.309405124 0.1882001134 14.58333333 6.24567474 2.563931695 -3
3.649719984 0.3221605726 3.649719984 0.3221605726 17.3087446 6.667250875 3.184332949 -1.8
17.45952202 -4.452208308 17.45952202 0.03560993991 28.67853149 9.035721354 3.685374902 -2.43
15.03109658 -4.551658627 15.03109658 0.01233796296 27.46397893 9.922728476 8.169419464 -2.57
13.22264767 -0.3932880495 13.22264767 0.112462707 27.48694099 13.27506374 8.240313386 -3.1
6.421167218 0.1539273466 6.421167218 0.1539273466 20.90624733 9.259024466 4.200604443 -2.97
10.00359891 0.1253918651 10.00359891 0.1253918651 19.94772924 8.926158822 4.732753448 -1.8
12.16704554 -0.0684457672 12.16704554 0.0684457672 13.5483636 5.162093908 2.440561287 -1.43
13.32429313 -3.614939116 13.32429313 0.2160948502 27.99990987 10.99431701 6.7074371 -4.02
9.332503757 0.2469744059 9.332503757 0.2469744059 13.77896585 5.403678042 2.530372227 -2.86
12.46076269 -0.3755223217 12.46076269 0.2881306873 20.28921522 8.221841271 3.726875373 -2.33
12.35218726 0.110462963 12.35218726 0.110462963 11.29007946 4.459144725 1.993579012 -1.81
13.72449348 -0.955449959 13.72449348 0.415228426 17.691147 7.213257143 3.314441215 -3.39
12.93812767 -0.3056634068 12.93812767 0.09458070607 17.50115277 7.373675542 3.621097016 -1.91
13.68454647 -1.034086863 13.68454647 0.03897992066 33.48237967 15.04960689 8.403424198 -4.41
14.0711308 -1.158612135 14.0711308 0.01150848765 26.88068462 10.29885273 4.776092998 -3.17
12.54679697 -1.182281426 12.54679697 0.00452303875 26.23919915 12.41756561 7.10993563 -4.83
12.17865111 -0.04585294694 12.17865111 0.04585294694 20.49312626 10.34409517 5.877855702 -2.24
13.30512973 -0.2691036056 13.30512973 0.2227934723 15.7117158 6.60117823 3.101207917 -2.8
11.31881164 -0.20395626 11.31881164 0.20395626 13.61771297 5.887163014 3.351049863 -1.81
13.73071845 -3.123097161 13.73071845 0.09818759279 39.22644793 17.08613587 8.919904516 -5.61
6.372339399 0.6234182388 6.372339399 0.6234182388 21.94296048 10.85130577 5.910869293 -2.27
10.09002378 0.2962037037 10.09002378 0.2962037037 14.35123584 6.396613298 3.282395624 -1.06
13.0371432 -3.911273201 13.0371432 0.08203598723 22.16457205 8.835244939 4.732672429 -3.04
12.50223655 0.07833178487 12.50223655 0.07833178487 16.27420751 7.79396054 4.236165128 -1.59
6.088076578 0.4123790102 6.088076578 0.4123790102 16.33501359 7.00112939 3.333158257 -2.14
13.42706679 -0.1789591339 13.42706679 0.1789591339 18.0529154 8.57255061 4.329266013 -2.33
12.76120813 0.0293611479 12.76120813 0.0293611479 22.49014858 9.517093239 4.166511771 -1.3
13.24112861 -0.9398202475 13.24112861 0.03707088146 20.70932069 6.950934048 2.596785153 -2.64
14.38099107 -0.5445836483 14.38099107 0.06898602947 21.82525952 9.469387755 4.414359862 -4
11.57023282 -0.414450662 11.57023282 0.06821755216 19.68862638 8.468103696 4.293658933 -3.26
12.61089005 -0.008819691731 12.61089005 0.008819691731 19.71458695 8.034533247 4.058780013 -1.59
13.24426234 -3.100651676 13.24426234 0.1030769453 26.50486648 10.94546878 5.684681655 -4.1
13.41232183 -4.516515224 13.41232183 0.1917680339 25.80220087 10.37298126 6.282372914 -3.28
13.46270902 -3.100739144 13.46270902 0.09799712883 30.90606604 12.71843441 6.78610059 -4.1
6.482567683 0.1944190683 6.482567683 0.1944190683 22.75287538 10.45744804 6.085564787 -1.43
13.84158881 -4.539484458 13.84158881 0.05410189271 27.14329379 12.0962016 7.325948027 -3.9
12.24678306 0.217156235 12.24678306 0.217156235 20.18707369 8.485989675 4.018058061 -2.44
9.791584664 -0.4618916568 9.791584664 0.4618916568 17.89107438 8.02622702 3.921434631 -1.5
10.86131223 -0.8610309665 10.86131223 0.0223667234 24.24142152 11.49658773 5.775206749 -2.89
12.93003614 -0.3975111017 12.93003614 0.2001673123 18.68302526 6.875018384 2.962993941 -2.33
6.031324808 0.7877954389 6.031324808 0.7877954389 19.16180936 8.131836547 3.688154245 -2.82
15.40557823 -0.7832488505 15.40557823 0.06263321995 16.08925781 5.296653107 2.259543182 -2.4
13.60582021 -3.954369813 13.60582021 0.02638591348 22.90731303 8.933022887 4.751232456 -3.27
12.06788675 -0.3872453704 12.06788675 0.02281840514 13.60794158 5.439798037 2.772499458 -2.82
13.20553338 -0.4329985775 13.20553338 0.07317762548 25.72454542 13.08791576 7.320264514 -3.36
13.84784762 -3.980479708 13.84784762 0.07272597429 27.30269092 11.85589517 6.487253668 -3.27
13.34401695 -1.097730924 13.34401695 0.01236643025 41.44101768 16.20715397 6.495544343 -3.57
5.442070053 0.7968486762 5.442070053 0.7968486762 13.11377767 4.24176499 1.383606573 -1.22
12.92730125 -0.9592426236 12.92730125 0.02692138865 26.37042365 10.86015078 5.06654915 -5.24
4.65335181 0.7546395503 4.65335181 0.7546395503 14.48026187 5.597347535 2.371965553 -2.86
13.49737885 -0.5155480648 13.49737885 0.1359529059 22.95558549 9.728883022 4.74757134 -2.22
13.25407333 -3.097250245 13.25407333 0.1009394404 25.19295042 9.893658343 4.900688998 -4.1
5.502638981 1.033696513 5.502638981 1.033696513 16.67573365 7.222408959 3.462798405 -1.78
11.8568347 0.08317102339 11.8568347 0.08317102339 14.81786056 5.710451843 2.871791103 -2.75
13.77494855 -0.1691109693 13.77494855 0.1691109693 20.28259561 9.246076843 4.67738895 -2.63
13.42832016 -4.592187875 13.42832016 0.2200646112 26.38493431 10.74472578 6.16856907 -2.68
13.20385269 -0.573051424 13.20385269 0.1345127015 20.9402839 7.71034074 2.817369647 -2.63
5.531689429 0.8990854258 5.531689429 0.8990854258 23.11825638 11.19028855 5.715972533 -3.64
11.31179181 -0.86623768 11.31179181 0.2786512661 18.54725379 8.350103256 4.850956259 -1.79
9.93354339 0.1047604875 9.93354339 0.1047604875 16.67573365 6.504585626 3.207425788 -1.78
13.7605556 -0.4452174306 13.7605556 0.1432379063 25.23883476 10.14961211 5.195116824 -3.42
12.36149773 -1.007615741 12.36149773 0.00796957672 15.64829611 4.98163825 1.994750971 -1.59
4.944529993 0.6692926816 4.944529993 0.6692926816 18.4490344 7.739330098 3.654979569 -3.32
11.57838813 -3.69125 11.57838813 0.1015888889 12.24057163 4.794630404 3.343187505 -0.83
11.02924469 -0.738404177 11.02924469 0.1194331337 20.20327948 8.737992077 4.400890935 -3.08
13.87797121 -3.709098758 13.87797121 0.1364394695 25.16790593 9.106677415 3.467018153 -3.82
11.19301502 -0.7159981523 11.19301502 0.2288179222 17.96722293 7.674323392 3.82508652 -2.42
15.59810482 -3.541340366 15.59810482 0.03266122565 26.51892607 9.447913069 4.464565357 -3.7
13.03132842 -0.1942760738 13.03132842 0.04774209902 19.39685735 7.287204301 2.974623426 -2.57
4.48636763 0.9368953137 4.48636763 0.9368953137 11.34616178 4.560707817 1.807026047 -2.49
13.93969524 -0.5418974765 13.93969524 0.1164914809 24.31086058 10.70075822 5.558644343 -4.39
12.07076823 -0.9358273502 12.07076823 0.2434438668 21.42312104 9.132622825 4.438445863 -3.81
11.65884639 0.01374305265 11.65884639 0.01374305265 20.48147045 9.808610369 5.227545063 -1.79
4.372560941 0.7757551755 4.372560941 0.7757551755 14.14326184 6.337018214 2.87166557 -1.47
13.34751958 -1.297030433 13.34751958 0.006823705929 30.86396393 13.8075746 7.132524877 -4.58
11.93594541 -0.1169855967 11.93594541 0.1169855967 14.2558154 6.386322459 3.694398749 -1.69
13.04700617 0.03064814815 13.04700617 0.03064814815 15.13824487 6.552524494 3.054775987 -0.77
12.80635513 -4.338601442 12.80635513 0.2352423585 25.21033803 10.79716555 6.218548578 -2.89
12.03492595 -0.9734156464 12.03492595 0.004176954733 17.46364479 8.100502002 4.551092672 -2.89
13.07814792 -4.532940563 13.07814792 0.0533319161 13.97830983 4.787620967 2.498843158 -1.98
12.77319778 -3.731305699 12.77319778 0.2223502981 19.5997035 7.962119425 4.309960719 -1.71
13.68797468 -1.215999386 13.68797468 0.03899604749 20.42526302 6.707389421 2.288766114 -3.77
11.68669706 -0.1812934618 11.68669706 0.0712962963 11.60088468 4.1778011 2.14171047 -1.88
5.458611111 0.837962963 5.458611111 0.837962963 5.162450142 1.864622199 0.9971092571 -0.98
14.11652977 -1.413568791 14.11652977 0.01074305031 23.09165838 7.635420661 2.777617131 -2.83
13.87700028 -3.965825932 13.87700028 0.06846179835 24.46378275 10.02736273 5.011013798 -3.23
12.95481931 -4.375170789 12.95481931 0.3056575742 25.69542724 11.5632118 6.428959092 -3.39
11.22746756 -1.318794446 11.22746756 0.2492572865 21.36105507 8.568072756 5.175507098 -2.35
9.646728853 0.2176719354 9.646728853 0.2176719354 19.45492228 7.720728759 3.788499819 -4.23
13.14250619 -0.3549898597 13.14250619 0.1591309349 18.76744554 7.541801677 3.467568516 -2.24
15.52679852 -3.795311186 15.52679852 0.05593826456 32.48237555 13.21297851 6.406202737 -4.91
10.99515297 -0.5236016455 10.99515297 0.04574943458 15.04218366 5.398063657 2.637927083 -2.87
11.33019649 -0.8596305201 11.33019649 0.00259970264 25.25799004 10.53033487 5.462284381 -4.4
12.74578057 0.1585767532 12.74578057 0.1585767532 22.84939278 11.00054258 6.128423443 -2.33
11.86092013 -0.8634976539 11.86092013 0.2084791696 21.24999072 9.877940446 5.005709631 -1.99
5.975638501 0.7896426189 5.975638501 0.7896426189 16.18374692 7.295650025 3.861521214 -2.3
11.81463679 -3.775452216 11.81463679 0.08216807865 14.50082725 6.393460366 4.36680026 -1.56
12.25727135 -3.369455307 12.25727135 0.09925269799 18.44901961 8.1433049 4.993710782 -1.6
12.54329219 0.1773589328 12.54329219 0.1773589328 17.40458477 8.622080305 4.77571998 -0.95
13.805055 -1.149755645 13.805055 0.16930839 17.7959188 5.696396204 2.752163462 -2.6
14.11815471 -4.256313655 14.11815471 0.04672201138 34.26963705 16.1600314 9.720758461 -4.07
14.49409635 -0.3058365913 14.49409635 0.1320768377 24.86947417 9.800392334 4.183080866 -3.14
12.99886787 -0.2691438501 12.99886787 0.01967412582 19.88698649 9.391808761 5.141423222 -3.41
11.26465491 -0.9515973739 11.26465491 0.3231428356 22.88800547 11.02800373 5.94233057 -3.29
13.64268888 -0.5350902305 13.64268888 0.1665974847 21.30382551 9.132283929 3.898783839 -3.55
12.62657194 0.1441028283 12.62657194 0.1441028283 20.59057834 9.873719464 5.222951177 -2.14
13.79492244 -4.953071149 13.79492244 0.04719741304 26.93726058 10.1505432 5.146561908 -4.65
12.96587824 -3.884863033 12.96587824 0.04329626411 21.78886504 8.601091585 4.437319502 -3.43
15.55317146 -4.040712247 15.55317146 0.02064984159 30.61234105 12.03840039 6.721308494 -3.84
11.4702529 -0.9505463097 11.4702529 0.3165512854 22.04893412 9.974773575 4.841602375 -3.16
13.88820846 -4.55573519 13.88820846 0.05161241812 17.691147 6.594523851 3.109295134 -3.39
13.76812684 0.06370653817 13.76812684 0.06370653817 20.54700499 8.297053169 3.831213465 -3.35
13.86669546 -0.7209227896 13.86669546 0.07348306409 22.05856941 9.1473351 4.400921091 -3.15
5.561089065 0.7110185185 5.561089065 0.7110185185 13.69158659 6.005751973 2.491872503 -1.28
11.93149016 0.101885813 11.93149016 0.101885813 13.73934836 6.480399704 3.453925249 -2.23
12.72165776 -3.733841133 12.72165776 0.1484104635 20.82710936 8.365558745 4.675751473 -3.43
13.98869442 -1.983601941 13.98869442 0.009594155129 58.11338312 27.38784615 16.81082251 -5.46
12.51478371 -3.637686346 12.51478371 0.05998940802 27.30564048 12.50252758 9.906116027 -2.94
12.78885272 -4.402421524 12.78885272 0.06631770451 27.26977215 12.18254488 6.954694405 -3.77
14.11819975 -0.9677333375 14.11819975 0.004510909133 45.30392726 20.27360622 10.0012131 -7.27
12.2961285 -4.70920107 12.2961285 0.01476827945 26.14206139 11.41842782 7.526660471 -3.93
14.55836703 -5.142368303 14.55836703 0.01328342612 61.5511794 26.5324857 16.69229747 -7.66
12.76452894 -3.793487336 12.76452894 0.1115171492 21.52698937 9.094770309 5.673849934 -3.18
10.86190307 -0.8098581654 10.86190307 0.07920448424 17.14338396 7.92235011 4.656264123 -2.69
12.01700302 -0.2918410389 12.01700302 0.2014076804 17.24711595 8.503615508 5.542584547 -2.11
10.20263889 0.3072685185 10.20263889 0.3072685185 6.67 3.846366843 5.67 -0.33
13.70763192 -1.05002935 13.70763192 0.01529952934 25.74395833 10.33603271 6.084000163 -4.34
12.57294597 0.2250962838 12.57294597 0.2250962838 16.89367695 7.774560958 3.688761945 -1.55
12.90671896 -0.8284926537 12.90671896 0.1892471929 26.60846048 13.19661062 7.291060181 -4.45
14.21016212 -0.8015556417 14.21016212 0.001341340421 21.2537108 8.91326924 4.571484043 -3.46
6.102281163 0.6264776333 6.102281163 0.6264776333 17.52966403 7.784886606 4.105381612 -0.88
11.2828146 -0.87261888 11.2828146 0.351515816 20.88474727 9.189628455 4.848242191 -2.37
13.69142821 -1.069203995 13.69142821 0.0122139253 25.74395833 10.33603271 6.267907595 -4.34
12.8736293 -0.4502299846 12.8736293 0.005709561602 16.40122493 6.338817977 2.967426958 -1.07
6.104684078 -0.4405288643 6.104684078 0.4405288643 17.73371142 8.852058128 4.509148676 -2.08
12.55587973 -0.6805447163 12.55587973 0.009336044405 26.53425136 8.865097625 3.139310419 -2.86
13.27757674 -4.603689952 13.27757674 0.05544609613 20.5294563 6.633098487 3.490766507 -2.74
12.24214621 -0.04579785918 12.24214621 0.04579785918 21.92965138 9.537268918 4.611895732 -2.89
12.95865295 -0.8766255113 12.95865295 0.01150982615 28.8027723 10.30331409 3.734993199 -3.39
14.42869877 -0.8678804776 14.42869877 0.1917561011 22.7945428 8.993444467 4.301785866 -3.98
13.10815731 -0.6604967852 13.10815731 0.03143220019 24.19910236 8.207605731 3.066603224 -2.62
5.109157525 0.8996770807 5.109157525 0.8996770807 11.07700004 5.605775191 3.033962149 -1.42
6.367775593 0.7224653489 6.367775593 0.7224653489 16.44067663 7.902821504 4.043640738 -0.93
10.80111963 -0.8405561563 10.80111963 0.149874171 21.07441524 9.115237383 5.880211493 -2.23
4.77776142 0.5069660704 4.77776142 0.5069660704 15.58368528 6.251729968 2.593961122 -2.66
13.31285215 -3.86225744 13.31285215 0.02310666403 26.36082206 11.23995711 5.753518174 -3.25
10.67844474 -0.07824858802 10.67844474 0.07824858802 11.47 8.565510984 7.575596621 -0.53
13.53564183 -0.3413372633 13.53564183 0.1102715273 23.15635992 10.76748676 5.544067559 -2.6
4.250151004 1.128472222 4.250151004 1.128472222 12.62236083 7.487097433 4.901229774 -0.83
11.71951711 -0.2099254114 11.71951711 0.2099254114 20.68804804 10.48948783 5.966672103 -3.04
11.69092351 -0.3677470561 11.69092351 0.2299850307 23.57391186 11.51851669 6.260887054 -3.58
10.53175926 -0.9172222222 10.53175926 0.2077777778 11.49451565 3.884564421 1.918891634 -2.58
12.24662551 -0.01535485986 12.24662551 0.01535485986 21.65451123 9.358638623 4.377056846 -3.18
13.1988901 -3.121898524 13.1988901 0.05525885509 25.54542157 9.986657062 4.892756871 -4.1
12.26081065 -0.4608954549 12.26081065 0.1149979405 18.01482656 8.546029604 4.674855823 -2.37
12.79995456 -0.1697695987 12.79995456 0.1697695987 24.84194672 11.92255981 6.656428299 -3.27
12.92880449 -0.8730059038 12.92880449 0.009302985862 23.72724696 10.12613722 6.525469075 -3.93
11.38811754 -0.9387382279 11.38811754 0.3401475922 21.83701371 9.404359329 4.601748866 -3.38
14.95697502 -1.266359009 14.95697502 0.005032812664 18.48016498 7.929725913 4.863341516 -1.31
13.10260126 -0.4855143377 13.10260126 0.1770070914 20.86553365 8.769999831 4.535548949 -3.39
12.57214445 -3.995508744 12.57214445 0.07553410183 27.27586691 13.05425323 9.814716088 -3.97
12.83861337 -3.606552579 12.83861337 0.3319629735 18.28155809 7.144871671 3.9493504 -2.09
14.0046307 -0.3249672232 14.0046307 0.0744433235 21.59055757 8.465353859 3.580596933 -3.68
13.99084157 -3.760563125 13.99084157 0.103072753 26.13234845 11.86328052 6.84405282 -3.94
11.76075781 -0.8901187292 11.76075781 0.3623712079 17.15926543 7.155234876 3.14499496 -3.27
13.2824045 -0.7213277388 13.2824045 0.06965024052 22.79147988 10.03904649 5.691316174 -2.39
12.85945062 -0.4302025338 12.85945062 0.09643091508 22.9459306 10.1427771 5.582877923 -3.23
13.16206494 0.3117165848 13.16206494 0.3117165848 18.47679566 7.700199602 3.560580287 -1.55
12.44613304 0.04797731142 12.44613304 0.04797731142 19.23766093 9.418827811 5.725295384 -2.53
4.24837522 0.849626559 4.24837522 0.849626559 10.71629745 4.835812598 2.298190844 -2.42
13.01299434 0.3202864573 13.01299434 0.3202864573 16.89367695 7.36490746 3.286302604 -1.55
13.48042437 -4.019513416 13.48042437 0.02223320177 23.71894703 9.822769826 5.20861431 -3.43
12.36448626 -0.2792519842 12.36448626 0.1062744342 14.63021447 5.025682111 2.477657258 -2.95
11.71598231 -0.9477470179 11.71598231 0.0712475203 25.82345152 10.15669688 4.635683375 -3.81
5.49770195 0.857014274 5.49770195 0.857014274 18.47223489 8.418243224 4.340427928 -1.89
12.24384641 -0.4721839157 12.24384641 0.06498450782 17.7918264 7.473367478 4.336903449 -2.02
12.12236057 0.2025033949 12.12236057 0.2025033949 15.54206614 7.774470708 4.325340459 -1.35
13.28173471 -0.1009164276 13.28173471 0.02702282219 20.92516736 8.193307242 3.471348333 -3.95
12.57477365 -3.219639908 12.57477365 0.1558085408 26.05465051 10.93496452 6.025350981 -3.02
12.35030035 -4.395233082 12.35030035 0.2360165895 13.12945074 4.753017218 2.928096338 -2.31
6.134379357 0.7331344447 6.134379357 0.7331344447 36.39286101 19.27464237 10.79746492 -4.4
13.88111113 -4.393814642 13.88111113 0.1081901589 21.40009424 8.20431251 4.163419131 -3.31
13.13464041 -0.3602556874 13.13464041 0.02156319502 25.47833717 9.291934811 4.106818058 -2.17
12.53524045 -1.159945905 12.53524045 0.049413519 24.35435054 12.08501242 7.372163121 -3.29
11.78278518 -0.3126998299 11.78278518 0.2778269085 12.10276211 5.357134884 2.418316304 -2.95
11.44680241 -0.9611002981 11.44680241 0.3363096813 14.14094586 6.308356996 3.257745979 -2.81
9.44314408 0.4901766818 9.44314408 0.4901766818 15.74000804 7.000297116 3.239282995 -2.77
12.82480723 -3.610506766 12.82480723 0.2770410263 19.17881185 7.698418338 4.139115338 -2.15
13.45161792 -4.376526493 13.45161792 0.04825201592 35.72623156 15.02698824 8.452392975 -5.09
11.89850387 -0.2836337868 11.89850387 0.2092283951 11.809343 4.444130278 1.979971599 -2.26
10.40901441 -0.6565225893 10.40901441 0.2355896977 22.42563501 9.544225418 4.242372569 -2.04
13.54893896 -0.7037041761 13.54893896 0.01378585426 25.62749041 11.51673249 6.407222369 -4.46
11.96047968 0.06068998192 11.96047968 0.06068998192 16.03258399 6.448490152 3.219766241 -2.46
12.61619051 -0.4008236489 12.61619051 0.1702214559 15.14669839 6.244236839 2.648383821 -2.4
14.34136934 -4.065820642 14.34136934 0.04371341443 42.66006474 20.1559262 13.29502649 -5.94
13.1895467 -0.3606600634 13.1895467 0.03991988764 22.9845514 9.352497929 4.781378283 -3.19
12.94660466 -4.339221668 12.94660466 0.2894616396 24.79558142 11.33822195 7.333136001 -2.84
14.93961785 -1.730481373 14.93961785 0.01501231015 57.31299314 28.02026794 17.55196966 -8.59
11.33750803 -0.705457294 11.33750803 0.1237037037 12.76 6.249699694 4.126667526 -1.24
12.91106824 -4.506561933 12.91106824 0.01892171201 24.09812183 9.241917415 4.630385342 -5.26
12.62756388 -4.178305317 12.62756388 0.005015117158 17.29216677 6.239615222 3.051661358 -2.13
12.46649608 -0.6870508235 12.46649608 0.1871854791 24.19752701 10.91827182 6.521793399 -3.45
13.46167004 -3.084630168 13.46167004 0.02469675006 28.23668299 12.06086631 6.382802038 -4.3
11.59451307 -0.7826306217 11.59451307 0.02294133703 20.08445732 8.01368539 3.462175223 -1.84
13.34718616 0.160689038 13.34718616 0.160689038 17.11316436 6.86077695 2.923731521 -2.01
13.70763192 -1.05002935 13.70763192 0.01529952934 25.74395833 10.33603271 6.084000163 -4.34
11.05386081 -0.5027054806 11.05386081 0.3601540558 19.57797387 10.2309392 6.212366593 -3.18
12.1938564 -0.8617402053 12.1938564 0.006962868481 22.86358837 6.763955176 2.707046181 -1.3
12.46430617 0.1357842026 12.46430617 0.1357842026 15.5709325 7.295719485 3.902729601 -1.32
11.03299571 -0.5052993728 11.03299571 0.357130222 17.63687262 8.78090024 5.158049601 -3.18
12.52323248 -0.8963026976 12.52323248 0.03987762822 20.49106711 8.528749824 4.218485433 -2.78
13.72161876 -0.9389508797 13.72161876 0.2230553981 24.54982724 10.45935532 5.207230132 -4.14
13.95460766 -4.524639088 13.95460766 0.1275159704 20.40532544 7.572541908 3.567439574 -3.5
12.35367238 0.0474771143 12.35367238 0.0474771143 15.4007585 6.776638028 3.220711028 -2.13
6.203196387 0.398117284 6.203196387 0.398117284 14.89815622 5.99954982 2.704784554 -1.02
11.70148783 -1.153726781 11.70148783 0.4194519915 23.70927669 10.65950761 5.55769973 -2.44
12.95214448 -0.1388989145 12.95214448 0.03266586882 18.82961693 8.164163484 4.613769296 -2.95
12.68035375 -4.364742312 12.68035375 0.05087156932 19.87959557 8.01623182 4.889976109 -2.87
4.948424456 0.7304487145 4.948424456 0.7304487145 19.34042528 8.245433733 3.873290204 -2.63
11.61182654 -0.1210909054 11.61182654 0.1210909054 20.04030436 9.498880274 5.027447269 -2.25
8.985509259 0.1805555556 8.985509259 0.1805555556 5.947877238 2.395561741 1.134079495 -1.18
11.66133015 -0.7372057403 11.66133015 0.03008071464 18.22437993 7.462368144 3.650437449 -2.15
13.07608077 0.02047678099 13.07608077 0.02047678099 18.1023199 7.466998535 3.456734451 -2.95
6.701449463 -0.05014193332 6.701449463 0.05014193332 19.19793122 8.083039507 3.860275422 -2.13
14.71890304 -1.777281463 14.71890304 0.0617408284 47.06538429 19.80653365 10.89813454 -3.99
12.21182857 -3.351446771 12.21182857 0.08320866911 27.11410986 11.63374059 6.129271167 -1.93
14.15320657 -3.376733894 14.15320657 0.001119509616 32.75734687 13.652148 8.704599094 -3.15
13.310237 -4.815854666 13.310237 0.1618523975 24.87102136 9.786842767 6.066670594 -3.24
12.71384921 -0.9079218632 12.71384921 0.08125472411 17.10226146 5.276108189 1.843064753 -2.5
12.47523218 -0.4892119675 12.47523218 0.08288613976 22.01039516 10.90000873 5.529393969 -3.2
11.75874701 -0.8309982048 11.75874701 0.4622193878 12.57086986 4.691078792 1.876523009 -2.16
5.953568594 0.8165046296 5.953568594 0.8165046296 13.90181476 7.09339375 3.736511852 -1.06
12.74919424 -0.3230301823 12.74919424 0.1375461089 21.64445292 9.700094574 5.177946149 -3.58
13.00480141 -3.076275938 13.00480141 0.05597892148 22.14529688 9.203126976 4.900314381 -4.06
9.378712351 0.2510254992 9.378712351 0.2510254992 17.24469392 7.595949759 3.683683198 -3.18
2.728573423 0.6229277642 2.728573423 0.6229277642 22.1860306 10.10985311 4.851283623 -2.62
13.58213071 -0.08764193332 13.58213071 0.03290097212 20.17879064 8.416428928 3.816440985 -3.74
12.65846112 -4.307119526 12.65846112 0.1128605547 19.50989169 8.625663348 5.367844665 -2.25
12.72685463 -4.506419519 12.72685463 0.1878559017 16.32243549 6.920531153 3.857870398 -2.54
11.15577351 -1.272819059 11.15577351 0.5074757668 22.80715197 10.43627934 6.566424841 -3.87
11.55217865 -3.354427312 11.55217865 0.09460136369 15.93964239 5.745833088 3.607841664 -1.44
13.63766989 -0.603334643 13.63766989 0.1444231651 23.99946834 8.900781487 4.135731941 -2.14
12.86214106 -0.8999705015 12.86214106 3.042562296e-05 23.09077521 10.69117301 5.828275181 -2.08
13.7976122 -0.5577317926 13.7976122 0.1333335458 22.79125095 9.094254324 3.950570278 -3.65
13.26084024 -0.4558508125 13.26084024 0.05087705761 12.15961197 4.340502975 1.966721475 -2.89
6.00867158 0.5505351631 6.00867158 0.5505351631 12.01877995 5.253497033 2.811500854 -1.45
11.31623142 0.03319914632 11.31623142 0.03319914632 21.82525952 9.469387755 4.685950413 -2
13.82106025 -0.7047184429 13.82106025 0.04565121882 22.11638575 7.797960625 3.429953702 -2.09
11.69013648 -0.03950059312 11.69013648 0.005229370737 20.35423871 8.261270233 4.106572161 -3.26
12.83561308 -4.477387499 12.83561308 0.03229235283 25.72783019 11.49658773 7.833784578 -3.89
5.95963459 0.6278826666 5.95963459 0.6278826666 15.10942294 6.973167844 3.689789205 -1.8
13.20417659 -3.922689539 13.20417659 0.07451112365 30.19507071 14.70729232 9.718594195 -3.35
13.05140495 0.1514768623 13.05140495 0.1514768623 17.75786601 7.538870051 3.60675331 -2.64
4.57040858 0.6910290301 4.57040858 0.6910290301 16.13831431 6.922301946 3.214414246 -3.06
11.86373664 -0.06767295498 11.86373664 0.06767295498 14.23679999 4.565586686 1.837078375 -0.37
13.45334341 -0.3869579513 13.45334341 0.05515452015 19.97130154 8.286173469 4.007875952 -2.96
13.41983141 -0.6098766138 13.41983141 0.009457085018 26.78344858 11.41438372 6.531802451 -4.27
13.92330879 -1.120422576 13.92330879 0.03514231971 25.57417518 9.043305691 3.983409787 -3.07
10.07367598 -0.01272066851 10.07367598 0.01272066851 14.00700205 5.442554215 2.369889764 -2.95
12.24169001 -4.769304034 12.24169001 0.007612572679 24.05053349 10.34445846 7.49203773 -3.6
12.51803703 -4.734751265 12.51803703 0.2763925205 19.50399799 7.901935786 4.788171355 -2.81
13.35395167 -1.226388486 13.35395167 0.01046187173 24.4596422 8.457582849 3.284153137 -2.58
10.21978474 0.1415330924 10.21978474 0.1415330924 16.1557222 5.878294164 3.34156523 -1.22
11.64530683 -0.9484152629 11.64530683 0.302106841 23.5159098 10.98706388 5.459164733 -3.64
11.15681934 -0.514218317 11.15681934 0.2085592509 26.52510625 9.815937825 3.831602228 -3.87
6.383442751 0.619025835 6.383442751 0.619025835 21.31329817 9.527533704 4.62700118 -2.54
14.66183867 -0.5563463836 14.66183867 0.01937487984 18.65489205 7.156197935 3.10074228 -3.36
14.05848482 -1.094952598 14.05848482 0.0001409124247 31.75881899 14.82661745 8.222676856 -3.17
12.44858901 -0.8159975964 12.44858901 0.1865098891 27.2308532 12.62625663 7.147710662 -3.81
12.5292382 -0.6007901318 12.5292382 0.00281643676 23.27430948 10.36424542 5.355460522 -3.89
9.09417459 0.3648624759 9.09417459 0.3648624759 13.489987 5.230569906 2.236892449 -3.17
13.14030943 -0.8994341461 13.14030943 0.2166933434 22.9748959 10.16226167 5.081836853 -3.2
11.34459025 -1.305873321 11.34459025 0.5720166184 19.1696281 7.193647682 4.056179503 -2.6
14.31066342 -0.6970559729 14.31066342 0.09773876828 15.93473652 5.359501282 2.226190401 -2.28
10.67425639 -1.018087881 10.67425639 0.009498660212 25.09967792 12.64083579 7.803378228 -3.53
13.6999333 -1.171823976 13.6999333 0.1305188589 17.87720191 8.979797476 5.964663876 -2.47
4.957021043 0.4510291478 4.957021043 0.4510291478 16.79092958 5.933295048 2.518331077 -1.13
11.97825965 0.1658308905 11.97825965 0.1658308905 18.85875061 9.143548507 5.286751448 -1.92
12.38152198 0.06290971932 12.38152198 0.06290971932 21.13336908 9.819674347 4.853416386 -2.73
14.82438995 -0.7595652569 14.82438995 0.05537249622 24.59003147 10.81306728 5.761860066 -3.53
11.17556782 -0.7371092635 11.17556782 0.1701759469 18.24343803 7.854024956 3.934196376 -2.13
13.89983316 -4.609220836 13.89983316 0.01306358655 20.91234356 7.694519272 3.573468808 -2.66
11.78735537 -2.875451906 11.78735537 0.2688965592 22.66602732 9.540080101 5.283335973 -1.52
13.93443087 -0.5906776726 13.93443087 0.03443208302 18.43408939 7.59489674 3.574301214 -2.93
12.63196988 -0.1876771594 12.63196988 0.1876771594 23.38059865 11.90026833 7.100086647 -2.78
6.480606875 0.4848492094 6.480606875 0.4848492094 30.75695499 14.26348587 6.509404639 -3.88
11.68125754 -0.6939068922 11.68125754 0.04530470522 22.08368992 9.467557661 4.585786717 -4.61
12.40550347 -3.010602151 12.40550347 0.02280866369 22.7755102 9.70011534 5.399449036 -2
11.92784843 0.003200165869 11.92784843 0.003200165869 21.71141695 9.022561233 4.273167582 -3.12
11.98410345 -3.364152845 11.98410345 0.189232135 17.87204058 6.575392625 3.139289316 -3.52
13.73153653 -0.7563549335 13.73153653 0.04633458659 21.35044879 7.943729508 3.329143003 -5.19
14.39603883 -3.12418848 14.39603883 0.2882357453 19.1405766 8.046096186 4.458115857 -3.19
11.86328704 -0.01101851852 11.86328704 0.01101851852 7.553277794 2.572884459 0.8779903797 -1.84
4.264354923 0.8347133514 4.264354923 0.8347133514 11.44095769 5.331068352 2.776495933 -1.65
11.15575529 -0.4932823779 11.15575529 0.3717121614 19.8199317 9.345073648 5.318676749 -2.48
11.13960766 -1.263188168 11.13960766 0.5240727795 19.63633769 8.269777981 4.777958486 -3.12
9.599843925 0.3387305549 9.599843925 0.3387305549 20.59591837 8.093983624 3.442739079 -2
5.839714664 0.5324565382 5.839714664 0.5324565382 9.474142012 3.118640329 1.179845422 -1.75
12.65051776 -3.684431597 12.65051776 0.1499717078 18.34828052 7.185621861 3.83261402 -2.02
13.42715378 -0.3257507139 13.42715378 0.3257507139 14.34144718 5.924010272 3.482872323 -2.07
13.07438324 -0.4860504456 13.07438324 0.1968067805 19.56623044 7.091295406 3.326019832 -3.39
14.49230212 -0.5134646615 14.49230212 0.06325399614 20.44440689 7.984642456 4.106205657 -3.29
13.09455751 -3.502145326 13.09455751 0.09095401008 24.15430527 10.10457681 5.559072402 -2.98
11.17837834 -1.544349138 11.17837834 0.1130177966 23.01351912 9.766779343 5.612829737 -3.16
13.1880456 -0.661613738 13.1880456 0.2773978881 18.59624233 7.69781642 4.554140533 -2.76
14.1224217 -0.6022330131 14.1224217 0.09612858382 19.12146073 8.033793576 3.969815925 -4.21
14.11052089 -0.8482905479 14.11052089 0.2194535287 27.58120385 13.37633606 7.540412975 -4.45
10.13461684 0.07421839569 10.13461684 0.07421839569 18.05555556 7.438016529 3.526666667 -2
12.79253025 -0.1004435416 12.79253025 0.02043203807 19.15013497 8.451606933 4.300856921 -3.18
11.81362292 -0.1006575964 11.81362292 0.1006575964 10.1169437 3.468896826 1.380628309 -2.06
13.32359699 -0.880137303 13.32359699 0.02610110762 28.75029136 13.70078421 8.621560959 -3.25
12.73793418 -0.2414723482 12.73793418 0.2312885049 23.85435153 11.22404249 5.981164932 -3.29
12.13251133 -0.05501265509 12.13251133 0.05501265509 21.51722725 10.54761448 5.89757825 -2.19
10.01213876 0.35375 10.01213876 0.35375 11.29950489 4.464961249 1.888074235 -1.8
12.70742323 -0.3983209719 12.70742323 0.137329617 16.76646704 7.214872508 3.533882481 -2.08
10.76503261 -0.7840250501 10.76503261 0.03043932375 22.47465157 10.70947021 6.382184303 -3.21
6.023920312 0.4297440712 6.023920312 0.4297440712 15.88218235 5.683224882 2.177904665 -1.13
12.17747544 -3.127161158 12.17747544 0.06053700998 23.63711411 10.94293261 7.94908057 -1.64
13.05498894 -4.044559725 13.05498894 0.1074325491 25.03580656 10.68183835 6.129064268 -2.07
12.91166252 -0.1811911061 12.91166252 0.02785711614 20.48147045 8.921629416 4.86216205 -1.79
13.64796578 -4.13662546 13.64796578 0.07308747888 30.22464684 14.17528247 8.853258846 -3.32
12.21352725 0.06068789749 12.21352725 0.06068789749 16.99836783 7.821097053 4.588747163 -1.84
12.55530026 -0.1198939064 12.55530026 0.03108155917 17.79386482 7.62105942 3.551070095 -2.28
12.02995442 0.01686001011 12.02995442 0.01686001011 19.39875451 9.522070382 5.12032307 -2.92
13.74115909 -4.653095273 13.74115909 0.01031390964 26.16883181 9.695410806 4.784079007 -4.45
12.67995551 -0.2926814059 12.67995551 0.2488955814 18.25705454 8.710410866 4.549484062 -3.54
12.12386585 -0.7811652734 12.12386585 0.4596699866 25.54542157 11.96371118 6.233806112 -4.1
5.770553193 0.6238163738 5.770553193 0.6238163738 12.69109308 6.211862806 2.974698753 -2.33
13.20188127 -0.6121998352 13.20188127 0.09274985303 19.88932838 9.370875678 5.327990077 -2.86
13.40614302 -0.5359187217 13.40614302 0.1002635005 17.89761307 6.540847309 2.512461928 -2.92
13.92018237 -0.5167561886 13.92018237 0.0670140353 25.13349608 10.83829641 4.62631527 -2.53
8.918304385 0.6833176206 8.918304385 0.6833176206 15.68342741 6.962864085 3.496498379 -2.83
12.85332138 -3.844842335 12.85332138 0.2130608929 23.01260131 9.227138085 5.144149889 -3.66
13.67686048 -0.4107918982 13.67686048 0.1575374811 23.01648291 9.23058428 4.336454858 -3.41
14.02648893 -0.944057807 14.02648893 0.01805084088 42.79681424 20.65987366 12.28065245 -4.94
4.624727576 0.7237923595 4.624727576 0.7237923595 14.3865677 6.119599083 2.836203504 -3.21
13.1763224 0.0332717798 13.1763224 0.0332717798 27.07913898 11.04618234 5.560720159 -3.11
13.11073035 -0.04602069686 13.11073035 0.04602069686 20.049889 9.055786175 4.513921038 -2.24
12.55196481 -1.099602925 12.55196481 0.1235861281 27.86148914 14.11900111 10.18663923 -3.38
3.303888889 1.119166667 3.303888889 1.119166667 7.866895638 3.764211048 2.089799938 -1.76
5.925634921 0.7999938587 5.925634921 0.7999938587 14.82137362 7.779639265 4.431842924 -1.1
13.55841351 -4.585496951 13.55841351 0.01619887649 23.98609872 9.728213203 4.99023437 -2.73
12.90748553 -3.808640802 12.90748553 0.1122642668 23.99174391 9.864721016 6.194377972 -3.66
13.52916075 -0.9097267019 13.52916075 0.03280799423 43.10790377 19.98459976 11.58884682 -4.48
12.59256251 -3.693804284 12.59256251 0.1272796477 20.68305361 8.65220493 3.890624674 -2.58
13.52825912 -3.11673235 13.52825912 0.09687101385 35.73588852 16.29562757 8.809116697 -5.08
12.68484155 -4.39542315 12.68484155 0.1687596368 23.92435895 11.73742839 8.179989018 -2.35
11.97742697 -0.1439781746 11.97742697 0.1439781746 12.9288547 4.790306557 1.923806036 -2.08
12.84659971 -4.406949344 12.84659971 0.1346004696 28.81854518 12.7819263 7.69168376 -4.18
5.931493025 0.8052141344 5.931493025 0.8052141344 20.67345189 10.97905249 5.958086842 -2.59
14.01075008 -1.09684755 14.01075008 0.04812581074 33.23952095 14.52895781 7.818498526 -5.13
13.08377926 -3.534027386 13.08377926 0.1839376977 22.92662141 9.709951756 4.7362107 -2.25
11.41824405 -0.8067942177 11.41824405 0.3095262241 13.02684492 6.522570101 4.545327924 -2.04
13.65853829 -0.5173776362 13.65853829 0.07173601395 27.40825548 13.21740813 8.795656256 -3.18
11.38729072 -0.3900111308 11.38729072 0.02410769674 26.05005694 9.192757439 3.517063777 -2.61
14.94063952 -0.2772641356 14.94063952 0.03444561029 21.13336908 7.408506919 3.353810046 -3.73
4.956478434 0.4334161529 4.956478434 0.4334161529 18.74868281 7.530357812 3.431918819 -3.26
12.87075427 -0.3327372312 12.87075427 0.1762101604 23.78564737 10.76509292 5.322639445 -3.94
13.81079279 -0.8368122035 13.81079279 0.08294323704 24.46411803 10.30645646 4.901083782 -2.66
11.70281314 -3.13246659 11.70281314 0.01758717049 17.70048288 6.31979945 3.317644608 -3.38
5.995573507 0.6478310045 5.995573507 0.6478310045 17.06437933 7.477030569 3.45343054 -2.37
12.65179509 -4.355050671 12.65179509 0.1656820754 25.29592702 11.19688791 7.082777005 -3.33
7.022984773 -0.2792252457 7.022984773 0.02757684555 20.06004562 6.616256595 2.119825595 -1.35
14.0314648 -0.1280425148 14.0314648 0.04387272193 20.07502582 8.351218107 3.924516105 -2.85
14.32371412 -0.4805890278 14.32371412 0.08351601765 17.691147 6.594523851 2.922622093 -3.39
6.034880957 0.2991796706 6.034880957 0.2991796706 16.82481345 7.011523241 3.095860589 -3.32
13.48489264 -5.190784216 13.48489264 0.1709244168 31.07276992 12.37247696 7.811702016 -4.46
13.38003697 -0.2117239775 13.38003697 0.2117239775 22.4140929 10.26347441 5.228571732 -3.38
13.98000843 -0.9703132178 13.98000843 0.1030020519 44.50125101 21.46258247 12.49445334 -6.05
12.29752959 -0.02355268011 12.29752959 0.02355268011 22.88020247 10.16123185 4.679548604 -2.89
12.46773991 0.03628254388 12.46773991 0.03628254388 15.39134302 6.770457665 3.084020331 -2.14
6.221283549 0.4475599455 6.221283549 0.4475599455 20.56055779 10.41117361 6.867283951 -1.75
5.864030584 0.6835743804 5.864030584 0.6835743804 21.20911542 9.071409406 4.064821996 -2.65
12.40850488 -0.3582172416 12.40850488 0.1841916134 22.12602258 10.02734667 5.224464698 -2.08
10.76402733 -1.033608993 10.76402733 0.09616493974 23.87154214 10.41175784 5.378730919 -4.85
12.1275405 0.2181874971 12.1275405 0.2181874971 20.88732854 9.652900079 5.090867142 -1.99
10.86872929 -0.850418446 10.86872929 0.006440797478 23.36127159 11.36590962 5.75696957 -3.8
5.482823547 0.48017285 5.482823547 0.48017285 17.38330258 7.361133212 3.548460451 -1.72
11.77321677 -0.823139881 11.77321677 0.04727004073 20.01844389 7.97347449 3.249813012 -1.91
13.30117252 0.02008597884 13.30117252 0.02008597884 15.89096463 5.731565693 2.24851554 -1.61
12.0990958 -0.9968400416 12.0990958 0.01755007559 14.75454549 4.294281005 1.379875268 -2.38
14.033623 -0.525791308 14.033623 0.00186292727 19.6071549 8.69218627 4.582061782 -2.15
5.583343936 0.7857214018 5.583343936 0.7857214018 13.52977931 7.516146271 4.406909764 -0.9
12.76174452 0.06898559263 12.76174452 0.06898559263 24.29950714 11.53762491 5.800806374 -2.83
5.048950051 0.5152944959 5.048950051 0.5152944959 20.25185768 8.263629748 3.544741368 -2.14
7.780005164 0.03119898192 7.780005164 0.03119898192 22.36942957 8.840508383 4.145721831 -5.1
13.00778699 -3.682312098 13.00778699 0.005489583051 17.84995009 7.111498211 3.513502338 -0.96
5.0214803 0.9007520786 5.0214803 0.9007520786 7.862459016 3.814282938 2.11427089 -1.24
13.39112475 -0.8002967387 13.39112475 0.1319513644 22.22402999 8.98724686 4.074196145 -3.58
13.78720307 -1.175318263 13.78720307 0.3588440699 15.95704202 6.40184906 2.815365139 -3.54
5.680390133 0.3761580635 5.680390133 0.3761580635 11.13515636 4.65365309 2.24169724 -1.36
11.14509372 -1.25612542 11.14509372 0.5387990248 22.02506628 10.38639404 6.957641829 -3.67
12.48557617 -0.02709825666 12.48557617 0.02709825666 19.60388443 8.794861928 4.100672208 -2.35
13.44683868 -4.587558245 13.44683868 0.02520380135 26.57930043 10.86954238 6.253462629 -2.48
13.37619444 -3.928139172 13.37619444 0.009456719544 23.27430948 9.160413775 4.895160393 -2.89
14.32471245 -2.946051113 14.32471245 0.0671174388 22.08747659 8.43119053 4.553367908 -3.12
13.15079864 -4.596180655 13.15079864 0.1310851285 18.62573551 6.863769778 4.323289225 -2.16
2.462962963 1.062268519 2.462962963 1.062268519 13.52927434 5.897404161 2.692836716 -1.45
11.18681667 -0.7234981523 11.18681667 0.2079845889 18.42455381 7.972459818 4.0064023 -1.94
12.81583715 -0.01102164042 12.81583715 0.0005633662208 19.30310853 7.099894401 3.296446894 -2.02
13.89283991 -0.6539111683 13.89283991 0.2381801333 24.6450808 9.256427514 4.254925844 -3.68
15.18036895 -0.9106445422 15.18036895 0.06670728991 26.06376278 10.42120578 4.72349969 -4.18
14.9691164 -0.2803854837 14.9691164 0.06912426776 23.2606839 8.752393583 3.729608451 -3.15
11.43577434 -0.06495805962 11.43577434 0.06495805962 17.49164971 7.367579529 3.380563938 -2.92
13.85184348 -3.874681188 13.85184348 0.009257621582 32.17197367 13.40863104 7.535470357 -4.23
12.36103602 -0.9465535242 12.36103602 0.03374364869 18.75302051 6.038401671 2.251270618 -1.99
10.2249602 0.251703754 10.2249602 0.251703754 17.19723004 7.179402248 3.274541824 -1.23
13.52833756 -3.948618123 13.52833756 0.03624994944 25.25799004 9.81175733 5.042807572 -4.4
13.31867856 -4.382234224 13.31867856 0.2973857815 20.63504751 8.245433733 4.274619157 -2.63
13.6715315 -0.5292346513 13.6715315 0.0457490242 24.43510536 11.20370848 5.282786348 -3.26
13.28337717 0.1113267444 13.28337717 0.1113267444 26.43764027 11.69791624 5.634851739 -3.17
3.774042029 0.3480815382 3.774042029 0.3480815382 17.02940458 7.492422331 3.30411794 -2.1
12.38644274 -0.4406944444 12.38644274 0.06546296296 13.09041763 5.527843562 2.410642396 -1.35
4.682969577 0.4893031461 4.682969577 0.4893031461 16.33501359 6.636170667 3.180680752 -3.14
14.63070883 -1.01858971 14.63070883 0.2457445082 24.35759922 11.1035347 5.64644013 -2.77
12.7795753 -1.15112036 12.7795753 0.1565605965 24.81287362 11.4180871 6.426136032 -4.3
11.37642425 -0.159590482 11.37642425 0.159590482 16.25872382 6.057626851 2.715289502 -3.93
4.7371427 0.7042649282 4.7371427 0.7042649282 13.6247375 5.961066034 2.467867404 -1.35
13.5664257 -0.2036512071 13.5664257 0.009556643362 18.18652123 7.189798108 3.272156534 -2.86
13.03600083 -1.089750567 13.03600083 0.02579832242 19.06785382 6.540847309 2.831545045 -1.92
14.11738355 -1.07957019 14.11738355 0.02204635057 35.00257513 17.16629319 9.818087967 -3.86
12.95620402 -4.339220863 12.95620402 0.08729171857 24.53191388 9.952020488 5.223827624 -2.59
12.79455947 -1.333326462 12.79455947 0.2715027688 25.24913013 10.41175784 5.681622838 -3.85
12.62019361 -0.8323215149 12.62019361 0.05537347969 27.2308532 12.62625663 7.147710662 -3.81
13.19560413 -0.8172831283 13.19560413 0.1372412761 20.77384196 8.793068261 3.689986881 -3.11
13.8884499 -0.5059482442 13.8884499 0.0284354789 22.41522787 10.22520762 5.72371475 -3.78
12.62317581 -4.41734869 12.62317581 0.03270968495 22.2611267 8.547176702 5.72533754 -3.03
12.59732364 -1.629739215 12.59732364 0.0409891247 21.40552084 11.06320644 7.702315688 -1.895064935
12.41809379 -3.481623337 12.41809379 0.03730478226 21.58556549 9.586128576 5.702510995 -1.12
11.9018452 -0.002774975887 11.9018452 0.002774975887 14.45213181 6.161532072 2.860464068 -3.14
12.88722808 -0.01149408187 12.88722808 0.01149408187 20.66985233 8.372782213 3.902776888 -2.22
12.25343926 -0.9008844652 12.25343926 0.158451381 19.02088986 7.373028452 3.525343075 -2.97
12.75433711 0.06048219127 12.75433711 0.06048219127 23.82533319 11.20367484 5.593109772 -3.32
8.625937198 0.5947965701 8.625937198 0.5947965701 21.740722 10.21921875 5.41716439 -2.48
13.64556107 -4.216825928 13.64556107 0.009721590605 30.53030511 13.86818469 8.243200059 -4.01
12.90280266 -4.324508274 12.90280266 0.06409984673 20.41430099 8.479523972 4.648308977 -2.86
12.67985953 -4.516233629 12.67985953 0.01232257229 21.56603948 8.700143897 5.268840863 -4.14
11.97748172 -3.458253726 11.97748172 0.3623244535 26.57585999 10.39891982 5.156310832 -4.64
11.3246732 -0.7479698091 11.3246732 0.3918021445 20.17532981 11.47056203 7.397043886 -2.14
12.80103557 0.002545663381 12.80103557 0.002545663381 25.38207536 11.87092727 5.889368716 -2.9
12.94433311 -4.41772368 12.94433311 0.01451799037 30.43884954 14.3956963 8.491537555 -4.52
11.46719292 -0.7304170569 11.46719292 0.1780350057 17.89663326 7.015963589 3.048499839 -2.17
5.798053048 0.127568913 5.798053048 0.127568913 18.16721339 7.804322618 4.053270413 -4.21
6.004859851 0.6698395114 6.004859851 0.6698395114 14.25335912 6.328013879 3.899250624 -1.16
12.82157399 -0.572860932 12.82157399 0.2157154522 19.39685735 7.597726119 3.574502393 -3.57
6.105337629 0.8810704837 6.105337629 0.8810704837 14.34144718 6.389744255 3.94472501 -1.07
12.21055461 -4.007992219 12.21055461 0.06163051118 30.92204945 10.31030601 4.216425522 -2.38
13.67560753 -3.982299718 13.67560753 0.08238658179 26.78344858 11.85142594 6.737658186 -3.27
14.00807226 -1.249945879 14.00807226 0.03376849344 24.3997774 10.08035489 4.513640656 -2.94
12.87768606 -0.9938783777 12.87768606 0.009639302997 21.53630587 7.273530733 2.60804236 -3.54
14.34407269 -3.222410476 14.34407269 0.04655862571 25.88099663 10.19199562 5.143527544 -3.75
11.38826571 -0.2924293662 11.38826571 0.2924293662 16.06091905 7.213582418 3.978082076 -2.43
12.61200312 -0.353515036 12.61200312 0.2688670399 18.38641463 7.947480538 4.143126423 -3.98
5.737067901 0.4935802469 5.737067901 0.4935802469 6.882397959 2.35714068 1.061160555 -0.8
13.3141152 -0.3790634183 13.3141152 0.01723833704 28.37013286 12.47708335 6.67184505 -2.64
13.94275731 -1.131585622 13.94275731 0.03806366528 24.03817318 8.923917153 3.804114407 -3.1
11.66379124 -0.9283308835 11.66379124 0.2775772199 23.06152681 11.13473691 6.198234386 -3.61
13.99121298 -0.4608958753 13.99121298 0.0003867658526 19.55681782 7.085952133 3.021928155 -2.4
13.55295599 -0.2834669359 13.55295599 0.05326124856 16.89206068 6.888185107 3.936862391 -2.95
13.81611892 -3.590440767 13.81611892 0.03813998181 23.78734237 10.04853396 4.492423108 -2.59
11.57923036 -1.19643505 11.57923036 0.1904864706 20.03071998 8.624598717 4.330942937 -3.26
12.42177871 -0.1283177438 12.42177871 0.06745136551 12.29233429 4.735394314 2.010111972 -2.75
12.27164423 -0.07621603888 12.27164423 0.06242488662 15.03257942 6.482239874 3.013962915 -0.88
11.71204856 -0.2825441891 11.71204856 0.2825441891 14.94822344 5.321915825 2.167622024 -1.35
12.89135221 -0.2210725702 12.89135221 0.09428522826 21.74935987 9.817377655 4.67989959 -3.08
12.4163806 -0.04970936214 12.4163806 0.04970936214 15.504358 5.806126996 2.564271421 -2.02
13.04191185 -4.527229545 13.04191185 0.0002777777778 14.42955284 5.186683686 2.63711791 -1.98
12.97616662 -4.392196638 12.97616662 0.4435637343 23.74683614 9.296347906 5.861196522 -2.91
13.59131328 -0.6767240466 13.59131328 0.05436308539 26.69594859 13.26048944 6.900136708 -3.36
12.72564344 -0.3447158988 12.72564344 0.07859545213 24.23174121 11.99362934 6.806962593 -2.9
9.272632328 -0.5014362481 9.272632328 0.5014362481 12.36822064 4.4611453 1.935432777 -2.67
5.714725028 0.6827746579 5.714725028 0.6827746579 20.26371901 8.469906245 3.992375701 -2.65
13.1715543 -4.367639934 13.1715543 0.2385316353 23.11009123 10.2533353 6.256576049 -3.06
13.20351333 -1.06830515 13.20351333 0.09472612571 20.90624733 7.564975701 3.007953845 -4.97
12.41356859 -0.06265133713 12.41356859 0.06265133713 22.36701357 10.65887392 5.314885895 -2.83
13.71083472 -0.3783238064 13.71083472 0.006286375661 18.48177204 7.625121198 3.348936121 -2.88
12.57341301 -0.006696636724 12.57341301 0.006696636724 18.75848483 7.801177254 4.140893306 -1.59
14.4498692 -3.703053402 14.4498692 0.1458921596 29.8387366 12.30337552 6.120770975 -4.64
10.03773909 -0.8237338987 10.03773909 0.8156616512 13.76801036 4.968031328 2.425753341 -2.2
12.35381367 -0.3420899996 12.35381367 0.02464772877 16.99130706 7.760374973 4.308801503 -2.37
12.3771564 -0.367957294 12.3771564 0.03853599773 13.55790886 5.523210354 2.591371583 -2.42
12.27608102 -0.00479674322 12.27608102 0.00479674322 23.56622782 11.0483712 5.408879053 -3.17
12.14118186 -0.3775957682 12.14118186 0.1934314899 18.24735681 7.774560958 3.83946204 -3.55
13.6845484 -0.9263372865 13.6845484 0.1262180387 19.21705176 8.095365757 4.174921007 -3.11
13.37222554 -4.682588753 13.37222554 0.1338791384 26.96576047 10.15803481 6.956181798 -2.63
13.02138945 -0.2024251269 13.02138945 0.002866912353 23.24210777 10.00140895 4.709622779 -3.51
12.39320472 0.1530327775 12.39320472 0.1530327775 22.50398317 11.86479359 6.673662536 -2.18
13.88385155 -0.7406705483 13.88385155 0.2058821479 25.15513785 9.87093236 4.352771596 -4.14
4.196151975 0.7982569602 4.196151975 0.7982569602 11.64865884 5.475167414 3.06801466 -2.43
12.55442745 -0.5081965627 12.55442745 0.1245424435 17.52966403 7.784886606 3.496687473 -1.88
12.49566268 0.1619033326 12.49566268 0.1619033326 22.6613368 10.43067891 5.351295716 -2.12
13.27167344 -0.4218294386 13.27167344 0.06800632914 19.17881185 8.470694873 4.139115338 -2.15
13.03291946 0.04784507013 13.03291946 0.04784507013 17.12247325 7.197278912 3.092222222 -3
13.31425501 -3.098892754 13.31425501 0.1037056441 28.03995794 12.02026307 6.066384342 -4.1
3.607964609 0.590833093 3.607964609 0.590833093 16.99836783 8.315045667 4.588747163 -1.84
13.21310671 -5.425754257 13.21310671 0.2111248898 18.87817413 7.379773157 3.768038955 -1.9
14.3348073 -4.164058767 14.3348073 0.06485659869 34.05487226 14.35459587 8.351153181 -3.44
5.932328968 0.6653060073 5.932328968 0.6653060073 24.88112204 10.38093353 4.878721168 -3.43
12.98243381 -4.785354778 12.98243381 0.06146982867 25.05403917 10.40121524 6.393991784 -3.21
13.24638625 -0.5986821865 13.24638625 0.4047574355 21.66370491 10.16546795 5.371822508 -1.56
12.51844095 -0.8734034523 12.51844095 0.08642077727 24.89056717 10.04111299 3.874128779 -1.42
5.967614783 0.7955699903 5.967614783 0.7955699903 15.48551775 6.832340537 3.396856206 -2.04
13.94441666 -1.210353789 13.94441666 0.08584613983 20.73602313 8.413653907 3.784926896 -3.15
6.015013522 0.7686089929 6.015013522 0.7686089929 12.42289566 4.90121786 2.360656202 -1.32
9.119537037 -1.568935185 9.119537037 0.525787037 9.845034014 3.648916103 1.581758759 -0.24
14.58164969 -0.9906605458 14.58164969 0.2335282022 22.91696712 10.57078785 5.570061553 -3.26
12.69454442 -0.4562197657 12.69454442 0.1359064696 17.65324888 7.104789553 3.065468813 -1.75
14.037213 -1.070655929 14.037213 0.07540768563 26.19762528 9.399472522 4.049050703 -3.42
11.72230485 -0.9594321244 11.72230485 0.247691274 19.1987838 8.413780571 4.783110139 -2.57
12.41429726 -0.3341077465 12.41429726 0.01516282439 14.24615665 4.816527785 2.015883969 -3.36
4.435114953 0.8414493575 4.435114953 0.8414493575 11.24544406 4.499773243 1.776290495 -2.6
13.28370818 -0.1922322478 13.28370818 0.1922322478 13.55908832 6.34158152 3.323230382 -1.87
13.18342593 0.2366203704 13.18342593 0.2366203704 14.91735537 6.84 3.112811791 -1
11.52444465 -1.19828625 11.52444465 0.002794837071 20.4638941 8.394421509 4.763946603 -4.27
13.61756219 -1.028068284 13.61756219 0.01957064401 32.85939042 15.00488226 9.430641568 -4.65
6.790633516 0.0472117242 6.790633516 0.0472117242 22.86116515 9.384279092 4.325202811 -1.91
2.1875 0.5 2.1875 0.5 5 1 0 0
12.8708585 -0.9812284613 12.8708585 0.2388283762 19.59283426 9.675140179 5.967027823 -2.73
10.17660841 -0.3912114833 10.17660841 0.3291702252 19.74331404 8.84871111 4.702009663 -1.56
14.46476 -0.2975554783 14.46476 0.1588233418 23.79675534 9.064838623 4.111613618 -3.58
13.00256248 -0.9665014924 13.00256248 0.03796625355 23.82324928 8.242576342 3.201250246 -3.03
12.39761066 0.03160707882 12.39761066 0.03160707882 19.57564341 8.776213303 4.08989195 -2.38
13.18840523 -1.165537132 13.18840523 0.1672988578 17.23520042 6.51483509 2.671280162 -3.19
5.999791084 0.8146715955 5.999791084 0.8146715955 15.73057687 6.994053963 3.515605868 -2.78
13.37660292 -3.464940983 13.37660292 0.3137727984 22.46162567 9.498852056 4.960706258 -2.33
11.31136401 -0.9684629764 11.31136401 0.3053012854 21.08654928 9.324519021 4.624901895 -3.16
12.54109041 -4.28965574 12.54109041 0.4774324355 20.6198174 9.89482199 6.497953115 -2.11
12.76680726 -5.077948444 12.76680726 0.1117975771 21.20291737 8.282656736 4.786881595 -3.1
5.469751039 0.3193287037 5.469751039 0.3193287037 13.69158659 5.608395776 2.161628462 -1.28
12.98770822 -0.1154910128 12.98770822 0.1154910128 62.46542778 34.25866015 19.50289083 -7.58
10.65545509 -0.4369675926 10.65545509 0.1237348828 9.378573959 4.348929277 3.024889156 -1.71
12.79420286 0.111394231 12.79420286 0.111394231 22.80113152 10.49074706 4.991299727 -2.38
3.996649052 0.9135249748 3.996649052 0.9135249748 14.56240048 7.585002175 4.065667215 -2.37
13.76313034 -0.3682555891 13.76313034 0.1578672536 28.41982182 12.18054642 5.999462136 -4.11
12.61719903 0.1421323689 12.61719903 0.1421323689 18.5103854 8.892626282 4.711104324 -1.85
7.083373877 -0.3145145975 7.083373877 0.03799938059 21.16783276 7.190443816 2.350657833 -2.14
10.81315885 -0.5836352718 10.81315885 0.1380597285 17.36621315 6.001911577 2.228135754 -2.5
9.452531306 0.6048903364 9.452531306 0.6048903364 22.24769119 9.432028244 4.104738824 -3.23
11.1767284 -0.1643518519 11.1767284 0.1643518519 7.307223379 2.604540126 0.9867396167 -1.35
9.639588596 0.2349703537 9.639588596 0.2349703537 23.13730764 10.33177705 5.55313275 -3.62
13.45638853 -3.116810273 13.45638853 0.01845080456 27.84952092 11.17362097 5.342472306 -4.3
12.09108898 0.05545108437 12.09108898 0.05545108437 20.55825086 8.972491863 4.881021033 -2.71
12.29147136 -4.296676538 12.29147136 0.01902661088 19.37572473 7.517998869 6.122489169 -1.95
11.238381 -0.05390575821 11.238381 0.05043945673 20.28 8.788534343 4.609418283 -4
12.97775485 -3.611765788 12.97775485 0.0953338113 19.79200886 8.818980784 5.509180654 -1.96
13.47378515 -0.7843258481 13.47378515 0.00787074961 50.84413589 24.45774415 14.97251724 -4.56
12.81730442 -3.929829111 12.81730442 0.0293823004 21.50009218 8.077011214 4.350107134 -2.73
13.49237248 -3.551423941 13.49237248 0.004531774359 27.02656574 11.15830168 5.943000408 -3.02
5.380699641 0.2798868575 5.380699641 0.2798868575 9.468034877 3.464156601 1.271796822 -2.56
12.57563468 -0.07903202948 12.57563468 0.07903202948 15.31603527 5.696055478 2.842178344 -1.22
5.849863691 0.4852116946 5.849863691 0.4852116946 25.52398634 10.43109192 4.75841496 -2.75
4.589029667 0.9003935185 4.589029667 0.9003935185 11.73155954 4.795954741 1.926697857 -2.07
5.271766994 0.7450479404 5.271766994 0.7450479404 14.37720341 5.767110965 2.395793138 -3.22
5.939768519 -0.05883975813 5.939768519 0.05883975813 11.38436062 4.881735942 2.577929667 -1.71
10.28887125 -0.6280337722 10.28887125 0.207326891 20.0690591 9.518994463 4.503684747 -3.22
12.09838235 0.02506991686 12.09838235 0.02506991686 11.73155954 4.213962559 1.68322627 -2.07
13.86169642 -1.019818105 13.86169642 0.01521215533 24.9679479 11.52573429 6.29410094 -4.14
13.41675595 -4.75734943 13.41675595 0.03656730363 25.14245825 9.591596235 5.164174128 -3.96
13.47595506 -0.2874148177 13.47595506 0.0526938988 20.86553365 8.389650845 4.691639772 -3.39
11.99363616 -0.8850088716 11.99363616 0.03130320658 24.09276917 11.86479359 6.673662536 -2.18
14.13832085 -0.2826840193 14.13832085 0.1553698271 19.43448588 7.016620864 3.284182497 -3.53
2.599395314 0.6925982615 2.599395314 0.6925982615 11.79043064 5.149039616 2.171666502 -1.28
6.070584857 0.3340272973 6.070584857 0.3340272973 16.85474752 6.48721917 2.843362237 -1.06
14.39286092 -3.357824636 14.39286092 0.1134970523 23.88337155 10.34054531 5.632870403 -4.26
12.8201059 -4.758991018 12.8201059 0.04481042169 26.47432702 10.6434788 6.102881791 -4.13
14.45190476 -2.031638282 14.45190476 0.01662151971 112.6611515 55.62263758 37.90160003 -11.66
13.52358651 -0.3318061461 13.52358651 0.1872668575 20.42421185 8.221553451 3.678748951 -3.48
13.18180086 -1.041447429 13.18180086 0.0128171935 22.12473417 7.459434856 2.882275383 -3.1
12.95205488 -0.9644597428 12.95205488 0.03888158517 21.99892774 7.294065851 2.816018407 -3.03
13.84459005 -0.8772018561 13.84459005 0.04781837217 25.80988305 9.315989878 3.546342011 -3.87
12.80560976 -3.359108986 12.80560976 0.4023177204 20.57744851 8.985221155 4.734018479 -1.69
13.19218155 -0.02013130406 13.19218155 0.01370056829 18.70121264 7.402286771 3.830594491 -1.65
13.32006784 -0.6458906488 13.32006784 0.502067585 18.48177204 8.009974145 4.182456339 -1.88
12.06076912 0.1971228766 12.06076912 0.1971228766 19.46572366 8.662287234 4.581551662 -1.85
11.53364641 -0.659783347 11.53364641 0.07262597632 17.05636716 6.994053963 2.961655235 -1.78
13.32673823 -4.53358465 13.32673823 0.07220015463 24.246531 9.22383783 5.696876267 -3.4
13.94176831 -1.219905729 13.94176831 0.09623789764 23.48691137 9.292901871 5.462259772 -2.67
12.54422918 0.05650250456 12.54422918 0.05650250456 19.45615579 9.092536824 4.42749887 -2.86
13.692202 -0.1978257811 13.692202 0.02866633199 21.01032283 8.943996238 3.994079926 -2.86
9.252350246 0.1715854119 9.252350246 0.1715854119 8.65469697 3.809658461 1.784007561 -1.44
12.50258883 -3.230738234 12.50258883 0.006140663055 22.27914114 9.164001911 5.813384565 -1.41
13.92423021 0.06087637555 13.92423021 0.06087637555 23.06110875 9.884236745 4.910264079 -3.7
6.222011352 0.3252949323 6.222011352 0.3252949323 15.35368557 6.374364041 3.069896578 -2.18
13.14586875 -0.2110738682 13.14586875 0.2110738682 22.87835199 10.09735613 4.866575071 -2.3
12.43521869 -1.017891184 12.43521869 0.005138888889 23.26166733 7.820703868 2.71298103 -1.87
12.83959914 -0.8690982458 12.83959914 0.08280361225 21.13808089 7.068933149 2.473058317 -1.98
9.14773427 0.01841082699 9.14773427 0.01841082699 16.60778136 7.486864947 4.604768392 -0.76
12.63793139 -0.8132780537 12.63793139 0.2384539413 24.13872626 11.38316716 6.733219151 -3.51
12.56795798 -0.1696455265 12.56795798 0.1696455265 19.36242633 7.665727588 3.549654531 -2.33
11.57046387 -0.7002554226 11.57046387 0.1011057247 21.16345429 8.963250928 4.360228368 -3.08
13.79531858 -0.9504061496 13.79531858 0.05325310217 18.98501867 7.841843705 4.141675174 -2.79
12.89846789 -0.4948983791 12.89846789 0.08877377803 16.10064743 5.699250988 2.286072562 -1.77
14.03209433 -4.186263728 14.03209433 0.02001853834 34.33540211 17.23470105 10.51019652 -3.54
12.94990748 -4.687587992 12.94990748 0.1049651597 23.93426492 10.11427873 6.869651735 -2.34
10.58504527 -1.008184721 10.58504527 0.3567371872 18.72280998 8.548905463 4.980588163 -3.06
4.776384659 1.024026377 4.776384659 1.024026377 17.1023294 7.916760794 3.9085635 -2.33
11.53056927 -0.7059480848 11.53056927 0.09662192195 19.30310853 8.15090672 3.924063808 -3.02
12.82225146 -3.852251898 12.82225146 0.04090732917 19.99238513 7.847150529 4.026404871 -3.3
13.17377457 -0.5418251606 13.17377457 0.2444058642 16.54618717 5.216444108 2.157552556 -2.62
8.29113237 0.2103541903 8.29113237 0.2103541903 13.8536269 5.14365019 2.787138571 -0.78
12.90838323 -2.399250523 12.90838323 0.05004971852 19.23463143 8.438124543 4.795056459 -1.533116883
15.36173404 -0.5760803823 15.36173404 0.04891793484 25.06062467 10.49365181 4.824628929 -5.24
13.09801731 -0.275924115 13.09801731 0.07401031926 21.18070827 8.689774431 4.328892532 -3.68
12.21027542 -0.2598715042 12.21027542 0.1776851852 12.17357109 4.200132411 1.839348989 -0.59
13.9921479 -0.6953354796 13.9921479 0.04949005837 21.61786464 7.31566147 2.779235495 -3.45
11.43887152 -1.17141289 11.43887152 0.4324390457 24.45443361 11.17025136 6.265724648 -3.67
13.52586378 -0.9479431135 13.52586378 0.2507038402 17.86860051 7.32246617 3.239438213 -4.2
13.25882735 -4.55037095 13.25882735 0.03999608949 22.46344749 8.660260581 4.311248921 -3.73
14.37502059 -1.382645854 14.37502059 0.01891515337 53.45599816 28.09840264 20.0093894 -6.68
13.14066253 -4.694981812 13.14066253 0.009375 15.75887168 4.881525507 2.067151909 -1.75
11.60772479 -1.002746801 11.60772479 0.2548657223 22.14529688 10.50271255 6.007882374 -4.06
13.11270322 -0.1645936601 13.11270322 0.02723852816 24.59003147 12.79919977 7.490649819 -2.53
12.01575696 0.04938768974 12.01575696 0.04938768974 20.41517742 10.28607999 5.825987669 -1.32
13.67765824 -4.595368528 13.67765824 0.003476311155 24.94271114 10.49517443 6.428689537 -3.69
4.227248677 0.9383158541 4.227248677 0.9383158541 10.14497376 3.769114003 1.547048152 -2.03
13.24638625 -0.5986821865 13.24638625 0.4047574355 21.66370491 10.16546795 5.371822508 -1.56
11.44953676 -0.869131379 11.44953676 0.05818927417 17.36814189 6.593923842 2.898565546 -3.05
13.93997313 -4.06769985 13.93997313 0.05879834902 33.87458422 14.62563892 8.521467289 -6.01
13.38939003 0.1440371001 13.38939003 0.1440371001 26.67650576 12.23972577 5.944520264 -2.38
12.64390373 -0.346015036 12.64390373 0.2690862387 19.34136348 8.17562975 4.055995203 -3.98
13.65267045 -0.2026766561 13.65267045 0.1675168888 24.05293922 10.53083258 5.131798382 -1.66
6.015326634 0.4967530298 6.015326634 0.4967530298 15.55168794 7.282198138 3.893761427 -1.34
13.10959065 0.06961299104 13.10959065 0.06961299104 25.07604966 10.4145043 4.635448358 -1.59
12.65464436 0.02360899285 12.65464436 0.02360899285 21.12687505 9.271767294 5.264258559 -1.59
6.297741875 -0.06597974143 6.297741875 0.06597974143 17.45380111 9.286459138 4.801490934 -0.9
5.330257228 0.3807407407 5.330257228 0.3807407407 11.47870077 4.247918181 1.750595161 -1.61
13.29745305 -1.218718094 13.29745305 0.01504398071 23.19681998 8.02789655 3.122821525 -2.94
5.820688146 0.2245252268 5.820688146 0.2245252268 11.65804996 4.447829199 1.767559868 -3.15
12.38307037 -3.789878401 12.38307037 0.0124980874 27.14879285 10.97859747 5.792101724 -3.43
13.22608532 -0.1481064679 13.22608532 0.06234632408 20.20327948 7.977220157 3.996111142 -2.08
10.82353625 -1.016761008 10.82353625 0.1009246342 27.92837857 12.70130911 7.125545953 -4.62
12.36151208 -0.9707234485 12.36151208 0.07714658736 18.51768065 7.382852006 4.594629291 -2.82
11.90205138 -0.5348500168 11.90205138 0.1955192362 24.47380262 11.66097703 6.697462228 -3.65
11.65362206 -0.9006978911 11.65362206 0.01204956495 24.87404737 11.91451906 7.374833386 -2.76
13.19573324 0.04123901091 13.19573324 0.04123901091 23.48628118 9.516802907 4.388423279 -2.91
14.05392306 -0.4571630658 14.05392306 0.08230040627 14.78299077 6.74722186 3.040884119 -2.14
14.26463436 -3.246079854 14.26463436 0.004642987234 26.63762186 10.51812303 5.946243012 -3.42
10.95396885 0.009595872944 10.95396885 0.009595872944 16.52507156 7.973574745 4.585056077 -2.33
13.44988351 -4.871439586 13.44988351 0.1170453567 23.00281662 8.111623031 4.817740022 -2.67
13.01080471 -0.08808872932 13.01080471 0.08808872932 18.96857621 8.33102064 3.910341703 -2.37
14.30595764 -1.094369579 14.30595764 0.01198635496 33.9420021 14.66979506 7.226208881 -5.94
4.078703704 1.118055556 4.078703704 1.118055556 5.28986014 1.948262116 0.8609369313 -0.85
13.2481743 -4.82882098 13.2481743 0.07076483371 18.86846226 6.673337386 4.440864665 -2.91
12.56180933 0.008616780045 12.56180933 0.008616780045 14.69586858 5.963410941 2.601881771 -2.88
11.04071568 -0.7472121906 11.04071568 0.08158422257 24.8516381 11.44497219 6.450425476 -3.26
6.14233278 0.3163183946 6.14233278 0.3163183946 17.96205747 7.055088516 3.069496548 -2.1
14.33162706 -1.549675926 14.33162706 0.2982001134 17.24352945 6.066548559 2.271372092 -3.87
14.17775017 -2.117332994 14.17775017 0.009374089854 107.5406863 51.57959288 37.42839582 -12.64
15.08390849 -2.969347231 15.08390849 0.1304759066 26.87964928 9.947563843 4.92204963 -4.32
10.97831345 -0.3246822641 10.97831345 0.01949047829 21.95352415 7.489860472 2.620221343 -2.08
12.52995181 0.05986678005 12.52995181 0.05986678005 11.90393769 4.194039023 1.819097138 -2.16
13.65733802 -1.017551561 13.65733802 0.1492916843 32.21880019 14.6548647 8.225514912 -4.7
11.95265023 -0.1304475309 11.95265023 0.03714002268 14.99903188 7.391222319 3.23871366 -1.06
14.71538124 -0.9985333995 14.71538124 0.356424398 20.66385042 8.639834429 3.883686719 -2.6
5.233009728 0.5355030743 5.233009728 0.5355030743 22.08155518 9.636275654 4.810056115 -4.73
12.50755249 -4.852769939 12.50755249 0.03312732925 23.53138353 10.45531285 6.672847587 -2.13
11.95905053 -0.2731387433 11.95905053 0.1943777058 19.59447041 7.716613645 3.432899408 -3.36
17.00319424 -4.9277535 17.00319424 0.2105021731 23.92206752 7.139159899 2.949279831 -1.22
10.26175926 -1.11287037 10.26175926 0.06712962963 6.60778563 2.389632707 1.074893623 -1.51
6.15962963 0.01384259259 6.15962963 0.01384259259 14.4099723 7.555555556 3.746097815 -2
12.95612858 -0.09910538069 12.95612858 0.09910538069 37.56250035 15.81150216 7.415384022 -2.7
10.34143235 -0.4241666667 10.34143235 0.08694444444 6.778847132 2.297993724 0.9142981321 -1.91
15.19498068 -4.828054567 15.19498068 0.0229388721 26.87958572 10.45452987 5.384271729 -4.71
13.90528056 -0.5172235969 13.90528056 0.06195272791 25.04172518 10.84797984 4.817941105 -3.26
13.8623546 -3.748372908 13.8623546 0.008107888217 34.61007453 14.88734836 8.505134432 -4.26
13.1866159 -4.491560174 13.1866159 0.1015651787 26.84178847 11.89102107 6.962899599 -4.21
12.80244042 -1.084122674 12.80244042 0.06545560801 19.84866783 8.505400503 4.431058756 -4.45
11.88899098 -0.3105999323 11.88899098 0.09272065342 26.25862854 9.91821828 4.420803118 -0.81
5.769565539 0.2515594293 5.769565539 0.2515594293 10.71911392 5.387195531 3.570993436 -1.36
6.120961864 0.604415155 6.120961864 0.604415155 13.84252143 6.042140332 3.689650706 -1.58
11.87064101 -0.1396581204 11.87064101 0.08640993791 19.58056015 9.178707607 4.822060056 -2.73
13.34572719 -1.054979582 13.34572719 0.0448627632 28.64821255 14.13269908 9.186353733 -3.92
10.46510188 0.1415392918 10.46510188 0.1415392918 16.85575943 7.340062784 3.374484744 -2.59
11.24321766 -1.022902449 11.24321766 0.1293195815 15.29201294 6.655162071 3.584337795 -3.61
12.497087 -0.005915869019 12.497087 0.005915869019 24.39687205 11.62304969 5.73769951 -3.3
12.20100801 0.1011359334 12.20100801 0.1011359334 19.39875451 9.522070382 5.114456052 -1.92
6.188723407 0.2720470177 6.188723407 0.2720470177 17.87794435 7.32822928 3.490818975 -3.19
11.12412028 -1.276206897 11.12412028 0.3903695323 19.29598277 8.479830703 5.266764033 -3.47
13.31376955 -0.2688864841 13.31376955 0.03156203613 20.78868903 8.341488953 4.357034498 -3.47
11.00617773 -0.7396379918 11.00617773 0.1197909345 19.24573475 8.113866179 4.340264608 -3.08
13.42986759 -0.6022813259 13.42986759 0.03787373447 21.00004957 9.705234089 5.671752299 -3.25
5.841961962 0.4869206775 5.841961962 0.4869206775 12.64491875 5.035156312 2.223114455 -3.08
10.30588356 0.1765883228 10.30588356 0.1765883228 17.49164971 6.667654269 2.718193904 -1.92
12.2236349 0.2172164556 12.2236349 0.2172164556 24.18772657 11.96153374 6.767200426 -2.46
6.107117547 0.4810889264 6.107117547 0.4810889264 18.25296757 7.860244646 4.069590592 -3.12
13.7279175 -4.016766788 13.7279175 0.05741173576 28.05835358 12.2662773 7.331165113 -3.96
12.37282096 -0.2824776308 12.37282096 0.2824776308 22.90876039 10.18013843 5.29454642 -3.86
13.80514592 -4.162276638 13.80514592 0.03857312517 31.2403819 14.46055536 8.418759178 -3.7
12.51498907 -3.454714796 12.51498907 0.02668417373 21.55783026 10.09169164 5.72781089 -2.67
11.80627978 -3.268591294 11.80627978 0.07699589475 24.01882039 9.626773763 5.517526778 -4.12
7.411593753 -0.08179394211 7.411593753 0.04086880614 24.74838353 8.844491166 3.185933132 -2.82
13.43077361 -4.413761451 13.43077361 0.2178088341 19.73571742 6.643295579 3.285352263 -3.21
12.76548954 0.1013602141 12.76548954 0.1013602141 21.63482726 9.271346965 4.265910772 -2.59
5.860785384 0.7615902935 5.860785384 0.7615902935 15.50358214 7.746285958 4.079983608 -1.39
6.347002359 -0.01019752843 6.347002359 0.01019752843 23.68993658 13.29607504 7.81594742 -2.46
11.10402311 -0.2777696261 11.10402311 0.2426369814 18.5480917 9.455514476 5.377650945 -2.24
13.46598436 -0.646913554 13.46598436 0.0001879224981 23.29363302 9.172432822 4.237741435 -2.87
11.92651268 -3.207084302 11.92651268 0.05570761074 24.69659671 10.0570624 5.989159079 -3.42
14.46946103 -0.4471737498 14.46946103 0.00744458314 20.74066919 9.093639999 4.960772899 -2.52
12.66958153 -0.4076707055 12.66958153 0.3278534855 20.08402429 9.509849634 4.793585622 -1.66
4.408408919 -0.04909604119 4.408408919 0.04909604119 12.66258162 4.63308663 2.366026871 -2.36
12.67095797 -3.890475402 12.67095797 0.004140247998 22.18384809 8.489733142 4.613574438 -4.02
12.96613272 -1.063518484 12.96613272 0.04618133358 18.94947099 7.555801143 3.513610927 -2.39
13.19470511 -0.1876097068 13.19470511 0.04639961282 21.01978609 8.950050465 4.242809409 -2.85
13.76423901 -0.7556849042 13.76423901 0.06016171198 24.56958318 10.18610969 4.57136974 -4.76
10.19571417 -0.2182350718 10.19571417 0.03969563442 20.43349098 8.119908712 3.255990445 -2.84
11.25122567 -0.9867277847 11.25122567 0.1916165386 15.35368557 6.032821244 2.855292746 -3.18
12.98484681 -4.453518536 12.98484681 0.1324429861 21.60509213 9.14682589 5.941477745 -2.1
13.18517582 -0.2476838137 13.18517582 0.03503096445 19.82951014 8.49288309 4.103483151 -3.47
8.726697846 -0.3177258125 8.726697846 0.3177258125 8.92 6.046262626 7.92 -0.08
5.755668804 0.5893079878 5.755668804 0.5893079878 21.09616156 9.77155616 5.305912329 -2.15
13.87052232 -0.1764818967 13.87052232 0.04841109746 20.11698899 7.261553305 3.096114061 -2.17
13.200525 -0.8739143238 13.200525 0.07153942039 28.17568489 11.7657679 7.31502314 -2.4
13.11714373 -2.826593775 13.11714373 0.01845151314 26.94613468 10.96372677 5.510905318 -3.25
14.16913785 -0.3983261016 14.16913785 0.1597290876 20.76438678 9.165920628 4.276969232 -3.12
13.56136292 -0.9091352425 13.56136292 0.1104224237 23.20668328 10.77164422 5.158922157 -1.96
9.222653074 -0.4568302259 9.222653074 0.1735224553 13.53881876 5.903761034 2.584329019 -2.44
12.49389916 0.08118092568 12.49389916 0.08118092568 22.94411139 12.20347402 7.17349 -2.73
3.457064279 0.6095890023 3.457064279 0.6095890023 10.54744352 4.722156476 2.245673252 -1.6
8.753757863 0.6034535669 8.753757863 0.6034535669 21.740722 10.21921875 5.233607327 -2.48
11.25299432 -0.4821474632 11.25299432 0.2362458926 29.43049441 11.18418997 4.590397876 -3.71
13.12650338 -0.2190834558 13.12650338 0.0905717362 22.27153544 9.760481653 4.478049724 -2.53
13.11026254 -0.2968565235 13.11026254 0.02643478266 21.740722 8.943675983 4.418724462 -3.48
5.471391447 0.359064847 5.471391447 0.359064847 21.21858507 8.713409213 4.096178459 -1.64
11.18681667 -0.7234981523 11.18681667 0.2079845889 18.42455381 7.972459818 4.0064023 -1.94
13.39703503 -0.3069035117 13.39703503 0.1574890721 19.63212861 8.074472677 3.738912551 -2.32
2.270277778 1.317389928 2.270277778 1.317389928 11.48365295 4.076023615 1.42139731 -2.34
11.77982572 -3.82197733 11.77982572 0.05993496599 20.75987638 7.637285319 4.072096 -3.5
12.73573922 -0.09302043966 12.73573922 0.09302043966 24.68770289 11.77931518 6.772558388 -1.95
12.14415896 -4.982177724 12.14415896 0.1061370937 16.33257444 6.380417443 4.462180982 -3.04
13.8256108 -3.613254308 13.8256108 0.0006755438187 25.47833717 9.610510625 4.896499039 -3.17
13.12127149 0.3545590824 13.12127149 0.3545590824 19.54227682 8.713595777 3.880897788 -0.77
9.54118215 -0.004735712186 9.54118215 0.004735712186 13.9696424 5.677141697 2.622703659 -3.45
12.80943659 -3.51849756 12.80943659 0.001036612742 27.60067301 11.532038 6.518185075 -3.43
11.37886432 -3.734475309 11.37886432 0.0112037037 10.8085546 3.849655805 2.609583706 -1.27
14.97014852 -4.826959589 14.97014852 0.02012011744 24.03384075 8.763302107 4.389391595 -4.68
13.15574678 -0.1274021046 13.15574678 0.1217384545 20.44308636 8.497973163 3.804300213 -2.83
11.66689747 -0.3645760935 11.66689747 0.2279580098 18.36734694 7.552647234 3.68 -3
12.59442848 -0.007439156346 12.59442848 0.007439156346 16.24045986 6.940049754 3.297535993 -2.24
12.24966766 -4.271296949 12.24966766 0.02741565863 23.13906676 10.27288219 6.268475321 -2.03
13.78966978 -3.83986425 13.78966978 0.1057040895 26.42380275 10.38409035 6.025046261 -1.64
13.03480029 -0.07510833182 13.03480029 0.01525515453 18.39284668 7.076871862 4.060414232 -1.4
12.54872321 -1.307234688 12.54872321 0.01333389349 26.98235856 13.46883762 9.163616397 -2.613116883
12.86936095 -0.1639737833 12.86936095 0.1639737833 17.78213997 8.887692567 5.234633301 -1.03
12.94097278 0.07771580825 12.94097278 0.07771580825 23.62345524 9.865579585 4.722170447 -3.11
13.88611962 -4.142962493 13.88611962 0.3756737412 22.38629865 9.768268006 5.323331655 -2.81
12.44596531 -0.01221623678 12.44596531 0.008436706317 18.12910884 8.625663348 4.528461538 -3.25
12.42106932 -0.05388674407 12.42106932 0.05388674407 21.41350069 10.47069685 5.870605573 -2.82
13.17067464 -0.295100475 13.17067464 0.09183655098 22.99349505 11.64873588 7.615119283 -3.29
12.85841234 -4.435551511 12.85841234 0.08580078945 18.76164586 7.306707648 3.722536747 -2.02
6.067917018 0.3256186849 6.067917018 0.3256186849 19.68586234 9.251803307 4.857264202 -1.62
13.27441922 -0.9663034874 13.27441922 0.2506046863 11.79988654 4.438482145 2.083033175 -2.27
12.79411354 -1.15434369 12.79411354 0.2635710449 19.6071549 7.84159017 4.057808668 -3.15
13.15697895 -0.8903172564 13.15697895 0.09264042566 25.25882856 10.82926676 5.858890528 -3.84
14.34269362 -1.128792885 14.34269362 0.01938438456 36.42643992 16.61374158 9.14611568 -3.41
11.79947565 -3.147500969 11.79947565 0.1371426406 23.76730156 9.853959958 5.750076067 -3.38
14.22904764 -0.4770696309 14.22904764 0.08964885872 23.54490997 11.4976744 6.247014393 -3.61
11.74259726 -0.1336414723 11.74259726 0.1336414723 19.57797387 10.2309392 5.925592837 -3.18
12.80155622 -4.555523632 12.80155622 0.06858267286 26.87728449 10.49318496 6.692691518 -3.72
10.83519774 0.4286624028 10.83519774 0.4286624028 20.22245804 9.626472918 4.735517339 -3.06
12.28074161 -0.5275087921 12.28074161 0.09959713824 14.1983737 5.560848 2.326319065 -2.75
5.978595674 0.7656131745 5.978595674 0.7656131745 21.38057433 11.00963515 6.328956062 -2.33
12.88614997 -0.5431988203 12.88614997 0.02394514313 22.61778566 10.36437221 5.425111561 -2.57
6.00779074 0.7895355512 6.00779074 0.7895355512 16.60187854 6.873276561 3.154908403 -2.56
12.66487796 -0.08965561224 12.66487796 0.08059117011 17.42391434 8.119132653 3.805832564 -1.4
11.00536038 -3.201228175 11.00536038 0.2143209386 16.35137575 6.939614432 4.272788479 -2.51
13.00480141 -3.076275938 13.00480141 0.05597892148 22.14529688 9.203126976 4.900314381 -4.06
13.54146533 -4.528456994 13.54146533 0.01560555241 21.41751712 8.165626474 4.049982199 -3.43
14.33463734 -4.073043546 14.33463734 0.04925724509 41.97893174 19.67771101 12.93416143 -6.64
12.90469993 -0.7213840334 12.90469993 0.2011258912 26.56958071 12.65199579 7.50269271 -3.49
13.31445461 -0.8138675591 13.31445461 0.06991881521 27.17247899 12.58541199 6.707986641 -3.87
12.37308757 0.01065884095 12.37308757 0.01065884095 19.40832068 9.528903316 5.124797645 -2.91
4.794788517 0.7586827601 4.794788517 0.7586827601 16.15539591 7.276686185 3.519321094 -3.33
12.46642584 -0.9181985387 12.46642584 0.1023100907 22.62320586 6.650074274 2.377543479 -1.56
5.37678844 0.4052992068 5.37678844 0.4052992068 21.195376 8.234981716 3.544872423 -2.11
13.63145197 0.06170059221 13.63145197 0.06170059221 21.90117746 10.3446476 4.86182514 -1.92
12.88683082 -3.595512473 12.88683082 0.05758807844 23.59484042 9.485120014 4.841837854 -3.14
13.02541728 -0.478381719 13.02541728 0.1917955842 25.87986642 11.68963978 6.725268633 -4.2
6.278838186 0.2318774348 6.278838186 0.2318774348 21.88516798 9.436113745 4.935858232 -1.33
13.78671166 -4.704267102 13.78671166 0.008096602296 24.35864243 8.361587013 4.35919764 -3.34
12.77420286 0.08014423102 12.77420286 0.08014423102 22.33808755 10.63846875 5.127364147 -2.86
12.99437949 0.2757575724 12.99437949 0.2757575724 18.51992381 8.035013889 4.198232608 -1.84
11.289302 -0.9666147014 11.289302 0.4311370937 16.65693839 8.06294586 5.244059396 -1.71
12.9717091 0.1675069588 12.9717091 0.1675069588 21.62606228 9.340220354 4.340129681 -2.21
13.14020165 -0.1900635168 13.14020165 0.1190515557 21.36540247 9.094900375 4.298957902 -2.87
11.40248236 -0.9391903332 11.40248236 0.3389352079 22.80113152 9.62804687 5.010700008 -3.38
15.45853262 -1.269477715 15.45853262 0.02430444629 26.36082206 10.85406477 5.063067316 -3.25
12.81915542 0.1637400349 12.81915542 0.1637400349 20.21286862 9.619745544 5.30010076 -2.07
9.192675479 -0.05057203415 9.192675479 0.05057203415 20.50066402 9.822140044 4.855947608 -2.77
12.63754691 -0.6910871862 12.63754691 0.04033527182 21.00004957 8.115495153 4.747428701 -3.25
5.333310463 0.7478719188 5.333310463 0.7478719188 14.07781604 5.584389259 2.210170017 -1.54
5.861782407 0.1327314815 5.861782407 0.1327314815 9.669382737 3.2237722 1.329783581 -0.54
13.4370213 -1.121275045 13.4370213 0.1920769683 35.21850527 17.32489584 9.927914282 -5.64
13.33267806 -0.7593881868 13.33267806 0.09813930226 24.9679479 11.52573429 6.10990822 -3.14
5.431640605 0.9578311602 5.431640605 0.9578311602 15.10942294 6.973167844 3.50393586 -1.8
5.460004796 0.690935835 5.460004796 0.690935835 20.66040062 8.720916726 4.263330814 -2.23
4.346678477 0.6470744625 4.346678477 0.6470744625 12.38719728 5.994853705 3.217162436 -1.65
10.07696523 -0.4588888889 10.07696523 0.06407407407 6.538764846 2.344994096 1.222616942 -1.58
6.385895219 -0.07275876323 6.385895219 0.06542894936 16.54317137 5.814058701 2.435101399 -2.92
12.74294873 -3.689890302 12.74294873 0.1603894684 19.94447261 8.179989018 4.632541539 -2.35
15.14744119 -0.4454669785 15.14744119 0.0811146542 20.42556754 6.804017363 2.315461541 -1.95
11.75641228 0.002385228948 11.75641228 0.002385228948 19.39685735 8.658392256 4.021909218 -2.57
13.47011096 -0.538292706 13.47011096 0.1616205803 10.73907057 2.81046772 0.8052473687 -0.93
14.75638828 -4.567389502 14.75638828 0.1152113092 20.33923328 7.534287659 3.445676546 -3.57
12.77650258 -1.074401366 12.77650258 0.05024332812 19.44181924 9.053346542 4.892151651 -3.32
13.54490695 0.007853606497 13.54490695 0.007853606497 19.10543163 7.748789184 3.583430582 -1.88
10.31467523 -0.8320616794 10.31467523 0.1071343537 18.51992381 6.95682643 3.899311468 -1.84
13.99971427 -1.343444733 13.99971427 0.06487981612 27.08731067 12.91362706 8.648138459 -3.16
13.23946814 -0.338240557 13.23946814 0.1932085118 21.88516798 9.863323684 4.953508432 -4.33
10.37667753 0.02599584278 10.37667753 0.02599584278 12.17357109 4.46331842 1.839348989 -2.59
13.30347643 -3.119079144 13.30347643 0.02917340442 30.28344331 13.86105418 7.42907932 -4.18
13.01676209 -0.2687664038 13.01676209 0.06114790669 16.19387755 6.02055165 2.476318359 -3
12.40746941 0.174775642 12.40746941 0.174775642 19.37005771 9.033017483 4.716452582 -1.95
13.97375537 -0.6031033128 13.97375537 0.09749473361 20.6198174 9.392502294 5.239495529 -3.11
14.46881995 -1.426656913 14.46881995 0.0400969249 55.96043306 29.38191721 21.58095841 -7.17
13.97650428 -3.975448974 13.97650428 0.00564414198 25.81744897 9.94544358 4.778933865 -3.44
12.90437328 -0.8289386961 12.90437328 0.1925265138 26.60846048 13.19661062 7.291060181 -4.45
10.9986235 -0.7461778516 10.9986235 0.1116840042 19.52313684 8.293382963 4.455409559 -2.79
9.479914918 0.2844209983 9.479914918 0.2844209983 20.96105546 11.29219069 5.866581185 -1.76
11.52740314 -0.3585793511 11.52740314 0.3585793511 20.67345189 9.480717073 4.758039295 -2.59
11.03447424 -0.9325811736 11.03447424 0.123328245 25.07458664 11.59990635 6.351634432 -3.03
13.24027144 -3.250717724 13.24027144 0.05895818945 27.80513199 13.02983067 7.423759697 -3.22
13.15607614 -4.591362635 13.15607614 0.07447879339 23.46758004 9.661077191 4.802033814 -3.69
13.88235182 -0.6168230463 13.88235182 0.009160205935 29.27697671 13.57355005 7.086283645 -4.71
12.37829815 -0.161226117 12.37829815 0.161226117 15.92872063 6.056449989 2.943120588 -2.57
11.98331354 -0.2836722884 11.98331354 0.0305009938 25.06647602 10.40841924 4.721116202 -2.6
10.54896352 -0.151222306 10.54896352 0.09568824428 23.30881472 8.650430778 3.938040763 -3.44
13.44329104 -0.3894609163 13.44329104 0.007228875455 17.78452474 7.270666769 3.24065958 -3.29
14.24376039 -0.4462758776 14.24376039 0.1057624717 14.01656691 6.224214912 3.053123345 -1.94
12.72019182 -3.961215087 12.72019182 0.07206156984 22.17420996 8.841275473 4.912169829 -2.03
12.68286806 -4.586893106 12.68286806 0.004859060752 32.29711634 14.23409291 8.942363888 -4.62
9.350459026 -0.03569444444 9.350459026 0.03569444444 11.75261256 4.747079654 1.934979918 -1.32
13.44184838 -4.579524273 13.44184838 0.01424121173 27.55200113 11.50022054 6.890597793 -2.48
12.83091506 -0.1312762188 12.83091506 0.1312762188 16.01369601 6.436819345 2.834572362 -3.48
5.861824767 0.3163349833 5.861824767 0.3163349833 15.29721282 6.338787742 2.406213108 -2.24
12.97864238 0.02360114605 12.97864238 0.02360114605 20.60624687 9.896646255 4.729487403 -2.66
13.38076517 -0.4219979314 13.38076517 0.03291176752 28.24632034 13.37764857 7.468863679 -4.29
13.18834032 -0.3532190758 13.18834032 0.03173159935 26.46200062 9.706787161 4.292587499 -2.76
6.009738289 0.7029688065 6.009738289 0.7029688065 19.5997035 9.191985364 4.639541368 -1.71
13.20654831 -2.303557711 13.20654831 0.05109661336 27.95727456 12.28912211 6.267992758 -4.59
13.58584388 -3.929688557 13.58584388 0.1098291709 19.15013497 7.010380442 3.866133823 -3.18
12.8710163 -0.3621766283 12.8710163 0.03257609768 11.46926413 4.242357076 1.970561386 -2.62
13.16611147 -0.6975453591 13.16611147 0.01948062706 25.23943185 10.81642285 5.865905055 -2.86
11.37358386 -0.5982160004 11.37358386 0.2293366176 41.86539268 17.80390693 7.801161614 -2.12
11.28813939 -0.467052934 11.28813939 0.3391737528 15.68522815 5.732123637 2.569273631 -1.55
13.33338147 -1.003007478 13.33338147 0.1527727082 25.5789689 11.04184702 6.385166477 -2.51
11.44183049 -1.326013387 11.44183049 0.4952093768 23.16804408 10.29244002 5.863832232 -4
9.976856252 0.1252350246 9.976856252 0.1252350246 15.2702332 5.771564545 2.444444444 -2
12.55967577 0.1997843818 12.55967577 0.1997843818 24.57851283 12.22540705 6.168042343 -3.11
13.48097921 -3.493389188 13.48097921 0.2414920284 19.81605033 7.350590639 3.042538928 -2.84
10.94414577 -0.2380630748 10.94414577 0.004587585034 19.08894822 5.198708137 1.739977436 -1.26
13.12332138 -0.2389966355 13.12332138 0.1860660496 17.28267148 7.621058969 3.984481737 -2.14
13.48998952 -3.989389409 13.48998952 0.05502307795 25.15215486 10.34925504 5.658451775 -2.95
10.78098692 -0.7826546893 10.78098692 0.01959748702 23.3257833 11.32749645 6.577557381 -3.34
13.002972 -0.1126123026 13.002972 0.05606247095 24.31490794 10.02761425 5.175854674 -4.03
12.57041042 -0.08341847233 12.57041042 0.04026241567 19.1696281 8.393994681 4.769652299 -2.6
5.633368771 0.2350453515 5.633368771 0.2350453515 17.28390452 6.201696604 2.482333674 -1.59
13.24350027 -3.793598356 13.24350027 0.2189159213 22.73357437 8.480217655 4.808609878 -2.45
12.33021946 -0.02370173912 12.33021946 0.02370173912 24.32997263 11.1324034 5.241075277 -3.37
13.04027062 -0.21289817 13.04027062 0.03329497849 20.07864455 9.525701869 5.230865928 -3.21
6.039627365 0.6332127273 6.039627365 0.6332127273 16.09678329 8.233042777 5.249208713 -0.28
6.128615999 0.7207260461 6.128615999 0.7207260461 20.85895268 9.633712178 4.897172463 -3.02
12.20488019 -0.5333883244 12.20488019 0.09403217784 17.2884589 7.14436302 4.111274483 -2.54
13.15847736 -0.7391526685 13.15847736 0.1803853378 28.14031886 12.41100537 6.674290573 -4.4
12.99959779 -0.4589702092 12.99959779 0.05517148526 19.02979037 5.75575871 2.066490694 -1.69
12.32001732 0.2530308852 12.32001732 0.2530308852 16.52507156 8.502010647 4.585056077 -2.33
12.40698723 0.2535397387 12.40698723 0.2535397387 22.6613368 10.87092971 5.874096352 -2.12
13.93138024 -0.6144010874 13.93138024 0.09032259676 26.74503759 11.49013957 5.230431599 -3.85
9.645109688 0.1224428705 9.645109688 0.1224428705 14.32284807 5.295309666 2.723306949 -2.62
13.59732076 -0.5842978658 13.59732076 0.04674124202 26.64138691 12.13711793 7.509693965 -2.96
14.01287732 -1.21022549 14.01287732 0.05137278997 35.86652271 17.25106933 10.52145432 -4.98
13.03059752 -4.790094614 13.03059752 0.06856145198 27.99054542 11.93637099 8.177698124 -3.25
13.32209222 -0.1347633033 13.32209222 0.03313936711 18.89882699 7.622072707 3.085003069 -3.1
9.923519512 0.3981452713 9.923519512 0.3981452713 22.17653145 10.10346737 4.994705728 -2.63
13.44080819 -0.839382926 13.44080819 0.1097005963 18.78712505 7.819462888 3.840226757 -2.56
13.49928855 -0.5079112602 13.49928855 0.07452625031 16.27725576 6.360005821 2.63274396 -1.91
7.048739103 -0.3406891298 7.048739103 0.00239238471 22.14317685 7.4691008 2.547006873 -2.08
12.56141938 -3.53896385 12.56141938 0.03069220304 25.48792003 11.07017214 6.052004467 -3.16
6.067078045 0.8103853478 6.067078045 0.8103853478 14.88358206 6.43937014 3.320433906 -1.68
10.62079798 -0.9681751414 10.62079798 0.2248050026 23.98979259 11.31922727 6.918118678 -2.15
12.86947779 -0.3103389626 12.86947779 0.2730101373 19.67628802 8.39294926 4.341341072 -3.63
12.43236589 -0.2660879973 12.43236589 0.05623933455 24.33952899 10.71969023 5.244861269 -3.36
8.942707482 0.7032519077 8.942707482 0.7032519077 15.90699487 6.447305067 2.993822842 -2.31
13.5664257 -0.2036512071 13.5664257 0.009556643362 18.18652123 7.189798108 3.272156534 -2.86
5.965260242 0.7842623305 5.965260242 0.7842623305 18.08148549 8.592456853 4.705544569 -2.3
13.01410627 -0.08126623373 13.01410627 0.07704173573 24.90945822 11.14657943 5.695714006 -3.4
13.99121298 -0.4608958753 13.99121298 0.0003867658526 19.55681782 7.085952133 3.021928155 -2.4
12.59988024 -0.21129485 12.59988024 0.06401674978 27.09109327 13.04191757 7.132558498 -3.49
6.507919386 -0.6800618912 6.507919386 0.1973634207 23.11009123 11.18626734 4.980456382 -3.06
13.11318377 -0.3632627929 13.11318377 0.03920967222 22.10729255 9.343760014 4.162911406 -3.38
12.39113905 -0.01922512298 12.39113905 0.01922512298 26.00278576 14.60841302 8.310181887 -2.61
12.95801329 -0.1590115194 12.95801329 0.1590115194 18.40254782 8.814687039 5.289729663 -1.39
14.82274985 -0.6478547257 14.82274985 0.1132659219 28.03433822 13.22967692 7.173652678 -4.51
12.63615037 -0.8061428062 12.63615037 0.2138553815 23.8545858 11.715532 6.839564136 -3.8
12.29750351 -0.9344628392 12.29750351 0.1726652407 24.19752701 11.96878843 7.018046042 -3.45
14.86372982 -0.7741752045 14.86372982 0.08503472981 19.91852796 8.041277591 4.184231904 -2.83
11.61053112 -0.2621523331 11.61053112 0.01568659064 22.02458282 9.59911068 4.48914952 -3.79
12.39192102 -0.06853909465 12.39192102 0.06853909465 14.98690555 5.811598799 2.595048833 -2.57
9.72713207 0.3327704554 9.72713207 0.3327704554 13.95918367 5.78 3.191135734 -2
11.80915358 0.07075819147 11.80915358 0.07075819147 13.6950139 5.35322084 2.853986544 -2.95
12.73770238 -4.512437047 12.73770238 0.005015690969 22.543094 9.337396367 5.719742158 -4.14
11.17962795 -0.7427274047 11.17962795 0.1437253296 18.24343803 7.854024956 3.934196376 -2.13
11.46771898 -0.448337364 11.46771898 0.009853395062 20.68305361 8.275412403 4.176423283 -3.58
12.33349521 -0.07590920782 12.33349521 0.06282879819 14.38989926 5.679968583 2.416909562 -1.55
12.85528813 -3.795268951 12.85528813 0.10187213 23.23768686 10.25285357 6.286038787 -3.43
13.67989329 -0.3668790196 13.67989329 0.1291242002 20.33755135 8.826499353 4.633424841 -3.94
12.88814872 0.2238914609 12.88814872 0.2238914609 19.7720436 8.868063882 4.543027838 -1.53
13.22613876 -3.412564521 13.22613876 0.007406559024 26.50154682 12.1183642 7.47215797 -2.56
5.921780439 0.8157709751 5.921780439 0.8157709751 8.850148319 3.985475357 2.140663502 -0.73
13.70627687 -0.2030424571 13.70627687 0.1335496954 26.03533351 11.11152597 5.30048073 -4.21
13.8725873 -4.690917532 13.8725873 0.01543118398 25.45775409 9.426827903 4.450504063 -3.82
13.50162773 -0.8416801304 13.50162773 0.04270023767 29.95848557 14.53256975 8.448010334 -3.59
5.71760666 0.1759602084 5.71760666 0.1759602084 15.59980174 6.861857822 3.540859587 -3.29
13.03125382 -0.6039436437 13.03125382 0.0468680713 22.84939278 10.07790847 5.346963268 -2.33
6.084504296 0.8440334467 6.084504296 0.8440334467 14.68417693 6.63134797 4.123414159 -0.72
12.42554594 -0.001593353136 12.42554594 0.001593353136 17.50115277 8.190335611 4.261780012 -2.91
12.92387857 -3.546312862 12.92387857 0.1013006694 21.87553668 9.029901168 4.617069462 -3.34
14.61404959 -4.012569497 14.61404959 0.1828544845 21.32692812 8.315718557 4.722869218 -2.91
7.618276076 0.1080363747 7.618276076 0.1080363747 18.0719618 7.742333145 3.845007602 -3.31
14.93525175 -1.052418253 14.93525175 0.02125480304 38.1034371 16.27280893 7.679548317 -4.185064935
12.63131321 -0.7092871464 12.63131321 0.09680434352 22.521318 10.29803586 5.579555425 -3.67
14.10182335 -0.3015070091 14.10182335 0.02798115839 17.84991409 6.988063201 3.064268764 -3.22
12.24411594 0.003964695701 12.24411594 0.003964695701 16.85575943 6.613971534 3.012626035 -2.59
13.20986948 -0.9705774194 13.20986948 0.01172797427 22.22618741 7.512656848 3.00107526 -1.99
12.93967687 0.05869110607 12.93967687 0.05869110607 16.00426675 7.135957648 3.397594369 -1.87
13.65814891 -0.4334241381 13.65814891 0.005512387069 28.5926993 12.77695013 6.589571447 -3.52
12.68632733 -3.922110746 12.68632733 0.07157164664 26.85151229 11.45944362 6.562497716 -2.2
8.816047248 0.6415940051 8.816047248 0.6415940051 12.76714469 5.806686173 2.837624864 -2.25
12.66191164 -0.254438121 12.66191164 0.09296788012 24.52100949 12.20880548 7.484303033 -2.12
12.24463591 -0.1947137637 12.24463591 0.1503755669 19.99238513 9.016851555 4.189417214 -2.3
15.0220829 -3.883273672 15.0220829 0.08780661351 24.55128571 9.964360419 5.55635699 -2.57
14.77378429 -1.436280613 14.77378429 0.001663389935 82.37075561 43.34225063 30.47545044 -9.86
12.89780536 -0.2430025635 12.89780536 0.1593123069 27.17416921 12.24368105 6.013461001 -5.01
13.51258637 0.2403959068 13.51258637 0.2403959068 22.38629865 10.20537126 4.822131959 -0.81
13.51053046 -0.1826122523 13.51053046 0.04357506731 25.70513314 12.04089359 6.238825558 -3.38
12.73532828 -4.340088821 12.73532828 0.02685614375 22.85904565 10.08438979 6.13621113 -3.32
6.570824751 0.08016578563 6.570824751 0.08016578563 16.88058904 7.046228876 3.338342389 -1.26
13.6952639 -1.082276846 13.6952639 0.002494383556 31.03435161 9.586448164 3.415827824 -3.22
8.923913454 0.3136111111 8.923913454 0.3136111111 9.28184073 3.843310687 1.812020926 -2.28
14.82516356 -0.6403910203 14.82516356 0.1051660511 28.78628138 13.75637825 7.72233996 -3.73
12.1944703 0.2925614659 12.1944703 0.2925614659 14.58157465 6.608742951 3.461053522 -1.35
12.5816937 -1.004861636 12.5816937 0.05062816448 21.42937532 9.478778143 5.853802876 -2.28
10.99025416 -0.04315822625 10.99025416 0.04315822625 10.35149959 4.490448267 2.901391201 -0.73
12.68036612 0.02802752583 12.68036612 0.02802752583 14.62951645 6.216005475 2.860347504 -1.3
5.819561472 0.2403015389 5.819561472 0.2403015389 17.49317667 7.142522025 5.100502733 -0.86
14.23800162 -0.603581459 14.23800162 0.04748433248 26.91958309 11.50455646 6.22119531 -4.13
13.47790522 -3.134182283 13.47790522 0.001034201855 29.81492744 12.77980216 6.648140463 -5.24
13.49899747 -0.09471666969 13.49899747 0.06944912694 23.62345524 9.502838996 4.360871304 -3.11
13.42811723 -0.08699609473 13.42811723 0.08699609473 18.77682747 6.928766872 3.047259213 -3.23
13.67060705 -1.003098611 13.67060705 0.3537345496 24.06720373 11.37371851 6.500698631 -4.07
13.30761758 -3.115510331 13.30761758 0.08704661586 29.86772949 13.57655293 7.246236981 -4.61
12.65387998 -3.836341133 12.65387998 0.08063268568 20.69265558 8.281412353 4.620322861 -3.57
11.48645567 -1.244171023 11.48645567 0.0673464642 20.14244765 8.185756298 4.622222222 -4.6
10.64834898 -0.9956334468 10.64834898 0.488984001 23.78601605 12.85674411 6.81637011 -2.87
9.50462963 0.2037037037 9.50462963 0.2037037037 4.67 1.942479564 3.67 -0.33
10.49790095 -0.7777953199 10.49790095 0.1510377147 14.59602179 7.100897426 4.700805094 -1.81
12.93297631 -0.3593901696 12.93297631 0.3477398799 20.41430099 8.479523972 4.188679821 -2.86
12.98380278 0.08324078119 12.98380278 0.08324078119 25.16222222 11.26670452 5.303824394 -3.5
14.31711553 -3.278475632 14.31711553 0.09151359937 23.36494074 10.3404495 5.893901253 -3.3
8.553384196 0.167316232 8.553384196 0.167316232 10.44 6.169584122 7.335554907 -0.56
12.88710817 -4.291831918 12.88710817 0.3806024308 23.16588644 9.575867976 4.788161643 -2.59
17.45569549 -2.160242958 17.45569549 0.04849917764 26.02585757 8.389276823 3.124648613 -2.22
12.5947575 -0.9902585752 12.5947575 0.01670518601 25.99638355 11.76969106 6.779989773 -4.08
2.531710128 0.5309938482 2.531710128 0.5309938482 14.00473065 5.321843856 1.97955115 -2.38
5.695732761 0.5925980702 5.695732761 0.5925980702 10.97938193 4.268627215 1.886211559 -2.14
13.82157746 -1.189080353 13.82157746 0.005049021876 46.14389767 16.96258182 7.510309331 -3.98
13.51123181 -0.3396975158 13.51123181 0.3396975158 16.90315726 7.37112271 3.264257449 -2.54
14.86811501 -1.332291085 14.86811501 0.0204333655 27.63961297 11.55751112 5.551736764 -3.39
5.961889293 0.6816398984 5.961889293 0.6816398984 16.67573365 8.065960864 3.731240734 -2.78
12.26267154 -0.3476408216 12.26267154 0.2278454236 21.35578353 9.505282371 4.879341685 -1.88
9.855881273 0.2042857143 9.855881273 0.2042857143 13.69158659 4.356734872 1.740711495 -1.28
12.4750798 -0.5132615541 12.4750798 0.05049374843 22.37383599 7.359176575 2.647390057 -1.83
12.59759118 -0.1685619803 12.59759118 0.1685619803 17.08968351 7.830920619 3.549166948 -1.27
12.95285269 -0.4220069864 12.95285269 0.1559423214 19.89589139 7.279212616 3.123284463 -2.04
12.18042241 -0.650244709 12.18042241 0.0307561017 16.05245334 5.998279483 2.847872143 -2.82
5.826681572 0.7117201208 5.826681572 0.7117201208 23.63677432 9.609012986 4.331656805 -2.75
9.96747575 -0.2255328798 9.96747575 0.1599283503 16.83324814 9.64735434 6.286951763 -1.22
13.1887208 -3.600740271 13.1887208 0.04939067243 21.12390215 8.654361767 4.03443504 -2.74
12.31963568 -3.335759642 12.31963568 0.227469803 19.78162067 7.717785311 3.689640338 -3.52
14.01856843 -4.620321243 14.01856843 0.06809502813 22.17653145 8.299046778 4.172319303 -3.63
13.18075163 -0.3283259745 13.18075163 0.1016638322 17.15926543 6.46978827 3.358480166 -2.27
13.98577948 -0.7236929226 13.98577948 0.07049347978 21.09616156 8.919499595 4.33428703 -3.15
11.32708882 -0.1476301343 11.32708882 0.05672690018 18.6630373 8.12912702 4.102272388 -1.69
13.40651685 -3.529737944 13.40651685 0.03868619664 24.03384075 10.51827876 5.768381429 -2.68
13.26707401 -1.404612358 13.26707401 0.03550259065 24.07688095 10.05429847 4.917700113 -4.06
14.05740617 -4.17934803 14.05740617 0.09343521451 20.81750391 8.004308641 4.093467207 -3.44
13.73396734 -3.98787998 13.73396734 0.1456889242 26.09205802 11.06584835 5.819698666 -2.53
14.8682273 -0.6292783608 14.8682273 0.08946646265 31.43530764 15.14152575 8.34011264 -3.99
13.1427607 -1.603271644 13.1427607 0.02753023432 21.49770347 8.656051322 4.689510401 -4.21
11.5265725 -0.3840928787 11.5265725 0.3840928787 20.10332131 8.368986431 4.05631984 -2.82
11.4957046 -0.1563813256 11.4957046 0.1563813256 16.68520527 6.510327479 2.84833898 -2.77
8.632222222 0.3217592593 8.632222222 0.3217592593 4.186112957 1.646196216 0.9290591797 -0.98
13.01353367 -0.1710913665 13.01353367 0.1710913665 26.3465948 12.99551429 6.658323879 -2.26
11.19869987 -0.93405241 11.19869987 0.4853720677 23.48691137 11.45602028 6.219305423 -3.67
4.929169344 0.9796107332 4.929169344 0.9796107332 14.33242568 6.438455837 3.183960526 -1.61
12.97309072 -0.7264049698 12.97309072 0.1829479509 19.25529632 8.12003593 4.344213791 -1.07
11.53299861 -0.2619388551 11.53299861 0.01604387613 24.41569772 12.12728699 6.669213191 -3.71
12.83747635 -4.282962955 12.83747635 0.08397069738 24.11979132 9.128272099 4.906766328 -2.59
14.82011925 -4.693370242 14.82011925 0.03835047765 22.22402999 8.023682602 3.596862975 -4.58
5.256382287 0.9557590674 5.256382287 0.9557590674 14.35123584 7.510031316 4.843527807 -1.06
12.98306672 -0.5368924792 12.98306672 0.04411354665 16.97358508 6.1853922 2.591286039 -3.16
12.97268705 -0.04010783148 12.97268705 0.04010783148 39.06143181 16.06395782 7.076615459 -3.1
11.34630008 -0.485 11.34630008 0.1833796296 8.553468983 3.02449287 1.100108656 -2.04
5.290313317 0.438843309 5.290313317 0.438843309 19.66782007 7.847750865 3.551885907 -2
13.02115971 -0.5978240855 13.02115971 0.1270498971 23.34536175 10.8165538 6.105188996 -2.32
5.011010015 0.8236509774 5.011010015 0.8236509774 15.14669839 6.244236839 2.870842859 -2.4
13.57505292 -0.858571901 13.57505292 0.09104486856 22.37688903 10.13474888 5.861290138 -2.31
6.480303956 -0.1388350314 6.480303956 0.1388350314 15.28865425 5.782177587 2.338669629 -2.98
12.18960808 -0.05617630385 12.18960808 0.05617630385 13.84963564 4.728196006 2.037591041 -1.55
12.66521318 0.04575578897 12.66521318 0.04575578897 17.07593328 7.168148059 3.686161724 -2.05
13.46458477 -4.595635928 13.46458477 0.0814802452 25.65660524 9.907351051 5.367324501 -3.43
12.90761465 -3.431047609 12.90761465 0.3762274566 18.6630373 7.74032357 3.81604111 -1.69
5.608690476 0.4582857991 5.608690476 0.4582857991 14.23184292 7.487097433 7.969797304 -0.83
12.87209996 -0.4130128592 12.87209996 0.1834183411 18.01815141 7.088683781 2.817083314 -2.04
12.83507161 -3.531907959 12.83507161 0.01135085021 24.98032306 9.989230593 4.459803136 -2.69
12.66560628 -4.404272108 12.66560628 0.07997305966 23.60291547 10.1545873 5.866436281 -3.55
13.51589458 -1.200693861 13.51589458 0.1341911493 19.63633769 8.712171622 5.203599185 -3.12
13.27839448 -0.4275043608 13.27839448 0.001423671193 23.73704149 12.20207117 7.319990213 -1.92
12.61794403 -3.778024914 12.61794403 0.02513360257 19.93833999 8.33328336 4.831274226 -2.38
12.81491149 -4.335233374 12.81491149 0.1365463401 35.40502114 16.91693324 11.41270361 -3.45
11.21552843 -1.54237314 11.21552843 0.1168006088 20.31836653 8.418117985 4.447789421 -2.96
9.745063697 0.3130787037 9.745063697 0.3130787037 12.03646119 4.269761721 1.92682595 -1.02
13.32365804 -4.522013338 13.32365804 0.05860969388 14.60208432 4.522003871 2.071511924 -1.98
6.222011352 0.3252949323 6.222011352 0.3252949323 15.35368557 6.374364041 3.069896578 -2.18
13.22443105 -4.090863043 13.22443105 0.03525344687 26.73967074 11.71479788 6.847865241 -2.86
13.24118986 -0.6141244745 13.24118986 0.1920665814 21.88516798 9.863323684 5.284146506 -1.33
12.80032987 -0.106552272 12.80032987 0.02476739158 19.15013497 8.451606933 4.148139881 -3.18
11.6353022 -0.2072577787 11.6353022 0.1040857712 20.38644034 8.919088046 4.266217491 -3.52
13.33198234 -3.108688404 13.33198234 0.09802762147 28.91703986 12.58854374 6.437735429 -4.18
11.56578628 -0.9623522623 11.56578628 0.08248427459 27.74540729 11.35452006 5.44216064 -3.81
14.33363943 -3.936908056 14.33363943 0.1240327953 29.94070551 13.08956161 6.637914553 -3.03
2.270277778 1.31579554 2.270277778 1.31579554 10.2190235 3.486521568 1.119858604 -2.6
4.155039638 0.4326142185 4.155039638 0.4326142185 15.67599436 6.307396326 2.714924155 -2.56
11.42240162 -0.3210326646 11.42240162 0.04192649282 12.50544844 5.13640177 2.649771318 -1.95
13.03589293 0.1985206451 13.03589293 0.1985206451 22.93732066 10.618123 4.981080209 -2.83
11.73371289 -0.5663680503 11.73371289 0.01668209877 14.64869571 5.49043418 2.616825727 -3.28
13.41587239 -4.825910943 13.41587239 0.05914815327 22.07784065 6.933912397 3.043313985 -3.13
5.653045125 0.7727931142 5.653045125 0.7727931142 15.58623664 9.193852879 6.456001298 -1.8
12.83264994 -3.732961078 12.83264994 0.2138698612 20.55825086 8.197541112 4.725937471 -1.71
11.33296281 -0.198832567 11.33296281 0.1125781841 11.10169784 4.343346753 1.822520086 -2.01
13.89540878 -0.2939455245 13.89540878 0.2070031934 25.31586991 10.65451119 4.828713833 -3.97
12.83490835 -3.393427052 12.83490835 0.004653064235 22.55287207 10.25780885 6.43382528 -2.13
12.7438243 -0.2417392901 12.7438243 0.1008382149 22.203125 10.08 5.825792552 -2
12.94763604 -4.280833469 12.94763604 0.1842533804 18.0433927 6.999967443 3.71528719 -2.34
12.93551372 -4.590499522 12.93551372 0.01030187075 18.78387737 6.75178891 4.722994481 -2.55
12.49811883 -0.03543074485 12.49811883 0.03543074485 21.66399479 9.760460165 4.937805107 -3.17
13.35467187 -0.07838267406 13.35467187 0.03651360544 18.15768676 7.798116736 3.736180718 -3.22
13.93855481 -0.6004624381 13.93855481 0.0896375795 18.39284668 7.458306926 4.060414232 -3.4
13.47524826 -3.059510416 13.47524826 0.1029014164 31.13607346 13.24386522 6.730793682 -3.86
5.41443476 0.3042745601 5.41443476 0.3042745601 9.725910653 5.314555602 3.705842515 -1.36
11.52293419 0.1594123353 11.52293419 0.1594123353 16.75047191 6.965338388 3.31875 -2.4
12.98051837 -1.329538592 12.98051837 0.07093238548 26.00278576 9.939685355 6.095649423 -3.61
12.36466296 -0.9047494122 12.36466296 0.142655683 22.14803565 9.679691385 5.117227831 -3.66
9.735078184 0.1073842593 9.735078184 0.1073842593 13.41256566 4.926250716 2.261537733 -1.02
13.6154593 -4.945866979 13.6154593 0.02992024616 51.30409271 22.03511022 11.0659726 -4.55
14.08820601 -0.8022784909 14.08820601 0.009853946208 20.87514034 8.39567735 3.986546359 -3.38
12.22260083 -3.252924637 12.22260083 0.08559431952 18.01468059 7.216233135 3.459167834 -1.79
10.89066001 -0.4661955201 10.89066001 0.3287497707 39.04266567 16.73636459 7.628250961 -2.12
12.52871669 -3.789165433 12.52871669 0.0320437228 19.68166652 8.159241416 4.710253398 -1.64
12.20082993 -4.292888505 12.20082993 0.3031851799 16.14589863 7.16076472 5.229931109 -1.23
13.36766097 -4.853807495 13.36766097 0.1307222273 21.73109407 6.274333386 3.058264924 -2.49
13.53217187 -0.0988350492 13.53217187 0.002538632737 19.89656684 9.398490621 4.432099788 -3.4
13.30317159 -3.886857678 13.30317159 0.04838646647 24.63867188 9.469387755 5.485622145 -2
13.37792751 -3.870423592 13.37792751 0.05068304476 27.32193149 11.46797193 6.010025195 -3.25
14.31528991 -1.29970031 14.31528991 0.1880190628 22.86869872 9.278908896 4.736190606 -3.31
12.66935318 0.08360862412 12.66935318 0.08360862412 19.71458695 8.417898385 4.081624799 -2.59
12.86957554 -3.797941478 12.86957554 0.1038810236 23.23768686 10.25285357 6.053544199 -3.43
13.54423638 -0.02702292666 13.54423638 0.02702292666 31.84587904 14.11034132 6.696660932 -2.12
13.18120387 -1.138382649 13.18120387 0.2421841833 24.66458182 9.794347262 4.979011599 -4.02
11.68125754 -0.6939068922 11.68125754 0.04530470522 22.08368992 9.467557661 4.585786717 -4.61
6.073748347 0.8078402935 6.073748347 0.8078402935 16.07173008 8.733495965 5.105955252 -1.8
12.66885742 -1.033369479 12.66885742 0.03972053669 26.42380275 11.60810546 6.573669876 -3.64
13.99362778 -1.134096409 13.99362778 0.02504532791 60.36584294 30.90053464 19.86094675 -7.5
12.65136572 -0.5944598634 12.65136572 0.2814876228 17.85963821 7.117645757 4.004221491 -1.95
13.80220965 -0.8061614042 13.80220965 0.137071543 30.81020208 15.19056889 7.776163891 -4.14
12.59053688 -0.07894283104 12.59053688 0.07894283104 22.40558459 10.68609769 6.357723462 -1.79
13.28746143 -0.1113032203 13.28746143 0.009624616822 21.41961479 10.47613834 6.949067234 -3.29
8.167882653 0.1388888889 8.167882653 0.1388888889 6.92 5.92 5.92 -0.08
12.8276843 -3.945089579 12.8276843 0.04234638702 22.67567628 8.790367282 4.66129281 -3.51
7.216398174 -0.3990161643 7.216398174 0.01571733014 24.69503724 8.237425088 3.075610042 -2.08
13.78751446 -1.614180673 13.78751446 0.001079013395 26.99494222 10.18496238 4.109572033 -4.59
6.009096823 0.6483449786 6.009096823 0.6483449786 16.08925781 7.232495897 3.821149773 -2.4
11.62967013 -0.9144235798 11.62967013 0.232124234 20.28959124 9.218544842 4.954974028 -1.99
10.94763147 -0.8695926161 10.94763147 0.06233851478 21.31731012 9.479395918 4.397082302 -3.92
12.99887031 -3.908777748 12.99887031 0.01338709313 30.73814039 12.11641375 6.751030825 -2.71
13.20409722 -3.091639137 13.20409722 0.06622572158 25.73714772 11.23401142 5.810199659 -3.9
14.07788503 -0.5387410242 14.07788503 0.07381920824 25.6943547 10.89427454 4.932154761 -2.57
11.98817492 -0.4193230348 11.98817492 0.3356972789 10.98949871 4.062175521 1.548638946 -2.88
4.653337218 0.2351512136 4.653337218 0.2351512136 19.2422443 7.302590445 3.321685194 -2.46
12.47118394 -0.5152010122 12.47118394 0.1903872772 23.69960654 10.65292005 5.732526401 -2.45
14.29536029 -0.9066456888 14.29536029 0.01011612339 36.22316539 15.07004123 7.507519754 -4.145064935
15.78450096 -0.6987746558 15.78450096 0.03540094447 26.52391513 9.591262407 4.337974117 -3.37
11.69422852 -0.9585287354 11.69422852 0.328859155 17.74339664 7.873719102 4.118233704 -3.07
12.34941248 -0.2371267952 12.34941248 0.2371267952 12.95025726 4.72574935 1.861013686 -2.54
12.39063362 -0.4565007098 12.39063362 0.1875803437 17.66592169 7.820922729 4.280037447 -2.15
13.15523101 -0.7970483487 13.15523101 0.04265778534 20.32795881 8.054407484 3.321178729 -2.95
13.47636759 -0.39261675 13.47636759 0.007296010334 18.65489205 7.156197935 3.19593916 -3.36
11.43191282 -0.9655410378 11.43191282 0.08534222251 25.82345152 10.5149936 4.750580081 -3.81
9.98224936 0.04912294239 9.98224936 0.04912294239 12.29233429 4.4171415 2.010111972 -2.75
12.31857153 -0.7879902053 12.31857153 0.04135015117 23.57607018 7.66568493 2.870146407 -1.3
13.33792863 -3.902848403 13.33792863 0.04018961012 19.25710073 7.61881907 3.937338035 -2.51
13.52885469 -0.7891100042 13.52885469 0.156759233 22.48273681 10.74060285 5.379272585 -3.71
7.578782324 0.06411377811 7.578782324 0.06411377811 18.3101515 7.516493678 3.817860734 -4.06
14.93987883 -1.941390806 14.93987883 0.003850587097 105.2143825 53.72629844 39.25952143 -12.97
11.45911475 -3.510998856 11.45911475 0.01809546194 18.73251863 7.288477459 4.770673699 -3.05
13.12012777 -4.15792883 13.12012777 0.08605905669 25.67962114 10.42475891 5.80698419 -2.96
12.96370412 0.09046928641 12.96370412 0.09046928641 24.93246797 11.54259612 5.967079811 -2.74
13.87924542 -0.2321716685 13.87924542 0.06776917796 25.15513785 10.55313652 4.772791272 -4.14
5.982599679 0.6005457119 5.982599679 0.6005457119 15.14669839 6.610391259 3.26101108 -2.4
11.61495891 0.2932340215 11.61495891 0.2932340215 39.98185322 16.62958286 7.177837225 -2.12
13.87079892 -1.133580587 13.87079892 0.02326274532 25.85074066 9.333282664 4.078469041 -3.23
9.803083243 -0.4880550387 9.803083243 0.3090934599 17.25695669 9.132049948 7.250570515 -1.1
13.13143446 -0.6628292384 13.13143446 0.08863037499 23.89063251 10.03584862 4.928726936 -3.83
13.17041701 -0.1936626722 13.17041701 0.1936626722 15.26898252 6.69027402 3.169648313 -2.27
13.67160588 -3.506152343 13.67160588 0.02065500582 25.7563249 10.47285291 5.393062619 -2.88
13.83785725 -0.5815895455 13.83785725 0.07242667129 17.89761307 6.540847309 2.512461928 -2.92
6.209383932 0.7975376879 6.209383932 0.7975376879 14.76380147 6.30437241 3.203270439 -1.16
13.59153276 -0.2940972044 13.59153276 0.2162617251 17.7959188 7.9625 4.056179503 -2.6
12.57590953 -0.4328553764 12.57590953 0.07204305522 20.74066919 9.991698775 5.548275406 -3.52
12.46199745 -1.663024269 12.46199745 0.003115434947 34.92141092 15.66563592 7.996932392 -4.4
12.56015869 -0.3183635414 12.56015869 0.3183635414 19.02387755 8.759250892 4.328409647 -2.75
13.1499811 0.08751145716 13.1499811 0.08751145716 22.40558459 10.21859427 5.345642039 -1.79
13.99801568 -3.891023348 13.99801568 0.03763193905 37.44538098 17.91182591 11.62972353 -3.81
13.54283009 -4.538562076 13.54283009 0.007546663727 20.33923328 7.534287659 3.545647468 -3.57
15.3084243 -0.5379645993 15.3084243 0.002819442925 24.54026583 9.37904966 4.932725377 -2.15
13.60452454 -3.95671854 13.60452454 0.1463612572 25.39210099 10.61594332 5.538347661 -3.26
11.13771796 -1.292267722 11.13771796 0.4384662252 20.92204617 8.694344425 5.382314566 -2.8
12.10070499 -0.2366116308 12.10070499 0.2366116308 13.18596184 6.094683523 2.85223451 -1.81
12.05412716 -0.08669091837 12.05412716 0.08669091837 17.756507 7.597307941 3.419874505 -2.32
13.39257186 -4.818098548 13.39257186 0.1155370422 21.30769235 6.532390565 2.940154085 -2.93
11.16246992 0.1485395416 11.16246992 0.1485395416 17.60147077 9.402635289 5.427908556 -1.75
11.55462388 -0.7910366726 11.55462388 0.3243434223 21.55627671 9.114280892 5.466649698 -3.15
11.88716364 -0.2797530864 11.88716364 0.2797530864 11.89237483 5.166531428 2.958513471 -1.58
6.209711155 -0.03641127593 6.209711155 0.01387755102 14.64897035 4.781475514 2.241562944 -1.93
14.31446555 -1.19682663 14.31446555 0.003055711291 29.4136666 11.30257314 4.965564531 -4.08
13.82941553 -1.299037776 13.82941553 0.05657126605 35.94382326 15.90735549 9.856220678 -4.35
12.37740642 -4.790312349 12.37740642 0.3444442242 21.2115277 8.994542342 4.989035514 -2.03
12.66821354 0.08058143016 12.66821354 0.08058143016 24.11979132 10.99019932 5.805221627 -2.59
13.48221357 -4.405041945 13.48221357 0.2630903938 16.95004238 6.19912603 3.625929561 -2.89
13.47569362 -3.113943303 13.47569362 0.09828173458 31.03191437 12.89691497 6.508155974 -4.59
13.64947051 -0.7523086735 13.64947051 0.07190712396 13.882695 5.035156312 2.063042265 -2.08
11.77175551 -3.304270332 11.77175551 0.1237340331 23.17541322 9.581875271 5.552259246 -2.58
12.96947311 -4.578973839 12.96947311 0.1980078941 25.81744897 10.27118179 5.247418035 -3.44
13.12750228 -0.1398764382 13.12750228 0.1398764382 23.19702318 10.76493177 5.694457911 -2.97
5.867089615 0.5045833333 5.867089615 0.5045833333 10.0422292 3.708881168 1.604271406 -2.14
12.39409965 -0.792123499 12.39409965 0.1699646368 21.11711962 10.25536024 5.946547028 -3.6
11.9496927 -0.6031344482 11.9496927 0.1266334798 15.2149832 5.217541327 1.914825047 -1.06
11.97796674 -0.3096759259 11.97796674 0.1600056689 9.585664485 3.444766176 1.463164894 -2.63
13.09679741 -4.60504842 13.09679741 0.004565106135 22.69654024 8.829370942 5.268806931 -2.59
5.971618008 0.5517761086 5.971618008 0.5517761086 14.33242568 7.413048282 3.949964 -2.61
13.91594286 -0.9995742106 13.91594286 0.03964711321 26.68975312 11.53173252 5.289433102 -3.52
12.90597291 -0.09086522032 12.90597291 0.09086522032 21.91406323 9.882964731 5.2969501 -1.3
12.74942571 -1.09401969 12.74942571 0.02701573631 28.61266532 10.81865011 5.632229246 -4.91
5.823789725 0.5147351534 5.823789725 0.5147351534 13.11927275 6.048594426 3.173206449 -2.88
12.48756161 -0.04181214307 12.48756161 0.03094894285 17.21107834 7.094150589 3.163726411 -0.62
13.64689684 -0.2441917045 13.64689684 0.03624726973 18.0719618 7.366457249 3.703111527 -3.31
10.88474826 -0.9850921595 10.88474826 0.0249409486 17.46314264 6.650614799 3.001936467 -1.95
12.72597576 -0.3010015911 12.72597576 0.04949677537 20.3762073 9.719332024 5.805992427 -3.36
12.46485505 -0.03228670557 12.46485505 0.03228670557 22.12602258 10.48916367 5.209782272 -3.08
14.37327586 -0.6342585506 14.37327586 0.06241697753 16.38031862 6.561383301 3.39668141 -3.48
10.72841297 -0.5284954107 10.72841297 0.2921217488 22.75647866 9.687879504 4.632825316 -3.02
12.63828228 -0.4619223449 12.63828228 0.150853647 19.99238513 8.599461962 4.490179446 -2.3
13.28851418 -3.116845953 13.28851418 0.08253157249 28.90205502 12.92160706 6.640691581 -4.61
6.156341823 -0.6460085979 6.156341823 0.2803791362 17.73884165 7.158061106 3.232766259 -2.66
9.323194444 -0.4079861111 9.323194444 0.4079861111 7.96 3.079539222 3.026851632 -0.04
13.32107091 -0.4462416278 13.32107091 0.07341047667 27.95121041 13.64365333 7.96340424 -3.07
9.499641753 0.1810734943 9.499641753 0.1810734943 12.4567474 6.666666667 3.7856 -2
13.56112799 -3.93466122 13.56112799 0.1560069677 24.69659671 10.88480807 5.793306918 -2.42
5.307057941 0.4670060517 5.307057941 0.4670060517 18.7299216 7.858946048 3.535621258 -3.28
13.49382044 -0.2215840472 13.49382044 0.2215840472 14.88013661 6.286694931 3.743407265 -1.52
12.5181772 -0.8648011149 12.5181772 0.08142550076 16.77821639 5.009881771 1.628283024 -1.98
6.05232022 0.6326985947 6.05232022 0.6326985947 16.09678329 7.649742696 4.356734872 -0.28
6.077654006 -0.170946712 6.077654006 0.170946712 17.96722293 8.077318895 3.686206145 -2.42
11.81285767 -0.4422728744 11.81285767 0.275769689 19.20749135 8.489795842 3.887813034 -3.12
11.41297948 -0.839914861 11.41297948 0.04822168682 16.33501359 5.986929955 2.544831792 -3.14
12.89783137 -0.1093987221 12.89783137 0.1093987221 21.6540788 9.706608365 4.700645471 -2.57
13.79221166 -3.682405925 13.79221166 0.009174621854 33.43857502 12.6985467 6.138842251 -2.925064935
12.51194619 0.3052482597 12.51194619 0.3052482597 17.08335363 7.903801958 3.918048545 -1.35
3.488674124 0.6308834089 3.488674124 0.6308834089 15.27839216 7.0992569 3.313553606 -2.26
12.58381507 0.01497480474 12.58381507 0.01497480474 17.50115277 8.190335611 4.440864665 -2.91
8.964462943 0.6486564795 8.964462943 0.6486564795 18.13973868 7.841899517 3.704623857 -2.91
10.60900484 -0.4976631435 10.60900484 0.3127539245 19.61329881 8.419797271 3.974312526 -2.34
13.50203074 -4.371755582 13.50203074 0.03935848133 29.29824907 13.00235974 7.86949982 -3.26
13.22111315 -0.184585873 13.22111315 0.02063914891 22.91828022 10.18644301 4.973517348 -2.85
14.15704684 -1.148962428 14.15704684 0.02909863946 25.88099663 9.850865246 4.333521814 -3.75
12.16474143 -0.2140992693 12.16474143 0.07113425926 14.20195787 5.194576693 4.136052654 -0.86
12.98934264 -0.1583046852 12.98934264 0.1583046852 23.36600192 10.48409658 4.889627914 -3.38
5.803980414 0.6794009826 5.803980414 0.6794009826 13.83490263 5.700123594 2.543663515 -1.13
12.64204857 -1.091806854 12.64204857 0.0006537927073 28.73683301 13.63827337 8.927328727 -3.83
12.55655041 -1.144606894 12.55655041 0.005166309452 28.72531088 14.14671602 10.32943155 -2.51
13.3243437 -0.3055693366 13.3243437 0.1944604685 22.67084979 10.43712595 5.196375801 -4.11
12.72332304 -3.25167111 12.72332304 0.1432843338 20.38551794 7.417782393 4.343895549 -1.89
9.229306973 -0.1753935185 9.229306973 0.01210648148 9.262629868 3.451604009 1.959894248 -2.3
13.36859428 -0.1245721227 13.36859428 0.09442092532 41.31848174 17.46064009 7.830547499 -2.7
13.74102242 -1.64856659 13.74102242 0.004878550849 25.00903875 8.724235658 3.534841724 -4.66
12.66153013 0.1710071525 12.66153013 0.1710071525 26.6862271 15.01359259 9.253372862 -2.37
8.899039483 -0.1136363064 8.899039483 0.1136363064 9.112526441 3.46144866 1.378011356 -2.14
13.91521827 -4.138477361 13.91521827 0.05814000666 37.44864858 17.85978604 11.65130908 -5.37
11.38767185 -1.693998961 11.38767185 0.04556416394 17.19493506 9.168366926 9.857005784 -1.805064935
13.61459687 -0.02582319406 13.61459687 0.02582319406 22.87068368 10.57278715 5.124894288 -3.9
11.75055556 0.1708796296 11.75055556 0.1708796296 8.438790773 3.701138224 1.775941043 -1.16
11.66279431 -3.835881992 11.66279431 0.0687037037 12.90738544 4.783666224 3.144389315 -2.16
12.92724279 -0.0853018202 12.92724279 0.0853018202 25.08394079 10.57776833 4.702866143 -3.91
6.250831452 0.1862191358 6.250831452 0.1862191358 14.55521055 4.984613994 2.027271949 -1.03
14.35773386 -3.226956728 14.35773386 0.05569101385 22.00552628 9.414973192 5.471084226 -3.69
5.24795753 0.9150028345 5.24795753 0.9150028345 11.01885748 4.57615594 2.193877772 -1.48
12.59759118 -0.1685619803 12.59759118 0.1685619803 17.08968351 7.830920619 3.549166948 -1.27
11.11063023 -0.9500686138 11.11063023 0.3317772934 19.29678868 10.75606534 6.838538489 -3.03
13.32824011 -0.7418962013 13.32824011 0.002823149166 21.78933266 7.387230081 2.843803009 -3.72
5.308848602 0.4208447657 5.308848602 0.4208447657 19.66782007 7.847750865 3.364977778 -2
12.80856945 -0.3747545375 12.80856945 0.1458245246 22.49420583 10.72357599 5.696514381 -4.19
12.3645942 0.03075454068 12.3645942 0.03075454068 21.44236243 10.01138242 5.089426148 -1.79
13.02535529 -0.1992836501 13.02535529 0.04445057754 27.27950224 12.18919396 7.62440608 -3.76
12.80839002 0.1115854119 12.80839002 0.1115854119 16.71817408 8.112487793 4.235770214 -2.13
13.59661671 -0.2418565061 13.59661671 0.07069973076 16.70414966 6.867283951 3.317578822 -2.75
5.966028255 0.3202469136 5.966028255 0.3202469136 14.03810834 6.689859261 4.049073463 -1.38
12.48231982 -0.4733233526 12.48231982 0.09654498855 18.31756572 7.268781231 3.184658717 -3.72
6.097671468 0.3803248835 6.097671468 0.3803248835 16.01798889 6.51483509 2.955721475 -3.19
12.68153332 0.2693396563 12.68153332 0.2693396563 18.82678725 7.349454404 3.10664149 -2.91
11.33330684 -0.5927355239 11.33330684 0.1500124927 18.20532312 7.098394568 2.940205936 -3.17
13.31780595 -0.7548495 13.31780595 0.003767350609 47.98672303 23.44986642 14.25647874 -4.48
11.43716382 -3.051036803 11.43716382 0.04409162615 21.53125141 8.909195033 4.883749655 -3.31
9.853784329 -0.1189216427 9.853784329 0.1189216427 14.9487415 5.897404161 3.357829942 -0.45
12.85563521 -4.349746272 12.85563521 0.5621854642 26.49526215 10.93936761 5.807695076 -3.11
13.67306974 0.1018555431 13.67306974 0.1018555431 20.95354974 9.697716471 4.509383683 -1.92
14.86787597 -1.268422174 14.86787597 0.01143602503 22.81357645 9.005049856 4.054777051 -2.96
12.83959914 -0.8690982458 12.83959914 0.08280361225 21.13808089 7.068933149 2.473058317 -1.98
4.389129189 0.8339436886 4.389129189 0.8339436886 13.95918367 6.18549346 3.191135734 -2
12.72619579 -4.49911081 12.72619579 0.126367263 21.80039324 9.277346099 5.805408604 -1.9
5.962865646 0.7663305758 5.962865646 0.7663305758 20.40543462 10.86324181 5.832292211 -2.33
6.64501559 -0.1551738473 6.64501559 0.06883823591 18.50490683 6.496763062 3.084931045 -2.52
13.66355501 -0.9250027032 13.66355501 0.09300347991 26.28764721 10.95014762 7.33789828 -2.32
9.990279667 -0.3849074074 9.990279667 0.3849074074 10.61225823 5.257451824 3.024776522 -0.9
14.56305743 -4.198994963 14.56305743 0.01986643994 38.82585983 16.36804147 9.22058563 -3.97
14.01561861 -0.3001311466 14.01561861 0.2333158541 15.00569774 6.156020319 2.965503839 -3.55
4.823992977 0.7001965231 4.823992977 0.7001965231 18.4436253 8.845740855 4.671160981 -2.92
13.26978967 -0.4013662394 13.26978967 0.03173296827 25.68920839 10.43076675 5.509297644 -2.95
13.66247687 -0.8014831213 13.66247687 0.01431583256 28.10177803 11.97291341 6.149334098 -3.44
6.091112895 0.7942075707 6.091112895 0.7942075707 25.99743122 11.86856974 5.860248524 -3.25
5.958384602 0.7524157517 5.958384602 0.7524157517 19.99238513 9.948234555 5.615829278 -2.3
11.69112388 -0.6832654111 11.69112388 0.06918939489 19.36403415 8.090107117 4.859656804 -4.4
11.71037193 -3.606150557 11.71037193 0.4241213152 14.78977286 5.155308319 4.540415406 -1.27
12.91732013 -0.07168911759 12.91732013 0.008837159864 18.43165257 6.419238871 4.249641581 -1.36
4.269688257 1.015889708 4.269688257 1.015889708 14.96811523 6.888761106 3.335581574 -2.59
12.22405557 0.1064173724 12.22405557 0.1064173724 20.42389586 9.768052675 5.607862258 -1.85
16.13302282 -0.8285163664 16.13302282 0.1310996551 24.49246219 9.029690736 4.325506078 -4.2
14.0314648 -0.1280425148 14.0314648 0.04387272193 20.07502582 8.351218107 3.924516105 -2.85
13.70725639 -0.7250797325 13.70725639 0.2855555556 13.94962119 6.179046883 3.025670427 -2.01
11.93077275 -3.368448362 11.93077275 0.1927253664 18.81990614 6.980998063 3.745257908 -1.96
9.631710128 0.1069675926 9.631710128 0.1069675926 11.46496165 3.774606542 1.71272259 -1.02
11.29763834 -0.3492612199 11.29763834 0.0999060752 20.03730319 7.663080591 3.38034935 -2.89
11.05592939 -0.6640948602 11.05592939 0.2456349206 16.52424009 7.123794975 3.404910844 -1.94
14.81886281 -0.6768337641 14.81886281 0.1350904391 30.16740233 14.24704567 7.958582907 -4.3
12.9680361 0.002319958848 12.9680361 0.002319958848 17.05489273 7.088909646 3.197270585 -2.38
10.11435752 0.3124074074 10.11435752 0.3124074074 12.90506901 5.873406506 2.486344951 -1.54
12.68035375 -4.364742312 12.68035375 0.05087156932 19.87959557 8.01623182 4.889976109 -2.87
14.12964831 -0.5385708512 14.12964831 0.01297477324 19.00679024 7.96010258 3.78786832 -4.33
13.46836558 -0.4740749927 13.46836558 0.05534385569 19.25529632 7.746149932 3.774483279 -3.07
11.58643491 0.07871486477 11.58643491 0.07871486477 21.52177194 9.665822711 4.879898344 -3.32
5.938452054 0.7372332976 5.938452054 0.7372332976 16.74714903 8.133380175 4.689473684 -1.1
12.99396935 0.02176799661 12.99396935 0.02176799661 21.19964607 9.452362296 4.582135612 -2.66
13.34525488 -3.110492297 13.34525488 0.09865706559 28.95521279 12.22749187 6.165787632 -4.14
12.5573173 -3.67521495 12.5573173 0.1351227277 22.11638575 9.588985159 4.734294741 -2.09
5.320538549 0.6775925926 5.320538549 0.6775925926 6.292399021 2.639049753 1.536009478 -0.83
13.88604282 -0.7534205997 13.88604282 0.01496623019 27.55451322 10.65909925 4.729777486 -3.61
11.39105069 -0.963676984 11.39105069 0.3010968758 26.78347611 12.82552949 6.599258222 -4.81
13.52766582 -0.5494809776 13.52766582 0.08591458806 15.26248573 6.5475795 3.302221364 -1.13
11.609375 -5.96875 11.609375 5.96875 9.527412587 1.693281925 0.5353890211 -0.56
14.86364558 -0.9997574757 14.86364558 0.1397188125 25.30732323 10.86139649 5.895071702 -4.79
12.80318919 -3.872280243 12.80318919 0.04690085811 20.73106597 7.951819004 4.170776775 -2.53
12.65920682 -3.563437439 12.65920682 0.2974145761 18.5103854 6.639841462 3.386531334 -1.85
13.09038032 -3.440983994 13.09038032 0.006487327097 27.1820676 11.10650775 6.629930673 -2.41
12.77830609 -0.6237723575 12.77830609 0.1403340147 19.53906858 9.122121238 4.374638876 -0.22
14.24404563 -1.241721851 14.24404563 0.08639004367 21.81992679 9.747791488 5.593954962 -3.88
4.097222222 1.028611111 4.097222222 1.028611111 5.28986014 2.455694606 1.059403088 -0.85
11.49133187 0.06678247634 11.49133187 0.06678247634 14.69586858 5.963410941 2.975320808 -1.88
13.65575524 -0.07044255363 13.65575524 0.07044255363 22.84212889 10.55337513 4.943315799 -2.93
12.01446921 -0.04318009598 12.01446921 0.04318009598 17.03065588 8.95518738 5.754123647 -2.33
12.39769114 0.1551125237 12.39769114 0.1551125237 17.05489273 7.884375503 3.888688023 -2.38
11.31004976 -0.4356689342 11.31004976 0.2854683694 17.75786601 7.937052261 3.721131521 -1.64
13.24111064 -0.1382224742 13.24111064 0.1382224742 15.99480969 6.425155556 2.75241983 -2.5
12.39684351 -0.6114430214 12.39684351 0.06983602083 13.81578852 5.687866047 2.665641781 -3.15
9.290359718 -0.2261909042 9.290359718 0.2261909042 16.31292159 9.059096973 6.489477531 -1.06
5.453966863 0.9258912037 5.453966863 0.9258912037 13.84252143 7.118166114 3.969782814 -0.58
14.04022641 -0.7704274156 14.04022641 0.009430095985 24.6179152 9.65145788 4.347285929 -2.41
12.5894951 -0.1036120746 12.5894951 0.1036120746 23.7093129 10.71383634 5.448363443 -2.02
13.65565898 -0.5566893461 13.65565898 0.2021946998 32.10508794 16.11935342 8.690421516 -3.85
5.549973111 0.5584012556 5.549973111 0.5584012556 13.02404091 5.982929562 2.785575667 -1.98
14.11247496 -1.69525463 14.11247496 0.05564814815 14.26539035 5.602446757 2.837573696 -2.68
13.41255466 -0.6977931836 13.41255466 0.008490479221 23.04248865 9.016583001 4.394626303 -3.13
13.03017016 0.003369664571 13.03017016 0.003369664571 20.60624687 9.434682384 4.565962929 -2.66
13.4099539 -3.656514495 13.4099539 0.1410893522 22.82309366 9.360418841 4.40295146 -2.95
2.226851852 0.7916666667 2.226851852 0.7916666667 7.35 3.364392151 6.35 0.35
12.923827 0.06820578231 12.923827 0.06820578231 14.27496569 6.399344117 3.00523467 -1.67
13.40630176 0.09809366339 13.40630176 0.09809366339 17.91532383 7.027134484 3.182562921 -3.15
12.46617362 -0.03562712507 12.46617362 0.03562712507 20.22245804 9.626472918 4.567723611 -3.06
10.60973235 -0.35510882 10.60973235 0.1119507806 25.25913241 10.61869595 4.895105312 -3.03
13.01202896 0.2365079738 13.01202896 0.2365079738 19.15969364 8.058404716 3.984745691 -2.17
12.01373369 -0.1084889979 12.01373369 0.1084889979 20.38594956 10.26434535 6.343229285 -1.35
12.53267922 -3.474331271 12.53267922 0.03049523727 22.70890442 10.0480191 5.371337442 -2.07
15.10024987 -1.962356164 15.10024987 0.007523785737 115.0996378 58.74495245 43.00833887 -14.07
12.99135209 -0.462602443 12.99135209 0.2025243671 16.38996681 7.399890774 4.082252601 -2.47
5.522425182 0.9674618235 5.522425182 0.9674618235 22.67567628 11.38316716 5.836520821 -2.51
13.83655734 -1.094617173 13.83655734 0.1007176993 27.58175036 12.46609219 6.436699747 -2.98
12.72165961 -4.31849275 12.72165961 0.2964595941 24.79558142 11.33822195 7.333136001 -2.84
13.39665076 -0.2026319457 13.39665076 0.2026319457 20.70766232 9.128761357 4.38993055 -3.18
12.01763388 -0.2512388708 12.01763388 0.2512388708 19.58056015 9.178707607 4.479392096 -2.73
13.44746161 -0.3687035112 13.44746161 0.004227936966 21.12390215 7.689268916 3.631012737 -1.74
14.14768612 -1.118412027 14.14768612 0.03542163056 33.09498568 14.11767867 7.210620696 -5.82
13.95548896 -0.2740483539 13.95548896 0.2512510693 22.47539906 8.410648856 3.885221582 -3.72
12.98212841 -4.365053316 12.98212841 0.02411034476 18.99723628 7.585441277 3.921463232 -2.34
12.63250176 -3.278258066 12.63250176 0.03061554229 25.67873973 10.99037885 7.021182257 -1.94
13.05884145 -3.22344849 13.05884145 0.02317965828 22.46487466 10.19622775 6.652761052 -2.22
12.5532579 -0.7099597015 12.5532579 0.02251364743 22.74846348 9.9179194 6.040859688 -4.93
11.91191635 -0.5063890402 11.91191635 0.2737160245 24.39633084 12.11319941 6.658930543 -2.73
13.05619619 -3.619991892 13.05619619 0.1015611055 22.24168142 10.10635665 5.843875236 -1.96
5.564969136 0.6851851852 5.564969136 0.6851851852 5.446798906 2.052669548 1.138019489 -0.69
6.680679268 -0.2348183973 6.680679268 0.2348183973 15.7022859 6.245270274 2.951561774 -1.81
11.34941555 -0.7794625985 11.34941555 0.06472533502 20.58083233 9.365287488 5.437129359 -3.15
12.53267922 -3.474331271 12.53267922 0.03049523727 22.70890442 10.0480191 5.371337442 -2.07
13.29654965 -0.2393361573 13.29654965 0.0475 15.73057687 6.613186799 3.349931699 -1.78
13.1179099 -1.588326577 13.1179099 0.2742453739 23.52159173 11.4708257 6.428486435 -3.14
12.78758108 -0.641369088 12.78758108 0.1301078948 26.33676995 12.98823016 6.65364459 -2.27
12.9942637 -0.1948041144 12.9942637 0.132199195 23.32787612 10.0570624 5.159327317 -3.42
14.02685281 -0.5274326814 14.02685281 0.0708570105 26.09205802 11.06584835 5.11895363 -2.53
12.89086569 -0.08828952359 12.89086569 0.01711148568 20.17451361 8.719061705 4.238869994 -3.11
13.83148334 -0.3683696049 13.83148334 0.03989571009 27.44037286 11.63592045 5.565626683 -4.73
12.81694247 -4.403433122 12.81694247 0.04903638616 23.33012112 10.19103158 7.139179491 -2.95
11.47576912 -0.7398233 11.47576912 0.5743032215 19.7050118 7.336715248 3.689170177 -2.6
12.77540551 -0.4603426031 12.77540551 0.03566256428 17.14977518 6.157995531 2.64560074 -3.28
12.59143896 -0.4461784297 12.59143896 0.02292965797 14.65479002 6.610544218 3.22160211 -1.75
13.14932597 -0.443138809 13.14932597 0.08886666089 24.46850044 9.673882665 4.657008208 -2.225064935
12.8941933 -4.366348393 12.8941933 0.2432386101 32.32648648 16.89302886 10.88044065 -3.59
6.693685437 -0.01427721088 6.693685437 0.01427721088 17.77689173 7.949773047 3.613944694 -2.62
11.33974301 -0.4863888889 11.33974301 0.08912037037 8.24787534 2.845796754 1.208183975 -1.36
14.3395019 -4.157947656 14.3395019 0.05539470496 34.2130142 14.46195088 8.425011898 -3.28
14.2686875 -0.5474138637 14.2686875 0.07664193496 28.54502186 12.74534218 5.874834956 -2.57
13.94798339 -1.081947497 13.94798339 0.1104158099 28.1542608 12.09391839 5.729193863 -2.98
9.822205688 -0.04057651224 9.822205688 0.02968080751 14.41864112 5.697907257 2.781296988 -1.52
12.50652198 -3.529637211 12.50652198 0.009815088154 22.49014858 9.517093239 5.122291853 -2.3
11.77512591 -0.1662364055 11.77512591 0.02060562634 21.85899575 11.37214219 6.603237286 -2.84
6.691467152 -0.5859490741 6.691467152 0.5859490741 15.6739988 6.577182238 2.553043166 -2.84
13.55206153 -0.7322208727 13.55206153 0.08100292769 25.89058819 12.20249524 6.385957436 -3.74
12.69147303 -4.377052797 12.69147303 0.3936620631 23.08109798 8.876110519 5.764240139 -2.59
5.932235284 0.5278873772 5.932235284 0.5278873772 14.43446584 5.296199558 2.027623824 -1.91
12.37598364 0.003803382464 12.37598364 0.003803382464 15.7538191 6.965904891 3.452550225 -2.13
12.48768713 -0.3507823654 12.48768713 0.02508612635 18.96138907 8.646111419 5.306998611 -2.37
13.07866157 -0.5768787081 13.07866157 0.05431949385 25.57075016 10.91733759 5.892906781 -3.05
12.41151684 0.01008265456 12.41151684 0.01008265456 20.7022578 9.964515138 5.320918552 -2.56
13.35851587 -0.9792580448 13.35851587 0.1446574333 21.60248022 8.088176622 3.761049071 -2.92
11.44078704 -0.3707407407 11.44078704 0.3512962963 7.781340073 2.317238171 0.850794084 -1.85
5.60178119 0.6978879142 5.60178119 0.6978879142 20.08823026 9.532410611 4.529778318 -2.2
13.59613796 -0.1858619142 13.59613796 0.08040391156 19.88583214 6.641810085 2.351421563 -2.37
2.412037037 0.51375 2.412037037 0.51375 11.488138 4.581818182 2.063315139 -1.6
13.07291581 -3.249111243 13.07291581 0.1505617494 21.54651411 9.107775995 5.681904471 -2.16
12.97038707 0.07578284668 12.97038707 0.07578284668 23.08015693 10.29380327 5.188744062 -2.68
14.55824814 -4.777457051 14.55824814 0.027419984 31.25034928 12.48816964 8.120861021 -2.28
12.72524291 0.1521084433 12.72524291 0.1521084433 21.84664412 10.7818318 6.081569809 -2.37
13.41370924 -0.3575930057 13.41370924 0.286178573 24.27046352 12.02173533 7.067360771 -2.86
4.567362787 0.2427745759 4.567362787 0.2427745759 18.56762055 8.066347436 3.756096689 -2.79
9.073996751 0.4223951247 9.073996751 0.4223951247 12.35820945 4.568746097 1.893079267 -2.39
11.02496983 -0.7423464959 11.02496983 0.1163072863 23.11009123 10.70457301 5.655731841 -3.06
4.361340624 0.8626762094 4.361340624 0.8626762094 12.59607179 5.690057102 2.471483956 -2.43
13.02396134 -4.429243995 13.02396134 0.01473304927 29.09162093 12.09103866 7.186870793 -3.9
11.71045714 -0.1565074641 11.71045714 0.1565074641 11.19585822 4.401118558 1.754997974 -1.91
12.46457933 0.01800231191 12.46457933 0.01800231191 22.39508169 10.25064607 5.403122813 -2.4
13.64493197 -0.6064607631 13.64493197 0.1023686522 23.29873053 8.336495398 3.276864245 -2.83
15.30917808 -4.839234093 15.30917808 0.01648912671 27.42135254 10.57950192 5.30946601 -4.75
12.53962176 -4.430426942 12.53962176 0.005648148148 12.08686679 4.13183849 2.472439703 -2.38
12.98059972 -4.61738902 12.98059972 0.1423269741 20.88303961 8.262344372 4.600769076 -2.84
13.24872766 0.1814553787 13.24872766 0.1814553787 21.01978609 8.950050465 3.997435822 -2.85
5.789545068 0.6717994142 5.789545068 0.6717994142 13.65338461 6.9103923 3.832041571 -2.32
12.20297186 -1.188037667 12.20297186 0.1595285283 22.57919608 9.896934864 4.9204256 -3.61
6.102380322 0.5260996683 6.102380322 0.5260996683 16.41068527 7.050114911 2.890078379 -2.06
12.15483461 0.02994966131 12.15483461 0.02994966131 20.30877451 8.411985132 3.525343075 -2.97
12.19140082 -0.05420583949 12.19140082 0.05420583949 19.51961712 9.624893473 5.615443509 -2.24
13.16241047 -0.955125619 13.16241047 0.0206207483 18.40184975 7.007406857 3.145533079 -2.63
12.8820986 -0.3989608135 12.8820986 0.1952058925 19.00679024 8.356363444 3.534020967 -2.33
12.99945429 -0.2684537256 12.99945429 0.007521348037 19.88698649 9.391808761 5.141423222 -3.41
10.7093718 -1.085550608 10.7093718 0.09452873229 23.43273171 10.12521419 4.625108831 -2.31
13.85682217 -1.001212872 13.85682217 0.02218277212 27.43520261 11.42396747 6.459655235 -4.6
10.97173626 -0.9095096571 10.97173626 0.06650901953 22.35737135 10.18554602 5.49485769 -2.84
6.335406269 0.6916031961 6.335406269 0.6916031961 17.76584583 6.637566654 2.774220991 -3.31
13.24099171 0.1908477132 13.24099171 0.1908477132 20.77384196 8.793068261 3.939129382 -2.11
4.093240741 0.6527777778 4.093240741 0.6527777778 6.1509139 2.229407107 0.9202031095 -1.58
11.6867786 -1.151639008 11.6867786 0.4201950208 22.521318 10.29803586 5.579555425 -3.67
14.75956718 -0.628547818 14.75956718 0.208618812 16.99798084 6.700759681 3.061584524 -2.44
6.026984968 0.8376361608 6.026984968 0.8376361608 26.01638187 11.09942038 5.196048632 -3.23
12.58627288 -0.0006324424726 12.58627288 0.0006324424726 18.93991882 7.917215237 4.064455774 -1.4
10.00072299 0.4829417418 10.00072299 0.4829417418 15.5709325 7.295719485 3.528413741 -1.32
5.571774735 0.5203910422 5.571774735 0.5203910422 12.04795811 5.773699586 3.265944897 -1.42
8.898152636 0.612962963 8.898152636 0.612962963 11.16423964 5.136186572 2.425896655 -1.33
12.61294638 -0.3710015117 12.61294638 0.01671683491 21.03908216 9.21191232 4.831535692 -3.68
13.21902069 0.1893090994 13.21902069 0.1893090994 23.43273171 10.95668788 5.201361705 -3.31
5.974879534 0.5194559748 5.974879534 0.5194559748 16.37284626 7.422458702 3.942798496 -2.1
13.12267972 -3.860257901 13.12267972 0.04254699559 23.19702318 9.887080225 5.498300215 -1.97
4.870378191 0.7460953486 4.870378191 0.7460953486 16.67573365 6.849414492 3.462798405 -1.78
9.711433374 0.3748761758 9.711433374 0.3748761758 13.19549064 6.101275952 3.020764463 -1.8
12.82423547 -4.733875444 12.82423547 0.05078859518 23.36494074 9.882964731 6.344500622 -2.3
11.9796216 -0.3646165071 11.9796216 0.2110988284 15.54206614 6.822959577 3.193965234 -3.35
13.3369108 -0.2241256713 13.3369108 0.1300603067 19.58056015 8.330677053 4.321596133 -2.73
13.60632514 -0.7594917472 13.60632514 0.04610291206 33.91371188 17.49996283 11.15864372 -3.97
14.04189321 -4.605199329 14.04189321 0.02026158964 30.3898329 10.8874181 5.211717318 -4.07
6.197439108 0.5384735945 6.197439108 0.5384735945 21.17324703 8.438605683 3.62384573 -3.38
14.41108968 -1.236796137 14.41108968 0.06089021514 25.04081197 11.51156813 6.707753667 -3.59
13.16144404 -0.6964353053 13.16144404 0.06560311162 20.86578365 7.953267382 3.188348398 -3.71
12.67933364 -0.124875126 12.67933364 0.124875126 21.46841901 9.989744665 5.644110457 -2.24
13.34160869 -0.82027777 13.34160869 0.3134118061 22.09711276 9.17211842 4.151603678 -3.11
13.6260172 -1.080561634 13.6260172 0.07220351 30.59518941 14.00821864 7.474642428 -4.36
12.39915844 -0.2846399464 12.39915844 0.2846399464 27.18220767 13.61681665 7.344928635 -3.86
5.731028911 0.9324979529 5.731028911 0.9324979529 17.45364098 7.734364557 3.492555088 -2.96
13.6083667 -0.9310659305 13.6083667 0.03267244792 30.80588854 13.33711809 6.471863754 -4.64
12.84822948 -1.103778345 12.84822948 0.04532596372 17.49164971 5.790962744 2.246985208 -1.92
13.24176792 -3.098819665 13.24176792 0.106051291 26.50486648 11.333576 5.833489019 -4.1
13.5293303 -1.647732426 13.5293303 0.05527098031 21.39856555 7.022329321 3.068812017 -2.45
14.05924493 -3.531294286 14.05924493 0.0383655305 24.22486786 10.64402369 5.222799144 -2.48
14.87287382 -0.5462158109 14.87287382 0.1950907069 19.86782662 8.517923604 4.265323388 -3.43
12.65096048 -4.800915643 12.65096048 0.04175315522 28.84416526 12.45908137 7.536383302 -4.67
2.332777778 1.31579554 2.332777778 1.31579554 10.2190235 3.486521568 1.163009149 -2.6
12.43299656 -3.378653257 12.43299656 0.05345920465 21.740722 8.943675983 4.735622944 -2.48
12.37256543 -0.2858733702 12.37256543 0.2288174486 21.25646671 8.737065023 3.673957042 -3.6
13.42791405 -3.092886891 13.42791405 0.04049398873 30.56124354 12.87472534 6.50678132 -4.46
11.70597978 -0.0075 11.70597978 0.0075 11.75309942 5.534016093 3.077111287 -1.32
13.97130144 -3.617283437 13.97130144 0.01986707 32.05239899 14.0672081 8.587980879 -3.87
13.6125596 -0.1368688049 13.6125596 0.1322679924 25.68488766 11.26420775 5.076287273 -3.58
14.2254889 -1.199738847 14.2254889 0.1432272846 22.9748959 9.346358506 4.343651726 -4.2
13.92537192 -0.7219742215 13.92537192 0.0548555734 19.58505673 7.397071893 3.116728823 -2.37
11.14235814 -0.4968288275 11.14235814 0.3674526221 18.1957952 8.231177654 4.377414641 -3.18
13.74310134 -0.7703516108 13.74310134 0.14118613 32.30640173 16.91024347 9.981958464 -3.21
12.83236839 -0.9081058582 12.83236839 0.1139624978 31.84 16.46419648 13.52354052 -2.16
5.301651235 0.8159722222 5.301651235 0.8159722222 5.29 4.29 4.29 0.29
13.49168715 -1.094300265 13.49168715 0.05347462907 27.47968831 8.277334535 2.873600811 -3.24
13.38295859 -4.509673042 13.38295859 0.1330394411 25.01138052 10.10985311 6.462350329 -2.62
12.76429586 0.06451455339 12.76429586 0.06451455339 23.83500578 11.21046291 5.597317213 -3.31
12.33694801 -0.03544613315 12.33694801 0.03544613315 21.44236243 9.563603314 4.932693275 -2.79
12.92767522 -3.327279657 12.92767522 0.06302225057 23.05174144 10.12520747 6.948648655 -2.62
13.31569202 -3.109929825 13.31569202 0.09038549645 30.32212838 13.44223365 7.446183012 -4.14
10.5922066 -0.9657010739 10.5922066 0.5804202456 24.07688095 11.8813795 6.293608153 -4.06
9.361163902 0.3496890159 9.361163902 0.3496890159 15.10942294 7.458960405 4.884859922 -1.8
5.611165596 0.3595398715 5.611165596 0.3595398715 10.16778524 3.657114196 2.016331286 -1.36
11.1338363 -0.5277869373 11.1338363 0.2055491847 25.14810781 9.060350146 3.475683644 -3.38
13.34147971 -1.109920196 13.34147971 0.1983886556 31.04317551 15.33756988 9.311930612 -3.49
12.52664967 -0.5706965627 12.52664967 0.08454244352 17.46314264 7.740674315 3.471698627 -1.95
13.81107746 -0.9563256283 13.81107746 0.00451415134 19.92530949 8.167835903 3.648473751 -2.37
10.97861946 -0.4919081738 10.97861946 0.4655149282 12.03163324 5.747178635 3.996461393 -2.04
13.30849272 -1.115571559 13.30849272 0.0006693422992 24.67665122 8.227923514 2.934916846 -3.1
13.1988078 -3.099494268 13.1988078 0.1004727786 25.54542157 10.34076649 5.150566067 -4.1
12.04229563 -0.2138347355 12.04229563 0.2138347355 17.20627338 7.249813162 3.712528702 -2.91
6.365626152 0.7307690054 6.365626152 0.7307690054 20.50287067 9.810483245 5.62783797 -1.23
12.15226931 -0.1003387188 12.15226931 0.1003387188 11.9063292 4.312039813 1.76277458 -2.88
12.46174261 -3.725653213 12.46174261 0.1852353731 23.98609872 10.4869144 6.278288463 -3.73
6.006403042 0.3088430376 6.006403042 0.3088430376 25.07007481 10.49959535 4.946783181 -3.23
2.555 1.043029337 2.555 1.043029337 17.44413967 6.975121099 2.995617088 -1.97
5.813493262 0.2090895062 5.813493262 0.2090895062 9.965190556 4.301480795 2.08337723 -0.57
4.182164273 0.7579163797 4.182164273 0.7579163797 14.99416588 7.375414254 4.286027857 -1.92
14.77268895 -0.5401400174 14.77268895 0.02479543836 17.90059178 6.913502948 3.042258545 -3.49
2.203703704 0.6585185185 2.203703704 0.6585185185 6.341654501 2.674337261 1.562760731 -0.78
13.01673256 -0.3180447634 13.01673256 0.01155966553 17.91962759 8.045375018 4.271804711 -2.47
6.552206948 -0.1609372638 6.552206948 0.07906457336 17.39262429 6.148824964 2.714540267 -2.71
6.15755948 0.2796450617 6.15755948 0.2796450617 13.74890195 5.284190168 2.39369649 -1.22
12.02666025 0.04372356185 12.02666025 0.04372356185 20.70766232 8.396129386 3.775216938 -3.18
11.62506972 -0.713284405 11.62506972 0.0667013653 21.62520183 9.26502746 4.539926446 -2.6
5.661411357 -0.3907557434 5.661411357 0.229531978 18.02434828 6.988418031 3.450765884 -2.36
13.77423617 -4.093678804 13.77423617 0.02505013752 31.1914876 13.94330058 8.395597388 -4.75
13.50471236 -4.840216046 13.50471236 0.1074334138 24.73535292 10.08182824 5.30608228 -4.38
6.268533216 0.5276156579 6.268533216 0.5276156579 14.86480211 6.068218989 2.659289691 -2.7
13.86543186 -0.7110328356 13.86543186 0.01602265084 27.68829098 11.58937641 6.952948177 -4.34
12.71927704 -0.182673955 12.71927704 0.02797515151 23.5050887 10.23244704 5.160197127 -3.89
3.284722222 1.174444444 3.284722222 1.174444444 6.96 5.96 5.96 -0.04
6.27690575 0.390881703 6.27690575 0.390881703 17.24469392 7.20964815 3.522259745 -2.18
11.91059802 -1.146731771 11.91059802 0.4822748472 26.39465119 12.52773718 6.759748384 -3.67
6.3850657 0.4381900353 6.3850657 0.4381900353 14.42402989 5.476836018 2.346729231 -2.17
12.9720477 -5.376503676 12.9720477 0.1542336585 28.47766783 11.08158255 5.854555894 -3.05
11.81521513 -0.07574088051 11.81521513 0.07574088051 17.1023294 7.502018009 3.606102409 -2.33
5.386638021 0.6256273621 5.386638021 0.6256273621 18.11958352 7.773308605 3.721467372 -3.26
14.05243413 -3.988419573 14.05243413 0.05637368085 47.12217708 20.12317846 10.82332988 -5.85
6.012521573 -2.336881614 6.012521573 0.3752020345 15.55714286 6.604123282 4.271006464 0.5
10.8041832 0.07653061224 10.8041832 0.07653061224 7.793199174 3.191164646 1.802305551 -1.31
12.60897563 -0.227853737 12.60897563 0.03575176852 27.8609607 13.1089558 6.894066382 -3.69
4.476471792 0.5329326777 4.476471792 0.5329326777 18.16721339 9.129006509 5.15944292 -2.21
10.9575677 -0.7552265605 10.9575677 0.6992557822 15.63628869 6.204887782 2.928071164 -1.88
13.43684736 -0.6826765428 13.43684736 0.07183862434 18.23331384 6.90882162 3.187628512 -2.81
10.76727712 -0.7814952238 10.76727712 0.01314907432 22.81693388 10.95701951 6.558717764 -2.86
11.7859575 -0.7452959318 11.7859575 0.4620191484 22.08747659 10.46208057 5.564659984 -3.12
13.92431577 -0.0260690496 13.92431577 0.0260690496 24.1358131 9.916574067 4.091843736 -4.22
12.80576967 -3.73190548 12.80576967 0.231822108 23.95255336 10.27815885 6.174814018 -2.7
10.47859355 0.1273188041 10.47859355 0.1273188041 18.08148549 7.748525148 3.87007376 -2.3
13.38442252 -4.61806072 13.38442252 0.2583110906 16.62160887 6.344712607 3.819547792 -3.23
12.8046233 -4.270090761 12.8046233 0.2599017758 21.5786532 8.261270233 4.197688495 -2.26
12.27514975 -4.567056642 12.27514975 0.02108796296 10.46722017 3.223996365 1.709617708 -2.05
12.81716317 -0.2941175359 12.81716317 0.1544803477 15.44784255 5.773028361 2.280327752 -2.08
4.964583333 0.9409722222 4.964583333 0.9409722222 5.56 4.56 3.56 -0.44
13.93969524 -0.5418974765 13.93969524 0.1164914809 24.31086058 10.70075822 5.558644343 -4.39
11.03580719 -0.4426755971 11.03580719 0.09940557962 23.65290846 8.039341273 2.851095751 -3.03
13.73932295 -4.058102768 13.73932295 0.06736918526 29.25746353 13.0821715 7.262791836 -3.73
15.47670506 -1.721397191 15.47670506 0.01892946472 95.26851819 46.06586695 27.21425081 -12.57
10.19169189 0.2128212396 10.19169189 0.2128212396 19.34694836 10.14577815 7.404793648 -1.7
13.48741032 -1.322813799 13.48741032 0.154227529 19.4465882 7.51344787 2.951967298 -3.87
11.96485401 -0.04456018519 11.96485401 0.04456018519 13.97502465 5.52204096 2.362882196 -1.65
14.59905588 -0.9119339229 14.59905588 0.04847789528 23.55669077 9.119475275 4.089904235 -4.18
12.67700414 0.08001627147 12.67700414 0.08001627147 21.22805503 9.083573943 4.320673226 -2.63
12.62919349 -3.574166517 12.62919349 0.2088982672 25.34419943 10.58534368 5.827192427 -3.31
12.79287277 -4.418575947 12.79287277 0.08648341049 17.18773834 5.627757989 2.746665538 -1.24
12.05124181 -0.1215123457 12.05124181 0.1198148148 11.62030784 4.980637187 2.629136001 -0.86
13.48348734 -0.4315046296 13.48348734 0.1017243008 15.76835577 5.77896865 2.052489691 -2.46
14.47546793 -5.136774521 14.47546793 0.02272171638 58.313595 25.72612373 16.52114477 -7.95
12.23502505 -0.5580853888 12.23502505 0.002220673763 16.57333671 6.684118478 3.188603877 -3.28
5.368547754 0.7559957751 5.368547754 0.7559957751 19.24738073 9.425914239 5.242462153 -1.52
13.95648649 -1.040372373 13.95648649 0.006912400954 32.69149865 15.98391341 9.632660167 -3.82
15.20373026 -3.456457285 15.20373026 0.01405490476 26.21977038 10.63898404 5.773056413 -3.85
12.76402799 -4.416720577 12.76402799 0.05949440696 25.69837559 10.55984463 6.797283655 -2.92
13.49497969 -3.683081 13.49497969 0.3403340997 16.53690694 5.940347116 2.422836577 -2.63
12.34976788 -0.4890140617 12.34976788 0.08878314752 19.37375658 9.005288982 5.07513168 -2.39
13.44273724 -0.835485043 13.44273724 0.005019725926 23.49657732 10.08431746 4.836274088 -2.66
12.20807816 -0.4261449935 12.20807816 0.1297139025 19.02387755 8.295268231 3.680232824 -3.75
3.541851044 0.9897322776 3.541851044 0.9897322776 17.58669594 8.249312282 4.469897664 -1.82
13.19669788 -1.032303159 13.19669788 0.2314578329 27.34117279 11.88124843 6.316687165 -4.23
13.85418792 -4.652950601 13.85418792 0.04118985184 24.03217297 8.902198447 4.286645475 -3.33
13.11387553 -0.9602652064 13.11387553 0.01999881398 20.97513241 7.089469075 2.716643895 -2.35
11.21338213 -0.7920526559 11.21338213 0.09048929012 32.97957307 16.75247739 9.783794107 -3.94
9.24712963 -2.159907407 9.24712963 0.5272453704 9.845034014 3.249570652 1.32667687 -0.24
12.19386579 0.2783063079 12.19386579 0.2783063079 17.08335363 7.903801958 3.918048545 -1.35
2.631394794 0.910859047 2.631394794 0.910859047 15.98536715 7.163220726 3.310253614 -1.51
4.413935185 1.156805556 4.413935185 1.156805556 9.158814336 3.203248364 1.260886648 -1.09
11.15387835 -1.267566061 11.15387835 0.5205179552 21.07809955 8.79716539 5.456617144 -2.64
14.45948705 -1.789570883 14.45948705 0.002820349021 64.82952689 29.9678546 17.73984661 -9.16
14.36951735 -0.1940596655 14.36951735 0.1565740741 15.9657229 7.574436856 3.711070621 -1.91
13.19075992 -0.3567524966 13.19075992 0.1401254046 19.74192224 7.892101214 3.480249103 -3.92
5.990586262 0.08275039626 5.990586262 0.08275039626 13.64839319 5.325259516 2.354911725 -2
13.1357972 -0.54598181 13.1357972 0.3150375166 27.28345109 12.70883677 7.024694029 -5.29
13.03630711 -3.713944804 13.03630711 0.2326972842 22.6370817 9.132283929 4.924122132 -2.55
13.16000884 0.02340748324 13.16000884 0.02340748324 20.92165664 7.985739428 3.669459771 -2.65
6.301949871 0.03067644033 6.301949871 0.03067644033 21.66367586 10.65506133 6.758061491 -2.04
13.54773749 -0.2610726835 13.54773749 0.04186963373 24.68371074 11.37278107 5.860113422 -3
11.73288342 -0.2237422187 11.73288342 0.2084542281 20.08823026 8.662346056 3.928287156 -3.2
9.252620754 0.7479218818 9.252620754 0.7479218818 15.49396194 7.739243974 4.074804693 -2.4
12.54564747 -3.854240659 12.54564747 0.04571926638 21.480848 9.17039315 5.106238439 -3.75
9.921787798 0.2110017479 9.921787798 0.2110017479 16.78578614 6.445711151 2.89480121 -1.06
6.272037037 -0.1756481481 6.272037037 0.02679421769 14.87895846 7.292121272 3.403455932 -2.04
6.175151801 0.1557407407 6.175151801 0.1557407407 17.11919929 6.479848053 2.953511058 0.76
5.894364135 0.5463917234 5.894364135 0.5463917234 9.297808405 3.572063631 1.349745422 -1.94
12.04224177 -0.1907706535 12.04224177 0.1907706535 19.90531647 6.734717948 2.629443474 -1.03
11.28445989 -0.6305615951 11.28445989 0.1086407549 17.74716859 6.926817738 3.000762324 -2.33
12.92418438 -0.8521905707 12.92418438 0.1234351379 19.33921957 6.168423237 2.136992126 -1.98
9.898536112 0.1665009684 9.898536112 0.1665009684 18.3205542 8.189163326 4.288575217 -1.02
12.39915832 0.162106317 12.39915832 0.162106317 24.12638986 9.91074121 4.640271999 -3.23
13.63156845 -0.2302897036 13.63156845 0.05741212977 22.79125095 9.425831797 4.258894725 -3.65
13.52803834 0.0380010708 13.52803834 0.0380010708 17.78452474 6.949067234 3.139726393 -3.29
11.53026044 -3.518740604 11.53026044 0.0234830712 20.49312626 8.015350773 5.180055495 -3.24
14.02472759 -0.9950790514 14.02472759 0.08857151837 26.05428611 11.5051426 5.464506096 -3.19
12.99702083 -0.4357562122 12.99702083 0.1795695284 18.40301882 6.824212219 2.647767083 -2.37
4.342819763 0.6308092976 4.342819763 0.6308092976 18.52868296 8.413960009 4.469765338 -2.26
13.35913253 -0.3684909262 13.35913253 0.002858230834 20.17879064 7.746873779 3.208968838 -1.74
13.25581563 -0.5446262707 13.25581563 0.09281735122 26.55986114 11.7 5.895654142 -2.5
13.85911412 -1.040632325 13.85911412 0.05440753638 27.87329818 11.71070567 5.968516188 -4.15
13.12724739 -0.4429844224 13.12724739 0.02519512819 26.3465948 12.44538613 6.658323879 -4.26
5.878504582 0.721034738 5.878504582 0.721034738 13.6274846 6.953864447 4.415235727 -1.8
8.69632615 0.6794741118 8.69632615 0.6794741118 20.99043971 10.16889115 5.083725947 -3.26
3.324583333 1.111759259 3.324583333 1.111759259 6.302249389 2.646097475 1.600119577 0.18
6.220842554 0.3286182323 6.220842554 0.3286182323 14.36116078 5.662048248 2.634245781 -1.58
6.064950087 0.4699132688 6.064950087 0.4699132688 18.35502134 7.291401952 3.196896611 -1.68
12.54791144 -4.792318476 12.54791144 0.005769350737 30.72217814 14.44112846 11.26670452 -3.5
13.61459687 -0.02582319406 13.61459687 0.02582319406 22.87068368 10.57278715 5.124894288 -3.9
13.80744853 -4.06901396 13.80744853 0.07003661187 23.39431022 9.474261866 4.643933341 -3.27
5.83022597 0.4026908541 5.83022597 0.4026908541 16.0331778 8.136148429 4.122254567 -1.84
12.95569152 -3.60699746 12.95569152 0.09499138308 18.81990614 8.616603133 5.266941999 -1.96
13.33309275 -4.41478709 13.33309275 0.1337062224 20.5294563 7.829790778 4.696945096 -2.74
13.59629152 -4.879756622 13.59629152 0.2394969626 28.5358193 11.72937678 6.387625376 -4.47
12.74991579 -4.014506944 12.74991579 0.05241330931 30.25511596 14.6891707 11.39233738 -3.97
12.07155566 -0.02886817981 12.07155566 0.02886817981 19.70443772 9.239362614 5.234839535 -2.05
13.00228104 -0.860514258 13.00228104 0.1567927314 25.30574065 12.79549028 8.227470023 -3.32
10.92697058 -0.8134424314 10.92697058 0.08022876261 19.82951014 9.351746025 4.921829908 -3.47
12.08771411 0.2501224933 12.08771411 0.2501224933 22.37665601 10.66567806 6.119512179 -1.82
12.26587693 -0.01663106275 12.26587693 0.01663106275 23.375534 10.91746352 5.330423256 -3.37
13.3465182 -3.79681978 13.3465182 0.2605566054 23.60291547 9.365425197 5.180249708 -2.55
11.33294907 -3.699867625 11.33294907 0.07557245738 14.49530244 5.39831475 2.65853228 -2.44
10.46440193 -0.09402777778 10.46440193 0.09402777778 8.47 5.603868809 5.339329135 -0.53
11.81890322 -0.801878825 11.81890322 0.05248642355 27.17764514 10.99669384 5.496729861 -4.4
12.95702084 -0.4644536985 12.95702084 0.07869933731 24.97202517 8.734784328 3.143294528 -3.03
13.4177475 -4.615274322 13.4177475 0.1052673847 21.28488109 7.781597431 3.892332081 -3.57
13.0875205 0.02361529167 13.0875205 0.02361529167 20.92165664 7.985739428 3.766211318 -2.65
13.83611989 -5.056592859 13.83611989 0.04808540368 35.79517284 15.0679951 10.45329262 -4.68
12.71675642 -4.349811301 12.71675642 0.1025941397 21.12499987 8.938242062 5.328650319 -3.12
4.778300894 0.7796655329 4.778300894 0.7796655329 13.09933954 5.656078885 2.377137958 -2.59
13.41630984 -0.4519842713 13.41630984 0.1069267525 23.71335879 7.735111592 2.818145105 -2.15
11.98906044 -3.844887847 11.98906044 0.003320281944 18.39939894 7.753798769 5.014639088 -2.94
13.33306739 -1.230806382 13.33306739 0.04804064836 20.18789883 7.393472197 3.054275581 -2.21
13.16401873 0.03488182019 13.16401873 0.03488182019 27.07913898 11.04618234 5.560720159 -3.11
12.59700608 -0.7790139204 12.59700608 0.05655592699 30.13839543 12.89727769 7.538741092 -3.33
6.074271699 0.142962963 6.074271699 0.142962963 13.7043397 5.05748455 2.127743777 -2.94
13.17052834 0.02249437548 13.17052834 0.02249437548 26.88914651 10.92845096 5.120427032 -3.31
9.448996796 0.2807693665 9.448996796 0.2807693665 11.04523123 4.308806657 1.908758548 -2.07
9.017638889 -0.4496527778 9.017638889 0.4496527778 6.96 2.31410722 5.96 -0.04
12.28669537 -0.4930033431 12.28669537 0.419397116 22.82043541 10.50407513 5.910898902 -3.36
12.76593694 -3.865709766 12.76593694 0.04409308695 23.4708685 9.768701429 5.046924766 -4.27
2.416111111 0.5143981481 2.416111111 0.5143981481 11.488138 4.581818182 2.063315139 -1.6
2.288333333 1.22 2.288333333 1.22 3.73 2.73 2.73 0.73
8.850249651 0.2044032939 8.850249651 0.2044032939 14.35123584 8.179056589 5.209780408 -1.06
10.46679757 -1.614678999 10.46679757 0.01109462953 36.04331253 16.34522503 8.756213703 -2.8
13.42885728 -0.7730559994 13.42885728 0.07192688519 27.8440833 13.5661289 7.224758863 -3.18
13.62661034 -0.5921093775 13.62661034 0.1069392917 24.22705314 8.851981138 3.490494571 -2.83
11.26253851 -0.9740413388 11.26253851 0.2961550179 35.20171001 19.88784652 13.15229979 -5.28
12.82252193 0.04116527789 12.82252193 0.04116527789 24.87167719 11.52567238 5.680342032 -3.44
14.39502738 -0.522924094 14.39502738 0.07697236919 18.3101515 7.89759488 3.658384513 -3.06
11.12712804 -0.8373783225 11.12712804 0.0150964093 22.60813795 9.502456172 4.780224123 -3.58
12.314338 -0.4628274458 12.314338 0.0009147967576 18.84903917 8.636941464 4.6226208 -2.93
9.617253828 -0.1038262194 9.617253828 0.1038262194 21.16345429 9.818058678 5.147504651 -2.08
12.87640775 -0.8408120037 12.87640775 0.2903201187 22.87562826 10.99960411 6.106064209 -3.8
6.19774526 0.0498406722 6.19774526 0.0498406722 23.56151833 10.65140736 5.299334244 -2.83
14.72418624 -0.5516184108 14.72418624 0.0246502769 19.3346857 7.355869444 3.319086655 -3.36
13.19913083 -1.097815519 13.19913083 0.0802388124 24.83390041 9.366394165 3.857366742 -3.48
5.564375808 0.3525485665 5.564375808 0.3525485665 25.15513785 10.92107057 4.977549887 -1.14
2.561286743 0.7756594121 2.561286743 0.7756594121 21.58670242 10.59485463 5.737002092 -1.64
10.64305556 0.412037037 10.64305556 0.412037037 7.67 4.819925037 3.846366843 -0.33
5.562420981 0.4778847386 5.562420981 0.4778847386 19.72629852 8.133097221 3.687400815 -3.22
2.12037037 1.276018519 2.12037037 1.276018519 7.108736858 3.224946402 1.37393594 -1.56
13.41722176 -3.929773322 13.41722176 0.008824204113 27.82460737 11.67874 6.449234694 -2.2
5.977655659 0.5326637167 5.977655659 0.5326637167 13.42431379 5.827615945 2.672804908 -2.56
4.667222721 0.2847264739 4.667222721 0.2847264739 13.12234097 4.34744247 1.689010007 -1.35
12.53250105 -0.07052815571 12.53250105 0.06633768477 16.59264474 7.0992569 3.066033357 -1.26
6.218842628 0.4505090231 6.218842628 0.4505090231 14.45213181 6.161532072 3.012132364 -2.14
13.11663397 -0.1746319392 13.11663397 0.01566942436 20.22245804 8.356853039 4.279548976 -4.06
13.32470069 -3.612547534 13.32470069 0.2222059613 27.93173156 10.95157104 6.677329702 -4.09
13.20654831 -2.303557711 13.20654831 0.05109661336 27.95727456 12.28912211 6.267992758 -4.59
12.92167718 -4.381552833 12.92167718 0.04906037415 21.17565472 8.861611559 5.50325862 -2.54
12.58099774 -4.466101304 12.58099774 0.02984862716 20.63931099 8.9406568 5.702941131 -2.09
12.91548581 -3.910519384 12.91548581 0.005801349057 28.39223583 13.38848637 9.324974885 -3.18
13.24717642 -1.362486327 13.24717642 0.2188320531 22.35737135 9.749011471 4.272546075 -3.84
14.92696078 -3.68241608 14.92696078 0.01084335498 25.50017609 11.20746854 7.125018843 -3.76
4.106912006 0.6771296296 4.106912006 0.6771296296 8.715381811 3.536056921 1.56120244 -1.57
13.43561862 -0.1433383461 13.43561862 0.1433383461 21.83474826 9.100394878 4.417908608 -3.99
11.27734016 -0.2985395133 11.27734016 0.2985395133 15.90984179 6.727617922 3.441894646 -2.59
5.869795114 0.1742097038 5.869795114 0.1742097038 19.92530949 8.971490634 4.781633232 -3.37
13.3571527 -4.600943625 13.3571527 0.2095867466 27.17247899 10.85557426 5.539467487 -2.87
12.98558924 -0.6302823838 12.98558924 0.07526927438 17.80151308 6.372995857 3.516288854 -2.01
12.5721955 0.1322800325 12.5721955 0.1322800325 17.74835366 8.361048209 4.552916514 -2.65
13.63437077 -0.9719589523 13.63437077 0.02524077223 21.95259334 9.079289131 4.38508637 -2.26
11.60007772 -0.3499497675 11.60007772 0.3363547002 19.08323251 8.407119199 4.603552256 -3.25
4.518758818 0.2865854119 4.518758818 0.2865854119 14.91735537 6.405827263 2.948979592 -2
12.40175115 -4.733426442 12.40175115 0.1759550448 21.63482726 8.876110519 5.358775114 -3.59
2.274305556 0.5503472222 2.274305556 0.5503472222 7 2.34375 6 0
3.408331096 0.3587311036 3.408331096 0.3587311036 13.18580472 4.38026232 1.764333315 -1.28
11.34283144 -0.928848764 11.34283144 0.1235394519 26.16976303 14.07299286 8.727907258 -2.44
6.262254523 0.1752748984 6.262254523 0.1752748984 20.19635734 8.165626474 3.829826528 -3.43
12.73026374 -4.393356416 12.73026374 0.08672952074 24.86548011 10.66383518 5.770203316 -2.81
14.93016427 -0.9654666175 14.93016427 0.04325260979 26.87096037 11.91083295 6.200200804 -4.18
14.61265791 -1.92243322 14.61265791 0.02337112069 50.04116632 23.3747151 12.9527207 -6.38
5.268946208 0.4939351852 5.268946208 0.4939351852 10.81849294 5.465969495 3.237538668 -1.26
11.77704737 -0.004415383565 11.77704737 0.004415383565 19.82050305 8.191861524 3.952831793 -3.12
13.64691732 -0.2181039469 13.64691732 0.1793393676 19.6980439 8.115495153 3.677660649 -3.25
13.69705436 -0.9279979608 13.69705436 0.1132050019 26.77898702 11.27854996 6.86665536 -2.82
13.9560419 -1.254418199 13.9560419 0.05379810721 24.93886815 9.125224119 4.123630625 -3.17
10.9397096 -1.105492113 10.9397096 0.4726621194 19.18826301 8.809345589 5.709565419 -2.14
4.605466978 0.8816993418 4.605466978 0.8816993418 16.21210157 6.921758996 3.286882447 -2.27
12.84037848 0.04975977891 12.84037848 0.04975977891 14.7333959 5.986649116 2.642452325 -1.84
13.73090412 -0.5318238484 13.73090412 0.04389363055 23.54490997 10.5476802 5.137035972 -3.61
9.8147264 0.1473164058 9.8147264 0.1473164058 16.96179698 7.739243974 4.29443187 -2.4
12.12165043 0.00684438212 12.12165043 0.00684438212 19.94772924 9.93972101 5.587755102 -1.8
13.74362946 -1.322311862 13.74362946 0.1430856197 21.9486354 8.817152727 3.668111614 -3.87
12.34447949 -3.431403442 12.34447949 0.05613405366 25.20760939 12.15744995 7.837567151 -2.42
12.2881849 0.2898934446 12.2881849 0.2898934446 17.43359163 8.631954706 4.365259948 -1.39
5.49362832 0.846983271 5.49362832 0.846983271 16.59997451 7.575499712 3.551024029 -2.86
10.26301814 -0.3770394668 10.26301814 0.3770394668 16.31278931 7.821521152 4.254504638 -1.55
9.013784639 0.1701938854 9.013784639 0.1701938854 15.08088514 5.274671505 2.286043242 -1.47
7.138794869 -0.337094868 7.138794869 0.01039324815 23.77745517 8.21832067 2.934675549 -2.08
10.77079962 -0.7775146334 10.77079962 0.01585697255 22.88541115 11.00670571 6.594238968 -2.79
11.84941841 0.0693797124 11.84941841 0.0693797124 14.63021447 5.598785109 2.803690932 -2.95
11.91900935 -0.7813902719 11.91900935 0.1616771778 25.4529583 10.83781607 5.49702387 -2.17
13.18940156 -4.761266967 13.18940156 0.05066184807 17.62719009 5.959577486 4.262601455 -2.19
12.84453002 -0.5198259712 12.84453002 0.07261372695 25.92841249 12.19802301 6.150933279 -3.15
15.05053465 -3.695634783 15.05053465 0.1231021067 24.80318293 10.12521419 5.66334176 -2.31
12.1903298 -1.05571818 12.1903298 0.006570084731 23.23566475 10.79178868 5.700378065 -1.93
6.290558079 0.5333754654 6.290558079 0.5333754654 17.59620247 7.829175644 3.955349135 -1.81
12.81183091 -0.2948294596 12.81183091 0.2948294596 16.22155393 6.231000858 2.798386677 -3.26
4.657628023 0.7895572772 4.657628023 0.7895572772 13.90964537 6.182901962 3.073406473 -2.72
12.1898154 -1.071929721 12.1898154 0.02485212829 23.72861756 10.67268627 6.130955379 -2.42
6.203126417 0.2738425926 6.203126417 0.2738425926 12.4806387 4.719203514 2.09454119 -1.06
10.21437875 0.2597901293 10.21437875 0.2597901293 15.97592502 6.084488224 2.717221612 -1.52
12.92762377 -4.529962522 12.92762377 0.02701388889 15.62686225 4.387713468 1.843898811 -1.89
12.85650639 -0.2078198037 12.85650639 0.1363394657 21.97711357 9.190470914 4.342923831 -3.84
13.66112931 -4.615368528 13.66112931 0.01039672638 24.74654397 10.36424542 6.334255256 -3.89
12.42347138 0.02191718341 12.42347138 0.02191718341 23.11974954 11.70831596 6.261223787 -3.05
12.74990989 0.03767075238 12.74990989 0.03767075238 21.26593787 9.107918578 4.113049605 -1.59
13.09776597 -0.5105442177 13.09776597 0.03153628118 18.46075934 8.856490466 5.085042404 -2.33
12.97134518 0.08222417867 12.97134518 0.08222417867 20.64905805 9.412927754 5.042445913 -2.08
10.94420357 -0.9615383914 10.94420357 0.227132029 16.59050635 6.795897149 3.299844796 -3.87
13.87167245 -0.6565410003 13.87167245 0.1127185687 31.94895436 13.26461021 6.076717556 -3.46
13.65507074 -0.04007558579 13.65507074 0.04007558579 19.114827 7.754565661 3.449411255 -2.87
14.52212634 -0.7171694976 14.52212634 0.2289264981 16.96952987 6.055156735 3.051763913 -2.47
11.79929656 -3.191227325 11.79929656 0.1037746796 25.34612193 10.47437673 6.469281664 -3.75
13.8907761 -1.003163122 13.8907761 0.06817134213 31.01885657 13.91248334 7.373852073 -4.42
4.423522613 0.2914778208 4.423522613 0.2914778208 14.46655166 6.529987615 3.589453064 -2.47
12.46178332 -0.02520113968 12.46178332 0.02520113968 17.96205747 7.380165628 3.763914263 -3.1
13.55562933 -4.5459823 13.55562933 0.09881972002 17.43463872 5.270438135 2.301382507 -1.98
13.08701679 0.006773285186 13.08701679 0.006773285186 17.84991409 6.988063201 3.064268764 -3.22
14.20589034 -1.143931616 14.20589034 0.03631161029 25.69879584 9.420180612 4.207929223 -2.94
11.96903534 -1.189305556 11.96903534 0.1887037037 13.41514658 4.690732453 2.376120304 -1.65
13.51947474 -1.62859921 13.51947474 0.01351541079 41.77979578 20.32380009 14.16761725 -5.39
5.978711762 0.3286207625 5.978711762 0.3286207625 24.81287362 12.41702378 6.642504249 -3.3
12.72675943 -0.1155076058 12.72675943 0.09463727454 20.92317746 8.807301182 4.244398748 -2.33
14.62157246 -3.418981181 14.62157246 0.05996516965 27.31211382 10.32667768 4.637393024 -3.53
13.24839917 -0.1155574496 13.24839917 0.02639673616 23.12219547 11.74779743 8.064561198 -3.16
12.04989299 -0.2336521562 12.04989299 0.006070634231 20.16545409 9.520762705 5.952702816 -3.15
14.87190017 -1.766715884 14.87190017 0.008538601022 90.80464838 45.99727743 30.5275836 -10.81
13.12298646 -0.4522366124 13.12298646 0.1275062125 23.9853726 8.991785108 3.495645548 -3.09
13.13296516 -0.1708526697 13.13296516 0.04684893705 23.77697303 9.860201659 5.251563399 -2.37
13.64537385 -0.9119122849 13.64537385 0.1061118967 16.52507156 6.653367511 3.147874388 -2.33
12.14146515 0.09072139054 12.14146515 0.09072139054 16.24527422 7.300591295 4.020816201 -1.62
14.93551445 -4.092114629 14.93551445 0.02175669115 25.74395833 10.73231725 5.558370651 -3.34
10.78953016 0.04034461763 10.78953016 0.04034461763 15.0244918 5.834158438 2.6359872 -3.53
12.66919594 -4.352430885 12.66919594 0.3879751995 21.19516775 8.874517603 5.737678727 -2.52
2.224861111 1.324074074 2.224861111 1.324074074 7.35 6.35 6.35 0.35
6.380354168 -0.6827395941 6.380354168 0.1458692739 17.38520769 6.460167967 3.646722911 -2.44
13.73553794 -0.2357242384 13.73553794 0.1185099187 24.21120915 9.963277886 4.419241721 -4.14
12.94217353 -1.000116001 12.94217353 0.02127106329 26.04408092 11.86083848 5.957162892 -4.58
12.82159096 -4.313453813 12.82159096 0.01160035384 19.42237176 8.565918145 5.823233196 -2.34
14.48245251 -1.21755093 14.48245251 0.01999730935 49.61282038 24.04623757 14.55666249 -6.4
14.91323581 -0.8090345685 14.91323581 0.1101241521 33.68639049 14.39789519 7.664545078 -4.67
12.68361343 -0.4133522823 12.68361343 0.2316671391 19.70443772 8.314879763 4.81580812 -2.05
6.493510813 -0.8927205821 6.493510813 0.08684282355 22.14529688 10.50271255 4.724927324 -3.06
9.614122899 -0.5943041546 9.614122899 0.5943041546 15.07617622 8.075771877 4.655436098 -1.32
13.78679274 -4.058422604 13.78679274 0.08435761644 28.53551988 12.25631994 6.672249252 -3.99
3.760405722 0.6253743596 3.760405722 0.6253743596 15.56660971 7.263422267 4.085332704 -0.82
12.94217353 -1.000116001 12.94217353 0.02127106329 26.04408092 11.86083848 5.957162892 -4.58
5.490781708 0.2226357682 5.490781708 0.2226357682 23.61391672 9.496931464 4.692002588 -2.12
13.2657742 -0.1930569728 13.2657742 0.1930569728 9.214612433 3.798984036 1.507403418 -1.35
11.09463716 -0.7990344072 11.09463716 0.08802829934 26.26834346 11.95708008 6.503261409 -3.8
12.79759757 -0.2450129913 12.79759757 0.07129260095 22.49238179 9.838972519 4.567222801 -2.7
12.65362189 -4.732976676 12.65362189 0.2574336711 20.84949468 7.831141876 3.937225651 -3.03
13.93686064 -1.01057942 13.93686064 0.02484463236 32.62237183 15.93254336 10.15729663 -2.89
12.87505885 0.05421576485 12.87505885 0.05421576485 19.82992539 8.944492254 4.21189374 -3.11
11.91550617 -0.3433815555 11.91550617 0.3127142385 18.47679566 7.365084578 3.044910887 -1.55
6.002644558 0.8347337963 6.002644558 0.8347337963 15.66717442 7.866256005 3.947694092 -1.22
13.60695123 -0.6638159448 13.60695123 0.112314245 20.93462785 7.581147103 3.294001915 -3.94
11.76878254 -1.110595342 11.76878254 0.1022120165 20.34698161 9.698329184 5.791012902 -3.39
11.8629536 -2.970710884 11.8629536 0.2141521474 22.3855765 9.087453887 4.930414969 -2.41
11.20115459 -0.1379000863 11.20115459 0.1379000863 17.0454065 7.464546525 4.064482928 -3.39
5.640675863 0.2774825208 5.640675863 0.2774825208 10.10023084 4.393598267 2.326827396 -2.43
12.8880874 -4.912786192 12.8880874 0.06533491969 25.25230818 10.53660607 7.596273006 -3.01
11.45645235 -0.0774005009 11.45645235 0.0774005009 17.82188758 7.638888889 3.561317338 -2.25
12.4420067 0.01874333375 12.4420067 0.01874333375 17.47348862 8.107628062 5.063477445 -1.88
12.10906557 -0.2477069161 12.10906557 0.02777777778 11.3679163 4.809794893 2.03604587 -1.12
11.46408185 -2.957293626 11.46408185 0.1874247277 25.24841229 10.52422839 5.787482911 -3.41
10.73211308 0.04611721862 10.73211308 0.04611721862 19.27442034 7.758097783 3.781536624 -3.05
13.60134031 -0.3417345491 13.60134031 0.134919034 22.85904565 9.665822711 4.732433383 -3.32
11.3717533 -3.075673864 11.3717533 0.1414154943 20.0690591 8.649757991 5.030211327 -1.22
14.83948689 -1.314192633 14.83948689 0.2020292155 26.70567023 10.95091182 5.504077232 -3.35
10.78279384 -0.3785185185 10.78279384 0.3785185185 7.241017 2.565494172 1.058577889 -1.42
12.71384921 -0.9079218632 12.71384921 0.08125472411 17.10226146 5.276108189 1.843064753 -2.5
9.935084317 0.109679469 9.935084317 0.109679469 16.67573365 6.504585626 3.207425788 -1.78
9.975977795 0.09620210275 9.975977795 0.09620210275 18.79667239 7.461208364 3.867084497 -1.55
11.53205871 -0.05898520199 11.53205871 0.05898520199 17.89761307 6.287252094 2.831545045 -1.92
14.23501471 -4.694898836 14.23501471 0.02838333018 27.20268266 9.547787329 4.521566513 -3.98
12.86427927 -0.542002551 12.86427927 0.006742252457 24.90978993 7.910949142 3.239737034 -1.2
13.93402723 -0.6452344209 13.93402723 0.294212963 13.97734754 5.041435499 2.003864518 -3.41
12.9246509 -3.908209335 12.9246509 0.01014171813 28.28395518 13.31022822 8.979532493 -4.29
13.66121549 -3.58239723 13.66121549 0.05236344454 22.91322942 9.501490626 4.330858208 -2.52
12.31719934 -0.6888014141 12.31719934 0.0118073271 24.5112391 7.923192912 2.741338685 -2.28
14.969118 -4.840304382 14.969118 0.05894052305 23.66161176 8.857348139 4.4900377 -5.07
13.86907295 -4.585752428 13.86907295 0.01411214493 22.9944482 8.467314509 4.372209689 -3.77
12.63451501 -0.1021168296 12.63451501 0.1021168296 20.35673721 9.264269687 4.793498923 -2.92
12.59347096 -0.7544938385 12.59347096 0.1147909713 24.87102136 11.00250163 5.692290834 -4.24
6.339736748 -0.103460675 6.339736748 0.103460675 17.84991409 7.656731928 3.721770404 -3.22
13.34546076 -0.1695335681 13.34546076 0.03964452211 22.16703257 9.692107048 4.28831571 -3.64
6.088903157 0.6173592757 6.088903157 0.6173592757 14.20794636 6.353802517 3.286973273 -0.74
5.826939405 0.713568506 5.826939405 0.713568506 13.07147578 5.638183065 2.620560596 -1.62
13.31063403 -4.350619198 13.31063403 0.1862139586 21.49046997 9.176692849 4.771315335 -1.74
11.82986804 0.04630808705 11.82986804 0.04630808705 14.96811523 5.800330199 2.926801047 -2.59
10.34297527 0.1715447846 10.34297527 0.1715447846 16.52803173 5.664057874 2.281484429 -2.26
11.95668745 -3.386648243 11.95668745 0.2965249433 15.6269152 7.230703752 4.681926669 -0.43
12.2718287 -0.2152777778 12.2718287 0.2152777778 5.761061599 2.266093076 1.06808016 -0.37
12.37106533 -3.551388046 12.37106533 0.1840953076 20.44308636 8.497973163 4.6775737 -1.83
11.95533636 -0.3409259259 11.95533636 0.270968128 11.89237483 5.166531428 2.753976975 -1.58
13.91719861 -0.6891281652 13.91719861 0.08870640695 21.16177168 8.014510448 3.420554516 -2.7
13.20833782 -4.419916059 13.20833782 0.01391689213 28.50052674 11.98355793 8.771280816 -3.07
12.9450948 -0.3636523684 12.9450948 0.07899691358 16.7257647 6.232089488 3.965040226 -0.64
13.04682997 -3.88147709 13.04682997 0.1083402446 22.11954234 8.584719652 4.152239512 -3.69
5.062919205 0.8186112338 5.062919205 0.8186112338 18.82374282 8.283522301 3.935432556 -3.18
13.67827381 -0.3755770896 13.67827381 0.2034986772 18.93644979 7.810185251 3.511002496 -1.84
13.16018048 -4.583019581 13.16018048 0.0619786435 24.43506532 10.28747845 5.361749179 -3.69
12.22020795 -0.349558348 12.22020795 0.01103271252 18.12130725 7.690895515 4.487059155 -3.68
13.15225278 -3.94604602 13.15225278 0.06051790224 24.45443361 9.902708787 4.897368817 -2.67
13.29770449 -0.6691990134 13.29770449 0.04666162544 27.16466517 10.11291011 4.240460373 -4.02
13.10732527 -0.3839841229 13.10732527 0.09610283807 25.90899359 10.83982989 5.808434031 -4.17
9.71413462 -0.1866698575 9.71413462 0.1866698575 13.2759339 5.421295495 2.233351139 -2.4
13.56708943 -0.1944105358 13.56708943 0.01476839282 20.76438678 8.787048323 4.148113466 -3.12
12.05489583 -0.3397158447 12.05489583 0.0607552881 15.03257942 6.482239874 2.993567044 -1.88
12.36296789 -3.994527893 12.36296789 0.0635567683 24.51882899 11.03512397 6.899849262 -3.75
9.98674877 0.1173132139 9.98674877 0.1173132139 18.51992381 7.290760562 3.761683428 -1.84
12.24421126 -0.4505510669 12.24421126 0.2177167643 22.49238179 10.27815885 5.193253467 -2.7
12.47204696 -0.02763832211 12.47204696 0.02763832211 20.97247287 8.919792446 4.636514124 -2.9
11.70443868 -0.7487100323 11.70443868 0.4362300965 24.29950714 12.04282622 6.611606296 -2.83
12.56453068 -4.329868979 12.56453068 0.203345616 16.36205493 7.312920644 4.494854023 -2.01
14.74325851 -1.289750818 14.74325851 0.1128595422 22.47465157 8.882051214 4.585613796 -4.21
14.3975578 -3.35247276 14.3975578 0.1155538164 23.95109144 10.38558291 5.662216416 -4.19
12.70658631 -0.4759832456 12.70658631 0.02888962423 18.37688063 7.558678244 3.683608054 -2.99
14.03829263 -1.347370074 14.03829263 0.04857702983 22.36701357 8.962162851 4.381286382 -2.83
12.88107353 -0.5750117659 12.88107353 0.2545422664 26.79864574 13.3316692 7.102601564 -2.8
10.68584709 -0.5483282155 10.68584709 0.09943373646 16.77046701 5.664704672 2.450966104 -1.68
12.68359026 -4.676666696 12.68359026 0.09597999124 21.28845753 8.656123731 4.533119465 -3.95
2.12037037 1.276018519 2.12037037 1.276018519 7.108736858 3.224946402 1.37393594 -1.56
14.62132745 -0.7142327116 14.62132745 0.1619564384 18.56113968 6.805368631 3.26459682 -3.46
15.32215675 -2.116431603 15.32215675 0.001665502918 68.13708704 32.67180157 19.76936613 -9.98
9.599843925 0.3387305549 9.599843925 0.3387305549 20.59591837 8.093983624 3.442739079 -2
5.883135431 0.4940144039 5.883135431 0.4940144039 14.19002445 5.652676464 2.564102653 -2.42
6.329585774 -0.5830324074 6.329585774 0.5830324074 14.75216246 5.671281997 2.081962814 -2.82
13.449203 -0.5467621725 13.449203 0.04612410242 22.29952252 9.710532606 5.110946814 -2.9
11.98060336 -1.01493234 11.98060336 0.04173886702 20.41517742 9.24986982 5.357104482 -3.32
13.02538207 -0.2632177607 13.02538207 0.1327642657 23.05214556 11.14492195 6.44965586 -3.12
11.18744916 -0.1005798073 11.18744916 0.1005798073 16.72309557 7.253312875 3.769316364 -1.73
12.07437772 -0.9368635692 12.07437772 0.2423636555 21.42312104 9.132622825 4.438445863 -3.81
10.0362859 -0.4231368103 10.0362859 0.3558040438 14.31208253 6.891000145 4.492246261 -1.1
11.69037037 -4.18849537 11.69037037 0.5214814815 12.90738544 4.783666224 2.905724775 -2.16
13.68466567 -4.799635532 13.68466567 0.1413198644 23.18159967 9.59957138 5.71207706 -3.1
12.58769319 -3.275584189 12.58769319 0.1627662824 18.57051318 6.533041679 3.015489421 -2.45
11.72706266 -0.2137226002 11.72706266 0.2137226002 14.46150011 5.498939152 2.239693085 -1.13
12.90353183 -0.5765240247 12.90353183 0.2043229005 21.85899575 9.774809022 4.826763075 -2.84
14.59189054 -0.6345811572 14.59189054 0.1130127109 24.94203855 11.11960434 6.162166548 -3.73
14.51833196 -0.6868544729 14.51833196 0.0590617578 23.26705113 9.817539062 5.254320988 -3.4
12.4464514 -0.07433082878 12.4464514 0.07433082878 20.22245804 9.626472918 4.567723611 -3.06
12.93167483 -0.3702278203 12.93167483 0.02396802535 20.22245804 8.356853039 3.978425813 -3.06
4.35686091 0.7575388648 4.35686091 0.7575388648 15.00569774 6.914173599 3.3509567 -2.55
13.41624981 -3.574496186 13.41624981 0.282291123 22.00559427 8.199063805 3.920683347 -2.81
11.90728354 -0.2972987528 11.90728354 0.2972987528 14.68705855 6.253830334 3.320652679 -2.24
11.31624794 -1.348694448 11.31624794 0.4062175032 22.85904565 9.272784769 4.879898344 -3.32
13.39808424 -0.390650857 13.39808424 0.2402044582 24.20270138 11.97256124 7.032570781 -2.93
14.13860235 -0.1615334787 14.13860235 0.01376111831 21.64502796 9.747825557 4.930067249 -3.19
14.18792206 -0.4864383641 14.18792206 0.1056935771 19.2464006 7.835587372 3.493957107 -2.73
12.60183203 -4.408791002 12.60183203 0.01463054821 23.40410032 10.36744417 6.617982879 -3.26
8.315138889 0.3454166667 8.315138889 0.3454166667 6.96 4.127785235 5.96 -0.04
12.73751707 -4.877758637 12.73751707 0.02913433188 26.47432702 9.853453102 7.424071154 -3.13
12.02373916 -3.255049461 12.02373916 0.06579765065 20.54865242 7.841385397 4.263597888 -3.72
3.612638008 1.09679784 3.612638008 1.09679784 15.17816089 6.321752434 2.877435377 -2.1
13.8935997 -0.8333556128 13.8935997 0.1203349076 25.51452383 9.459584559 4.468941803 -3.76
5.90869898 0.8360270219 5.90869898 0.8360270219 13.90181476 7.09339375 3.736511852 -1.06
11.28305791 -0.3146292009 11.28305791 0.3146292009 16.27420751 7.320420245 4.028611717 -2.59
13.71149668 -4.796485744 13.71149668 0.04278801129 25.58076673 8.925049139 4.263604031 -4.69
11.87009641 -0.2507715449 11.87009641 0.2507715449 17.59814398 8.752478717 4.656170656 -2.22
12.50614024 -0.2069899534 12.50614024 0.2069899534 16.09100802 7.663411043 3.944264185 -2.78
13.61678552 -0.9343892236 13.61678552 0.0547371118 28.15577029 12.79181065 7.16119498 -2.86
12.62817722 -0.07101515442 12.62817722 0.001715552683 21.43274162 10.00469822 5.460396975 -3.8
14.74354018 -4.631507246 14.74354018 0.01774600292 23.78664469 9.116995898 5.078225083 -3.36
13.07873346 0.03850951234 13.07873346 0.03850951234 24.15799769 11.01601416 5.636519194 -3.55
2.891083711 0.3206201447 2.891083711 0.3206201447 22.46311176 9.223140496 3.9421875 -2
13.36296906 -1.339065922 13.36296906 0.2777806682 19.6071549 8.69218627 3.761990303 -3.15
12.886173 -3.819622963 12.886173 0.1411775899 21.13372208 9.674805637 6.490165696 -2.17
13.92901316 -4.459819219 13.92901316 0.09365696883 29.0038361 12.03371284 7.146807076 -3.99
15.14895828 -3.949570542 15.14895828 0.09194548681 24.8463427 9.562870641 4.764204798 -2.83
14.04700578 -0.7687953358 14.04700578 0.004883331355 19.46572366 7.877903551 3.725364028 -2.85
5.938544501 0.3755569565 5.938544501 0.3755569565 17.50115277 8.65050777 4.248536182 -1.91
12.85609705 -3.54728271 12.85609705 0.337944583 22.16703257 9.311015753 4.703099092 -2.64
12.87749343 -0.2276661969 12.87749343 0.09259983941 21.87853116 9.329705669 5.843616036 -1.82
11.09327641 -0.7357274573 11.09327641 0.1184241213 22.90876039 9.785902749 4.851319875 -3.86
5.17436237 0.9362388797 5.17436237 0.9362388797 14.35123584 7.510031316 4.843527807 -1.06
6.515002955 -0.3640064931 6.515002955 0.174522902 21.71141695 9.792068531 4.93652662 -2.12
11.95696543 -1.285995083 11.95696543 0.2228730058 21.38464106 9.107469196 5.064250767 -1.85
14.01613266 -4.008914504 14.01613266 0.1076704702 27.51644957 11.32718812 5.665865976 -3.07
11.54683452 -1.220257655 11.54683452 0.06285847628 20.20087768 9.593496516 5.477980586 -3.54
10.81543983 -0.9599175707 10.81543983 0.3086646771 22.83974012 10.51740804 5.71331736 -2.34
5.893346167 0.3130683107 5.893346167 0.3130683107 14.00700205 5.442554215 2.629633837 -1.95
8.806457242 0.1109957555 8.806457242 0.1109957555 15.8597524 7.499375044 3.838751537 -3.02
12.81177957 -1.339602037 12.81177957 0.2955724142 13.69589282 6.440596243 3.867141419 -1.73
13.05231656 -1.109535318 13.05231656 0.09838203648 24.12421382 6.859335602 2.186841625 -3.24
6.651085606 -0.196482063 6.651085606 0.196482063 19.20749135 8.489795842 4.324483166 -3.12
14.89231793 -2.095273825 14.89231793 0.02908116024 18.80497554 6.944920432 3.179173519 -2.2
12.96628169 -0.3940802154 12.96628169 0.2066023663 18.68302526 7.829468167 3.334942512 -2.33
13.48966452 -3.638294779 13.48966452 0.1011565745 20.35673721 7.7256977 3.8004689 -1.92
12.52336063 -3.262058466 12.52336063 0.5686267007 17.63514062 6.28338902 2.787010544 -2.45
5.33794076 0.4591260393 5.33794076 0.4591260393 12.24492187 5.05899654 2.360509886 -1.8
6.279865094 -0.01228979331 6.279865094 0.01228979331 22.92454409 12.18837478 7.823995617 -1.75
14.12577663 -0.6212837477 14.12577663 0.0194171986 18.4995715 7.527031202 3.787826786 -3.29
5.782545073 0.1869372533 5.782545073 0.1869372533 15.00569774 5.822874882 2.846777086 -3.55
12.70705652 -0.4960880721 12.70705652 0.08459982157 18.96857621 7.935586562 3.910341703 -2.37
10.93430804 -0.7961017755 10.93430804 0.06285249748 14.38989926 6.059163047 2.748388775 -2.55
13.33971753 -0.7715401234 13.33971753 0.00795653253 47.00945811 22.74502665 13.51074817 -4.48
13.39936794 -3.638311372 13.39936794 0.01903891393 25.14245825 10.34301116 6.177183545 -1.96
12.24421126 -0.4505510669 12.24421126 0.2177167643 22.49238179 10.27815885 5.193253467 -2.7
13.36092417 -1.640405896 13.36092417 0.1279029498 27.45451459 13.80528277 8.210152262 -2.79
11.23812228 -0.315120106 11.23812228 0.315120106 14.35158203 6.913673457 3.739074167 -2.59
5.932044281 -0.2754024095 5.932044281 0.2754024095 19.18837139 9.372089136 5.441851059 -1.14
13.00483493 -0.4892636498 13.00483493 0.001435518779 21.45198347 9.570089935 4.755388966 -3.78
6.098111575 0.6749502308 6.098111575 0.6749502308 17.82446194 7.981601978 4.068024708 -2.57
12.80423565 -1.023240385 12.80423565 0.09695973647 22.89765915 10.11032739 5.367877642 -2.28
12.67387507 -0.474583191 12.67387507 0.176685443 19.58770068 9.15656173 4.762753065 -2.17
6.012992753 1.022565693 6.012992753 1.022565693 16.37284626 7.422458702 3.779890691 -2.1
14.20754818 -4.749793449 14.20754818 7.33597311e-05 32.16818481 14.51420387 9.082071757 -4.35
12.84961523 -0.2281560278 12.84961523 0.08107159266 33.77385084 16.82481267 9.249174293 -4.58
13.49704223 -0.5454745108 13.49704223 0.2100527526 21.73038783 9.407809854 4.793131783 -4.1
12.07331869 -0.06013605442 12.07331869 0.06013605442 11.46926413 3.948656226 1.842436458 -1.62
12.30652148 -0.454314059 12.30652148 0.01222796114 18.09222445 7.671626576 3.935136049 -3.71
14.21047029 -0.227925275 14.21047029 0.05137755102 16.09100802 6.76844122 3.282591046 -1.78
6.360169484 -0.7130315807 6.360169484 0.542462732 16.32359416 6.387479586 2.4050808 -3.86
10.91924911 -1.507396157 10.91924911 0.5938236961 10.28522185 4.1778011 2.14171047 -1.88
11.94230917 -3.211440878 11.94230917 0.1214113481 25.6663105 9.913340539 5.526688301 -3.42
13.22161811 -0.2347694109 13.22161811 0.2347694109 17.44856371 6.7497158 2.762944531 -1.65
13.44658947 -0.4346492871 13.44658947 0.032966236 19.01416251 8.752443411 5.122712184 -2.76
11.57508485 -0.7058632154 11.57508485 0.09324583337 21.93332784 9.467900607 4.493308973 -3.28
6.008547784 0.8055981162 6.008547784 0.8055981162 17.77689173 8.380811586 4.370627116 -1.62
17.44843685 -2.175233909 17.44843685 0.02730219094 26.30075819 8.532987727 3.190290425 -1.93
12.30946401 -1.282231217 12.30946401 0.06130804683 22.81693388 10.44316037 6.571544766 -3.86
13.02466222 -0.2436054422 13.02466222 0.2313449097 15.09028565 5.873709615 2.736730388 -2.46
5.367659492 0.7598542249 5.367659492 0.7598542249 19.24738073 9.425914239 5.242462153 -1.52
11.04823178 -0.7318671684 11.04823178 0.1273439165 21.16345429 8.963250928 4.504549277 -3.08
12.82134805 -0.2334136259 12.82134805 0.2334136259 19.6071549 10.86784526 7.170255223 -2.15
14.28813943 -3.606105614 14.28813943 0.1636456249 26.21977038 10.63898404 6.096786172 -2.85
14.07618405 -4.146648135 14.07618405 0.05662872238 29.87739409 12.32809163 6.902774767 -2.6
5.010732237 1.025445484 5.010732237 1.025445484 13.78829658 5.409294431 2.401272703 -1.85
5.979531526 0.4024782691 5.979531526 0.4024782691 16.99836783 8.857309509 4.36848456 -1.84
9.857024437 -0.09888887024 9.857024437 0.09888887024 22.4331052 9.866444583 4.782355903 -1.36
12.52535714 0.0528165155 12.52535714 0.0528165155 15.39 7.135802469 3.552653061 -1
5.813574601 -0.01956833428 5.813574601 0.01956833428 22.63244686 9.081389079 3.760352908 -3.55
11.54062647 -0.9371265065 11.54062647 0.06088036449 20.89678778 8.176198856 3.761156282 -1.98
12.87912152 -0.4322570124 12.87912152 0.002157861512 24.96118037 7.41627515 3.16161844 -0.71
6.020588039 1.027853472 6.020588039 1.027853472 17.32065477 8.066237028 4.00054324 -2.1
12.39150199 0.002983801545 12.39150199 0.002983801545 17.24009411 7.990054202 4.484185959 -1.59
14.89412793 -0.9001072373 14.89412793 0.1413988095 16.08925781 5.296653107 2.259543182 -2.4
13.0066737 -4.349134358 13.0066737 0.1585120097 20.63504751 8.245433733 4.274619157 -2.63
13.57984568 0.1291203378 13.57984568 0.1291203378 21.53711437 8.987643645 4.184599339 -3.99
14.14947203 -1.014346955 14.14947203 0.02710440747 23.08111749 8.68883541 4.676203767 -3.09
13.0151507 -0.7794180936 13.0151507 0.1001071324 24.85591129 10.2748353 5.024697706 -2.82
12.40513211 -0.399974315 12.40513211 0.07159247187 17.15926543 6.79957484 2.707312128 -2.27
13.88820846 -4.55573519 13.88820846 0.05161241812 17.691147 6.594523851 3.109295134 -3.39
13.30400092 0.0901015647 13.30400092 0.0901015647 29.8007087 14.03763609 7.503781112 -3.89
11.95436384 -0.9930448149 11.95436384 0.05432645831 30.67615897 12.57386552 6.020322545 -4.34
13.18700825 -4.388970974 13.18700825 0.02809860402 23.903568 9.010664716 5.53392492 -2.75
6.011832233 0.3963057183 6.011832233 0.3963057183 22.68807969 9.710357898 4.595153109 -4.76
12.83030627 -4.483855156 12.83030627 0.03820168977 22.86584551 8.741466145 5.263489601 -1.81
12.11774554 -0.03066017392 12.11774554 0.03066017392 18.69166834 9.020239322 4.596642909 -2.66
13.44583761 -4.070537158 13.44583761 0.08817977345 26.35641975 11.45169625 6.448946057 -2.25
11.67780591 -0.3169144391 11.67780591 0.2540107316 15.90984179 6.372755557 2.93656365 -2.59
10.72926873 -1.033380855 10.72926873 0.1052372029 23.68993658 10.64633368 5.72825851 -4.46
12.82392765 0.02888792541 12.82392765 0.02888792541 18.87066761 7.28380134 3.502784916 -2.13
10.34927041 -0.485017944 10.34927041 0.4091368972 17.38173306 9.299837768 7.618411991 -1.67
13.55610032 0.03253112665 13.55610032 0.03253112665 18.78620978 7.55325141 3.339205256 -3.22
12.8734619 -4.290028935 12.8734619 0.3833187951 22.67084979 9.265175655 4.759845571 -2.11
11.91729745 0.07077064146 11.91729745 0.07077064146 21.16345429 9.818058678 5.336665915 -2.08
12.26625743 -4.736175285 12.26625743 0.3038915654 23.86438199 9.37113445 6.360683251 -2.79
13.0237176 -0.1310203401 13.0237176 0.1310203401 37.56250035 15.81150216 6.986531533 -2.7
6.680713309 -0.6099399347 6.680713309 0.06993010064 20.88474727 10.09382003 4.848242191 -2.37
12.91313697 -0.1541126722 12.91313697 0.1541126722 18.21826499 9.210042837 5.722087115 -1.58
6.002248349 0.6342721905 6.002248349 0.6342721905 13.15872835 6.053949478 3.85100704 -0.28
13.03361235 -4.379444771 13.03361235 0.01568463807 17.52015993 6.370990358 3.651100683 -2.89
12.56978223 -0.4439602043 12.56978223 0.2911585622 24.1982263 14.19947922 8.450621958 -1.84
12.46851057 -0.253185941 12.46851057 0.253185941 16.18374692 6.542108226 3.15072936 -2.3
13.087871 -0.760130131 13.087871 0.04580634074 23.77176159 8.597974566 3.437487217 -3.32
11.48719894 -0.2740379947 11.48719894 0.2740379947 13.10974753 5.619781097 2.836593018 -2.89
12.43445704 -0.690503099 12.43445704 0.2726432456 18.16008757 7.716609918 4.710253398 -1.64
13.32980407 -3.098577043 13.32980407 0.0975721722 28.03995794 11.29083003 5.659363016 -4.1
13.21590932 -3.853630458 13.21590932 0.05758083553 27.92105266 13.538072 9.82517822 -3.32
12.86697956 -0.04453892668 12.86697956 0.04453892668 15.45726069 5.778540219 2.203566488 -2.07
11.00761644 -0.9529443733 11.00761644 0.2368283975 18.35502134 7.624148366 3.517356355 -3.68
13.11162391 -5.402332944 13.11162391 0.155959219 33.77385084 14.04214632 7.515313731 -3.58
11.15139723 -0.6580616969 11.15139723 0.5176142185 16.80837099 7.309043739 3.513802249 -1.64
12.26616166 -0.4638373213 12.26616166 0.1802529555 21.95259334 9.909170546 4.96418607 -3.26
11.8220727 -0.6702391882 11.8220727 0.0848616115 20.12528986 10.05099875 7.103162169 -1.92
13.76939135 -3.896253626 13.76939135 0.04440633834 28.3798781 12.48368778 7.48015239 -2.63
10.98214493 -0.6552911157 10.98214493 0.02223980642 19.7720436 7.711921936 3.836853233 -4.53
5.552992625 0.9502712097 5.552992625 0.9502712097 20.31836653 9.693819409 4.447789421 -2.96
6.129386277 0.5336265432 6.129386277 0.5336265432 12.73862176 5.377184086 2.394003569 -0.28
13.05588289 0.1558492683 13.05588289 0.1558492683 24.74504241 12.91544464 6.394255888 -2.37
13.27080344 -0.3682783412 13.27080344 0.009944398635 19.23700012 7.501946793 3.0435797 -1.74
2.416111111 0.5143981481 2.416111111 0.5143981481 11.488138 4.581818182 2.063315139 -1.6
9.94554106 0.07125354308 9.94554106 0.07125354308 18.93644979 8.236195685 4.105606614 -1.84
12.03313323 0.1564438647 12.03313323 0.1564438647 15.2535629 7.563745288 4.420345244 -1.65
13.31196555 -0.5554704034 13.31196555 0.1055215245 20.01075864 6.932021222 2.493276166 -2.63
12.97212165 0.2040583938 12.97212165 0.2040583938 19.71458695 8.417898385 4.203958376 -1.59
5.756054343 0.4094134134 5.756054343 0.4094134134 13.7043397 6.048272535 2.834834756 -1.94
12.28815231 0.03676776266 12.28815231 0.03676776266 18.17947912 8.654933578 4.939572296 -1.62
14.42421128 -1.39034456 14.42421128 0.02787368077 68.34848423 36.41800985 28.10344887 -8.76
13.59882216 -3.148851198 13.59882216 0.009629108975 33.07552861 13.11642586 7.015439203 -4.44
13.10260393 -1.333578987 13.10260393 0.415260771 15.73456253 6.15553598 2.516857686 -3.15
12.73541567 -0.16763402 12.73541567 0.1108283841 29.41353315 13.7552073 6.770782804 -2.66
12.77445635 -0.5886293558 12.77445635 0.2226713852 20.83428525 10.04993461 5.563221958 -1.89
13.65300255 -0.871757094 13.65300255 0.0476711341 25.31555439 10.30841146 6.608880362 -2.31
9.857095039 -0.9881035053 9.857095039 0.5368431122 10.91356355 3.641829528 1.761091652 -2.21
12.86312509 -3.895362371 12.86312509 0.04806353111 21.23075874 8.256662896 4.531251108 -3.01
13.11360785 -4.702805255 13.11360785 0.04617449122 27.83048191 10.82462177 6.009365079 -3.32
5.907756521 0.4232446158 5.907756521 0.4232446158 19.4465882 8.649474316 4.097495667 -3.87
12.98853548 -0.3441596117 12.98853548 0.0880251555 27.05574583 12.99888871 7.28331133 -3.99
13.48156471 -4.017239583 13.48156471 0.07513866244 24.56097189 10.36979339 5.749330184 -3.56
9.097062935 0.158420793 9.097062935 0.158420793 19.85824709 8.926197601 4.261476846 -1.44
13.87115085 -4.576857875 13.87115085 0.02785289116 17.29942683 6.370194356 2.983003494 -3.81
12.16633595 -0.7235616094 12.16633595 0.03024943311 26.97574577 9.698396267 3.47363092 -2.61
5.443052065 0.4737572677 5.443052065 0.4737572677 18.88005369 7.610587887 3.505994533 -2.12
11.14253085 -0.9496286077 11.14253085 0.3308925197 20.28396907 10.8476543 7.39024702 -3.03
13.05667494 -3.466691609 13.05667494 0.1669432836 23.56622782 9.829214442 4.576266619 -3.17
11.95393731 -0.09931311413 11.95393731 0.0877569392 11.10169784 4.343346753 1.928182477 -2.01
5.593716257 0.5379312651 5.593716257 0.5379312651 24.19620781 11.04184702 5.51146666 -2.51
5.967489586 0.5476913691 5.967489586 0.5476913691 14.66772819 6.299959986 2.940828143 -0.91
13.38191068 -3.10400289 13.38191068 0.1099502994 28.62033983 11.74708142 5.597787681 -4.14
12.94427629 -4.467588304 12.94427629 0.3854947906 16.90315726 6.642858863 3.39235593 -2.54
5.991543488 0.5703439752 5.991543488 0.5703439752 17.19696047 7.600938554 3.335651936 -2.92
10.50204082 -0.03592592593 10.50204082 0.03592592593 6.805074799 3.011779445 1.895375402 -1.31
13.08011841 -0.7468829129 13.08011841 0.0121915155 22.41076289 6.945611241 2.464718706 -1.79
3.643354907 0.1066967829 3.643354907 0.1066967829 16.22598682 6.463714556 2.816909052 -1.64
7.319444444 1.430555556 7.319444444 1.430555556 2.49 1.49 1.49 -0.51
6.283357024 0.140305965 6.283357024 0.140305965 16.30664327 5.681637426 2.366666163 -1.17
11.9887037 -4.74875 11.9887037 0.08333333333 10.878125 3.181286982 2.397448225 -1.2
11.21399059 -0.945788616 11.21399059 0.3358552148 23.60972268 11.53547337 6.97405604 -2.05
13.36609455 -3.97969621 13.36609455 0.07290943813 27.47413325 10.30404022 6.110672902 -3.56
13.73662681 -0.007824336525 13.73662681 0.007824336525 14.51767585 7.042837451 3.563367189 -0.89
6.333703704 -0.1753647014 6.333703704 0.02700680272 15.84048902 7.993805644 4.03201596 -2.04
6.07043202 0.783534738 6.07043202 0.783534738 15.10942294 7.997344198 4.345532025 -1.8
11.29665897 -0.9452540142 11.29665897 0.2243190404 26.44724343 13.07106678 7.02534317 -3.16
10.76090069 -1.012066487 10.76090069 0.3159815147 25.25882856 11.72833534 6.229851089 -3.84
13.13849925 -0.2879935647 13.13849925 0.01041375666 21.63482726 8.876110519 4.543703676 -4.59
12.87369367 -0.644370385 12.87369367 0.06348324515 20.94239403 9.228108517 5.06264925 -3.31
13.36922929 -4.731033647 13.36922929 0.04453721439 25.14245825 9.591596235 5.314857036 -3.96
13.84300466 -4.152203786 13.84300466 0.07879218436 30.88840138 14.21333705 8.477796881 -4.06
13.11315305 -0.7076264148 13.11315305 0.0003560982601 25.12750027 8.69733158 3.198665265 -2.61
12.4302625 -0.4805189106 12.4302625 0.03483558179 21.24037461 9.42768595 4.513888889 -4
9.166029109 0.4751350407 9.166029109 0.4751350407 17.91010952 8.038990822 3.94886618 -2.48
12.02448013 -0.438854211 12.02448013 0.2765190469 22.45211857 9.128821499 5.106753316 -2.34
3.876296296 1.094907407 3.876296296 1.094907407 4.557629552 1.584972123 0.5977587142 -1.31
6.258979119 0.2469557823 6.258979119 0.2469557823 13.40619094 5.854138227 2.598405731 -2.26
13.04886327 -0.810124979 13.04886327 0.1144824168 22.49420583 10.72357599 6.147848517 -3.19
15.14923937 -1.887128133 15.14923937 0.01136364575 74.97752686 37.19580383 24.63509216 -11.41
11.82046735 -0.6718734528 11.82046735 0.1931649712 23.54490997 8.630452651 3.681408047 -0.61
12.88395697 -0.2132320971 12.88395697 0.02686605676 21.796795 9.076423029 4.304142489 -3.03
12.65189083 -0.4508177438 12.65189083 0.05381046863 16.40122493 6.338817977 2.994969393 -2.07
13.33161196 -1.031653371 13.33161196 0.02730418421 27.86077653 14.12902128 9.344091665 -3.72
12.33085243 -0.2882241586 12.33085243 0.2882241586 22.33808755 9.736180111 5.316286923 -3.86
5.504548502 0.8629843619 5.504548502 0.8629843619 20.23540658 9.214518844 4.233660476 -2.68
13.21249804 -1.027520269 13.21249804 0.1834871964 28.29450967 12.95098131 6.902472923 -5.24
13.10793836 -1.013786829 13.10793836 0.00378556111 26.53070331 11.24748458 6.418303226 -4.53
9.120379588 0.6481995885 9.120379588 0.6481995885 13.0436174 4.681462448 1.90441099 -2.65
13.08957062 -0.1633320095 13.08957062 0.1633320095 19.12146073 9.324506406 5.190646538 -2.21
14.39179242 -0.8133824458 14.39179242 0.01238865879 24.23163099 8.339684023 2.917098827 -3.39
6.354379972 0.2305305318 6.354379972 0.2305305318 23.38953404 11.9541414 6.838724117 0.11
11.63599286 -0.348968119 11.63599286 0.2181675069 17.9481838 7.661978181 4.119523473 -2.44
14.23232809 -4.306128516 14.23232809 0.07606328154 26.62013356 9.339672536 4.177742872 -2.98
6.407733345 0.6200082915 6.407733345 0.6200082915 23.53330219 10.25060658 4.753853951 -2.86
5.921780439 0.8157709751 5.921780439 0.8157709751 8.850148319 3.985475357 2.140663502 -0.73
9.345107585 -0.0331345532 9.345107585 0.0331345532 15.57973651 6.170344247 2.5884646 -1.94
12.2396827 0.2824971655 12.2396827 0.2824971655 13.6247375 5.565751218 2.241841222 -1.35
12.01836055 -1.163452346 12.01836055 0.2835924334 20.56784956 8.20352275 4.395375255 -2.7
11.68128423 -0.3293700966 11.68128423 0.3293700966 22.96524059 10.15576559 5.223932824 -2.21
6.245057004 0.3465756225 6.245057004 0.3465756225 16.4485306 7.473367478 3.222528666 -1.02
5.760753023 0.2214871504 5.760753023 0.2214871504 8.324208694 3.225521047 1.579105336 -1.28
13.19696195 -0.9303540953 13.19696195 0.04471874052 21.44342761 7.33564172 2.832027784 -1.84
13.41255466 -0.6977931836 13.41255466 0.008490479221 23.04248865 9.016583001 4.394626303 -3.13
12.98422029 -0.4704520377 12.98422029 0.04528069777 19.58056015 8.330677053 4.030027153 -2.73
10.5831512 -0.4258445137 10.5831512 0.2942170309 17.0738663 6.747200934 3.230534825 -1.36
2.224537037 0.6538888889 2.224537037 0.6538888889 7.32845987 2.869483956 1.381397845 -0.78
11.17457082 -0.4771812799 11.17457082 0.2312902985 26.64401846 9.882040394 3.863054962 -3.74
12.80244042 -1.084122674 12.80244042 0.06545560801 19.84866783 8.505400503 4.431058756 -4.45
11.68109292 -0.9025644503 11.68109292 0.3769679521 21.55783026 9.641528455 5.139931784 -3.67
12.70376573 -0.9833004229 12.70376573 0.2109829725 22.60813795 10.35773307 5.420854892 -4.58
6.068110184 -0.2039544269 6.068110184 0.2039544269 18.76164586 10.20714062 6.656981078 -3.02
6.090295981 0.5408903026 6.090295981 0.5408903026 17.59620247 7.829175644 4.117803046 -1.81
12.70687395 -0.6832702402 12.70687395 0.00457857365 18.78106509 7.709141274 3.588017751 -4
13.06757008 -0.2069953195 13.06757008 0.1217016088 18.92081539 8.724045065 4.898601416 -1.42
11.74280163 -0.907914507 11.74280163 0.3453693126 23.54490997 11.00732086 6.466615033 -3.61
6.349962227 -0.110156346 6.349962227 0.110156346 18.33629274 7.968145865 3.751532636 -3.7
13.26329946 -0.07697562358 13.26329946 0.07697562358 17.9577032 7.294788172 3.400564805 -1.43
13.00061 -0.8569960947 13.00061 0.1078802012 23.08968141 9.902708787 4.784329821 -3.67
14.56305743 -4.198994963 14.56305743 0.01986643994 38.82585983 16.36804147 9.22058563 -3.97
11.94619898 -1.304050926 11.94619898 0.6211177249 15.54204376 5.533326893 2.183007997 -2.98
14.86805006 -0.5435491941 14.86805006 0.03589162222 32.30775828 16.286471 9.453729615 -3.09
12.97011964 -1.23139713 12.97011964 0.008634199286 28.29450967 8.629415833 3.751772126 -1.24
13.39725285 -0.1859618741 13.39725285 0.06885038738 20.64151273 7.02953036 2.654493669 -2.53
6.412202029 0.01614983365 6.412202029 0.01614983365 18.45823888 7.430144043 3.350038704 -3.31
11.5849454 -0.06337421952 11.5849454 0.06337421952 20.15048714 8.765898459 4.335465941 -2.77
12.80704462 -3.500232668 12.80704462 0.00832503165 22.77780709 9.076057148 5.224710458 -1.9
5.945226994 0.7966160696 5.945226994 0.7966160696 17.16875604 7.962166149 3.779770942 -2.26
13.54993628 -0.5241694486 13.54993628 0.1993476058 26.64401846 9.882040394 3.863054962 -3.74
12.94542419 -0.9568236656 12.94542419 0.006122856879 31.1914876 10.50840948 4.794898316 -0.75
13.1103021 -0.4482485093 13.1103021 0.01222143487 20.05616383 8.704858261 4.012378615 -3.87
12.3259742 0.1839816887 12.3259742 0.1839816887 18.74222749 9.059280511 4.992286776 -2.04
7.866436434 0.08418721276 7.866436434 0.08418721276 24.80807056 10.62656524 5.454034014 -3.87
13.28230446 -0.07036071457 13.28230446 0.02275506744 21.47437896 8.87349211 3.848855377 -3.37
12.88755903 -4.548693586 12.88755903 0.00417611489 16.36205493 6.399471937 4.006296244 -3.01
12.30660319 -0.1160259883 12.30660319 0.1160259883 19.26485819 8.96042523 4.510881226 -3.06
10.1152329 0.1697389403 10.1152329 0.1697389403 12.75763657 5.02101342 2.278664898 -2.26
13.63677044 -1.413752922 13.63677044 0.1398663601 21.09616156 9.330957031 4.33428703 -3.15
12.26111491 -0.1975158437 12.26111491 0.1155949045 21.07657208 9.781112018 5.007451198 -1.79
12.64051123 0.1702579738 12.64051123 0.1702579738 19.23766093 9.418827811 5.009932027 -2.53
12.30544001 -0.2330848282 12.30544001 0.2330848282 22.87068368 10.57278715 5.784463385 -3.9
6.359151077 -0.2158580189 6.359151077 0.1622441893 14.88358206 6.079901704 2.693353621 -1.68
13.548664 -0.24531893 13.548664 0.24531893 12.52461013 4.392390634 1.942075668 -2.21
13.43674415 -3.950713157 13.43674415 0.0575909036 27.88303674 11.71710196 6.283198326 -3.14
13.5310271 -3.808684957 13.5310271 0.03491113421 25.9929645 11.20365236 5.709191743 -2.62
13.44956648 -0.2150413697 13.44956648 0.08050579491 21.83474826 9.874395874 5.007679957 -2.99
13.34169955 -4.009596334 13.34169955 0.05759694927 26.19762528 10.75076901 5.84158329 -5.42
8.855744772 0.2112192781 8.855744772 0.2112192781 18.27075514 7.9259916 3.487573065 -3.77
5.581358025 0.5625 5.581358025 0.5625 7.200011001 2.782200282 2.052723741 0.09
13.40635459 -4.745126301 13.40635459 0.06876958561 21.24699585 7.759838097 3.74279507 -4.61
13.34432079 -3.125994774 13.34432079 0.07377045423 31.78415878 13.98884941 7.54398902 -4.63
11.57996767 -0.9111149987 11.57996767 0.3175590522 20.00901474 8.309806782 3.645663192 -3.92
13.02232947 -3.599440649 13.02232947 0.03162047973 28.92237294 14.21674841 10.13755607 -2.11
12.55587973 -0.6805447163 12.55587973 0.009336044405 26.53425136 8.865097625 3.139310419 -2.86
7.836611108 0.08086996053 7.836611108 0.08086996053 22.89924082 9.408159056 4.712300514 -3.87
9.585985135 0.1996527778 9.585985135 0.1996527778 11.46496165 4.095983503 1.94099985 -1.02
5.683200697 0.4746392091 5.683200697 0.4746392091 19.2422443 7.90412443 3.610229504 -4.46
7.590017018 0.108241237 7.590017018 0.108241237 13.84429237 5.443034764 2.552825355 -2.79
11.94667139 -0.435343128 11.94667139 0.02476067124 14.20442899 6.293790345 3.025116431 -2.21
14.69653562 -4.10889126 14.69653562 0.04104160463 21.42699336 8.171241995 4.142945817 -2.42
12.75865024 -3.541524132 12.75865024 0.3013871656 22.16703257 8.951967033 4.568462542 -2.64
5.348112245 0.81625 5.348112245 0.81625 10.07958055 4.049472173 1.818515165 -2.1
9.56375 0.7326388889 9.56375 0.7326388889 5.67 4.67 3.67 -0.33
13.03623143 -3.715663167 13.03623143 0.2006209499 20.840037 8.478013905 4.305635207 -3.04
12.1303458 -0.956023715 12.1303458 0.01369992441 14.93430733 4.377414641 1.412853872 -2.18
13.60621473 -3.489954778 13.60621473 0.2386300976 19.8199317 8.101096926 4.419274706 -2.48
2.54662037 0.7527428193 2.54662037 0.7527428193 14.16196533 5.976536011 2.636688257 -1.45
9.921902855 0.1651738079 9.921902855 0.1651738079 19.30665531 8.894823877 4.533813271 -1.02
11.1664728 -0.4920555652 11.1664728 0.3731388992 20.77908456 10.01890296 5.562527447 -2.48
11.13096383 -0.9476859624 11.13096383 0.3344431628 20.67911839 10.50215122 6.938912803 -1.63
12.26534423 -0.08399381666 12.26534423 0.07226863662 14.79258595 6.323357649 2.922100162 -1.13
13.09842353 -4.740189798 13.09842353 0.09193172871 21.13663065 7.682627155 4.539586385 -2.58
2.422913832 0.509212963 2.422913832 0.509212963 12.43464768 4.822237651 2.431227659 -1.6
4.38607368 0.8806404583 4.38607368 0.8806404583 15.4007585 7.182701032 3.514224712 -2.13
13.6542989 -1.025272055 13.6542989 0.06751151773 28.65279652 12.6690205 7.195106402 -3.35
12.89174981 -1.024126953 12.89174981 0.2076414534 25.07604966 10.800838 5.107905985 -4.59
13.74397639 -0.150369774 13.74397639 0.150369774 16.31768345 6.179783471 2.425208094 -2.65
13.33734147 -3.035071259 13.33734147 0.08167369956 27.22573599 11.80523815 6.287026513 -3.35
12.79184707 -0.2032916943 12.79184707 0.1341466418 21.83701371 9.404359329 4.75482391 -3.38
13.29770449 -0.6691990134 13.29770449 0.04666162544 27.16466517 10.11291011 4.240460373 -4.02
13.05037106 -0.2500979902 13.05037106 0.2500979902 19.38918862 9.046234253 4.737523178 -2.93
14.1102808 -0.1043305613 14.1102808 0.06016439332 35.6115082 15.21708724 6.869893536 -4.08
13.392416 -4.622067044 13.392416 0.1024446602 22.00076097 8.732928671 4.37895209 -3.21
3.673611111 1.5 3.673611111 1.5 3.276850394 1.49980284 0.5163568727 -0.92
13.50787722 -3.903925118 13.50787722 0.1581603428 24.38664767 10.67649626 5.65896743 -2.74
11.43264364 -0.4278863651 11.43264364 0.02851998351 21.61181959 8.703133941 4.210769393 -3.91
13.23141582 -0.4190296861 13.23141582 0.008122165533 15.8249078 5.414938901 2.155438635 -1.68
14.3834013 -4.117322185 14.3834013 0.04429815967 35.04348373 15.02923424 9.043001265 -3.44
12.04529563 -0.4034139319 12.04529563 0.1594401927 16.78578614 7.227753111 3.559218458 -3.06
11.99745355 -0.4125089758 11.99745355 0.23930839 11.39379199 3.906525241 1.586699224 -2.7
12.79057612 0.0159481798 12.79057612 0.0159481798 23.22460964 9.436953027 3.997218983 -3.91
12.30928713 -0.9069121444 12.30928713 0.08563707273 13.08066001 5.09897474 2.731273489 -2.36
5.600493827 0.4577777778 5.600493827 0.4577777778 5.936561167 1.834958028 0.6758301313 -0.81
14.67445843 -0.5933474794 14.67445843 0.01722030633 22.56954921 9.089658158 4.62032091 -3.62
12.43608487 -0.1695791949 12.43608487 0.09370784211 23.97214838 12.38038109 6.913802897 -2.68
12.34749047 -3.386966622 12.34749047 0.02631027559 18.93036696 8.30570129 4.537165791 -1.41
13.15854358 -4.606062122 13.15854358 0.02858465608 21.74673993 7.82556112 4.643582829 -2.55
9.821353064 0.3698681973 9.821353064 0.3698681973 14.1505162 6.31484331 3.451560874 -1.8
6.046308833 0.7508460884 6.046308833 0.7508460884 10.41626456 3.929523417 1.630214931 -1.74
11.47162837 -0.9666768836 11.47162837 0.3299702661 15.81159626 7.465324438 4.015525477 -3.07
12.32262513 -0.05713764071 12.32262513 0.05713764071 19.27442034 8.967017517 4.514950899 -3.05
11.12921374 -0.5222217498 11.12921374 0.2038177385 25.72165533 9.372835289 3.71930281 -3.75
12.89390084 -4.87605576 12.89390084 0.06988864219 22.4159923 9.253788654 6.10888901 -3.27
6.358219697 0.3117686194 6.358219697 0.3117686194 20.10332131 8.735361446 4.158357759 -1.82
11.04870748 -0.03592592593 11.04870748 0.03592592593 7.099295166 2.48251405 1.013353239 -1.57
13.91507978 -0.3055333638 13.91507978 0.3055333638 25.25913241 11.78753044 6.015844011 -4.03
6.152708961 0.1757011184 6.152708961 0.1757011184 16.32555642 6.293344613 2.633787466 -3.15
14.75963636 -2.414910743 14.75963636 0.04280922099 139.6100484 71.30593567 49.85502583 -16.81
12.65959577 -4.464147964 12.65959577 0.09017065854 23.25090775 10.13539638 6.234694437 -3.03
11.96533287 -0.2581450775 11.96533287 0.02530140007 25.06647602 10.40841924 4.721116202 -2.6
5.519994803 0.3218819681 5.519994803 0.3218819681 12.36744836 4.30598512 1.582518504 -1.38
13.29572843 -1.23601161 13.29572843 0.03996527778 21.33178995 8.225290251 3.705999836 -2.21
12.99136208 0.0991718107 12.99136208 0.0991718107 19.24573475 8.515284029 4.486944843 -2.08
5.657543147 -0.4442666997 5.657543147 0.2696729734 11.91181819 4.36680026 3.196576132 -1.56
14.1533557 -4.547532778 14.1533557 0.01330761317 24.8516381 9.774747343 5.533335535 -3.26
6.152559209 0.2872530864 6.152559209 0.2872530864 14.58622781 5.663673596 2.697138756 0.18
6.058895396 0.7799899744 6.058895396 0.7799899744 13.9109663 6.596991445 3.491500474 -1.51
12.36709413 -1.678278775 12.36709413 0.02739898719 39.7375187 21.43633626 14.06307742 -3.44
12.98151786 -0.2584665533 12.98151786 0.06389407996 21.32692812 9.069778744 4.548529269 -3.91
13.64451802 -0.9268166179 13.64451802 0.1178040543 25.30574065 10.30198828 6.604133714 -2.32
13.98257888 -0.9202026644 13.98257888 0.2531609033 18.00498866 7.210058966 3.5736202 -2.8
9.341527778 0.4618055556 9.341527778 0.4618055556 5.47 4.47 3.47 -0.53
6.304134123 0.4496055367 6.304134123 0.4496055367 17.66592169 8.289841249 4.095376025 -2.15
12.88444985 -4.580612551 12.88444985 0.01193961631 34.25693627 15.58882094 9.442242159 -4.62
13.24493806 -0.6046983034 13.24493806 0.3345665814 21.13461311 9.798121276 5.134682855 -2.11
12.82181346 -3.673738616 12.82181346 0.01794316383 22.45380314 9.016733325 5.19287198 -1.74
13.86430603 -1.897753583 13.86430603 0.2560471554 23.95109144 10.38558291 4.705893781 -3.19
12.835169 -0.7808577063 12.835169 0.2371535558 17.56768392 6.713165206 3.287877919 -2.84
10.61564363 0.2808156179 10.61564363 0.2808156179 19.46450624 6.637191753 2.482147232 -1.84
13.63602482 -0.3844110082 13.63602482 0.1392317544 12.93837125 5.924010272 2.910303087 -2.07
10.50141849 0.1009119297 10.50141849 0.1009119297 18.08148549 7.748525148 3.87007376 -2.3
14.99420834 -0.7303683994 14.99420834 0.05149728893 26.26917827 8.729169968 3.081190524 -3.15
10.14150897 -0.6077054201 10.14150897 0.0527723958 20.0690591 7.55325141 3.583748992 -2.22
12.24826902 -0.4123857001 12.24826902 0.04239008692 17.58669594 6.409488379 3.180365555 -2.82
13.57561234 -0.693682093 13.57561234 0.1570135629 28.51037188 12.45631344 7.95995727 -3.06
6.182668178 0.7541666667 6.182668178 0.7541666667 9.902268146 3.627296569 1.474251385 -2.29
10.76242507 -0.7716577958 10.76242507 0.4184259259 11.76304602 4.964460295 3.387630632 -1.31
13.61953342 -4.007877035 13.61953342 0.07147142029 28.57929017 13.52393776 8.255161882 -2.99
12.99293666 -0.5407094397 12.99293666 0.09722378933 24.28573641 10.97995902 5.704512767 -2.36
12.3990141 -2.432557917 12.3990141 0.3155063275 23.17770358 10.29896172 5.87691817 -2.99
12.51095718 -1.09825343 12.51095718 0.08803057254 25.87700086 12.60412862 9.331279399 -3.38
12.40897552 0.09954779448 12.40897552 0.09954779448 21.92015979 10.3577116 5.183059365 -1.9
4.845679012 0.1111111111 4.845679012 0.1111111111 4.32 1.621204819 39.47625 0.32
3.637333892 1.073649691 3.637333892 1.073649691 15.17816089 6.321752434 2.877435377 -2.1
13.69437883 -3.085814743 13.69437883 0.5034211148 22.97540465 9.103896703 4.45803054 -2.79
13.96084157 -0.8609657141 13.96084157 0.1488134938 24.73535292 11.84667605 5.99427942 -4.38
6.06065736 -0.3119972758 6.06065736 0.3119972758 13.42431379 4.768535633 2.672804908 -2.56
6.180760976 0.6713887483 6.180760976 0.6713887483 18.75302051 7.927602695 3.547544998 -2.99
13.16473437 -4.502737661 13.16473437 0.2870934114 21.3942607 9.113755606 5.082790897 -2.84
11.56092886 -0.4473399054 11.56092886 0.06309810451 22.99349505 11.64873588 6.648342899 -3.29
10.52874294 -0.497649392 10.52874294 0.3079056216 20.36755654 8.906802076 4.419948367 -2.54
15.64530659 -1.448752462 15.64530659 0.01341002228 18.67258068 6.439332642 2.808179439 -2.68
13.11264234 0.160489628 13.11264234 0.160489628 39.43690685 16.98511323 7.622303312 -2.7
13.65325233 -0.7844868827 13.65325233 0.005409464457 26.99738693 11.99679437 6.096985036 -3.05
13.17052834 0.02249437548 13.17052834 0.02249437548 26.88914651 10.92845096 5.120427032 -3.31
11.91252771 -0.3021296296 11.91252771 0.3021296296 11.89237483 5.166531428 2.958513471 -1.58
13.64885276 -0.2248577517 13.64885276 0.2248577517 13.89225468 6.587980945 3.336208818 -2.07
13.54134653 -0.1832041026 13.54134653 0.05258356429 20.54865242 8.966129267 4.263597888 -3.72
13.06203642 -1.25151995 13.06203642 0.01572441631 22.00076097 9.512456569 4.403269542 -2.21
5.341120559 0.9208390023 5.341120559 0.9208390023 16.48 9.503950076 5.702690372 0.48
12.91970516 -3.891997321 12.91970516 0.05003537218 22.83008766 9.254420061 5.022526502 -3.35
6.317673736 0.01548798447 6.317673736 0.01548798447 23.11045574 12.33199092 7.934347963 -1.56
11.13970886 -1.285368347 11.13970886 0.4792965364 22.49420583 10.21674345 6.926801259 -3.19
6.439018694 0.6720069991 6.439018694 0.6720069991 22.25959334 10.55462955 5.803980082 -1.43
13.99042533 -0.4218974789 13.99042533 0.2373964165 25.28672458 10.54866105 4.679934277 -2.37
11.55381056 -0.346816107 11.55381056 0.09028384299 19.6266099 8.263340847 4.411908631 -2.13
11.54950617 -3.572731481 11.54950617 0.1209259259 9.483686286 2.96349026 1.486092875 -1.07
12.35512362 -0.1216482088 12.35512362 0.1216482088 16.77046701 7.28425802 3.36671324 -1.68
5.952287209 0.7670064422 5.952287209 0.7670064422 22.16457205 12.11314865 7.255840121 -2.04
12.53381976 -1.072296224 12.53381976 0.05144139214 26.93846252 14.06071818 10.00924833 -2.31
13.87115085 -4.576857875 13.87115085 0.02785289116 17.29942683 6.370194356 2.983003494 -3.81
5.515298423 0.8360698102 5.515298423 0.8360698102 21.24999072 10.35380367 5.385435419 -2.99
6.16033647 -0.04509671047 6.16033647 0.04509671047 15.70568003 6.137559026 3.432619961 -2.18
12.46292034 -3.567239413 12.46292034 0.01540850541 22.38666463 9.672121824 6.337080868 -3.3
10.97325027 -0.781051981 10.97325027 0.6469635771 14.76154646 5.676872002 2.760883441 -1.81
12.80459567 -0.1848957359 12.80459567 0.09285711511 20.23983471 9.128099174 5.061983471 -1.5
13.31211853 -0.5160884931 13.31211853 0.0933572943 23.69960654 11.60895019 6.110627178 -3.45
12.68968606 -0.0752191912 12.68968606 0.0752191912 21.66367586 9.639931641 6.217209433 -2.04
13.38439642 -0.3184859746 13.38439642 0.3038700974 20.93097009 7.705065614 3.055082909 -3.64
10.54597876 -0.9242880915 10.54597876 0.106917307 14.61561037 6.582833311 4.395196832 -1.79
15.12841174 -1.40350732 15.12841174 0.002533223651 17.83057456 7.933237471 4.55454906 -1.98
6.081355505 0.6614588057 6.081355505 0.6614588057 10.81546916 4.441475409 2.45958349 -0.69
2.612728647 0.7492649282 2.612728647 0.7492649282 12.68158878 5.748284074 2.66414597 -1.34
14.65179974 -2.901185126 14.65179974 0.2793942901 20.43365553 8.577191031 4.152556492 -3.47
13.98577948 -0.7236929226 13.98577948 0.07049347978 21.09616156 8.919499595 4.33428703 -3.15
12.94371694 -0.2548345872 12.94371694 0.07221075313 21.66367586 10.65506133 6.229595667 -3.04
11.72706266 -0.2137226002 11.72706266 0.2137226002 14.46150011 5.498939152 2.239693085 -1.13
12.71876856 -4.076126466 12.71876856 0.002387566138 22.65066064 8.994542342 5.168903456 -2.03
13.11855681 -0.945163261 13.11855681 0.03212308702 20.5902778 6.889175668 2.623446363 -2.77
12.98587799 -3.665132938 12.98587799 0.2521312484 21.42699336 9.211613916 4.994949831 -3.42
9.582277139 0.003937251066 9.582277139 0.003937251066 25.41126311 11.87121872 6.369474621 -3.24
11.89365812 -0.36168887 11.89365812 0.2130234316 13.74890195 6.044134087 2.778371688 -3.22
11.92818752 -0.2274596088 11.92818752 0.2274596088 10.98036936 3.800357449 1.414908148 -2.89
2.545185185 0.2263836924 2.545185185 0.2263836924 12.90440711 4.603371978 1.822055054 -1.8
12.52995181 0.05986678005 12.52995181 0.05986678005 11.90393769 4.194039023 1.819097138 -2.16
6.001085629 0.659627084 6.001085629 0.659627084 18.81990614 9.115436292 4.809570526 -1.96
13.27324553 -3.076087993 13.27324553 0.06813155892 28.39090109 12.57837491 6.959586428 -4.14
12.65517726 -0.9578796611 12.65517726 0.002655187075 25.6160533 8.051110684 3.045801235 -2.08
12.28923034 -0.8804516251 12.28923034 0.03726310097 18.12347706 8.581454156 5.134673248 -3.22
12.06118912 0.08225228468 12.06118912 0.08225228468 19.2422443 7.027253752 2.879327804 -1.46
12.11176304 -0.8818518519 12.11176304 0.1887037037 10.67029998 3.627821657 1.297855196 -1.84
13.32978303 -1.092347709 13.32978303 0.01623861612 39.59657079 15.73959335 6.536213849 -3.53
12.80883498 -4.265421233 12.80883498 0.2699349229 21.97711357 8.499192292 4.342923831 -1.84
5.482001255 0.738372596 5.482001255 0.738372596 13.88611192 5.53776798 2.163994795 -2.51
12.7769355 -0.6124138789 12.7769355 0.06518132716 20.86353735 9.563088221 5.147193975 -2.86
13.35371457 -3.110547762 13.35371457 0.09089182599 26.89864396 10.59371539 5.393737703 -4.3
14.5525467 -1.203009536 14.5525467 0.004025917229 82.39492107 42.77355305 26.65100418 -11.26
11.86424234 0.1303742294 11.86424234 0.1303742294 21.52896018 10.55342454 5.504863166 -1.7
14.83043679 -0.645963955 14.83043679 0.02253369866 20.64149816 8.355285996 3.445358691 -3.25
13.19076729 -4.789808228 13.19076729 0.1696096251 23.81540232 8.956106003 4.987536858 -3.84
10.11778156 -0.4033333333 10.11778156 0.1440740741 6.736009281 2.473196904 1.312840333 -1.38
10.38825617 -0.4241666667 10.38825617 0.4241666667 6.57820331 2.3704709 1.432478222 -0.54
9.921596058 0.4034500709 9.921596058 0.4034500709 22.24303135 10.14819306 5.176299998 -2.56
5.144290123 -1.849537037 5.144290123 1.849537037 9.74 2.773447112 3.04826129 1.74
13.3684283 -1.013996574 13.3684283 0.009172978497 27.60498024 13.93604901 8.598223767 -2.98
12.83531136 -0.3332823129 12.83531136 0.0269592805 18.0433927 7.723766422 3.692117157 -3.34
12.47118394 -0.5152010122 12.47118394 0.1903872772 23.69960654 10.65292005 5.732526401 -2.45
12.88743331 0.04579405206 12.88743331 0.04579405206 21.20911542 8.365054499 4.213444372 -1.65
7.333861017 0.1754657974 7.333861017 0.1754657974 8.104871401 3.088362668 1.494899366 -1.51
12.81906297 -0.3289102617 12.81906297 0.1564257895 17.85963821 8.427108036 3.822624144 -2.95
6.334340403 0.009121771316 6.334340403 0.009121771316 23.11045574 12.33199092 7.934347963 -1.56
14.26255211 -3.027553278 14.26255211 0.112723608 23.0419562 9.246076843 4.506494213 -3.63
13.13357187 -0.1297911818 13.13357187 0.1297911818 52.98618421 28.21726293 15.36029717 -6.32
13.24097958 -0.9481756407 13.24097958 0.006285093774 22.27914114 10.06655958 5.007189125 -2.41
12.00522913 -0.1191459576 12.00522913 0.1191459576 19.04330825 8.772870249 4.917364075 -2.73
11.78493062 0.07398561996 11.78493062 0.07398561996 12.8858561 5.18165052 2.527941638 -2.82
14.074149 -0.7696804314 14.074149 0.004620985676 20.23204771 7.99501108 3.611520768 -3.05
7.844943311 0.2614965986 7.844943311 0.2614965986 13.59817044 6.369830569 4.126159429 -0.83
9.151347323 0.2489732181 9.151347323 0.2489732181 15.19383736 8.869204152 6.186778793 -2.2
13.02532342 -0.4235303944 13.02532342 0.03030470522 19.02979037 5.560032286 1.935747734 -1.69
12.83261275 -4.051225448 12.83261275 0.1616276314 22.28024129 8.907698428 4.651224172 -1.92
6.171802914 0.4079320988 6.171802914 0.4079320988 13.94005911 5.767688568 2.460403677 -1.02
6.289732117 0.3676872585 6.289732117 0.3676872585 17.24469392 7.20964815 3.522259745 -2.18
7.042099999 -0.2841412746 7.042099999 0.02419207189 20.97513241 6.864955456 2.34175318 -1.35
13.37152925 -0.09049266132 13.37152925 0.02268721018 21.2758219 8.192477643 3.422406961 -4.27
13.28125905 -0.1894463341 13.28125905 0.1894463341 21.24999072 9.434145098 4.83461622 -3.99
12.86105859 -0.8777659413 12.86105859 0.02379501029 16.68520527 6.190694686 2.507872781 -3.77
13.05195203 -0.4760897992 13.05195203 0.1009618029 19.11132227 8.354463425 4.366077009 -2.66
13.04877956 -4.581096486 13.04877956 0.2015327586 24.26308453 9.548149717 4.960598245 -2.44
11.2366453 -0.966930347 11.2366453 0.279893191 19.94821342 9.944053341 5.861473835 -2.37
12.97591985 -0.1127259479 12.97591985 0.02245154972 27.0849272 13.01978228 7.762128308 -2.96
12.30258188 -0.2490948864 12.30258188 0.2490948864 15.2535629 6.629457888 3.0798403 -3.65
5.482680193 0.642829743 5.482680193 0.642829743 14.15086982 5.137697856 1.983879673 -1.22
6.003137625 0.4790259504 6.003137625 0.4790259504 23.28662799 12.46840309 6.557379242 -3.38
7.35765878 -2.550197202 7.35765878 0.2806809892 11.14854998 8.979797476 4.748339578 -1.47
12.18428306 0.03071214716 12.18428306 0.03071214716 21.40804119 9.19939514 4.388425481 -2.44
11.64773567 -0.3985681631 11.64773567 0.379231387 15.72114612 6.607181634 3.104666499 -2.79
13.98025101 -1.088034979 13.98025101 0.01052809975 24.23174121 8.708792508 3.865421631 -2.9
6.163753543 0.5136300444 6.163753543 0.5136300444 18.61738648 8.536718905 3.857150579 -1.4
12.13606859 -1.069375 12.13606859 0.04759259259 13.83341154 5.401598681 2.386315489 -1.23
12.7008214 -0.5332871572 12.7008214 0.05603757244 17.65919486 6.673662536 2.584265976 -3.18
6.399727218 0.1916780045 6.399727218 0.1916780045 16.4382121 6.996959526 3.4197011 -1.42
4.866440539 0.7653140747 4.866440539 0.7653140747 15.45726069 6.439755687 3.132708783 -3.07
13.32350676 -3.074515896 13.32350676 0.1425834767 26.77519496 11.21358081 5.739654403 -4.43
11.61884527 -1.211620348 11.61884527 0.0221537226 21.37502165 8.710956188 4.904308144 -4.86
13.64392687 -0.2635053823 13.64392687 0.2439733607 18.62486689 7.716024628 3.940318078 -3.73
14.08929375 -4.351675072 14.08929375 0.001384391656 25.16836001 9.804070466 6.537819507 -2.46
9.708608328 -0.2227087697 9.708608328 0.1841926551 18.58670142 8.07889137 3.903452746 -2.77
13.49206105 -3.80661074 13.49206105 0.005808493313 24.46411803 9.908868542 5.045565546 -2.66
13.91999185 -1.163461711 13.91999185 0.05093024023 22.76185861 8.301827577 3.20208369 -3.41
14.35925303 -0.8411740599 14.35925303 0.200703576 23.78734237 9.372177203 3.922740965 -3.59
14.59985976 -3.775028072 14.59985976 0.02839797256 32.48237555 13.21297851 6.406202737 -4.91
13.17891947 0.1133597011 13.17891947 0.1133597011 22.39594151 10.67928994 5.152031435 -2.8
13.50139566 -1.298720829 13.50139566 0.1682128685 18.17716392 6.876068954 2.701316515 -3.87
12.42517054 -3.277594373 12.42517054 0.05556009595 21.86876338 8.896231105 5.615723061 -0.83
13.46439803 -4.051481416 13.46439803 0.152101285 18.32921537 7.173971089 3.665583418 -3.04
12.15063748 -0.1862933907 12.15063748 0.1862933907 17.61521656 7.841843705 3.981501886 -2.79
12.22203795 0.106386655 12.22203795 0.106386655 20.42389586 9.768052675 5.607862258 -1.85
12.35423016 -0.8899180964 12.35423016 0.2024649897 19.96187409 7.939062275 3.884053026 -2.97
12.39494882 -0.1308016818 12.39494882 0.1308016818 16.17777345 7.25438424 3.616370449 -2.69
14.34940152 -0.3312924106 14.34940152 0.1432721561 23.30766912 8.488950421 3.864975382 -4.1
11.17822697 -0.3788009088 11.17822697 0.06038201559 17.54867328 7.404179606 3.803919055 -2.86
12.87467782 -3.456424063 12.87467782 0.2788491656 23.90271917 9.553609011 5.468373503 -4.24
13.10695545 -0.3648205777 13.10695545 0.1673404217 24.57983855 11.70122217 7.785559337 -3.06
5.010732237 1.025445484 5.010732237 1.025445484 13.78829658 5.409294431 2.401272703 -1.85
5.014027778 0.6215277778 5.014027778 0.6215277778 4.92 3.92 3.92 -0.08
12.77489254 -0.01452225347 12.77489254 0.01452225347 23.46747485 10.58933597 5.120630282 -2.93
14.16400244 -1.160201626 14.16400244 0.04844896383 37.21122118 17.74483712 10.48006865 -5.05
13.39725285 -0.1859618741 13.39725285 0.06885038738 20.64151273 7.02953036 2.654493669 -2.53
13.39682874 0.03878343621 13.39682874 0.03878343621 17.7673787 7.545010544 3.358703657 -2.63
11.60280718 -0.7444709343 11.60280718 0.4230607385 20.67830028 10.48220623 5.974476622 -2.05
11.51594122 -0.07993570153 11.51594122 0.07993570153 20.76438678 9.165920628 4.553367908 -3.12
12.81862891 0.2243233633 12.81862891 0.2243233633 20.01844389 9.069778744 4.284392722 -2.91
11.69505519 -1.376921161 11.69505519 0.2260420262 20.47187404 8.915277778 4.68964497 -3.8
9.681633825 0.2144217886 9.681633825 0.2144217886 14.20873312 6.00625 2.65317836 -3.4
12.79155964 -1.334279562 12.79155964 0.2752353386 24.72566361 10.075635 5.462547868 -4.39
13.78316443 -0.8386491546 13.78316443 0.02187009233 26.72984192 13.28037917 7.566228538 -1.87
11.59267668 -3.956643519 11.59267668 0.1567592593 12.9372495 4.803258819 3.429833682 -2.13
5.159608999 0.4683981062 5.159608999 0.4683981062 15.1278923 6.232450787 3.401135845 -2.42
14.71685511 -0.6435703904 14.71685511 0.1101729199 28.28243151 12.41768895 7.437408914 -3.73
13.81909883 -0.01143846004 13.81909883 0.01143846004 35.71538442 15.97368334 7.285889206 -3.3
13.22842471 -0.004174172756 13.22842471 0.004174172756 20.42389586 9.768052675 5.201265721 -1.85
13.35175958 -3.949785473 13.35175958 0.06576956034 26.06436222 10.53976039 5.530700683 -3.01
12.27122748 -0.142016014 12.27122748 0.142016014 20.28959124 9.673601594 4.764471374 -2.99
3.524316045 1.134861111 3.524316045 1.134861111 14.03810834 7.268307488 4.711505175 -0.38
12.15491401 0.2240951868 12.15491401 0.2240951868 20.18707369 8.485989675 4.018058061 -2.44
10.79968745 -0.8845425267 10.79968745 0.0474773057 24.88552857 12.46840309 7.075182446 -2.38
9.877278131 -0.5468143222 9.877278131 0.2300030936 22.11300378 10.44939839 6.741301734 -2.58
3.460325964 1.024703326 3.460325964 1.024703326 13.59246665 5.617947319 2.439311532 -2.06
13.86341358 -0.2400481339 13.86341358 0.1943938099 19.82050305 8.552852648 4.208283123 -3.12
5.555555556 0.5850462963 5.555555556 0.5850462963 5.732166137 1.727747515 0.5649169158 -1.03
12.80421818 -4.270565266 12.80421818 0.2583608488 21.5786532 8.261270233 4.197688495 -2.26
13.50647831 -0.8425091595 13.50647831 0.0007192527557 23.29873053 8.336495398 3.343963236 -2.83
13.31132581 -3.866007597 13.31132581 0.02159643487 23.74795918 9.456332703 4.767501138 -3.4
9.781219293 -0.9589857332 9.781219293 0.008514817964 13.46140031 5.344451587 2.410982444 -0.97
13.10365347 -0.2367893623 13.10365347 0.1358796296 13.55790886 5.16788643 2.119068428 -1.42
6.117203641 0.43375 6.117203641 0.43375 11.29950489 4.464961249 1.888074235 -1.8
10.8473414 -0.55732008 10.8473414 0.1050961279 18.28343195 6.496983693 2.362003781 -2.5
11.53151193 0.01925802136 11.53151193 0.01925802136 22.18384809 10.52982493 5.816759581 -2.02
12.19713671 -0.05933805192 12.19713671 0.05933805192 21.75156209 10.71966249 6.014918199 -1.95
12.76899623 -4.388914365 12.76899623 0.0351375487 23.85435153 9.52317611 4.953639101 -3.29
11.25588707 0.08386864249 11.25588707 0.08386864249 18.39284668 9.339795918 5.296653107 -2.4
12.72675943 -0.1155076058 12.72675943 0.09463727454 20.92317746 8.807301182 4.244398748 -2.33
13.06223749 -1.061855771 13.06223749 0.03161753752 26.76298623 9.210656819 3.737068756 -4.61
11.52687399 -0.7460841792 11.52687399 0.03359728883 24.38664767 10.67649626 5.852370281 -3.74
5.510111073 0.8327916632 5.510111073 0.8327916632 20.28959124 9.673601594 4.764471374 -2.99
12.24257909 -0.1644207527 12.24257909 0.1644207527 18.91126412 8.293050426 4.183881812 -2.43
13.37514886 -3.113774392 13.37514886 0.09556762703 30.41763536 13.17094292 6.739941675 -4.61
8.698024691 0.2448148148 8.698024691 0.2448148148 5.446798906 2.052669548 1.138019489 -0.69
13.82524782 -4.814059441 13.82524782 0.03544899614 26.37662842 9.368003587 4.649208775 -4.85
5.55279333 0.4253376559 5.55279333 0.4253376559 20.59591837 8.408284024 3.442739079 -2
12.81975349 0.005684479386 12.81975349 0.005684479386 19.64756674 9.225203829 4.507440519 -2.66
13.23041238 -0.2033031929 13.23041238 0.01790140826 24.39633084 11.60610943 6.889446044 -2.73
12.15924084 -0.06785997732 12.15924084 0.03986111111 13.36708445 5.402241366 2.521330711 -0.62
13.86762468 -0.3147428859 13.86762468 0.001727465422 17.48586533 6.771766177 3.352663206 -3.61
11.09799057 -0.7785754353 11.09799057 0.4249683485 13.6470286 5.907313104 3.157534088 -0.78
13.28153374 -0.2270815792 13.28153374 0.05593252762 14.81786056 5.710451843 2.871791103 -2.75
12.87774691 -0.9755827192 12.87774691 0.003826530612 19.96663616 6.682935772 2.355402145 -3.28
12.61718934 -1.158536208 12.61718934 0.05489693975 24.61906029 10.27940025 4.996004925 -3.02
4.357785067 0.539404007 4.357785067 0.539404007 17.49166068 7.702508412 4.39242051 -1.33
12.10469895 -0.3193387293 12.10469895 0.1361852272 14.83097021 6.348698318 2.804476917 -3.09
14.82965106 -1.441548943 14.82965106 0.0004922374125 82.56392792 42.840478 28.53848221 -9.86
12.87789563 -0.4208009732 12.87789563 0.1787775661 18.01815141 7.088683781 2.817083314 -2.04
12.97657485 -3.657480123 12.97657485 0.05242048851 22.90497734 10.5051452 6.889268642 -1.77
14.1672064 -0.2620705782 14.1672064 0.2620705782 14.08353197 6.723154099 3.421500757 -1.87
13.53479821 -3.778720806 13.53479821 0.01533565647 28.95373001 14.32066409 10.14382596 -3.28
12.27810908 -0.4447697681 12.27810908 0.02239535333 19.17881185 7.027134484 3.746328598 -3.15
7.380328483 0.03980581276 7.380328483 0.03980581276 9.585664485 3.444766176 1.552172281 -2.63
13.17539967 -0.4153150557 13.17539967 0.005881747888 20.07864455 9.075272063 4.22311887 -2.21
13.64556107 -4.216825928 13.64556107 0.009721590605 30.53030511 13.86818469 8.243200059 -4.01
11.14577251 -0.08960473065 11.14577251 0.08960473065 13.11927275 5.24627551 2.536079339 -1.88
5.613651676 0.2333923847 5.613651676 0.2333923847 15.76446353 5.167620181 1.905268575 -2.26
12.40585884 -0.4527314815 12.40585884 0.03981764928 11.80698131 3.499725045 1.15715529 -1.81
12.45671383 -0.1232860922 12.45671383 0.1092732479 16.11992716 6.396837871 2.671029182 -1.75
3.375283207 1.034368071 3.375283207 1.034368071 13.40619094 5.854138227 2.598405731 -2.26
13.00971332 -3.854211503 13.00971332 0.0431990395 21.6540788 8.517534171 4.248156041 -3.57
13.73698133 -4.424667373 13.73698133 0.08329857174 21.48385697 8.204962941 3.960320194 -3.36
6.270284759 0.1755377913 6.270284759 0.1755377913 14.59270858 6.25169898 2.912762509 -2.99
11.47252275 -0.6714707387 11.47252275 0.1815735918 18.97812927 7.573580674 3.550735146 -3.36
12.23157289 -0.3649366969 12.23157289 0.05034230127 18.41501854 6.585141549 2.910747584 -2.95
12.06543698 -0.652202381 12.06543698 0.04555723524 16.8634397 5.946870127 3.155965121 -2.5
12.18873867 -3.334862369 12.18873867 0.06315432403 24.28573641 10.50407513 7.064215125 -1.36
12.43960682 -1.005525704 12.43960682 0.02289510342 24.07013101 11.87456328 7.2193096 -3.58
12.22744982 -0.9134202655 12.22744982 0.04275486584 21.83906572 7.310228125 2.528478297 -2.41
14.32697799 -0.6705064642 14.32697799 0.1944524754 16.24045986 5.377650945 2.637229942 -2.24
14.03544359 -0.5897852371 14.03544359 0.05238425926 17.15926543 7.155234876 3.358480166 -2.27
13.80794273 -0.876949641 13.80794273 0.05478694255 18.01815141 5.977717545 2.18907514 -2.04
12.73431251 -1.138229584 12.73431251 0.006215619259 29.61354293 14.85486302 9.389837571 -3.94
13.55122208 -3.125073283 13.55122208 0.0863804744 34.57312782 15.16427071 7.893220121 -4.87
11.82356507 -0.007667916799 11.82356507 0.007667916799 14.90236391 5.760949154 2.672125442 -2.66
12.52188621 -0.540396115 12.52188621 0.01549524439 16.21210157 6.22534374 2.538111997 -2.27
12.69952877 -4.361608251 12.69952877 0.07637896362 20.85378648 8.649474316 5.569936267 -2.87
4.555980043 0.7683080179 4.555980043 0.7683080179 12.61507217 5.297063942 2.788052798 -1.41
13.62935321 -0.2300997989 13.62935321 0.1627399849 16.95056441 7.402223391 3.281615502 -2.49
13.01728122 -0.08848648974 13.01728122 0.08848648974 19.45615579 8.655880063 4.271173034 -2.86
12.66403717 -4.79148895 12.66403717 0.1055786664 29.07575942 12.6118136 7.4436129 -4.43
12.56626433 0.1764483077 12.56626433 0.1764483077 15.21253413 6.653367511 3.147874388 -2.33
13.88641218 -0.5106888957 13.88641218 0.03015020257 21.89479951 9.869869431 5.486629335 -4.32
12.95805127 -3.802089941 12.95805127 0.0949151048 24.39633084 10.26219104 6.238875318 -3.73
13.23858403 -4.349778168 13.23858403 0.006130821179 27.85382146 12.58331312 7.675319269 -3.17
11.70433154 -0.05143235072 11.70433154 0.05143235072 12.17442983 5.866349527 3.350614029 -2.29
6.150409148 0.3293045218 6.150409148 0.3293045218 47.9545611 24.48591259 13.12763607 -6.52
13.89910997 -0.8151716576 13.89910997 0.1652505319 17.53037839 6.909573679 3.390916443 -3.29
15.8844855 -0.6939271542 15.8844855 0.02539490386 24.78380207 10.94360851 5.655081908 -4.33
13.16097082 -0.01959543469 13.16097082 0.01959543469 18.68302526 7.172797429 2.931106311 -3.33
12.89436669 -0.4793637584 12.89436669 0.02222784626 24.21712824 10.45744804 5.879533932 -3.43
12.2544835 -0.3080655812 12.2544835 0.1521363221 17.66592169 7.390694316 3.177204485 -3.15
4.144193594 0.7555208333 4.144193594 0.7555208333 14.52746836 7.646791141 4.345961538 -1.88
13.10387279 -0.1742982221 13.10387279 0.1742982221 15.19589785 6.590957516 3.368287528 -1.71
12.7067803 -0.3173171189 12.7067803 0.2332602358 20.07428771 9.502887911 5.193808883 -3.67
2.612268519 0.4940740741 2.612268519 0.4940740741 11.97999288 4.637130178 1.831999373 -1.8
15.72237065 -0.6438934517 15.72237065 0.2807345049 24.90676118 9.235363509 3.907904482 -4.1
13.18528912 -3.874209462 13.18528912 0.01977043441 24.83225552 10.14382596 5.525304075 -3.28
12.86452672 -3.896580863 12.86452672 0.01054602921 21.23752529 8.05918414 3.846666198 -4.62
13.05357729 -0.5642839296 13.05357729 0.1339466992 17.48517547 5.832747548 2.046217789 -2.37
12.91246277 -4.360287932 12.91246277 0.1790613977 24.59971835 9.995231208 6.125272403 -2.52
13.38781211 -4.776790582 13.38781211 0.1653585338 20.81750391 6.527155396 2.849273463 -2.44
5.935721753 0.58092271 5.935721753 0.58092271 18.99723628 9.2363175 4.926303007 -2.34
10.52446854 -0.1151020408 10.52446854 0.1151020408 7.595374078 3.053138101 2.292303973 -1.51
13.23651738 -4.511515023 13.23651738 0.0479223356 14.6391059 4.601836766 2.473785965 -2.29
13.26546494 -3.119655429 13.26546494 0.03257746651 28.39090109 12.57837491 6.611053128 -4.14
13.45124614 -3.121903195 13.45124614 0.08618077354 34.08649272 15.18214025 8.09514002 -4.79
12.80349482 -0.740589978 12.80349482 0.3000309954 18.96138907 7.676265588 4.378513496 -2.37
13.08365457 -3.557015015 13.08365457 0.1606219818 22.55287207 9.784836132 5.314691728 -2.13
13.75938559 -4.532223801 13.75938559 0.1271940502 21.25646671 8.07036594 4.109672865 -3.6
13.12179205 -0.1045766776 13.12179205 0.1045766776 20.02931144 8.064774372 3.572852238 -3.61
12.35648183 -0.5185897103 12.35648183 0.2648777412 24.38664767 11.12353773 5.65896743 -2.74
13.55371343 -0.01365326069 13.55371343 0.01365326069 20.2920344 8.140504077 3.530119732 -3.62
7.477935362 -0.03286944073 7.477935362 0.001978108012 16.96937176 7.350459183 4.150408049 -3.87
12.2881849 0.2898934446 12.2881849 0.2898934446 17.43359163 8.631954706 4.365259948 -1.39
4.573995125 0.4495020786 4.573995125 0.4495020786 16.08925781 6.8426767 3.240894249 -2.4
13.53344971 -0.5263190535 13.53344971 0.03662309986 24.29950714 10.618123 5.306379513 -1.83
10.0287139 -0.1253335299 10.0287139 0.05185563114 15.6479235 6.894322913 3.254754503 -2.24
13.79590876 -0.8854369803 13.79590876 0.01618055556 12.15961197 4.056980853 1.618685387 -2.89
12.08482099 -0.2077674897 12.08482099 0.2077674897 16.81426666 8.179896436 4.733787741 -1.55
12.32908587 -3.429789924 12.32908587 0.02141183144 24.22692904 11.44659445 7.047953848 -2.42
11.5533428 -1.081078001 11.5533428 0.1285999942 24.89418787 10.68248538 5.466468509 -2.78
5.48090188 0.936804532 5.48090188 0.936804532 16.22155393 6.565582339 2.933313711 -2.26
14.10041338 -3.116339151 14.10041338 0.002147358724 22.14529688 8.466300021 4.298460758 -3.06
13.33275996 -0.2038747521 13.33275996 0.2038747521 52.31401536 26.62997535 14.96622592 -4.06
12.90364813 -0.2330681926 12.90364813 0.04584345287 21.01032283 9.327486376 4.39548577 -3.86
6.117894857 0.674583429 6.117894857 0.674583429 18.55176657 8.107156877 3.857920921 -2.47
13.19071285 -4.568347081 13.19071285 0.09331258661 23.69960654 8.399448276 4.479763122 -3.45
13.58644018 -1.008132137 13.58644018 0.07116386269 28.37013286 12.94035954 7.479146017 -3.64
10.08227631 0.1505659486 10.08227631 0.1505659486 16.45751221 6.610391259 2.870842859 -2.4
14.2320231 -0.43869024 14.2320231 0.2321296624 27.20649909 10.65445133 4.88325189 -2.37
6.168000126 0.3884249286 6.168000126 0.3884249286 13.47635742 5.020541817 1.904499999 -2.96
13.20566865 -0.874645158 13.20566865 0.005031062012 19.33102119 7.558237194 3.633053107 -2.64
12.67164906 -0.3663173503 12.67164906 0.1187620177 22.68664287 11.41328342 7.093197987 -3.6
12.37539415 0.04316917122 12.37539415 0.04316917122 20.69265558 9.957722445 4.939733701 -2.57
13.03564345 -0.3720530551 13.03564345 0.1891245899 26.86997391 12.42428428 6.30301941 -3.72
12.92207087 -0.3288807877 12.92207087 0.3288807877 21.19964607 9.065329084 4.310018329 -4.66
12.19889467 0.06518499844 12.19889467 0.06518499844 22.37665601 9.761847896 6.119512179 -1.82
13.11795257 -3.583538247 13.11795257 0.03953701079 17.05489273 7.088909646 4.053724496 -2.38
13.58477067 -0.2691350175 13.58477067 0.2352255008 25.52625355 11.09533013 5.591839798 -3.12
10.99483558 -0.8728362968 10.99483558 0.2341249517 23.37093503 10.88593639 6.381404499 -1.79
13.08880715 -4.656970312 13.08880715 0.005464467587 17.65324888 6.1533379 3.203242692 -2.75
5.771148904 0.4206944444 5.771148904 0.4206944444 8.301655398 2.735025939 1.033406411 -2.02
14.24838847 -0.5916436276 14.24838847 0.1051224007 19.02589903 7.972369539 3.932598568 -2.31
13.5990804 -4.779269309 13.5990804 0.04984433845 26.16883181 9.382928259 4.900688477 -4.45
12.67805266 -0.136180233 12.67805266 0.136180233 22.40621626 11.20365953 6.357782362 -2.28
11.48957399 -0.6587806674 11.48957399 0.08090277778 18.82125502 5.560455999 1.724311002 -1.56
12.97038707 0.07578284668 12.97038707 0.07578284668 23.08015693 10.29380327 5.188744062 -2.68
13.43254291 -4.531370032 13.43254291 0.1277532124 15.54204376 5.006907244 2.079154143 -1.98
13.570806 0.01081532922 13.570806 0.01081532922 18.72054157 7.513203028 3.317363437 -3.29
5.522531423 0.9602004541 5.522531423 0.9602004541 20.57534959 9.442468524 4.478348516 -3.32
13.33642706 -0.4251033391 13.33642706 0.07832812453 26.79317153 11.85802247 6.011234313 -3.26
13.00228104 -0.860514258 13.00228104 0.1567927314 25.30574065 12.79549028 8.227470023 -3.32
11.18657108 -0.3508425454 11.18657108 0.3508425454 13.28570302 8.381007175 6.396542105 -1.78
5.690909313 0.6410185185 5.690909313 0.6410185185 9.926624683 4.275265955 2.066955937 -0.61
13.41792015 -3.121357223 13.41792015 0.0258534392 34.20210835 15.25951667 8.144422847 -4.67
11.86604623 -3.305805555 11.86604623 0.09540211061 18.90731101 7.791208921 4.458029146 -2.87
13.44273733 -3.897057585 13.44273733 0.07626462403 25.86529764 11.59240363 6.430558186 -2.75
12.3138675 -0.2605049889 12.3138675 0.1444852332 20.43349098 8.889884964 4.514220866 -3.84
10.8531118 -0.8599369426 10.8531118 0.0103951508 22.9340989 12.98119694 8.343689114 -3.35
6.519593726 0.01237244898 6.519593726 0.01237244898 13.87699188 4.516794812 1.491442047 -1.52
13.50213845 -0.2486593669 13.50213845 0.06587434331 15.15746118 6.164488312 3.208894997 -2.75
13.07835787 -0.7959555384 13.07835787 0.1200678324 20.58083233 9.365287488 5.437129359 -3.15
13.64044326 -0.9890842768 13.64044326 0.01274700338 30.98616007 14.28189169 8.076320075 -4.96
12.94345355 -0.282860078 12.94345355 0.003417207819 18.69368535 8.528625294 5.195247961 -3.09
10.57304943 -1.049064014 10.57304943 0.403696775 17.72402644 8.330956439 4.306245521 -2.09
13.03275753 0.03160520072 13.03275753 0.03160520072 17.64374029 7.098878538 3.314778586 -2.76
10.69929996 -1.014622078 10.69929996 0.3123608312 21.8659056 9.850236003 5.27561785 -3.35
11.35556106 -0.9864502221 11.35556106 0.1938029328 23.94141662 11.2852071 6.440261295 -4.2
11.81027778 -0.006944444444 11.81027778 0.006944444444 7.326147454 1.701311023 0.6920887919 -0.33
13.46045731 -0.2830089257 13.46045731 0.2830089257 22.25253243 9.0049039 4.084041897 -3.55
12.76572671 -4.390805497 12.76572671 0.03358171317 19.42237176 8.565918145 5.823233196 -2.34
13.5663923 -0.2381147251 13.5663923 0.2381147251 19.03028191 7.37861759 3.318097337 -2.96
7.868702643 -0.1288335509 7.868702643 0.07786031866 24.80807056 9.539827433 5.167520536 -3.87
13.27420272 -4.042363363 13.27420272 0.08775459682 25.20064042 10.38049189 6.409590855 -4.9
12.98830444 -0.3231212832 12.98830444 0.001890121739 21.18541115 9.789547791 5.732859568 -2.53
14.43914816 -4.526146082 14.43914816 0.05804782931 33.21778317 13.53231685 8.700884687 -3.68
14.037213 -1.128479059 14.037213 0.02651879674 27.54325036 9.866839931 4.275093263 -4.02
13.5109425 -0.9061588421 13.5109425 0.07849715503 24.03384075 10.51827876 5.444925742 -2.68
10.85361009 -0.5602864638 10.85361009 0.1092092073 18.28343195 6.496983693 2.362003781 -2.5
14.44262397 -1.234275912 14.44262397 0.005711496146 19.74079412 6.453656813 2.45566731 -2.7
13.48746186 -3.122245277 13.48746186 0.08571058688 32.27605162 13.68198754 6.982570809 -5.28
13.78463593 -0.540151749 13.78463593 0.04882999496 14.10266838 6.28243147 3.252614533 -1.85
13.02958995 -4.350403912 13.02958995 0.0393708664 13.21454957 4.105212009 2.211384086 -1.78
13.65833431 -0.2582349143 13.65833431 0.01329564542 27.88760151 13.14975956 6.455723328 -4.26
13.11916763 -1.019582892 13.11916763 0.09427532836 22.02506628 10.92127508 6.161652146 -2.67
13.01084566 -0.624351807 13.01084566 0.0156319287 22.65637858 9.948542075 5.263645166 -2.53
12.94265866 -0.2502801621 12.94265866 0.2502801621 16.01369601 6.794154869 3.957285529 -2.48
13.5548889 0.04913360103 13.5548889 0.04913360103 22.39753084 8.857348139 3.642338072 -4.07
13.71961365 -0.8761163076 13.71961365 0.04770077475 17.08524038 5.491262847 2.112310123 -2.04
12.67456079 -0.07384083848 12.67456079 0.05403047213 19.6980439 8.115495153 4.297345474 -3.25
2.12037037 1.368055556 2.12037037 1.368055556 5.358504155 1.993744712 0.8900073912 -0.78
13.00985127 0.1645070397 13.00985127 0.1645070397 22.53769215 10.34697567 4.823310549 -3.25
13.35792848 -0.832954683 13.35792848 0.05071092635 18.777578 8.204659487 4.288161372 -2.57
13.47706617 -0.2052880527 13.47706617 0.2052880527 17.22490053 6.928529264 2.928561658 -2.89
12.55442745 -0.5081965627 12.55442745 0.1245424435 17.52966403 7.784886606 3.496687473 -1.88
10.9079612 -0.4978721434 10.9079612 0.3226086421 38.10530253 16.14898457 7.168267104 -2.12
9.169949531 0.5020861678 9.169949531 0.5020861678 11.43780366 4.319652187 1.835186757 -2.39
14.05124148 -4.961599622 14.05124148 0.03277412212 29.49092971 11.70703125 6.740779298 -5
14.12563306 -1.083938814 14.12563306 0.02735086512 38.5470617 19.8088043 11.963465 -3.9
12.54175164 -0.005813690669 12.54175164 0.005813690669 24.0284967 11.84635883 6.06111637 -3.11
12.34688026 -0.1916974708 12.34688026 0.1916974708 18.15768676 8.64560486 4.552163126 -2.22
12.92730125 -0.932575957 12.92730125 0.08593791107 25.02818363 10.38409035 4.829994835 -4.64
12.58583464 -0.07142176891 12.58583464 0.07142176891 23.74747819 11.17315425 5.464271238 -3.98
12.49599025 -0.02862292315 12.49599025 0.006316592408 19.67525082 8.738839128 4.802522168 -2.08
11.23159313 -0.4803367898 11.23159313 0.0982224873 24.51251964 7.458017497 2.676750525 -2.08
12.75802554 -0.3346299162 12.75802554 0.118228475 22.28891527 10.57570919 6.287106501 -3.4
5.933256488 0.1612745053 5.933256488 0.1612745053 17.6756052 8.809345589 5.178431117 -1.14
13.87788158 -0.7533446127 13.87788158 0.04197045204 24.85278826 9.377415764 4.129161709 -5.46
13.44411908 -0.3294513507 13.44411908 0.2758745789 23.65207226 11.10742809 6.135910838 -3.08
13.7198025 -0.2529370985 13.7198025 0.2529370985 20.09425863 8.103943375 3.593920878 -3.54
13.63049666 -1.040611365 13.63049666 0.05611138056 39.50842923 20.54141621 15.18754171 -5.67
4.189898117 1.028463246 4.189898117 1.028463246 9.094017447 3.4504539 1.372347668 -2.16
12.2313744 -0.9219253905 12.2313744 0.01737386621 23.30799718 6.781605055 2.518194228 -0.82
6.495652347 0.5712862707 6.495652347 0.5712862707 16.17429617 6.89739519 3.272701548 -2.31
14.03024628 -4.566141697 14.03024628 0.01970937171 28.88275778 10.02490639 4.723661846 -3.63
10.64305009 -0.4218137601 10.64305009 0.4218137601 20.452682 9.788325642 5.015223796 -2.82
12.93770062 -0.03599537037 12.93770062 0.03105276833 16.59795042 6.552524494 4.118734207 -0.77
13.41372725 -3.377028632 13.41372725 0.03408745906 23.264648 9.154406158 4.891349008 -0.9
11.58103735 -0.740334694 11.58103735 0.02334628764 19.6071549 9.170347811 4.973102171 -2.15
9.868451232 -0.5809310839 9.868451232 0.5809310839 18.65489205 7.811798923 3.509394166 -3.36
12.50031473 -0.8669485387 12.50031473 0.01550453515 22.86358837 6.763955176 2.426479751 -1.3
12.99655998 -0.007934862089 12.99655998 0.007934862089 17.35864376 7.282403957 3.332494629 -3.06
13.39530077 0.1017880763 13.39530077 0.1017880763 16.15539591 7.276686185 3.398437687 -2.33
13.20558406 -0.2128118609 13.20558406 0.2128118609 29.54729401 13.84688821 6.988780992 -4.52
13.12918119 -0.204959826 13.12918119 0.02971793955 23.632994 10.25571965 5.134068922 -3.1
13.24905084 -0.3754487906 13.24905084 0.07232597656 20.04030436 8.630886427 4.044703486 -3.25
13.48992402 -0.03338864099 13.48992402 0.03338864099 32.67191405 16.52909607 8.959831264 -3.26
12.9324632 -0.2154204057 12.9324632 0.02042277071 23.05158504 9.503875381 4.513107984 -3.71
11.72071232 -0.4787157502 11.72071232 0.3294441951 11.32148815 3.018910236 0.8654270262 -1.26
4.084382716 1.016203704 4.084382716 1.016203704 4.722207002 2.029999058 1.238796211 -0.43
11.90666667 -0.1782407407 11.90666667 0.1782407407 4.312601626 1.73496748 0.9995769964 -0.85
12.39158005 -0.1684017432 12.39158005 0.1684017432 15.78717033 6.649254688 3.008081853 -2.72
13.61973413 -0.2441785925 13.61973413 0.04852324088 22.65994869 9.344578677 4.213948925 -3.79
13.29318355 -3.583755033 13.29318355 0.04220424435 19.57797387 7.822949486 4.558580017 -3.18
11.24819498 0.07555096849 11.24819498 0.07555096849 17.35618038 8.575388451 4.999140111 -2.47
13.90669039 -0.9156488305 13.90669039 0.01835303603 23.11825638 8.238950637 3.749429448 -2.64
12.72465327 -0.3472439462 12.72465327 0.05461033951 21.34153646 9.899865293 5.368732918 -2.37
12.29899947 -3.361090466 12.29899947 0.0320258605 20.26421561 7.677647675 5.745062623 -2.05
12.58917637 0.1072294472 12.58917637 0.1072294472 23.65559125 10.71359154 5.337038554 -2.73
12.87570254 -0.5405729042 12.87570254 0.07580136148 22.95558549 10.14927073 5.21984466 -4.22
11.94770617 0.3210387242 11.94770617 0.3210387242 19.17120693 8.510279629 4.525958013 -1.81
13.2113996 -0.07129403575 13.2113996 0.03176558432 21.05859052 10.21276976 5.907381544 -2.66
13.82031107 -0.2072490371 13.82031107 0.2072490371 23.3636043 9.21256823 3.9836841 -4.76
12.94790561 -0.3622042694 12.94790561 0.08014508272 16.65057552 7.137733273 3.647813849 -2.2
12.33721338 -5.659510044 12.33721338 0.3652517952 16.62744371 5.805148575 3.529244653 -1.74
13.02963025 -4.606317311 13.02963025 0.06530269541 18.18626761 7.086791096 3.611744435 -3.19
6.082657039 0.520031038 6.082657039 0.520031038 16.62160887 7.559567555 4.194074023 -1.23
6.492613351 -0.1273776272 6.492613351 0.1273776272 16.22166585 6.327092041 2.826414137 -2.97
12.86461596 -4.278729938 12.86461596 0.0534124863 22.40458716 8.433007927 4.4017348 -2.39
13.23223518 0.0268078969 13.23223518 0.0268078969 19.45615579 8.655880063 4.42749887 -2.86
5.954744289 0.8086092036 5.954744289 0.8086092036 15.38816115 7.661893594 4.247846389 -1.51
6.598962432 -0.2169445731 6.598962432 0.2169445731 19.17881185 8.470694873 4.139115338 -2.15
9.038796296 -0.1705246914 9.038796296 0.09182098765 7.991112235 2.868476366 1.312974066 -0.11
12.87802879 -0.2984132333 12.87802879 0.09763912883 20.60624687 8.602756178 4.147337467 -3.66
4.825132924 0.3076494 4.825132924 0.3076494 16.75976297 6.971105899 3.102896412 -2.39
10.50530231 -0.922697485 10.50530231 0.2026639538 19.83093437 9.853602391 5.776793003 -1.92
14.94304064 -1.334926892 14.94304064 0.02195938877 56.31583686 27.85545876 17.58921239 -7.6
5.852898085 0.4053991875 5.852898085 0.4053991875 10.70691101 4.44435697 1.902600999 -2.43
13.27010457 -0.1118574902 13.27010457 0.01439030087 20.5710865 9.859657711 5.906225412 -3.16
13.02249144 -4.492240909 13.02249144 0.03912609179 27.56173523 11.10308614 7.309505471 -4.47
13.0145188 -0.5122544905 13.0145188 0.05207833885 24.06152501 8.135805411 3.088555429 -2.77
5.709420824 0.5907407407 5.709420824 0.5907407407 17.33568773 8.570203567 3.653689817 -1.02
13.81631476 -5.177673516 13.81631476 0.02979709198 35.25115839 13.40863104 9.882230652 -4.23
6.328171063 0.835359013 6.328171063 0.835359013 17.45788847 7.408172015 3.342892572 -1.64
11.32638529 -0.2166212377 11.32638529 0.2166212377 15.32544717 6.727244623 3.332407225 -2.21
13.48623158 -4.950652931 13.48623158 0.2357445357 28.87705329 12.82184388 7.720061188 -4.12
11.27435382 -0.02485762084 11.27435382 0.02485762084 18.4436253 7.984958546 3.57781543 -2.92
12.13026174 -0.4370177075 12.13026174 0.03071924603 23.50267568 8.192484726 2.906681407 -2.61
13.38304121 -0.6080140697 13.38304121 0.06960814164 21.68654687 7.586649858 2.784878251 -2.83
10.88883907 -0.8690674839 10.88883907 0.03220133764 17.71981865 7.146211735 3.568521433 -3.68
14.06890016 -0.8847982133 14.06890016 0.1769513539 34.34743444 15.73450136 8.671386315 -4.99
14.0474688 -5.369071018 14.0474688 0.01410986257 33.4823535 12.72516782 7.579200152 -4.88
12.33144404 -0.1511740375 12.33144404 0.1511740375 23.45791467 10.94658136 5.626221437 -2.7
13.34913745 0.140566747 13.34913745 0.140566747 17.71418528 6.988061856 2.905448811 -3.12
6.439018694 0.6720069991 6.439018694 0.6720069991 22.25959334 10.55462955 5.803980082 -1.43
14.0149907 -1.018321541 14.0149907 0.09353012517 19.37962302 7.823917488 3.929621256 -3.94
13.78786148 -4.018090676 13.78786148 0.02017090637 27.01417094 10.89427454 5.864240263 -2.57
15.78778635 -4.813933167 15.78778635 0.03576612763 28.04564116 10.45476454 4.774767566 -4.75
10.27298926 0.2127694839 10.27298926 0.2127694839 17.98626339 7.312684122 3.099752263 -2.4
12.86518249 0.1060541224 12.86518249 0.1060541224 25.28672458 11.78551914 5.646787783 -3.37
14.18264173 -0.03537980395 14.18264173 0.002925105979 31.47789832 13.17685356 6.172386182 -2.12
6.74104776 -0.240963955 6.74104776 0.03289766524 21.02924965 8.595446337 3.700965875 -1.84
13.29642266 -2.656946254 13.29642266 0.04347222222 18.26249742 6.497953115 3.30084069 -2.11
10.64132749 -1.015458504 10.64132749 0.191788768 21.10736435 9.258456601 5.255130766 -3.61
14.80502278 -0.6554807785 14.80502278 0.07610441293 29.5005883 13.7820588 7.639516581 -3.99
15.81975945 -0.6346737068 15.81975945 0.2115266361 26.79581992 10.02868085 4.600891027 -3.08
13.88529456 0.1305894811 13.88529456 0.1305894811 21.60248022 9.37831218 4.207494054 -1.92
11.87506083 0.1240124936 11.87506083 0.1240124936 22.08747659 10.46208057 5.5739654 -2.12
13.16735351 -0.052066484 13.16735351 0.052066484 25.60808132 11.97275224 6.598271745 -2.48
4.37868591 1.015231481 4.37868591 1.015231481 10.74446073 4.468309416 2.184634518 -1.39
12.0837731 -0.2782331559 12.0837731 0.2782331559 17.34184033 9.267202701 4.957294818 -1.71
13.1887004 -0.5709267526 13.1887004 0.2186805556 13.97734754 3.974205078 1.397975443 -2.41
12.95162102 -3.952334167 12.95162102 0.05788360033 29.30136468 13.97310974 9.609380056 -2.93
5.344188976 0.9015764823 5.344188976 0.9015764823 14.97751016 6.500285876 3.057864275 -2.58
13.17754638 -4.703883384 13.17754638 0.0706276988 27.82178101 12.33203793 8.416222337 -2.42
14.12519624 -1.155036572 14.12519624 0.01450212763 29.53922423 11.37900134 5.342215627 -3.95
4.957021043 0.4510291478 4.957021043 0.4510291478 16.79092958 5.933295048 2.518331077 -1.13
5.885010431 0.4964633834 5.885010431 0.4964633834 13.5086146 5.24167934 2.337476647 -3.15
12.56909754 -5.708627071 12.56909754 0.0211227722 27.40825548 11.70297083 7.658700656 -3.18
13.11497564 -0.7483186622 13.11497564 0.1102671366 19.58056015 8.330677053 4.479392096 -2.73
13.68411669 -0.7318688887 13.68411669 0.1326103618 30.22392821 13.74958937 6.933421736 -2.74
5.842923387 0.5740793408 5.842923387 0.5740793408 22.1385376 10.0779366 4.97933484 -2.67
11.05942551 -0.2084206014 11.05942551 0.2084206014 15.32544717 6.727244623 3.332407225 -2.21
11.74589343 -0.09915910809 11.74589343 0.08582262535 13.88163371 4.879108205 1.946298499 -2.75
13.20702538 -3.694357285 13.20702538 0.0777509705 17.27317656 5.94138143 2.483042494 -2.15
15.15477498 -4.007625681 15.15477498 0.007274142088 24.44466426 9.321852743 4.502132422 -3.25
4.511315348 1.139251877 4.511315348 1.139251877 16.63785101 8.039365673 4.044458862 -0.82
13.83108074 -4.104702041 13.83108074 0.3087938223 22.65066064 9.851313464 5.770973612 -2.03
4.227705971 0.9052702192 4.227705971 0.9052702192 9.714651622 5.150582337 2.839770756 -0.83
13.15484541 -3.065445065 13.15484541 0.1390578687 24.33952899 10.71969023 5.570465545 -4.36
11.42805895 -0.8122258047 11.42805895 0.4045053855 17.96205747 6.751025959 3.100137227 -1.1
5.854062857 0.7114243496 5.854062857 0.7114243496 17.90808241 10.17270396 6.486890534 -1.9
13.75301453 -4.443733969 13.75301453 0.06053037581 31.5515719 12.62438307 6.768137349 -3.87
4.590046296 1.146018519 4.590046296 1.146018519 9.158814336 2.951224925 1.191639617 -1.09
11.97574074 -3.545069444 11.97574074 0.008055555556 9.724281562 3.393743256 1.589501224 -1.82
14.60687763 -0.529032672 14.60687763 0.07915267931 18.85445705 7.365697955 3.000140692 -3.88
13.09890207 -4.64455064 13.09890207 0.0887043505 19.99758207 7.923242568 5.602714058 -2.32
5.967380569 0.791391866 5.967380569 0.791391866 14.54583727 6.221596474 3.04798736 -2.04
8.143518519 0.3055555556 8.143518519 0.3055555556 4.96 2.212525253 3.96 -0.04
11.52740314 -0.3585793511 11.52740314 0.3585793511 20.67345189 9.480717073 4.758039295 -2.59
12.90509592 -0.8005754945 12.90509592 0.04136916296 19.02387755 8.295268231 4.697041636 -1.75
11.96894953 -0.1419555898 11.96894953 0.1419555898 15.49396194 6.790594456 3.674074074 -1.4
13.01475924 -0.2052904148 13.01475924 0.2041565471 21.19964607 9.452362296 4.467663477 -3.66
12.88772045 -4.380231159 12.88772045 0.1935943236 27.62987777 11.97813469 6.917410263 -3.4
12.6644983 -0.1035933056 12.6644983 0.1035933056 19.33486806 9.489754346 5.056776885 -1.43
13.67779636 -0.2956831053 13.67779636 0.2507709213 26.89864396 11.66674709 5.271434701 -4.3
11.22442916 -0.5997278387 11.22442916 0.1562382227 27.17135441 9.770735888 3.77894087 -3.97
12.57522627 -0.2008408012 12.57522627 0.008876385176 24.16754987 10.60625205 5.176895045 -3.54
12.26548459 -0.3435714811 12.26548459 0.02338982916 16.00838621 7.064391893 3.63381634 -2.37
5.951864202 0.05160450085 5.951864202 0.05160450085 18.05345064 9.087921872 5.362066116 -1.75
12.11905323 -0.222073231 12.11905323 0.08250783432 26.05465051 12.79392277 7.021877439 -4.02
12.12482643 0.01737120787 12.12482643 0.01737120787 18.21215559 9.886091268 6.16753005 -2.13
12.77782104 -0.3750331738 12.77782104 0.1626436413 21.08654928 9.324519021 4.765836332 -4.16
13.29960451 0.04060279928 13.29960451 0.04060279928 17.27147616 6.64532018 3.070537675 -1.84
11.8737736 0.09167157037 11.8737736 0.09167157037 14.88358206 5.749714336 2.777181154 -2.68
5.54498083 0.4292439059 5.54498083 0.4292439059 19.66782007 7.847750865 3.456537619 -2
2.240740741 0.4512962963 2.240740741 0.4512962963 11.87293278 5.64604769 3.176859504 -1.6
12.95998552 -0.1209133426 12.95998552 0.09748250708 25.00903875 11.59499493 5.849314308 -3.66
12.10325574 -0.000443164071 12.10325574 0.000443164071 19.09278913 8.842005109 4.421619613 -2.24
2.809312484 0.5749973379 2.809312484 0.5749973379 15.84048902 6.221596474 3.185081844 -0.04
6.243962737 0.4478831092 6.243962737 0.4478831092 21.7873074 9.842706676 4.671062183 -2.04
14.61529059 -3.051390267 14.61529059 0.03010644825 18.54239384 7.089933955 3.258414902 -3.48
11.77090017 0.002007547465 11.77090017 0.002007547465 20.1882258 9.182993872 4.490946592 -2.73
13.31648454 -3.098105038 13.31648454 0.09725156247 27.08864099 11.05207979 5.591232055 -4.1
13.74748701 -4.08619316 13.74748701 0.04266020932 29.49165319 12.78656397 7.584094184 -4.49
12.39476377 -0.1541744912 12.39476377 0.1344721642 24.07688095 11.38053501 6.0834008 -3.06
14.5462093 -1.23916452 14.5462093 0.09938918561 22.30916346 9.308799415 4.359612313 -2.89
12.61577901 -3.411255103 12.61577901 0.117818655 25.2763001 10.71884869 7.609838587 -3.35
12.85450259 -1.294397059 12.85450259 0.01765734444 26.01580525 11.3336981 6.202794866 -4.06
13.08798187 -4.405792595 13.08798187 0.2793308753 22.55990255 9.471137925 5.222190439 -2.63
6.366956417 0.7881251482 6.366956417 0.7881251482 26.37042365 13.01609322 7.202639683 -2.24
12.69898339 -4.419467495 12.69898339 0.005047214874 24.38375842 10.57078785 6.858039521 -3.26
11.72209045 -0.1565808978 11.72209045 0.1565808978 10.96211307 4.046598798 1.720382603 -1.91
10.08715278 0.3355883881 10.08715278 0.3355883881 15.2149832 5.739767506 2.241930191 -1.06
14.07757968 -0.05292637734 14.07757968 0.04016794218 23.21352287 10.80655231 5.113639789 -3.54
13.17045919 -4.482997776 13.17045919 0.001194308838 23.87369803 9.170250608 5.133959031 -4.27
11.4928267 -0.8595555059 11.4928267 0.04359078615 27.15841009 13.08938705 7.362308353 -4.42
12.01465879 -0.5162076667 12.01465879 0.08563669597 21.49264392 12.76163729 9.492086134 -1.55
13.97703417 -3.668672261 13.97703417 0.07486386337 33.43232653 14.89596269 9.732790101 -4.07
14.36592448 -0.1464914465 14.36592448 0.00981621576 19.34136348 9.013202799 4.527976819 -1.98
12.63056469 0.07775720165 12.63056469 0.07775720165 15.48551775 6.457627447 2.993328527 -2.04
4.281000961 0.9333818342 4.281000961 0.9333818342 13.6950139 6.04217535 2.988115877 -2.95
13.26154827 -0.7891826703 13.26154827 0.02462537793 24.54798766 8.16153157 2.906005762 -3.24
13.79512811 -0.6587656368 13.79512811 0.1186809597 25.50708637 9.963277886 4.640557315 -4.14
14.04470377 -0.9940800474 14.04470377 0.02406558436 41.92681351 21.77640148 14.6275661 -4.49
13.0385999 -3.448319059 13.0385999 0.2787099066 20.01587217 8.973164272 4.763130056 -1.73
10.00050299 0.4826524856 10.00050299 0.4826524856 15.5709325 7.295719485 3.528413741 -1.32
12.26157131 -0.002051681784 12.26157131 0.002051681784 17.98560552 8.516660525 4.844384318 -1.82
4.723276172 0.3319285122 4.723276172 0.3319285122 18.95902345 8.324688602 4.05099496 -2.38
12.26289037 0.005304469786 12.26289037 0.005304469786 21.9664481 10.87799248 5.890159078 -2.73
11.75503754 -0.2838199093 11.75503754 0.2838199093 15.87001315 5.572056502 2.310847361 -1.35
12.2575428 0.03827932099 12.2575428 0.03827932099 17.29813263 8.030753674 4.512315164 -2.53
12.20719737 -0.4016274558 12.20719737 0.1500807099 23.73704149 11.0954018 5.86198022 -1.92
6.544590541 0.5007578731 6.544590541 0.5007578731 20.72656921 9.141142542 4.561088435 -4.16
12.67153661 -4.774873976 12.67153661 0.14343203 29.24951594 12.72673119 7.726152392 -4.25
13.00030704 -0.4702211604 13.00030704 0.0956459797 26.97559162 12.37361931 7.429683351 -2.62
13.14874538 -3.316638595 13.14874538 0.01098057922 25.36462473 11.24442043 7.108454939 -2.26
13.42198812 -3.128043994 13.42198812 0.07570355085 31.8170854 12.92316839 7.129384715 -4.15
10.17404272 0.1872070526 10.17404272 0.1872070526 15.14669839 5.597623359 2.193473423 -2.4
12.49687813 -0.2053622692 12.49687813 0.2053622692 17.81254624 7.632944224 3.557900111 -4.26
12.33337144 -0.3712731481 12.33337144 0.1179038066 14.23378641 5.43907063 2.429180786 -2.18
11.08422889 -0.3990407297 11.08422889 0.06486032788 24.47625542 8.03283843 2.890965983 -2.12
4.489822141 0.7308303787 4.489822141 0.7308303787 15.89096463 7.100421181 3.273871277 -1.61
5.632050149 0.6447135106 5.632050149 0.6447135106 16.17536982 9.684885536 6.056944444 -2.2
12.86961122 -0.2635129369 12.86961122 0.01491043434 16.24527422 7.773307474 4.927386164 -1.62
12.21053009 -0.2929425781 12.21053009 0.2929425781 17.53916848 7.033963998 3.372130349 -3.87
13.4962354 -3.147294629 13.4962354 0.01219380056 30.92522952 12.73050578 6.623529235 -5.08
13.6000662 -0.7595442696 13.6000662 0.05268552304 30.1556369 14.67813596 8.54994107 -3.39
12.93520993 -1.143888889 12.93520993 0.07161039725 18.13038337 6.037141975 2.538827847 -1.92
13.30837429 -4.116593636 13.30837429 0.07683344459 32.90938725 14.90659988 10.65019819 -4.3
11.93922329 -1.364710765 11.93922329 0.2436239925 24.83225552 11.43152742 6.872686862 -3.28
13.36530472 -3.368986439 13.36530472 0.1056069959 26.63934745 9.973338945 4.310261245 -1.96
13.15344809 -3.86063 13.15344809 0.09815498499 22.33778811 8.056912666 4.530907372 -2.35
13.91339045 -3.691054396 13.91339045 0.2539960737 22.62328748 8.889221193 4.60871843 -2.16
12.44876957 -0.07623297632 12.44876957 0.07623297632 22.11004513 10.05880132 5.101404768 -3.7
12.85425919 -4.306469848 12.85425919 0.006833969635 24.69327554 10.17198982 5.239249254 -2.99
10.78155289 -0.3884941893 10.78155289 0.06965251533 19.39480915 6.493870746 2.110195611 -2.08
14.0146479 -0.6905523164 14.0146479 0.05685967288 21.61786464 7.31566147 2.779235495 -3.45
6.0386952 0.5755872071 6.0386952 0.5755872071 13.47201672 6.29334646 3.141315032 -1.51
12.80300674 -0.6352042391 12.80300674 0.02550925926 15.2919093 6.121118042 3.137821403 -1.1
11.37741586 -0.1471998094 11.37741586 0.1471998094 16.70851632 7.619696516 4.031476875 -2.14
6.334762209 0.2051871373 6.334762209 0.2051871373 22.37607157 10.23782255 4.904143465 -3.42
8.752651172 0.3715277778 8.752651172 0.3715277778 8.96 6.085628141 4.462512563 -0.04
11.70648783 -1.147553942 11.70648783 0.4249921577 23.74795918 10.68586964 5.574368103 -2.4
13.23657375 0.1321168121 13.23657375 0.1321168121 20.20564138 8.171241995 3.503155835 -2.42
13.83380194 -0.9267874375 13.83380194 0.002930127885 30.08718817 12.74641063 7.860698085 -2.88
5.855227774 0.1769543009 5.855227774 0.1769543009 16.12905551 6.272368907 2.766331399 -4.07
5.911139577 0.1914057107 5.911139577 0.1914057107 18.71310156 8.542143909 5.212610943 -2.07
12.8404817 -4.047439607 12.8404817 0.03527612972 20.79829374 8.347504307 4.338627344 -2.46
11.29767427 -0.9718950464 11.29767427 0.153292839 19.56824725 9.142781294 5.403643991 -3.19
12.85486295 -0.1451290893 12.85486295 0.1451290893 26.32663616 12.4795045 6.931789704 -2.74
13.40310173 -0.8506580687 13.40310173 0.05707730629 29.81793754 14.35992603 9.56566642 -2.41
12.63309402 -0.1676818326 12.63309402 0.1676818326 25.50134286 12.39454565 6.340154934 -3.59
6.018505606 0.5305169753 6.018505606 0.5305169753 15.57445727 5.947570839 2.535693922 -3.67
13.20692208 -1.157499173 13.20692208 0.1580910389 16.41068527 6.030785151 2.396661626 -3.06
6.169878079 0.5904846023 6.169878079 0.5904846023 53.76229004 28.80293863 15.99082359 -6.52
13.04077572 -3.839108606 13.04077572 0.1673227933 22.39594151 8.618996629 4.530033676 -2.8
13.22311835 -3.29764595 13.22311835 0.01564182309 22.46487466 10.19622775 6.388159227 -2.22
12.77273243 -3.861673404 12.77273243 0.01785574698 20.2608183 7.668070215 3.862922111 -3.02
5.882030783 0.7131128893 5.882030783 0.7131128893 19.1692526 8.894579765 4.290306781 -2.16
13.6464031 -0.2000709602 13.6464031 0.02496905833 20.06559466 8.345298078 3.805201999 -2.86
2.57856198 1.185351474 2.57856198 1.185351474 10.79141265 4.886589848 2.499522673 -1.34
12.64112749 -0.8116886338 12.64112749 0.136686298 19.07673623 6.552262887 2.597078279 -2.43
13.79182353 -4.089422123 13.79182353 0.04880687306 23.19853639 9.347283411 4.567357952 -3.47
9.079833196 0.02547973379 9.079833196 0.02547973379 25.60808132 12.47135619 6.195401522 -3.48
13.55743968 -3.938325184 13.55743968 0.03349909717 25.82161631 9.31613956 4.893710221 -2.26
6.013684433 0.8086343599 6.013684433 0.8086343599 18.72984736 9.047170483 5.00785441 -1.62
13.45477387 -0.5249546188 13.45477387 0.1753530664 19.54740555 8.377602009 4.07912426 -2.41
13.04762472 -0.2081481481 13.04762472 0.2081481481 8.054414862 2.849811862 1.070701221 -1.29
13.21961493 -0.2942832631 13.21961493 0.06593364198 22.17420996 10.52304501 5.806497346 -3.03
12.354943 -0.1030293105 12.354943 0.1030293105 12.58937825 5.001555038 2.107392343 -3.14
13.25497558 -3.731394375 13.25497558 0.004296843929 26.55014171 11.26029677 6.062376243 -2.51
12.12414837 -0.04163461164 12.12414837 0.04163461164 17.98626339 8.526154368 4.859656804 -2.4
5.614459996 0.4245043226 5.614459996 0.4245043226 21.52777778 8.652263374 3.675 -2
13.92776738 -1.107525557 13.92776738 0.03125115085 40.7461525 19.71419084 12.27959376 -5.02
13.32466599 -0.1423622239 13.32466599 0.01382692389 31.26094816 15.523944 8.695143772 -5.17
12.30767939 -0.7520137379 12.30767939 0.002460651055 22.21276378 9.652900079 5.261948094 -1.99
7.779983046 0.3875720427 7.779983046 0.3875720427 16.4111923 9.13814512 5.80464758 -1.96
5.610895062 0.4130246914 5.610895062 0.4130246914 8.476339114 3.18546695 1.701096486 0.38
10.17204788 0.07247519841 10.17204788 0.07247519841 12.12170997 4.03622646 2.058428061 -0.93
12.86417473 -1.065980029 12.86417473 0.01768183454 22.74846348 9.057225945 5.211810145 -3.93
11.62166753 -0.2619784858 11.62166753 0.01593358972 22.78502637 10.0982878 4.943882703 -3.99
10.91633563 -0.8247713425 10.91633563 0.03271257177 23.58530264 10.63070153 5.396799287 -4.15
13.25582156 -3.950981119 13.25582156 0.1045223923 23.53138353 8.781029711 5.016975816 -3.13
13.51878074 -0.002188786008 13.51878074 0.002188786008 17.78452474 7.270666769 3.24065958 -3.29
12.72999504 -0.4813788502 12.72999504 0.01394059167 17.01098118 7.774470708 4.098626036 -1.35
5.893424922 0.2422932151 5.893424922 0.2422932151 14.6391059 6.222304739 3.002937599 -3.29
13.91735295 -0.3978270969 13.91735295 0.1581699316 22.84939278 10.07790847 5.011131519 -4.33
13.42154691 -0.5434078472 13.42154691 0.02926802668 25.66517841 9.72181723 4.724675049 -2.975064935
13.28679278 -3.097929441 13.28679278 0.1012909143 26.13958489 10.4675134 4.97284779 -4.1
12.22328329 -0.1020773384 12.22328329 0.07406709848 17.72947583 7.300591295 4.946743564 -2.62
12.47075558 -0.08136219766 12.47075558 0.08136219766 16.34447116 6.642064229 3.336729815 -2.13
13.22426417 -0.5965153037 13.22426417 0.04035609826 25.12750027 8.69733158 3.198665265 -2.61
5.873930349 -0.3254158399 5.873930349 0.05881792223 13.24803647 5.086894659 2.044940006 -2.43
12.67764427 -3.622492809 12.67764427 0.1151943185 21.50746528 9.081770106 5.235354273 -1.2
12.81553908 -4.39832702 12.81553908 0.2113907785 16.11028715 6.390769172 3.601544669 -1.76
5.659854123 0.4927922469 5.659854123 0.4927922469 15.57973651 7.305180261 3.753943533 -1.94
12.35916231 -3.209135868 12.35916231 0.003201871798 19.35431191 8.083712245 4.85105384 -1.41
12.02936486 -0.3715189815 12.02936486 0.35385886 21.11538686 9.343837029 4.636611635 -3.13
11.52092573 -0.5759662634 11.52092573 0.2692996504 18.5008473 7.279053518 4.016756337 -2.86
12.76043719 -3.276112836 12.76043719 0.01684698979 24.0575267 10.45647419 5.879863189 -3.08
15.9831875 -0.7393022487 15.9831875 0.03562889555 26.53070331 11.68029055 5.883464108 -4.53
12.62371533 -1.055768717 12.62371533 0.01408349453 27.85382146 11.28985726 6.629941195 -3.17
13.92792718 -0.3579333192 13.92792718 0.05088973398 20.2542812 7.196450174 2.934968171 -2.66
11.75410573 -3.366842405 11.75410573 0.2564390826 19.79119802 7.387806842 3.601760407 -2.51
14.19151934 -4.703119167 14.19151934 0.02362005699 27.02213168 9.447352563 4.559941831 -4.17
12.30269588 -0.3420052992 12.30269588 0.3420052992 18.5103854 8.444143265 4.52869758 -3.85
12.46579468 0.1480343692 12.46579468 0.1480343692 19.92530949 9.899865293 5.368732918 -2.37
13.2129076 -3.819071249 13.2129076 0.0008376900143 22.01039516 8.738936643 4.382610234 -3.2
12.6988554 -0.6510278402 12.6988554 0.03145620993 27.94147092 13.12610354 7.275972876 -4.08
12.77960345 -0.3959993859 12.77960345 0.1886691127 17.1023294 7.119032877 2.882925631 -2.33
14.62935457 -3.195373281 14.62935457 0.2112962263 21.90117746 8.787934917 4.442785332 -3.92
14.04053128 -0.2267868106 14.04053128 0.1364093076 21.24037461 9.42768595 4.847744901 -3
9.448052718 -0.04813681028 9.448052718 0.04813681028 12.81469238 5.83920695 3.029333707 -2.2
11.76816085 -0.1305619856 11.76816085 0.1305619856 11.809343 4.444130278 1.76203781 -1.26
6.309818344 0.8391370436 6.309818344 0.8391370436 16.52762718 6.827400454 3.211680442 -1.64
10.77073733 -0.7775889738 10.77073733 0.01462870346 22.88541115 11.00670571 6.594238968 -2.79
6.365626152 0.7307690054 6.365626152 0.7307690054 20.50287067 9.810483245 5.62783797 -1.23
13.22820736 -4.50902203 13.22820736 0.06673469388 13.66703982 4.506581785 2.005362962 -1.98
9.392663107 0.2600597663 9.392663107 0.2600597663 13.94030331 6.109872348 2.912171382 -2.48
9.859436083 0.1602490318 9.859436083 0.1602490318 13.36708445 5.789656325 2.498475786 -1.62
5.877772739 0.691068506 5.877772739 0.691068506 14.45213181 6.161532072 2.860464068 -1.14
11.55789452 -0.7305815398 11.55789452 0.01380125661 24.43172107 8.698806627 3.03746044 -2.61
13.22434004 -0.2317154638 13.22434004 0.08476568405 16.68520527 6.855369295 3.066400149 -2.77
8.184834422 0.5262483624 8.184834422 0.5262483624 17.63423204 7.854517998 4.501058674 -0.77
13.2000411 -2.981725933 13.2000411 0.0258649979 21.35129568 8.561799154 3.871331652 -3.36
14.3792886 -3.644839783 14.3792886 0.001023830257 23.98194608 9.858282008 5.772505294 -3.67
11.59490436 -3.118753684 11.59490436 0.3933100179 22.04460689 9.903427329 5.925126881 -1.65
12.0898821 0.2550202057 12.0898821 0.2550202057 22.38629865 10.6724834 6.12418087 -1.81
11.20491556 -0.6040205936 11.20491556 0.1003052965 18.2667525 7.787456516 4.553956201 -3.53
12.42545164 -0.6650961103 12.42545164 0.0956335195 21.89479951 9.869869431 5.486629335 -2.32
13.71346331 -1.08577802 13.71346331 0.04545984479 30.7962098 14.21403716 8.254603116 -5.65
13.13802976 -1.154321559 13.13802976 0.07174886621 26.07436984 8.822855196 3.378607505 -2.85
13.43020579 -0.9521348891 13.43020579 0.2243167805 20.58704771 8.590407864 4.423955415 -3.68
5.322645891 0.9080724049 5.322645891 0.9080724049 10.65095107 5.885158628 3.648848072 -0.86
13.02382297 -0.899236595 13.02382297 0.1021034497 22.07784065 9.994479062 5.569585322 -4.13
14.19650521 -4.723256775 14.19650521 0.09006428729 25.7376486 11.03027834 6.589427081 -3.88
13.20644615 -0.4080231002 13.20644615 0.2387597534 25.94783202 11.28815142 6.359015188 -2.13
13.49965002 -4.139544727 13.49965002 0.0169472492 27.73697237 11.62126819 6.591614366 -4.29
11.75578435 -0.9130566277 11.75578435 0.3456402676 25.48792003 11.07017214 6.052004467 -3.16
12.83486761 0.05679027789 12.83486761 0.05679027789 24.93779678 11.57025405 5.707254732 -3.37
11.72589703 -1.236365605 11.72589703 0.2503475817 22.49420583 10.21674345 5.493267379 -3.19
13.42370408 -0.2983409182 13.42370408 0.1763728269 19.53270669 8.707177242 4.282582766 -1.78
2.270277778 1.317389928 2.270277778 1.317389928 11.48365295 4.076023615 1.42139731 -2.34
4.318240741 0.8785676493 4.318240741 0.8785676493 8.173359973 3.203427043 1.287491177 -2.16
6.028232237 0.5043121693 6.028232237 0.5043121693 13.89225468 6.587980945 3.162613757 -2.07
5.553746941 0.5359942668 5.553746941 0.5359942668 18.69240377 8.198229481 4.042972493 -2.32
13.40549976 -0.07626933387 13.40549976 0.0314516595 25.5207484 11.91151672 6.557656177 -2.57
12.58610487 -1.275390914 12.58610487 0.1103936344 23.31599427 9.42340808 5.4635148 -3.35
12.94982207 -3.594661158 12.94982207 0.07647606195 23.17896196 10.69862181 7.017085538 -2.49
15.56427559 -0.5276059865 15.56427559 0.003011354779 21.52177194 8.903241305 4.591553142 -3.32
13.22385215 -1.300630028 13.22385215 0.09354782395 27.0444123 12.42246212 7.227120316 -3.55
6.233048067 0.8262279017 6.233048067 0.8262279017 13.98436667 5.864062937 2.466884017 -1.64
9.538855435 -0.007968236634 9.538855435 0.007968236634 24.71597447 11.83289316 6.387116333 -3.4
12.98000063 -0.9456421418 12.98000063 0.02778015733 21.33654635 9.076057148 4.726806127 -2.9
13.03632349 -4.458301807 13.03632349 0.04158313576 28.83530803 12.20914743 8.405411256 -3.73
13.60175107 -0.1731082819 13.60175107 0.1142790329 22.87835199 9.678424728 4.598887138 -3.3
13.56198743 -3.063214986 13.56198743 0.0007041280658 30.47507379 13.61508616 7.072207217 -4.55
13.44621188 -3.112939773 13.44621188 0.09871740441 32.53736318 14.15555556 7.607846284 -4.4
13.23823276 -0.6121752472 13.23823276 0.264813495 21.88516798 9.863323684 5.284146506 -1.33
11.31425978 -0.9717463656 11.31425978 0.1541970496 20.54185008 9.338094607 5.891149616 -3.19
13.6454638 -0.2309990316 13.6454638 0.2309990316 18.48585506 7.150166292 3.004434453 -3.28
6.016042175 0.470119198 6.016042175 0.470119198 16.30664327 7.378000142 3.580419688 -1.17
13.48991024 -0.6192632748 13.48991024 0.09756498278 21.9403902 7.848120907 2.956837099 -3.3
12.59009921 -0.806648715 12.59009921 0.1441713908 17.38771408 5.684170779 2.134840268 -2.3
12.50079044 0.1595598813 12.50079044 0.1595598813 19.21822195 9.404659118 5.471310687 -1.55
14.2367196 -4.262613968 14.2367196 0.03120721686 26.14906374 9.527571357 4.254599005 -4.09
11.84469322 -3.13476112 11.84469322 0.5291825569 22.80063204 9.099920948 4.5170535 -2.64
11.09068566 -0.9873670874 11.09068566 0.2163351501 15.98874427 6.582460631 3.434724864 -2.39
4.479490741 0.3215740741 4.479490741 0.3215740741 11.02641401 3.451721281 1.641374441 -1.09
12.51000025 -0.02182195113 12.51000025 0.02182195113 22.92780031 10.61164293 5.282771516 -2.84
8.728611111 0.2060185185 8.728611111 0.2060185185 5.446798906 2.052669548 1.138019489 -0.69
13.6325517 -0.6494978885 13.6325517 0.03866899023 23.53977423 8.469426652 3.478882283 -2.57
13.8846237 -0.135506489 13.8846237 0.135506489 14.20873312 6.00625 2.795822358 -2.4
12.81532829 -4.741025193 12.81532829 0.007205231982 23.64889537 10.07341396 6.486177099 -2.01
11.58004479 -0.5119346093 11.58004479 0.02712758251 17.22075 7.100421181 3.56224757 -3.61
11.25738772 -0.7189761669 11.25738772 0.2339568111 18.92081539 8.299375123 3.755482907 -2.42
12.92954505 -0.5700847584 12.92954505 0.01723636831 22.12602258 10.02734667 4.892417523 -2.08
5.801491875 0.37375 5.801491875 0.37375 10.60370402 4.041490982 1.890487593 -1.54
14.13017849 -0.05388241829 14.13017849 0.05388241829 25.86480409 11.00272809 5.264859065 -3.39
11.6785223 -0.4140123457 11.6785223 0.005691609977 9.733912005 3.744477633 1.712117863 -1.81
12.93351671 0.005653817082 12.93351671 0.005653817082 18.20532312 7.829161513 3.919067595 -2.17
12.43278945 -0.0125244779 12.43278945 0.006306584362 17.7143417 8.324100034 4.93994623 -2.1
12.79735371 0.06043741841 12.79735371 0.06043741841 24.67721965 11.80534049 5.980571855 -3.44
11.06314355 -0.7270791997 11.06314355 0.7270791997 17.58669594 7.063446343 3.267759313 -1.82
12.08668419 0.1883475205 12.08668419 0.1883475205 18.61738648 8.149617036 4.013945318 -2.4
12.86061335 -0.9911993305 12.86061335 0.06565285785 25.16836001 11.10876221 6.320052737 -4.46
11.09453859 -0.9918035554 11.09453859 0.1797285803 18.49130952 7.631170702 3.888160329 -3.87
11.24784364 -0.03049223558 11.24784364 0.03049223558 19.39875451 8.61746697 4.741735368 -2.92
13.39160489 -3.121300396 13.39160489 0.08501340301 33.72526058 14.85490658 8.211200192 -4.63
5.83022597 0.4026908541 5.83022597 0.4026908541 16.0331778 8.136148429 4.122254567 -1.84
14.71610265 -4.595907559 14.71610265 0.1745196494 21.6540788 8.517534171 4.248156041 -3.57
13.14030218 -1.012011413 13.14030218 0.03464369315 28.4294624 11.4120589 6.150721196 -4.1
14.82308841 -0.6246487311 14.82308841 0.09613312931 30.46721831 14.45735304 8.099226725 -3.99
11.10942906 -0.622557083 11.10942906 0.1856833657 21.96433891 12.19212573 7.005744544 -2.33
14.00044219 -4.475921565 14.00044219 0.08788175813 29.47213478 11.92901131 6.971521016 -3.51
13.88857792 -2.622758921 13.88857792 0.1817337976 28.08250864 12.37247696 7.006313709 -2.46
6.320403412 0.2067633141 6.320403412 0.2067633141 21.0249953 10.15715093 5.595394824 -0.28
14.15487954 -0.7515941253 14.15487954 0.0310853647 23.79519027 8.936078953 3.898185035 -2.93
9.130243764 0.3228703704 9.130243764 0.3228703704 6.225623583 2.274078478 1.049306063 -1.5
6.040546935 0.5152424769 6.040546935 0.5152424769 16.62160887 7.559567555 4.402340386 -1.23
9.974463962 0.1003857745 9.974463962 0.1003857745 18.79667239 7.461208364 3.867084497 -1.55
12.24908371 0.1619653091 12.24908371 0.1619653091 21.19964607 9.452362296 4.900893545 -1.66
10.05709877 -0.7777777778 10.05709877 0.7777777778 3.22 2.22 2.22 0.22
13.24744006 -0.8902029307 13.24744006 0.07428420603 26.15177448 11.87666763 6.647371562 -1.92
6.349751225 0.2268682861 6.349751225 0.2268682861 25.26858802 10.62466244 5.047001483 -4.02
13.23491126 -0.4903231586 13.23491126 0.06385137363 20.32035275 7.830980277 3.252225393 -3.59
13.42622786 -3.071337344 13.42622786 0.001984846663 26.78347611 11.5152511 5.794802355 -3.81
12.69191826 -0.569027695 12.69191826 0.0188218873 23.264648 10.81194376 6.55479863 -2.9
12.19047767 -0.4405014743 12.19047767 0.02650277965 27.81486961 13.54500604 7.656013661 -3.21
11.73354981 0.04161519843 11.73354981 0.04161519843 19.5997035 8.752136718 4.654233021 -2.71
12.95850763 -3.849384402 12.95850763 0.09687204537 19.56623044 7.386059287 3.39321153 -2.39
10.35356876 -0.512094868 10.35356876 0.04939980159 25.14591943 8.952708958 3.041480917 -2.59
12.1509351 0.05759182389 12.1509351 0.05759182389 16.52507156 7.973574745 4.831719962 -2.33
9.356986087 -0.1491886338 9.356986087 0.04803087001 15.8249078 6.673335015 2.879815417 -1.68
13.34662564 -3.537587868 13.34662564 0.3209486224 23.54715398 10.19972507 5.077070763 -2.19
9.857024437 -0.09888887024 9.857024437 0.09888887024 22.4331052 9.866444583 4.782355903 -1.36
2.559074074 1.086298895 2.559074074 1.086298895 16.16484584 6.53038158 2.913965809 -2.32
14.23314059 -1.360757013 14.23314059 0.1237796832 26.5817081 9.621029213 4.198444614 -4.02
14.04363301 -1.726779145 14.04363301 0.08030668292 24.86223259 10.02376736 4.563007934 -2.45
11.63187821 -0.3273392575 11.63187821 0.1319016912 17.29216677 6.548690345 2.844374107 -2.13
2.786226852 0.2365348639 2.786226852 0.2365348639 20.48087883 8.607070092 4.071062412 -2.42
12.34723356 -0.4152939579 12.34723356 0.1203212396 14.12615236 5.780708152 3.17716992 -2.29
9.371292377 0.2692430415 9.371292377 0.2692430415 17.25695669 9.132049948 4.971838491 -1.1
14.31857743 -0.7129932502 14.31857743 0.1252889293 23.04464942 9.583193763 4.488134827 -4.38
12.68354198 0.3242581091 12.68354198 0.3242581091 23.62345524 11.54594977 5.938461933 -3.11
12.75764181 -1.047983277 12.75764181 0.2574898432 13.08066001 5.998241645 3.808810906 -2.36
13.3098878 -0.6212580974 13.3098878 0.06836558539 24.73153697 10.19615893 4.750848394 -1.95
14.75572061 -4.843812348 14.75572061 0.006195277085 23.32787612 8.661572313 4.22969297 -4.42
13.21523571 -5.119118484 13.21523571 0.011476718 23.0429938 9.055786175 5.217410137 -3.24
6.078898967 0.6706944444 6.078898967 0.6706944444 10.81546916 4.441475409 2.45958349 -0.69
9.974463962 0.1003857745 9.974463962 0.1003857745 18.79667239 7.461208364 3.867084497 -1.55
13.5264506 -4.37542479 13.5264506 0.001250130855 35.72623156 15.43086725 8.989433047 -5.09
13.62789067 -0.7934097065 13.62789067 0.1241684513 22.3380546 9.804070466 4.769250815 -4.46
6.006896315 0.6842685152 6.006896315 0.6842685152 14.48960803 6.185535281 3.162761593 -2.1
11.06807307 -0.1091061833 11.06807307 0.1091061833 17.03592063 7.458306926 3.880749886 -2.4
6.32052628 0.447458313 6.32052628 0.447458313 19.59447041 8.407734532 4.398425519 -3.36
14.22473432 -3.139346955 14.22473432 0.06942451815 22.9845514 8.6307164 4.639315871 -3.19
13.08015297 -0.1429517604 13.08015297 0.1429517604 27.55200113 13.35529161 7.526134 -2.48
12.93739502 -0.5526952516 12.93739502 0.01484503647 22.40458716 9.847719481 4.633144362 -3.39
3.800923665 0.9008629378 3.800923665 0.9008629378 14.09680231 6.732833153 3.581606022 -1.32
14.56213952 -0.2739254263 14.56213952 0.07137320086 22.87068368 9.761367718 5.103411506 -2.9
14.07384847 -5.027836328 14.07384847 0.03178907365 21.35120726 7.966212724 4.300278913 -2.95
11.1535308 -0.4845313681 11.1535308 0.2316592262 10.79610799 3.700750186 1.957374255 -1.71
12.42883941 -0.3156720574 12.42883941 0.07371220711 18.87306206 7.508455948 2.959283686 -2.47
12.46922491 -0.9960224815 12.46922491 0.01603622721 18.92245523 6.042916256 2.098271429 -2.6
12.33346214 -3.727451653 12.33346214 0.04990725741 24.76659006 11.77373876 8.637543775 -2.5
12.84821136 -0.6227401379 12.84821136 0.2146486614 25.79249338 12.1023121 6.678361287 -3.29
13.37614928 -3.891763993 13.37614928 0.0297728752 24.22206109 9.384279092 4.6723469 -2.91
13.8645015 -3.691019174 13.8645015 0.1268400571 22.04893412 8.407811054 4.561088435 -2.16
5.391506535 0.7613069891 5.391506535 0.7613069891 19.47529182 9.105778638 4.585683698 -1.84
12.68906562 -0.02431135437 12.68906562 0.02431135437 19.71458695 8.417898385 4.203958376 -1.59
5.825553193 0.6228715514 5.825553193 0.6228715514 13.64383516 6.413416295 3.410109494 -2.33
11.61919376 0.1153393888 11.61919376 0.1153393888 22.45211857 9.49277414 4.418978521 -4.34
12.35290753 -0.2062572436 12.35290753 0.04721450617 15.48737235 6.048904044 4.270187777 -0.57
11.26025529 -1.01445381 11.26025529 0.1623909179 16.25491836 7.30719922 4.227007106 -3.61
7.776913358 0.1977997727 7.776913358 0.1977997727 20.9712207 9.247366616 4.900955304 -3.28
14.12739119 -1.122502808 14.12739119 0.04850193164 25.44958988 9.593419409 4.326966892 -3.2
10.39583315 0.1779186964 10.39583315 0.1779186964 19.4721201 7.642942356 3.171775967 -2.49
11.14095569 -0.6846060878 11.14095569 0.5042377908 16.94037809 7.780698424 4.143760531 -0.9
13.56574933 -4.491976743 13.56574933 0.08612208155 22.68532544 8.796296296 4.665025348 -3.5
13.90563073 -1.074323428 13.90563073 0.06521604938 25.02611196 9.520568817 4.37076555 -3.08
10.94547968 -0.7607025757 10.94547968 0.1535918787 18.0529154 8.134913775 3.987424011 -3.33
12.84781558 -0.1665492518 12.84781558 0.1665492518 16.27420751 8.314980503 4.942824212 -1.59
14.42749066 -2.012122852 14.42749066 0.01919902022 109.048369 54.68700986 38.77309366 -11.13
6.314684184 0.1800918446 6.314684184 0.1800918446 15.68522815 5.471310687 2.260253376 -1.55
14.02765207 -0.8014048306 14.02765207 0.08391668856 33.13820858 13.02534689 6.411954872 -3.775064935
14.09240944 -0.7314690252 14.09240944 0.04091533984 24.90001256 10.7568365 5.035416393 -2.41
6.407690047 0.06288265306 6.407690047 0.06288265306 19.65095981 7.139449575 3.136809917 -2.3
15.04007971 -0.2583316751 15.04007971 0.1349132087 18.56113968 7.416243098 3.165735317 -1.46
6.475135739 0.01723356009 6.475135739 0.01723356009 14.58157465 6.184538506 2.980418842 -1.35
12.55336952 0.06394052732 12.55336952 0.06394052732 21.37502165 10.44316037 5.253635258 -2.86
14.83633435 -0.7490340486 14.83633435 0.007370484721 23.49657732 9.298938574 4.813333261 -3.66
13.31753433 -0.1946471088 13.31753433 0.1946471088 15.33471643 6.102288267 2.46366591 -3.93
5.866322891 0.189361219 5.866322891 0.189361219 19.00679024 8.356363444 4.570308886 -3.33
12.93274943 -4.532615032 12.93274943 0.03152777778 13.45163288 4.603266465 2.888047961 -1.98
5.835130399 -2.16273153 5.835130399 0.5931442088 16.83324814 8.853030676 6.286951763 0.78
11.12585709 -0.487658269 11.12585709 0.3780617109 19.36403415 9.51105921 5.535409922 -2.4
12.44995926 -0.02963771993 12.44995926 0.02963771993 24.37696468 12.63979274 7.114926597 -3.75
14.08743439 -0.7970411089 14.08743439 0.0217966518 25.40168194 11.86462007 6.365215632 -3.25
10.87829168 -0.352009089 10.87829168 0.04864872938 23.09495121 7.973313368 2.77860801 -2.05
12.44283086 0.01631834089 12.44283086 0.01631834089 18.93637808 8.356853039 4.003256008 -2.06
9.815314932 0.02074428382 9.815314932 0.02074428382 15.82122687 6.592314432 3.480534566 -2.06
14.23166301 -0.4848534826 14.23166301 0.02279409919 16.59997451 6.458712304 3.036552647 -2.86
12.90955592 -3.892548218 12.90955592 0.08373855715 20.88474727 8.045213022 4.253198526 -3.37
11.84759772 -0.3538667381 11.84759772 0.2240907922 13.74890195 6.044134087 2.778371688 -3.22
13.33671682 -4.443839721 13.33671682 0.03925982731 22.49014858 9.152487757 4.972086209 -2.3
14.12045997 -0.9671296296 14.12045997 0.04817389456 14.09309998 5.159019543 2.319109388 -1.86
6.432252929 0.08486229214 6.432252929 0.08486229214 13.83495838 5.769894034 2.756028746 -1.8
12.00125 -4.703125 12.00125 0.8477083333 10.67 3.377570644 1.821982088 -0.33
12.26520145 -0.9375704459 12.26520145 0.1049244285 25.34153661 12.20207117 8.616668185 -3.92
12.18929611 -0.9306301965 12.18929611 0.01189342404 14.54461166 4.316326531 1.386941811 -2.5
12.97419616 -1.220801708 12.97419616 0.09013894886 28.29450967 8.629415833 3.751772126 -1.24
11.55241871 -0.3596305201 11.55241871 0.04171892814 25.25799004 10.53033487 5.462284381 -4.4
5.336472978 0.967037037 5.336472978 0.967037037 9.339486519 4.330313101 1.823361455 -1.22
14.35158426 -0.2963264269 14.35158426 0.2963264269 18.69240377 8.198229481 3.637640876 -3.32
12.01735177 -0.7031556674 12.01735177 0.1125694444 20.61446688 5.871284687 1.912881973 -1.56
13.6473804 -0.5034579318 13.6473804 0.1434003632 22.22618741 7.753008273 2.683788341 -2.99
14.12661586 -3.710770305 14.12661586 0.05267025174 30.5756454 12.64370359 6.734474235 -4.38
6.003708154 0.2615979571 6.003708154 0.2615979571 18.67427002 9.010219622 4.740492139 -2.11
13.29485989 -0.7050719246 13.29485989 0.267184075 17.9481838 7.288826021 3.305454844 -2.44
12.39915832 0.162106317 12.39915832 0.162106317 24.12638986 9.91074121 4.640271999 -3.23
13.17492699 -0.02795647284 13.17492699 0.02795647284 21.61181959 8.390041046 3.862345393 -2.91
13.337794 0.002704501554 13.337794 0.002704501554 17.20672209 7.570866068 3.53106762 -3.22
13.69314155 -0.6264500661 13.69314155 0.04398683929 24.13889403 10.19478186 4.425480946 -2.57
12.2645713 -0.3639130343 12.2645713 0.01381077472 18.12130725 7.690895515 4.487059155 -3.68
13.797289 -3.857661535 13.797289 0.03334299625 34.80630862 17.58567568 11.7019729 -4.06
15.00384365 -0.9039720333 15.00384365 0.2062151856 19.23700012 7.501946793 2.959922911 -3.74
11.40781557 -1.009537037 11.40781557 0.1685648148 9.013093821 3.299396433 1.330826946 -1.56
12.8354021 -4.271629475 12.8354021 0.2569107701 23.35647009 8.9990319 4.597071404 -2.39
13.3637461 -0.3369825916 13.3637461 0.02688974452 23.06180267 9.798393945 4.532288313 -3.11
13.03146722 -3.632244399 13.03146722 0.092161746 20.31836653 8.813838808 4.967673637 -1.96
13.59463081 -4.441878259 13.59463081 0.04395343623 32.30690629 14.24077995 8.944472572 -3.61
3.49357841 0.3663813303 3.49357841 0.3663813303 15.27839216 6.696431343 2.918201469 -2.26
12.84167126 -4.398809261 12.84167126 0.1511121854 29.21843861 13.53244763 7.886402137 -3.77
12.75433711 0.06048219127 12.75433711 0.06048219127 23.82533319 11.20367484 5.593109772 -3.32
6.340955542 0.3996082336 6.340955542 0.3996082336 22.51867391 10.33411615 5.45611398 -2.27
12.77094777 -0.0191518831 12.77094777 0.0191518831 23.27947709 10.46553348 5.047436648 -3.13
13.33205564 -0.5564422808 13.33205564 0.07872566558 27.9706898 12.20717647 6.320428918 -3.05
5.291485792 0.6672838295 5.291485792 0.6672838295 17.86252418 7.606501962 3.646384216 -2.53
13.91430027 -4.542423704 13.91430027 0.2911855092 22.39508169 8.12154195 4.1625 -2.4
12.71327578 0.06074937537 12.71327578 0.06074937537 14.81154151 7.261169974 3.491088892 -1.59
11.33019649 -0.8596305201 11.33019649 0.00259970264 25.25799004 10.53033487 5.462284381 -4.4
9.578661357 0.01045010682 9.578661357 0.01045010682 24.33952899 11.13888011 5.550442842 -3.36
13.40049036 -4.009967561 13.40049036 0.02037320484 19.90879458 7.290760562 3.480916671 -2.84
13.25466926 -4.445026457 13.25466926 0.05113346959 55.71050119 20.2215664 9.330104033 -6.81
12.56739135 -0.1908419729 12.56739135 0.1375472411 14.03569782 5.125136535 2.405954131 -1.92
10.9994213 -4.317901235 10.9994213 1.916666667 7.56 2.218899529 3.169756098 0.56
13.2700077 -4.002034203 13.2700077 0.04199341774 22.75287538 9.596601692 5.320531785 -3.43
13.49693792 -4.150851731 13.49693792 0.0533750105 24.92309235 9.26876765 5.259807227 -3.71
14.22369301 -1.15639851 14.22369301 0.02477650396 27.6780129 10.59521217 4.712369355 -3.88
12.29188124 -3.326014623 12.29188124 0.3613795607 27.04113321 11.02260287 5.418006597 -3.15
12.80972049 0.08272737033 12.80972049 0.08272737033 24.79349242 11.88805088 6.032170755 -3.32
5.676048693 0.5488966049 5.676048693 0.5488966049 10.71629745 4.109187739 1.797260685 -2.42
6.122411553 0.1115683211 6.122411553 0.1115683211 20.44716202 8.005862006 3.810455578 -3.16
13.12558316 0.05932935476 13.12558316 0.05932935476 17.93401605 7.362839855 2.96685931 -2.13
12.76597091 0.002811581423 12.76597091 0.002811581423 24.02113814 10.7951846 5.222190439 -2.63
13.40583262 -0.7644348388 13.40583262 0.08830235462 27.73529975 11.82454589 6.114462945 -3.42
12.77821066 -0.4798971443 12.77821066 0.1127104584 21.18268294 9.388958722 4.663983577 -3.06
13.58228635 -0.8433462274 13.58228635 0.004520859768 32.12091373 15.08362856 8.852069658 -3.8
13.1943862 -0.9752275277 13.1943862 0.01186973004 40.77170706 16.22442798 6.825978041 -2.98
14.12536621 -0.1303639865 14.12536621 0.1303639865 27.20649909 12.65575638 6.604674423 -2.37
13.27654751 -0.6742842971 13.27654751 0.007802520254 23.65868887 11.57142857 6.491083676 -4
6.031324808 0.7877954389 6.031324808 0.7877954389 19.16180936 8.131836547 3.688154245 -2.82
5.114197531 -0.6728395062 5.114197531 0.6728395062 7.16 3.199293405 3.35379845 1.16
13.13299603 -0.6181875157 13.13299603 0.06611552028 19.99640182 9.447243367 5.612395909 -1.75
9.20811114 0.6994027986 9.20811114 0.6994027986 18.5330215 7.735384262 3.255325991 -3.49
11.33763216 -0.09854501592 11.33763216 0.09347199565 16.24045986 6.940049754 3.724810092 -2.24
7.830450896 0.08186343398 7.830450896 0.08186343398 23.85245273 9.644979965 4.780672068 -3.87
10.10314815 -0.4758333333 10.10314815 0.02777777778 6.538764846 2.344994096 1.222616942 -1.58
12.89792352 -0.2525132275 12.89792352 0.2525132275 15.07148509 5.554069676 2.551584095 -3.48
13.42852352 -0.5939471046 13.42852352 0.01259826786 23.73793651 11.16657656 5.989323323 -2.99
12.41573974 -0.11202052 12.41573974 0.09599570738 24.18665493 10.2254364 5.332589218 -3.52
13.50326637 -0.4950386678 13.50326637 0.007377110624 15.21253413 5.947403123 3.041630259 -3.33
5.5665184 0.6274601162 5.5665184 0.6274601162 17.24009411 9.039966143 4.703891298 -2.59
12.52367259 -3.137686346 12.52367259 0.06501059198 27.34533923 12.53139414 9.931514387 -2.9
11.55642425 -0.112090482 11.55642425 0.112090482 17.25284458 6.34367413 2.968132906 -3.86
11.97105885 -3.083197012 11.97105885 0.1474803091 21.991127 9.935396608 5.520591626 -1.22
13.61240263 -3.810682937 13.61240263 0.05552117681 33.95293224 15.8760579 9.528328847 -3.93
12.51429705 -0.03877600906 12.51429705 0.03877600906 20.94408864 9.283901575 4.345189332 -2.93
12.26596321 -0.1406448587 12.26596321 0.1406448587 20.28959124 9.673601594 4.942533906 -2.99
11.79109753 0.06331582154 11.79109753 0.06331582154 13.6950139 5.682068498 3.131927833 -2.95
12.46701031 0.08932257924 12.46701031 0.08932257924 21.41576582 8.912346809 4.226355256 -3.12
12.28695363 -0.06173842068 12.28695363 0.006733539095 16.13920807 6.40898078 2.87864165 -2.73
5.96624987 0.4301320022 5.96624987 0.4301320022 24.07013101 13.07875355 7.2193096 -3.58
6.039210308 0.6135265952 6.039210308 0.6135265952 25.82161631 13.15981607 6.907116208 -3.26
13.18074924 -0.2453448602 13.18074924 0.2453448602 15.22472887 5.505078325 2.928494069 -1.68
5.980500611 0.2155738221 5.980500611 0.2155738221 14.69665017 6.687772004 3.904299617 -1.23
12.66537676 0.1340078772 12.66537676 0.1340078772 23.00386301 10.63093201 4.917052698 -2.17
13.21954019 -0.09049154384 13.21954019 0.09049154384 19.89656684 8.952071006 4.27687198 -1.4
13.39201482 -0.704663291 13.39201482 0.01432220778 25.31702266 12.26217209 6.885465529 -4.78
4.027235292 0.06975233844 4.027235292 0.06975233844 17.96205747 6.466204918 2.565160325 -2.1
7.030457635 -0.3754083995 7.030457635 0.01693132191 22.13395533 7.236050616 2.451524541 -2.09
2.643888889 0.7980383388 2.643888889 0.7980383388 16.35392913 7.840709326 4.108026716 -2.12
12.83169241 -0.4558927204 12.83169241 0.01012677584 20.75628722 9.487925997 5.522362853 -2.97
12.93231601 -4.300626449 12.93231601 0.09059488379 19.89906138 7.284906262 3.627706363 -1.85
14.41796817 -3.9347286 14.41796817 0.05922676787 20.43349098 8.119908712 4.341658906 -2.84
13.29812356 -0.9531461896 13.29812356 0.08910520072 25.39110992 12.85674411 7.957103798 -1.87
11.3513448 -0.5435407059 11.3513448 0.1991757026 21.10496921 9.004597411 4.43150972 -3.76
13.93928336 -4.406690836 13.93928336 0.04533833854 33.93907956 14.14924772 7.420990688 -5.41
13.37995594 -4.520170846 13.37995594 0.05040647046 18.77682747 6.928766872 3.139219024 -3.23
12.1868581 -0.0329608896 12.1868581 0.0329608896 16.62744371 7.013260681 4.375399774 -1.74
8.90926729 0.3266780045 8.90926729 0.3266780045 7.091358575 3.224846567 1.739178486 -1.02
4.196855631 0.7655208333 4.196855631 0.7655208333 15.03257942 7.939143318 4.561920042 -1.88
10.39253142 -0.46630976 10.39253142 0.3378935185 15.71293267 6.329710588 2.955744128 -1.52
13.42666393 -0.2228765117 13.42666393 0.2228765117 18.49553605 7.376442735 3.482716533 -2.53
12.59281828 -3.388248322 12.59281828 0.0661472877 23.16588644 10.35077991 5.56534289 -1.59
13.2654749 0.04664609053 13.2654749 0.04664609053 17.78452474 6.949067234 3.139726393 -3.29
3.757604112 0.4858000047 3.757604112 0.4858000047 15.60214288 6.262849577 2.817144094 -1.64
6.129966616 0.2851985702 6.129966616 0.2851985702 12.06741182 4.848491813 2.162249639 -0.4
11.93525986 -0.131571612 11.93525986 0.131571612 20.67830028 9.937062583 5.264601525 -2.05
12.77312142 -0.08622305391 12.77312142 0.008232089061 17.91962759 8.045375018 3.784726053 -3.47
13.21220663 -0.1497341045 13.21220663 0.06532755155 19.24573475 7.391723717 3.277392885 -2.08
12.94558202 -6.020510816 12.94558202 0.09443094136 22.02369081 7.282167064 3.678692566 -2.27
14.12786106 -3.93447649 14.12786106 0.1741875196 28.53990778 12.01003502 6.105178308 -3.03
11.82827953 -0.1941575731 11.82827953 0.01538809958 20.32749872 9.1889281 4.703607172 -2.41
14.15336522 -0.3767137573 14.15336522 0.03918157386 21.06710698 8.980341248 4.161816634 -3.8
12.74934644 -4.53932081 12.74934644 0.07105720045 27.08374049 11.95233073 7.75074996 -3.51
12.95639743 -0.2673248404 12.95639743 0.03681904758 19.1405766 8.046096186 3.977277753 -4.19
11.89525776 -0.03693634326 11.89525776 0.03693634326 16.96004696 7.408448407 3.715321624 -3.48
11.64803225 -0.9764995346 11.64803225 0.07422677806 14.78214663 5.402241366 3.27804434 -1.62
13.99068611 -1.279927424 13.99068611 0.02902789794 26.68975312 11.53173252 5.167813045 -3.52
10.244648 0.03303549641 10.244648 0.03303549641 22.9849263 10.6505409 5.149881242 -2.78
12.86029894 0.1048134139 12.86029894 0.1048134139 18.5103854 8.892626282 4.52869758 -1.85
14.30863942 -0.2973155688 14.30863942 0.05621956885 21.41576582 7.981089409 3.550453645 -4.12
10.89509183 -0.3896598596 10.89509183 0.08080942583 19.90614745 8.958542829 4.436063944 -3.39
14.68003035 -4.387502984 14.68003035 0.02147785966 23.23566475 8.782095214 3.749162245 -3.93
13.39404803 -3.096014665 13.39404803 0.08534441226 27.71630547 11.1931518 5.783584489 -4.1
12.92755066 -0.3507403698 12.92755066 0.0038014241 22.87562826 9.557117995 5.267805626 -3.8
12.38517922 0.0692700167 12.38517922 0.0692700167 21.40804119 10.00669554 4.967545738 -2.44
11.56878388 -1.033027035 11.56878388 0.212251433 17.83057456 8.406478749 5.006907244 -2.98
11.49457838 -3.771000555 11.49457838 0.02429514733 16.24991343 6.247982725 3.149455732 -3.23
14.30334226 -1.317586118 14.30334226 0.04556307741 26.47605407 10.55909101 5.233551018 -5.13
13.43593254 -0.07637872099 13.43593254 0.003885244946 22.39753084 8.548914745 3.556060474 -4.07
11.13726198 -1.267971331 11.13726198 0.5118505573 19.48071659 8.166964005 4.706814675 -3.28
9.56375 0.7326388889 9.56375 0.7326388889 5.67 4.67 3.67 -0.33
13.46365731 -0.2438623234 13.46365731 0.006286248557 20.452682 9.788325642 5.205610298 -2.82
12.60857089 0.01161709582 12.60857089 0.01161709582 20.17879064 9.176692849 4.634880689 -2.74
13.45769833 -0.1232173301 13.45769833 0.09837185697 22.70890442 10.46292597 5.212030377 -4.07
11.43564484 -0.3698400216 11.43564484 0.09749473485 19.73373806 8.842262986 4.543611396 -2.57
13.54156081 -0.0344314748 13.54156081 0.02738544961 20.75987638 9.106420927 4.648002045 -3.5
10.52398689 0.03387039449 10.52398689 0.03387039449 15.9271839 6.27581459 3.058157172 -2.95
12.99554516 -0.3869194352 12.99554516 0.08839047566 29.03309661 14.43232066 8.520312026 -3.96
13.5185364 -4.696801936 13.5185364 0.00167497323 23.07063271 9.162209293 4.520008339 -3.69
12.03659793 -0.4836077386 12.03659793 0.3930947657 16.26456279 6.882412421 3.186586194 -2.6
12.33346214 -3.727451653 12.33346214 0.04990725741 24.76659006 11.77373876 8.637543775 -2.5
5.800059603 0.1761120559 5.800059603 0.1761120559 10.05199159 3.945977224 1.970102259 -1.48
1.5 1.5 1.5 1.5 4.166666667 2.222222222 1 0
12.7957591 -0.06557291762 12.7957591 0.03589889747 23.31834529 10.45230756 5.63065354 -3.43
14.04893893 -0.4645975877 14.04893893 0.05618873138 29.18902892 11.65026105 5.267830082 -1.895064935
10.39092971 -0.2859259259 10.39092971 0.2859259259 6.805074799 3.011779445 1.895375402 -1.31
14.38332513 -0.8180397298 14.38332513 0.1205159518 18.31968328 7.168148059 3.181882369 -3.05
4.90661847 -0.07194067845 4.90661847 0.07194067845 18.74868281 7.211581518 3.431918819 -3.26
12.9410859 -3.755861081 12.9410859 0.01084000504 28.84416526 12.05609727 6.962981222 -2.67
11.9895153 0.1138270961 11.9895153 0.1138270961 21.72090224 9.401659014 5.634264074 -3.11
12.47160104 -0.1897645637 12.47160104 0.1897645637 22.15753397 10.09069955 4.675117435 -3.65
11.51478356 -0.7056489985 11.51478356 0.425494877 19.03967433 7.384208187 3.351508496 -1.95
11.58056654 -0.2296817674 11.58056654 0.2296817674 19.64154403 8.080328824 4.139941592 -3.31
11.17688508 -0.4641694486 11.17688508 0.238137165 26.70807115 9.917702123 3.880044064 -3.67
13.33776558 -0.3807893466 13.33776558 0.2968065791 14.2941175 6.412373574 3.335345638 -1.65
13.04426495 -1.01530996 13.04426495 0.02674072305 23.66966147 8.282786959 3.274235464 -3.43
13.652836 -0.6365449608 13.652836 0.1120844424 21.20911542 7.738100262 3.376729092 -3.65
10.62815193 -0.5703240741 10.62815193 0.1799537037 8.347560976 3.100415512 1.633952951 -0.75
13.34873856 -0.8896265355 13.34873856 0.2782689047 20.64149816 7.414636281 3.174357669 -3.25
11.75309179 -3.371096494 11.75309179 0.4441612476 21.00004957 8.474148228 4.297345474 -3.25
13.98002229 -3.965263427 13.98002229 0.04464816036 35.1160659 16.75881889 10.9129301 -5.2
13.1278058 -0.3462673724 13.1278058 0.03297371869 24.15799769 8.535445875 3.70304157 -1.55
12.51027952 0.2318223337 12.51027952 0.2318223337 17.63423204 8.282130375 4.149758678 -0.77
12.66435563 -0.5299943311 12.66435563 0.1662962963 12.41566602 4.810628126 1.950479896 -2.62
11.75843377 -1.161641744 11.75843377 0.4151267288 26.67650576 12.23972577 6.6887351 -3.38
11.97171682 -1.013445423 11.97171682 0.1208927522 16.18741554 6.831687028 3.471963404 -3.68
14.11105994 -1.007545892 14.11105994 0.1839044329 29.92967257 13.25331482 6.694220126 -5.12
11.6552746 -1.147735016 11.6552746 0.324945419 17.49166068 6.885223536 4.201803381 -2.33
7.318065476 0.06495653817 7.318065476 0.06495653817 8.56302976 3.030137125 1.28659826 -2.03
15.04686368 -3.939781209 15.04686368 0.02823156683 24.52222823 9.569861896 5.090861979 -3.6
13.04571216 -0.8463976285 13.04571216 0.1297365783 20.12002018 6.467776509 2.383962514 -1.98
12.50104064 -0.4334648998 12.50104064 0.06437371399 16.65057552 6.733412604 3.336183521 -2.2
10.78396163 -0.8502507639 10.78396163 0.002110504039 23.11009123 10.70457301 5.837156287 -4.06
13.18418556 -0.2419085412 13.18418556 0.2419085412 15.29201294 5.544685479 2.953939478 -1.61
11.15575529 -0.4932823779 11.15575529 0.3717121614 19.8199317 9.345073648 5.318676749 -2.48
10.49095379 0.1732255355 10.49095379 0.1732255355 17.59620247 7.829175644 3.658007756 -1.81
9.082719199 0.4514380197 9.082719199 0.4514380197 10.7186795 3.992427408 1.681223448 -1.79
11.62368019 -1.212435486 11.62368019 0.02397906694 21.37502165 8.710956188 4.742567737 -4.86
11.78891702 -0.2416650526 11.78891702 0.06691443907 15.90984179 6.372755557 2.93656365 -2.59
13.43059194 -4.51201316 13.43059194 0.03239129294 25.2200358 10.00537546 6.03610297 -2.88
12.66601269 0.2005866822 12.66601269 0.2005866822 16.89206068 7.747077961 4.320261749 -0.95
12.7764771 -3.729570162 12.7764771 0.2175671349 19.5997035 7.962119425 4.309960719 -1.71
5.808139972 0.8563352702 5.808139972 0.8563352702 17.33568773 10.66374145 6.8267237 -1.02
11.98436036 -0.2237623352 11.98436036 0.2237623352 11.84191045 4.275809906 1.744528736 -2.95
12.51718598 -0.1799597763 12.51718598 0.1456182383 21.1730685 8.969506517 4.34094934 -4.07
13.58042672 -3.582408369 13.58042672 0.08304944679 22.08155518 9.2567081 4.257514907 -1.73
12.5592948 -0.1971047307 12.5592948 0.1971047307 17.54867328 7.404179606 3.662100178 -2.86
13.08603899 -0.07727069686 13.08603899 0.07727069686 20.01155202 9.02982425 4.498087395 -2.28
13.02572159 -3.612074004 13.02572159 0.09215572135 22.71912114 10.37440582 6.267412761 -1.96
9.804998309 0.1184589947 9.804998309 0.1184589947 14.24615665 6.03005572 2.666404208 -1.36
13.06223749 -1.061855771 13.06223749 0.03161753752 26.76298623 9.210656819 3.737068756 -4.61
9.927704957 0.2233474269 9.927704957 0.2233474269 15.46667927 5.784053911 2.58175331 -1.06
5.761842027 0.5879166667 5.761842027 0.5879166667 8.534349381 3.358498923 1.81643187 -1.06
14.68958079 -0.938109043 14.68958079 0.1625561806 21.03908216 8.361795162 4.169609375 -3.68
13.48623158 -4.950652931 13.48623158 0.2357445357 28.87705329 12.82184388 7.720061188 -4.12
10.33073081 0.09058046841 10.33073081 0.09058046841 21.054647 10.17927385 6.481039934 -3.25
13.08315728 -0.5309300989 13.08315728 0.2482638889 16.37284626 4.963724244 2.123970846 -2.1
12.6977476 -4.329620754 12.6977476 0.02935641259 24.25633217 9.621755308 6.32193994 -2.39
13.4461108 -3.922755811 13.4461108 0.04287556053 18.85396283 7.15600117 3.363750061 -2.49
12.65983339 -0.9052800819 12.65983339 0.01326754202 19.10160536 8.813763425 4.733101671 -3.67
12.34329169 0.07251866653 12.34329169 0.07251866653 18.0529154 7.005744544 3.342074892 -2.33
6.209383932 0.7975376879 6.209383932 0.7975376879 14.76380147 6.30437241 3.203270439 -1.16
13.49880363 -0.4736605126 13.49880363 0.0128162304 26.71621071 11.88377318 6.075227371 -3.88
6.153819759 0.6652408416 6.153819759 0.6652408416 18.74380165 7.60183257 3.443877551 -3
5.44970679 -1.067901235 5.44970679 0.1493055556 9.17 4.060864159 2.099960995 0.17
12.8514803 -0.8507733371 12.8514803 0.123647723 18.44729425 5.736894618 1.927505958 -1.98
11.1478713 -1.269243379 11.1478713 0.514464657 22.49420583 10.21674345 6.926801259 -3.19
12.26670611 -0.08793981481 12.26670611 0.07587653271 16.21634356 6.850695679 3.312576055 -0.65
12.77615631 -3.701678831 12.77615631 0.005804516251 20.6198174 9.392502294 5.686261234 -1.11
11.57408026 -0.7114876259 11.57408026 0.08596509335 23.17770358 10.29896172 5.503936751 -2.99
13.34665735 -0.7733177216 13.34665735 0.02172599209 26.29747156 12.95910377 7.333811884 -3.31
13.92655015 -0.2272673637 13.92655015 0.003910619803 17.1402853 6.152567704 2.795875785 -2.29
11.04569024 -3.202212407 11.04569024 0.263259324 16.68920161 6.758102238 4.022722856 -2.16
4.568415186 0.6706026351 4.568415186 0.6706026351 12.58937825 5.330951749 2.690859957 -2.14
13.34126135 -0.1494748124 13.34126135 0.01611304327 19.65095981 8.086186373 3.353046774 -3.3
12.57640519 -0.6693503034 12.57640519 0.1131255249 15.97535841 7.116275075 3.898248886 -1.9
12.8994094 -0.3423370679 12.8994094 0.06042389233 25.94783202 12.71658927 7.193919736 -4.13
11.93568944 -0.3671157442 11.93568944 0.3472573894 20.13270996 9.544678704 4.806847639 -2.61
13.6113705 -0.3066888861 13.6113705 0.2854884893 24.71115543 10.63569478 4.589502722 -3.61
14.59440734 -3.807789879 14.59440734 0.04646591055 33.38521147 13.79113198 7.218010605 -4.98
11.25519695 0.08304881225 11.25519695 0.08304881225 18.39284668 9.339795918 5.296653107 -2.4
11.87578016 0.06916281844 11.87578016 0.06916281844 17.61521656 7.841843705 3.665409568 -1.79
6.251217158 0.229382656 6.251217158 0.229382656 21.38057433 9.92749705 5.177126088 -1.33
14.24499403 -0.2372346967 14.24499403 0.01896978171 21.64502796 8.980740603 4.373546724 -3.19
11.65929154 -0.4474096514 11.65929154 0.4474096514 11.47180622 3.112354401 0.8448903285 -1.06
12.29424847 -0.4474537037 12.29424847 0.2622411187 14.57198739 6.178250994 2.838691255 -1.36
6.57929263 -0.2221180031 6.57929263 0.2221180031 18.29584775 8.25282682 4.190858726 -1.5
6.304134123 0.4496055367 6.304134123 0.4496055367 17.66592169 8.289841249 4.095376025 -2.15
12.1101011 -0.4270311319 12.1101011 0.02059282355 12.58012374 4.423038145 1.773900688 -3.15
4.271811697 0.9410676493 4.271811697 0.9410676493 8.237481995 3.242300005 1.307453477 -2.09
13.09826122 -0.05477069686 13.09826122 0.05477069686 20.01155202 9.02982425 4.498087395 -2.28
13.12298646 -0.4522366124 13.12298646 0.1275062125 23.9853726 8.991785108 3.495645548 -3.09
14.64480991 -0.8154077657 14.64480991 0.1617143713 20.79829374 7.992634374 4.360790291 -3.46
13.21448147 -0.1959957247 13.21448147 0.1920269175 21.71141695 9.395509441 4.398143962 -3.12
11.6785223 -0.4140123457 11.6785223 0.005691609977 9.733912005 3.744477633 1.712117863 -1.81
12.98156379 -0.186813253 12.98156379 0.1178209472 23.23257922 9.995231208 4.976948442 -3.52
13.64804934 -3.676772605 13.64804934 0.03483902544 22.1860306 8.304613687 4.090376308 -2.62
12.84899084 -0.1446872976 12.84899084 0.1446872976 25.91870297 12.19117963 6.737926206 -3.16
12.12781526 -0.03781637586 12.12781526 0.03781637586 19.92530949 9.418544309 5.166653175 -2.37
12.84350403 0.1413122533 12.84350403 0.1413122533 17.1023294 7.119032877 3.337438164 -2.33
12.6154913 0.01942959582 12.6154913 0.01942959582 20.21653327 9.201904887 4.650318946 -2.7
5.711355375 0.5162770324 5.711355375 0.5162770324 20.13616281 9.565974346 5.264381217 -2.15
12.16891278 -3.215237374 12.16891278 0.2565786368 22.7973702 9.088617964 6.548581925 -2.88
6.718505299 0.07992467666 6.718505299 0.07992467666 20.05616383 8.339379423 3.661770255 -1.87
14.09043637 -3.77790649 14.09043637 0.08420916143 28.42860621 12.5167251 7.092464902 -3.58
13.06863048 -0.300260771 13.06863048 0.2483361678 13.28523421 5.108907742 2.14339522 -2.39
12.92583272 0.1938131567 12.92583272 0.1938131567 19.65714022 9.231851642 4.85604705 -2.65
9.897525738 0.2048904205 9.897525738 0.2048904205 16.84628099 6.956857639 3.269082187 -3.6
13.1803404 -3.752622761 13.1803404 0.2684704376 22.6370817 9.132283929 4.924122132 -2.55
10.74392264 -0.4201517227 10.74392264 0.08994897959 16.22155393 5.367501252 2.296171178 -2.26
12.43134377 -0.7942743091 12.43134377 0.1201357761 28.20448354 13.31231621 7.847508088 -3.81
13.32447053 -4.426906254 13.32447053 0.3929104323 30.02859204 11.88874319 7.425024474 -3.94
11.46301129 -0.6810658777 11.46301129 0.4607767752 17.35534005 6.694699799 3.000894405 -1.75
13.60518557 -0.3740017967 13.60518557 0.03849867347 29.75176617 12.64435768 6.528664093 -4.73
5.357777778 0.8217592593 5.357777778 0.8217592593 4.186112957 1.646196216 0.9290591797 -0.98
12.58070364 -0.1704295997 12.58070364 0.01967798778 23.18552324 9.670989646 4.537881943 -4.23
13.15463825 -3.984916238 13.15463825 0.0188455058 22.83974012 9.653225725 5.35783624 -3.34
10.27869267 -0.5450033346 10.27869267 0.2713111233 21.80812383 10.26631622 5.842957407 -1.41
13.92339216 -1.167020926 13.92339216 0.1249215861 17.87901517 7.966358979 4.369916912 -2.93
5.976884801 0.7917630398 5.976884801 0.7917630398 16.17429617 6.89739519 3.248732323 -1.31
12.93117416 -0.1367177396 12.93117416 0.05279824574 24.65501769 10.14783911 5.543871008 -4.03
9.119756027 0.7054525712 9.119756027 0.7054525712 16.01369601 6.794154869 3.212737259 -2.48
4.834554775 0.3986302309 4.834554775 0.3986302309 18.74868281 8.234749182 3.779301583 -3.26
13.5490407 -0.892842872 13.5490407 0.0690450451 26.04493897 12.28022568 7.015317072 -3.03
13.63533055 -3.087175981 13.63533055 0.01796309949 34.18163081 14.90873828 7.586461649 -5.28
12.50552835 -0.4982959164 12.50552835 0.2432346958 19.89656684 8.149617036 3.757530781 -4.4
12.09192681 -0.0252238856 12.09192681 0.0252238856 16.33208196 7.835311373 3.86217254 -2.53
11.29969919 0.3059581929 11.29969919 0.3059581929 38.10530253 16.14898457 6.9632944 -2.12
12.81302508 -0.498682234 12.81302508 0.1667203324 22.26096092 9.684905422 5.282820248 -3.94
12.46086063 -3.373169577 12.46086063 0.4944727891 18.89216249 6.860217778 3.266297278 -2.45
12.5803309 -3.688825581 12.5803309 0.1792684975 19.62842061 7.980203139 4.499419132 -2.68
13.0108686 -5.38617597 13.0108686 0.1426861133 28.38295683 10.8289095 5.412918483 -3.74
5.894813724 0.0627398799 5.894813724 0.0627398799 16.39176497 7.435176016 3.950965261 -2.08
12.37975102 -0.3930541171 12.37975102 0.1330471973 23.24532564 10.79850586 5.519457158 -1.92
14.3348073 -4.164058767 14.3348073 0.06485659869 34.05487226 14.35459587 8.351153181 -3.44
3.916666667 0.9606481481 3.916666667 0.9606481481 4.244473684 1.68700948 0.9613878515 -0.92
11.37873489 -0.9557224652 11.37873489 0.3177008192 22.39594151 9.364895145 4.826037779 -2.8
14.00376226 -4.798308167 14.00376226 0.06914939209 26.98347134 10.13668596 4.755562601 -4.88
6.660892192 -0.117297808 6.660892192 0.04294831822 19.75289028 8.442870432 4.073657307 -1.55
9.87889133 0.1837169575 9.87889133 0.1837169575 14.42822248 6.084174778 3.066780329 -1.51
10.5750094 -0.9439143618 10.5750094 0.135659591 15.59605038 6.777437388 4.338486239 -1.79
12.51844095 -0.8734034523 12.51844095 0.08642077727 24.89056717 10.04111299 3.874128779 -1.42
12.68902606 -3.600869734 12.68902606 0.0291236087 23.21634357 9.124387151 4.56530545 -3.95
6.176539767 0.7064663118 6.176539767 0.7064663118 14.54583727 5.870760385 2.799077046 -2.04
13.56070421 0.1918492798 13.56070421 0.1918492798 18.98332535 8.018752432 3.541389551 -2.01
12.44553658 -4.625214057 12.44553658 0.03017943925 28.82462093 13.05200316 11.34424531 -3.41
13.45035375 -3.114911917 13.45035375 0.09699395278 33.31625408 14.66932211 7.74990158 -4.59
12.38518896 -0.165 12.38518896 0.165 10.52869544 3.996574172 1.549430189 -2.62
6.288023646 0.4470592013 6.288023646 0.4470592013 16.5621042 6.778088467 3.023329822 -2.9
5.415669125 0.8058143167 5.415669125 0.8058143167 17.60570934 8.262434964 4.294678122 -1.8
12.24666745 -0.4715684051 12.24666745 0.03049461451 14.3806031 6.417232515 2.926558786 -2.03
12.33995578 -0.003514266818 12.33995578 0.003514266818 14.03211947 4.596371826 1.952612737 -1.35
12.96313382 -4.449472728 12.96313382 0.2466048412 20.16192359 6.788320406 3.832878604 -2.58
13.19883476 -1.118190901 13.19883476 0.1378388652 22.94411139 11.04934021 5.499735349 -2.73
13.91979867 -0.5196343537 13.91979867 0.08446178983 15.42662962 5.964663876 3.317991813 -2.47
13.25389977 -5.438856873 13.25389977 0.0716735141 30.89300354 11.50941058 6.529737684 -3.55
11.25812324 -0.90386888 11.25812324 0.1043667395 20.84632101 9.164001911 4.831788941 -2.41
12.31719934 -0.6888014141 12.31719934 0.0118073271 24.5112391 7.923192912 2.741338685 -2.28
11.52937713 -0.9591560036 11.52937713 0.2959957299 22.5502561 10.31792391 5.233911037 -3.64
12.73661254 -4.352351284 12.73661254 0.3819713765 21.8296938 8.870854799 5.384330162 -2.87
12.8550443 -0.2119190712 12.8550443 0.136757963 21.97711357 9.190470914 4.471291851 -3.84
13.02853322 -0.4470828084 13.02853322 0.003112367271 20.86553365 8.769999831 4.365103667 -4.39
14.00199373 -1.099099794 14.00199373 0.0599818909 24.23174121 8.708792508 3.672422688 -2.9
5.881826842 0.1485023914 5.881826842 0.1485023914 18.40184975 8.39294926 4.066853287 -2.63
12.55138883 0.005363166661 12.55138883 0.005363166661 24.50285746 12.19073424 6.2809134 -2.62
13.76791765 -3.843914239 13.76791765 0.1006868508 18.41224918 6.7355806 3.753406838 -3.38
12.43869931 -1.138614418 12.43869931 0.1999073363 19.73362636 8.334231466 3.672788581 -3.02
13.76869136 -0.5413097863 13.76869136 0.1662741029 23.71204903 9.01525048 3.86706733 -4.67
13.4900026 -0.3323985366 13.4900026 0.2946324641 11.92154036 4.753644737 2.415638574 -1.55
5.914986772 0.7975805758 5.914986772 0.7975805758 16.22155393 7.748496044 4.049128094 -2.26
13.48238465 -1.273349868 13.48238465 0.181378732 20.71186027 7.609021587 3.806602775 -3.55
9.849406912 0.3378638091 9.849406912 0.3378638091 13.68611949 6.43351052 3.177099866 -1.74
13.11397903 -3.188421803 13.11397903 0.03249213841 24.38375842 11.04861188 7.409286936 -2.26
13.42086736 -0.9679721201 13.42086736 0.1606870343 25.76337188 11.60974474 6.078437649 -3.32
14.06829466 -1.095969635 14.06829466 0.04086248874 33.7349784 14.86144718 7.666075007 -5.62
13.27192889 -3.133655005 13.27192889 0.01845550646 28.88275778 12.48449756 6.632562689 -4.63
6.289695069 0.8081470645 6.289695069 0.8081470645 17.22570728 7.58340472 3.822382045 -1.2
12.18588424 -0.009039803549 12.18588424 0.009039803549 20.10740248 10.03130143 5.673849934 -3.18
11.86205414 -1.127278809 11.86205414 0.2360651011 22.270601 10.12613722 4.933038195 -2.93
12.32212079 0.04881907606 12.32212079 0.04881907606 22.35733827 10.62493809 5.423766409 -2.33
12.75799489 -4.357433323 12.75799489 0.1032134965 27.3378857 11.78283019 7.198866845 -3.7
11.59547128 -0.8748009415 11.59547128 0.07932296883 27.6780129 13.45718226 8.063576389 -4.88
5.450833333 -0.6042592593 5.450833333 0.5669645219 11.01727975 6.402325876 3.766719486 -1.06
12.85425919 -4.306469848 12.85425919 0.006833969635 24.69327554 10.17198982 5.239249254 -2.99
12.45197391 -4.0441037 12.45197391 0.06585361089 20.85698412 9.475557989 6.65125722 -2.45
13.9372974 -0.6104948374 13.9372974 0.08337815231 25.42937265 10.72625891 4.868367538 -3.85
2.586907516 1.107784129 2.586907516 1.107784129 17.23042193 9.032642298 4.945852766 -1.6
13.3010832 -0.6336906998 13.3010832 0.6336906998 17.25418777 7.602224671 3.972453544 -2.17
10.58203951 -0.3552059191 10.58203951 0.1630907315 14.93894021 7.356289525 4.57737562 -1.46
13.01674888 0.09873397359 13.01674888 0.09873397359 21.68320504 10.14234631 5.529233797 -2.02
14.93072111 -1.0688572 14.93072111 0.07038406813 25.21742201 10.24423371 5.235680112 -4.41
5.805631448 0.7064085055 5.805631448 0.7064085055 16.922119 7.793906683 3.535537835 -2.52
11.92875749 -0.8794447707 11.92875749 0.06715559861 17.68177673 6.464625809 3.713622812 -2.72
2.12037037 1.368055556 2.12037037 1.368055556 5.358504155 1.993744712 0.8900073912 -0.78
11.56878388 -1.033027035 11.56878388 0.212251433 17.83057456 8.406478749 5.006907244 -2.98
12.42096658 -3.437706506 12.42096658 0.01536884653 21.03908216 9.686431782 5.897486322 -0.68
13.08126574 -0.5384642606 13.08126574 0.1000632955 25.26648681 11.17653399 6.157946217 -2.36
13.45310787 -4.529763488 13.45310787 0.05189284664 19.46271101 7.325592518 3.491165981 -3.5
13.64349073 -0.9341862324 13.64349073 0.1145247333 25.30574065 10.30198828 6.604133714 -2.32
6.244460692 0.3628833557 6.244460692 0.3628833557 20.24163764 9.639931641 5.520012113 -2.04
14.42393328 -1.61995902 14.42393328 0.06311331466 18.25705454 6.992792274 3.550434025 -3.54
13.78566305 -0.1557012669 13.78566305 0.09251462609 18.87290577 7.376534035 3.389320733 -2.86
14.4120267 -4.624593979 14.4120267 0.01733265122 25.87511754 10.25587216 6.234404921 -3.74
6.202902731 0.6777399849 6.202902731 0.6777399849 16.98870221 7.814359862 4.580451081 -2.85
14.53225421 -0.8496407705 14.53225421 0.02138669639 23.11974954 9.836372557 5.478775256 -3.05
14.09225142 -0.990140235 14.09225142 0.01789310749 26.87096037 12.37496873 6.200200804 -4.18
12.45017154 -3.183435632 12.45017154 0.3739906737 22.74322477 9.590316449 5.493417561 -1.44
13.33513071 -0.4947385389 13.33513071 0.07656961241 20.54942161 7.770148062 3.022744471 -4.05
11.17457082 -0.4771812799 11.17457082 0.2312902985 26.64401846 9.882040394 3.863054962 -3.74
12.869206 0.110823853 12.869206 0.110823853 18.45316151 7.991210179 3.851069903 -2.91
13.48680121 0.1281767315 13.48680121 0.1281767315 27.26977215 12.18254488 6.387757507 -2.77
13.12283595 -0.5518557513 13.12283595 0.08404401176 24.0284967 10.43712595 5.336899469 -3.11
12.13779054 -0.3338479279 12.13779054 0.3338479279 17.33015149 7.264193141 3.717329833 -3.09
5.912180886 0.6384220679 5.912180886 0.6384220679 13.19549064 6.101275952 3.2 -1.8
13.53910174 -0.4898855483 13.53910174 0.0301162394 27.98751745 11.25851918 5.542043321 -3.155064935
9.400715198 0.8116949233 9.400715198 0.8116949233 15.11902991 7.465933933 3.508148767 -1.79
13.0363982 -4.435439386 13.0363982 0.1704411796 19.67920922 7.767757562 3.755578161 -4.27
13.2059487 -3.075452266 13.2059487 0.1477068699 26.07286657 11.45572088 5.969088494 -4.55
11.54678077 -0.09642973558 11.54678077 0.09246005619 20.09388915 8.363062284 4.1801512 -2.83
13.36754274 -0.02511016672 13.36754274 0.01379426547 25.90017996 11.76335188 5.877631371 -3.73
6.011442502 0.7112418338 6.011442502 0.7112418338 16.08925781 7.232495897 3.821149773 -2.4
3.222222222 1.25 3.222222222 1.25 3.161612903 1.410312175 0.6183636837 -0.04
13.91435619 -0.2155049538 13.91435619 0.1917105472 26.56637041 11.45218492 5.007173029 -3.65
13.03919325 -3.603127967 13.03919325 0.06410844817 22.70462439 9.980837118 5.284423684 -2.48
7.135540963 -0.2814121158 7.135540963 0.03167317544 22.61743571 7.611501839 2.671331454 -1.35
5.058287037 -0.1330555556 5.058287037 0.1330555556 14.2929476 6.059855899 2.59909308 -2.31
11.70688671 0.07496344468 11.70688671 0.07496344468 19.64154403 8.437901789 3.984829506 -2.31
13.28679278 -3.097929441 13.28679278 0.1012909143 26.13958489 10.4675134 4.97284779 -4.1
13.28578723 -3.75180591 13.28578723 0.3048361987 21.45542383 8.188096511 3.921242786 -2.39
12.64429881 -4.372929019 12.64429881 0.3941950657 21.12687505 8.829370942 5.70397725 -2.59
11.84898483 0.08062006781 11.84898483 0.08062006781 14.84602406 6.056543724 3.007964537 -2.72
13.11850572 -0.7193501407 13.11850572 0.2064593632 24.03093646 11.84560847 6.212653373 -2.62
9.100071846 -0.01474346699 9.100071846 0.01474346699 20.69824425 8.470747774 3.865149645 -3.89
12.43639975 -0.4324971655 12.43639975 0.06347505669 13.13649957 5.021055119 1.931055002 -2.55
11.37815101 -0.9130438723 11.37815101 0.09935263097 24.37775678 9.973299741 4.596411897 -3.32
11.94293588 -0.2553240741 11.94293588 0.1867186319 10.0422292 3.708881168 1.700429774 -2.14
16.36525861 -0.8331291542 16.36525861 0.00415792706 26.84166267 10.55925116 4.667880147 -5.36
6.107783754 0.6410084929 6.107783754 0.6410084929 18.06436372 9.768653409 6.077758894 -0.28
13.59577956 -4.083640635 13.59577956 0.04795244802 28.73683301 13.63827337 8.337912656 -2.83
12.63512955 -1.011531872 12.63512955 0.0002708097128 22.86353476 7.308664778 2.528156739 -2.08
11.67441278 -0.3744949647 11.67441278 0.1167665526 21.82738352 9.398012347 4.911631634 -3.39
4.888440308 0.8437469293 4.888440308 0.8437469293 16.82481345 7.011523241 3.095860589 -3.32
12.96133295 -0.221353878 12.96133295 0.1030719646 21.66370491 10.16546795 4.843263116 -3.56
14.10346606 -4.531704361 14.10346606 0.03749928943 23.01351912 8.998656014 4.792704299 -3.16
10.3669937 0.1572420287 10.3669937 0.1572420287 20.10332131 8.368986431 3.818395459 -2.82
4.295972222 0.9183852986 4.295972222 0.9183852986 9.303122383 2.135897706 0.5136264993 -0.04
12.6362621 -0.4429298942 12.6362621 0.09434555087 17.29216677 6.88131216 3.407807547 -4.13
13.47846575 -0.9484372638 13.47846575 0.07008764102 19.8199317 8.486626518 3.703371346 -3.48
5.921044501 0.3032653429 5.921044501 0.3032653429 19.17881185 9.365287488 4.631943686 -2.15
12.83036113 -0.09684620838 12.83036113 0.09684620838 25.93812218 13.24622801 6.747108593 -3.14
11.99245235 0.01906720868 11.99245235 0.01906720868 20.83057962 9.209332601 4.172572526 -3.05
13.67306974 0.1018555431 13.67306974 0.1018555431 20.95354974 9.697716471 4.509383683 -1.92
12.08810193 -0.5980977445 12.08810193 0.06866532029 16.41068527 4.763474468 1.803748156 -1.06
14.06933713 -1.156550749 14.06933713 0.004891077714 31.18170906 11.85154543 5.289582559 -3.76
11.56293766 -0.1210909054 11.56293766 0.02331805564 19.97321932 9.451994094 4.997276747 -2.32
12.60964853 -3.521974618 12.60964853 0.030554532 19.52374838 8.052660124 4.243964693 -1.8
14.15704684 -1.148962428 14.15704684 0.02909863946 25.88099663 9.850865246 4.333521814 -3.75
14.41511684 -1.350396186 14.41511684 0.02445795432 26.83216659 10.22945494 4.87527854 -3.37
11.0203865 -0.5079577515 11.0203865 0.3538781357 16.66988801 8.077699165 4.893379534 -3.18
13.51258637 0.2403959068 13.51258637 0.2403959068 22.38629865 10.20537126 4.822131959 -0.81
12.71633433 -3.568530919 12.71633433 0.2840073329 13.85401837 5.348522451 2.34491429 -2.11
11.60681488 0.1353215021 11.60681488 0.1353215021 13.77756517 5.663375977 2.403649384 -1.19
12.54363599 -0.4507903439 12.54363599 0.08987220518 14.98498982 5.094812712 1.916803619 -3.31
13.44683868 -4.587558245 13.44683868 0.02520380135 26.57930043 10.86954238 6.253462629 -2.48
4.9531451 0.06792432102 4.9531451 0.06792432102 18.74868281 7.211581518 3.431918819 -3.26
14.44252505 -1.14241965 14.44252505 0.04346646165 36.91859821 16.57133778 8.863006799 -4.35
12.67090456 -4.764527115 12.67090456 0.2972476357 20.92516736 7.875459666 3.770684158 -3.95
14.6009102 -4.529587614 14.6009102 0.01549778923 26.39273224 9.797866769 4.760411168 -3.51
12.38362343 -0.2888213448 12.38362343 0.2888213448 23.82382041 10.79074873 5.49614586 -3.9
11.64537554 -0.8684139405 11.64537554 0.2403727773 23.78601605 11.66504454 7.346778835 -1.87
9.401901927 -1.052276077 9.401901927 0.4365277778 8.4 4.29569161 6.4 -1.6
13.27341664 -0.8756945494 13.27341664 0.32037911 21.3025012 9.872254437 4.958595176 -2.41
6.330200775 -0.1704459562 6.330200775 0.08526262125 16.59997451 5.846002648 2.451665835 -2.86
2.545185185 0.2263836924 2.545185185 0.2263836924 12.90440711 4.603371978 1.822055054 -1.8
14.40828184 -1.297903098 14.40828184 0.0001769189185 59.80716049 30.3965084 21.01316695 -7.5
13.00813121 -0.2495624179 13.00813121 0.2142652769 25.93854909 12.23576659 6.797496149 -4.69
11.72107085 -1.439522702 11.72107085 0.09075076343 29.67446954 11.11779297 4.977426579 -0.81
13.47185193 -4.605521113 13.47185193 0.07059571051 21.77782009 8.379943466 4.14881351 -4.05
12.85748828 -3.32825973 12.85748828 0.2360489441 23.55457707 10.12262824 6.042916256 -1.6
5.996107874 0.7874527378 5.996107874 0.7874527378 18.46742605 8.436625274 4.092718807 -2.56
13.36770081 -0.5983852986 13.36770081 0.09699074074 17.43463872 6.969245767 3.21396813 -1.98
12.65730458 0.01923243183 12.65730458 0.01923243183 23.22305092 10.38881748 4.949490242 -2.53
13.21192524 -4.458004487 13.21192524 0.08831221538 27.97885665 12.0914412 7.942467294 -3.6
13.06072918 -0.4253219372 13.06072918 0.02583578519 23.79581135 11.13739181 6.100851345 -3.86
12.23375143 0.04490506921 12.23375143 0.04490506921 17.29813263 8.030753674 4.732557254 -2.53
13.33217522 -0.01090495612 13.33217522 0.01090495612 18.42455381 8.385901386 3.701671754 -2.94
15.03172153 -0.5280513138 15.03172153 0.02179591134 22.70638782 8.541972612 3.432515089 -4.47
5.391481481 -0.3414814815 5.391481481 0.3414814815 6.262850123 2.617936113 1.52003668 -0.86
12.80356235 -0.1398983791 12.80356235 0.03835104242 17.24469392 7.20964815 3.545522916 -3.18
13.2652255 -0.7181457031 13.2652255 0.003221146738 25.98651506 10.61756143 5.182887311 -3.64
13.07084862 -0.3010313406 13.07084862 0.09969995818 22.7945428 10.52104529 5.559072402 -2.98
6.029615693 0.783534738 6.029615693 0.783534738 14.1505162 7.277638408 4.08365651 -1.8
12.7591284 -0.1004972373 12.7591284 0.0123733938 16.49611585 6.63493837 3.76558127 -1.36
11.30877448 -0.4089666883 11.30877448 0.2442676817 20.63504751 9.454403561 5.10824997 -1.63
13.29290288 -0.2428999486 13.29290288 0.2428999486 24.14844574 10.59367067 5.027630777 -3.56
12.06799423 -0.3739451502 12.06799423 0.3175452156 19.42237176 9.039608672 5.098497092 -2.34
12.94550777 -0.711687518 12.94550777 0.1193080165 27.6780129 12.10378891 5.830526821 -1.88
12.12480031 -1.295894678 12.12480031 0.2044564224 17.9363006 7.003339997 4.319387947 -2.41
12.80479503 -0.8850866875 12.80479503 0.1298315067 17.41563786 6.9575 3.353057851 -3
10.63488284 -0.4562345679 10.63488284 0.4562345679 6.487694108 2.134222588 1.031576236 -1.22
13.42755189 -1.262388629 13.42755189 0.1777024282 18.61532506 7.013538529 2.911117092 -3.74
13.51895995 -4.558737245 13.51895995 0.02468159486 14.22709283 4.385372761 2.586488122 -1.72
12.94379745 -0.1072805201 12.94379745 0.1072805201 23.02301546 9.859624233 5.341946236 -3.74
13.06096389 -4.324887185 13.06096389 0.05252619258 22.78502637 8.987643645 4.513723182 -2.99
5.634488027 0.7023347459 5.634488027 0.7023347459 14.96811523 6.888761106 3.335581574 -2.59
10.93581849 -1.246205353 10.93581849 0.1549697132 13.50047253 4.318692852 2.727928966 -0.93
13.34399061 -1.026607523 13.34399061 0.2580286992 32.75075258 17.25480107 9.954159124 -3.76
10.45344049 -0.3394144463 10.45344049 0.3266906511 16.63901559 6.575392625 3.139289316 -1.52
12.47174793 -0.7570386651 12.47174793 0.04611369792 22.66602732 9.954998593 5.267798144 -2.52
13.60873181 -2.507220579 13.60873181 0.05940795795 26.15994001 10.03850052 5.780657216 -2.45
14.63023338 -0.9911849122 14.63023338 0.02839194963 20.84403578 8.23753963 4.24360102 -3.88
11.81621169 -0.9191399431 11.81621169 0.4550978439 24.11559165 11.90941576 6.30639078 -3.02
5.561219531 0.3952596649 5.561219531 0.3952596649 22.59849045 10.35109516 5.429881661 -1.59
10.93285226 -0.7291568681 10.93285226 0.1426357935 18.30554662 8.745132565 4.779622144 -2.49
13.14800258 -3.152279598 13.14800258 0.04972303322 25.36462473 11.74146185 8.227608662 -2.26
13.48491415 -0.2783752707 13.48491415 0.1413068468 20.96301115 8.554284403 4.12413838 -3.91
11.96155123 -0.8815352164 11.96155123 0.007544158491 28.41886033 13.46456936 7.957333813 -4.59
14.8254331 -0.6347419274 14.8254331 0.101332723 30.46721831 14.45735304 8.099226725 -3.99
14.14155502 -1.160384753 14.14155502 0.02486961451 25.04732939 9.35523156 4.197332184 -3.62
14.60174069 -0.666201939 14.60174069 0.1172397521 18.80497554 6.663208815 2.802457787 -3.2
12.1375 -0.208912037 12.1375 0.208912037 5.761061599 2.266093076 1.301420977 -0.37
10.79425489 -0.1878946471 10.79425489 0.1878946471 19.98072934 8.292079728 4.011327566 -0.95
11.96310636 -4.058960157 11.96310636 0.0625383178 14.98456335 4.786022253 2.186719505 -1.93
4.213168978 0.2965563587 4.213168978 0.2965563587 16.3143255 6.089470688 2.732738028 -1.87
12.91821597 -4.864991201 12.91821597 0.03189065414 26.81261787 11.43368862 6.544950426 -4.24
11.82544544 -3.174458375 11.82544544 0.1412309564 23.97655102 9.722260248 5.400731577 -3.74
12.57972873 -3.851880971 12.57972873 0.0476100329 21.47122626 8.772009914 4.944879407 -2.76
13.17294787 -3.075187996 13.17294787 0.1490989895 25.54542157 11.1079157 5.731292655 -4.1
12.22503261 0.2130209646 12.22503261 0.2130209646 15.7538191 7.424520462 3.991668812 -2.13
13.24284902 -4.026404325 13.24284902 0.03210857636 24.92917524 10.20594199 6.092598145 -3.18
14.56622188 -3.408618145 14.56622188 0.1529150907 20.03071998 7.870747383 4.182226653 -3.26
12.52949355 -3.86246131 12.52949355 0.03861291901 21.2211431 8.25076493 4.359625406 -4.02
12.89843543 -3.346891627 12.89843543 0.2513212431 25.17154858 10.77150516 6.388190074 -1.93
11.49457838 -3.771000555 11.49457838 0.02429514733 16.24991343 6.247982725 3.149455732 -3.23
13.28664774 -1.023142007 13.28664774 0.09099563282 18.28155809 7.144871671 2.96437161 -3.09
5.510439342 0.8241754063 5.510439342 0.8241754063 12.58937825 5.330951749 2.563830871 -2.14
13.42832016 -4.592187875 13.42832016 0.2200646112 26.38493431 10.74472578 6.16856907 -2.68
13.48244727 -4.752660918 13.48244727 0.06738291942 24.06248881 9.094254324 4.756497174 -4.65
13.01917555 -0.05627679686 13.01917555 0.05627679686 16.81551913 6.378740203 2.545444433 -3.33
11.92757602 -0.09490411792 11.92757602 0.09490411792 19.1696281 9.921903732 5.689366943 -2.6
11.68190195 0.1172520092 11.68190195 0.1172520092 25.54975382 13.64821833 10.43371448 -1.71
11.74617457 -0.7218985659 11.74617457 0.05701430881 19.36403415 8.090107117 4.661728395 -4.4
12.04826931 -0.945395276 12.04826931 0.04464833178 25.35377931 9.869943141 4.476018781 -4.3
12.63889312 0.1456059979 12.63889312 0.1456059979 20.40543462 9.740346911 5.353169493 -2.33
12.32568716 -0.3940447671 12.32568716 0.008421668891 22.15209104 9.513638802 5.539171815 -3.54
12.63794913 -0.1657953719 12.63794913 0.06912021637 21.31731012 9.479395918 5.049524793 -2.92
6.02605564 0.4566900151 6.02605564 0.4566900151 16.63901559 6.896253398 2.931723048 -3.52
14.13996892 -3.825281149 14.13996892 0.005574343335 24.39034635 9.108695729 3.985589098 -3.95
11.18515178 -0.7505155187 11.18515178 0.09742903334 18.24343803 7.854024956 3.792102473 -2.13
12.55599902 -0.1441910208 12.55599902 0.1441910208 24.72566361 12.35327014 6.600800813 -3.39
5.337195925 0.7985177574 5.337195925 0.7985177574 11.96157276 4.343182858 1.778487551 -2.82
14.00289585 -0.8734801283 14.00289585 0.1089263855 23.68822214 9.106863386 3.995886442 -2.41
13.34624121 -0.9148908509 13.34624121 0.07753905514 25.83583858 12.07799932 6.208798706 -2.78
13.13727078 -3.769082737 13.13727078 0.1944105533 21.07657208 7.96435515 3.791967772 -2.79
11.13871945 -0.601409675 11.13871945 0.244143781 17.96722293 8.077318895 4.292289752 -2.42
6.08144783 0.742218374 6.08144783 0.742218374 16.30664327 7.378000142 3.580419688 -1.17
6.050556279 0.496891493 6.050556279 0.496891493 14.93655592 6.418543649 3.259265425 -1.98
4.198274324 0.2158465284 4.198274324 0.2158465284 12.68083266 5.252945261 3.359149292 -1.77
12.65517726 -0.9578796611 12.65517726 0.002655187075 25.6160533 8.051110684 3.045801235 -2.08
12.77324594 -0.3767354194 12.77324594 0.02822108319 18.89216249 6.562307196 2.905354941 -1.45
13.03690165 -3.943575969 13.03690165 0.004803476946 17.37764038 6.599585495 3.464260631 -3.04
12.89140753 -3.606886232 12.89140753 0.2997382146 22.5502561 9.877602795 5.581826568 -2.64
11.68102657 -0.4214389831 11.68102657 0.04944869615 15.00569774 4.970939856 2.184530742 -1.55
14.07488301 -1.226779145 14.07488301 0.03949035639 24.86223259 10.02376736 4.563007934 -2.45
14.14427196 -0.2792850035 14.14427196 0.1367725524 21.92021034 8.271387798 3.706339182 -3.58
6.647255161 -0.181566568 6.647255161 0.181566568 18.00530517 7.699032485 3.700734092 -2.38
12.49379668 -1.074282155 12.49379668 0.07045861261 24.41973512 12.11294339 8.424231705 -2.85
11.81578929 -0.3376698231 11.81578929 0.2464351852 13.32894023 5.764391986 2.926517902 -2.66
12.49769066 -1.076517913 12.49769066 0.0467535023 24.51120507 11.1380351 6.008489919 -4.13
6.381450775 -0.04349950397 6.381450775 0.04349950397 16.07036489 5.550320933 2.410893803 -2.42
8.919259259 0.3680555556 8.919259259 0.3680555556 5.162450142 1.864622199 0.8080167808 -0.98
10.13734195 0.02879372428 10.13734195 0.02879372428 13.51973034 4.823665919 2.34065091 -2.46
13.2700077 -4.002034203 13.2700077 0.04199341774 22.75287538 9.596601692 5.320531785 -3.43
13.79911181 -0.2372523799 13.79911181 0.001685471148 22.89765915 10.11032739 5.382766097 -3.28
15.19514251 -3.993607885 15.19514251 0.00835405262 25.30732323 9.692513278 5.402054191 -2.79
12.00118952 -0.02283969938 12.00118952 0.02283969938 23.93174198 12.87668117 7.143417537 -3.21
14.45212093 -2.022453732 14.45212093 0.007510297228 113.6585939 56.38816876 38.82646195 -11.66
11.8903788 -0.3664720333 11.8903788 0.2056538171 13.74890195 6.044134087 2.778371688 -3.22
5.96185596 0.7909576884 5.96185596 0.7909576884 14.54583727 6.221596474 3.185081844 -2.04
9.766569744 0.1701388889 9.766569744 0.1701388889 10.67956048 3.413092679 1.229364246 -1.22
11.10871448 -0.9916946752 11.10871448 0.1798554709 19.4465882 7.865896291 3.955306467 -3.87
13.07379129 -3.242564521 13.07379129 0.009823554422 23.40410032 10.36744417 7.138757281 -2.26
12.24447319 -0.1289571439 12.24447319 0.1289571439 19.67628802 9.720770637 5.461274302 -2.63
12.85504458 -3.812106793 12.85504458 0.04193519045 23.73704149 10.13273323 6.530386891 -3.92
10.27299411 -0.07921950796 10.27299411 0.07921950796 19.35317904 6.345795347 2.482043221 -0.34
13.12925473 -0.6480508314 13.12925473 0.008272024859 20.6685527 9.930019199 5.956581739 -3.06
13.95812087 -1.258826784 13.95812087 0.008090236505 24.00154186 11.28468708 6.663696449 -3.65
13.68642306 -0.3662834362 13.68642306 0.22350411 13.06212821 6.009170467 2.801199498 -1.94
13.77939358 -0.7911368313 13.77939358 0.1197252929 21.58670242 7.496101562 3.269609949 -2.64
14.91058756 -3.305208018 14.91058756 0.02911260364 24.72197127 8.856114747 4.871467571 -1.96
13.37778042 -0.3305305758 13.37778042 0.2802120473 22.43451508 11.20746854 6.375223327 -2.76
14.71151361 -0.4970382997 14.71151361 0.02630752918 18.598636 7.439018788 3.177800693 -3.42
10.01213876 0.35375 10.01213876 0.35375 11.29950489 4.464961249 1.888074235 -1.8
6.28212963 -0.0108739607 6.28212963 0.0108739607 14.04526387 6.69605811 3.227964202 -1.91
6.985122743 -0.3343558673 6.985122743 0.004527158373 20.30669654 6.969707576 2.33607922 -2.08
11.19501662 -3.454457651 11.19501662 0.4144583281 15.32133455 6.587980945 4.490851245 -1.07
13.41552058 -1.040257125 13.41552058 0.03397734653 29.79093042 14.98844314 9.807400165 -3.76
13.11360785 -4.702805255 13.11360785 0.04617449122 27.83048191 10.82462177 6.009365079 -3.32
13.2103728 -3.802867037 13.2103728 0.01392630472 24.63846761 10.01994937 5.96341254 -3.48
13.30188107 -0.9873506 13.30188107 0.02823673631 24.09584933 8.268906155 3.085345146 -3.54
13.50085144 -3.848254375 13.50085144 0.04196900983 22.69497481 8.457142747 4.793202977 -2.49
5.314444444 0.9548611111 5.314444444 0.9548611111 8.96 7.96 7.96 -0.04
12.70658631 0.05605696754 12.70658631 0.05605696754 17.0454065 7.082889931 3.446220268 -2.39
13.21139104 -0.2713826121 13.21139104 0.05034354791 18.3294177 6.782721958 2.73071973 -3.45
5.576728395 0.6057098765 5.576728395 0.6057098765 5.928205128 2.3818409 1.145679012 -0.2
11.09160196 -1.499707368 11.09160196 0.2345927623 19.57797387 8.231177654 4.569238245 -2.18
14.40297085 -1.354171787 14.40297085 0.01545277702 41.87446847 19.53799955 11.61774117 -6.28
5.738065189 0.5124929514 5.738065189 0.5124929514 17.67226711 8.308412144 4.165945582 -2.73
6.218842628 0.4505090231 6.218842628 0.4505090231 14.45213181 6.161532072 3.012132364 -2.14
12.31897694 -3.513957863 12.31897694 0.08628598611 19.62842061 8.361795162 4.66660746 -2.68
11.21556973 -0.4706167328 11.21556973 0.2389517616 27.62483027 10.16763299 4.025033185 -3.67
13.08723579 -0.9961648483 13.08723579 0.01414881935 27.12938491 9.644313016 3.95992165 -4.21
10.70233149 -0.3740735002 10.70233149 0.1222310085 13.57700066 5.929209252 3.029606157 -2.4
13.92822423 -4.911733768 13.92822423 0.0236191421 21.10736435 8.022449671 4.510598034 -3.61
13.29026497 -4.515677123 13.29026497 0.06456160242 14.60208432 4.756752644 2.312566338 -1.98
13.25037946 -0.3888726595 13.25037946 0.2098007457 19.15013497 8.451606933 4.462165463 -3.18
13.43313127 -0.5612739093 13.43313127 0.05802763081 20.86353735 10.07113523 5.808711549 -2.86
13.5573257 -5.388221115 13.5573257 0.1401384709 29.09506314 11.46148091 6.418131356 -3.41
13.91165742 -4.200446658 13.91165742 0.03576540449 36.0531349 17.38662316 10.89296703 -4.79
12.94180314 -5.207092337 12.94180314 0.1360887328 21.72696015 7.110307538 5.025761761 -2.57
13.13788907 -4.706076341 13.13788907 0.003188318824 27.32193149 9.441104784 4.595784567 -2.25
13.1593883 -0.8882137713 13.1593883 0.0981501649 22.9948061 7.916768346 2.931915374 -2.76
13.5721212 -1.134649392 13.5721212 0.03145833333 22.24004612 7.66558479 3.277019149 -2.45
14.67572859 -0.5703697806 14.67572859 0.002605332512 19.8676182 7.562945232 3.422581937 -3.07
13.29633893 -0.3621682975 13.29633893 0.04102342222 13.81629203 5.426155605 2.900303848 -2.82
9.732606019 0.4028028529 9.732606019 0.4028028529 15.5709325 7.295719485 3.708498146 -1.32
13.34896975 -3.111265339 13.34896975 0.09762720562 30.24535899 13.05881417 6.647667653 -3.79
10.84707253 -0.362622004 10.84707253 0.2148348923 17.08524038 6.84387448 3.00973783 -2.04
13.7047398 -0.9130872375 13.7047398 0.1619249595 31.57293137 14.69510256 7.931474861 -4.36
13.03669122 -0.4078021055 13.03669122 0.1668704071 17.2884589 7.14436302 3.749146737 -3.54
12.71006255 -0.3945821523 12.71006255 0.1836733644 16.15539591 6.524520863 2.805236515 -2.33
6.273103741 -0.2975051965 6.273103741 0.2975051965 11.27090713 3.980038056 1.755956079 -1.22
12.23856277 -3.82601883 12.23856277 0.05793985729 24.98465042 11.93577422 8.456018781 -3.28
10.15077475 -0.6523507181 10.15077475 0.1656018519 13.72299295 5.068226942 2.021493651 -1.92
13.70991306 -0.7412307469 13.70991306 0.1309531706 19.25529632 8.12003593 4.190257859 -1.07
13.05608527 -3.603630304 13.05608527 0.008595906325 26.11292304 10.973089 6.834886371 -3.96
9.37587963 -0.2866203704 9.37587963 0.03791666667 8.96199632 3.511902541 1.391481223 -1.13
13.12118386 0.1293055556 13.12118386 0.1293055556 15.34969792 7.140650101 3.269927798 -1.55
10.21575559 0.164063681 10.21575559 0.164063681 14.86237133 4.919626404 1.767382093 -2.26
13.48459959 0.004016301092 13.48459959 0.004016301092 18.3294177 7.059257383 2.958027207 -3.45
11.32633392 -0.09047788629 11.32633392 0.09047788629 15.0244918 6.530811952 3.212549543 -2.53
13.6350109 -3.935407993 13.6350109 0.1301840998 23.04248865 9.389361134 4.804041936 -3.13
5.786262283 0.7449277211 5.786262283 0.7449277211 12.4251566 5.574134103 2.869697965 -1.61
12.41497531 0.1621853416 12.41497531 0.1621853416 18.0529154 7.354496631 3.461064201 -2.33
12.89740753 -0.3490622701 12.89740753 0.2048109894 20.20327948 9.159853447 4.559697831 -3.08
13.12512567 0.1767112671 13.12512567 0.1767112671 20.37699828 7.864710145 3.772162653 -1.53
12.65327522 -5.717939935 12.65327522 0.164907531 30.23509031 12.55744864 7.407722405 -4.23
13.00414543 -0.9215116975 13.00414543 0.003534835358 21.62735575 7.67730663 3.101462043 -2.64
13.3762513 -0.004013605442 13.3762513 0.004013605442 18.61532506 8.097718516 3.774316096 -2.74
12.36981678 -0.3579445389 12.36981678 0.3579445389 14.1983737 5.560848 2.326319065 -2.75
10.67245481 -1.608617448 10.67245481 0.1003491119 27.9394952 12.54842381 7.200277778 -2.64
5.671952619 0.5901111216 5.671952619 0.5901111216 10.83838086 4.528371949 2.202602216 -2.29
12.6389079 -0.3987330647 12.6389079 0.06015638766 19.63799354 8.777858932 4.32563874 -3.67
13.43387954 -3.048302712 13.43387954 0.09199654771 28.96475652 12.61966272 6.456816074 -4.13
12.07522257 0.04701592299 12.07522257 0.04701592299 14.63021447 5.598785109 2.688206386 -2.95
13.67008567 -0.9050681009 13.67008567 0.08882834407 23.11009123 10.70457301 5.644014325 -2.06
13.56079104 -0.3910316136 13.56079104 0.05638223566 18.72054157 7.513203028 3.317363437 -3.29
13.09966007 -1.051089616 13.09966007 0.1288249209 16.91263794 5.48135438 2.460298447 -2.53
2.329027778 0.9536574074 2.329027778 0.9536574074 8 5.142857143 4.166666667 0
13.60575901 -0.3265232446 13.60575901 0.2418380732 22.73744817 9.306805531 4.651456133 -4.04
12.47820295 0.1525316515 12.47820295 0.1525316515 12.70059786 4.98574278 2.531782358 -1.32
13.78972305 -0.2304568295 13.78972305 0.06296030843 29.28813551 12.75231106 6.636748183 -4.21
5.861273008 0.158092876 5.861273008 0.158092876 10.0422292 3.708881168 1.700429774 -2.14
12.77384941 -1.327701462 12.77384941 0.2587712874 24.31887045 9.816598844 5.476063841 -3.81
11.91180745 -0.4547411187 11.91180745 0.1092639834 11.34664102 4.170292905 2.03744352 -2.75
11.84232441 -3.201334312 11.84232441 0.1104761905 17.93866473 6.936524869 3.960408826 -2.45
4.597222222 1.652777778 4.597222222 1.652777778 2.56 1.56 1.56 -0.44
12.36288674 -1.090704706 12.36288674 0.09424258479 24.64766007 11.68558334 6.680800135 -2.62
13.0792815 -0.150352634 13.0792815 0.1346126794 26.89880992 12.90655623 7.245367826 -3.69
5.671952619 0.5901111216 5.671952619 0.5901111216 10.83838086 4.528371949 2.202602216 -2.29
8.947739148 0.6447006323 8.947739148 0.6447006323 15.73057687 6.994053963 3.235705056 -2.78
11.6255806 -0.8857101688 11.6255806 0.01338653991 23.10239463 11.12030613 6.68308421 -2.18
13.02006993 0.01300787393 13.02006993 0.01300787393 21.12499987 9.350279016 4.799482514 -3.12
12.97666231 -3.81806326 12.97666231 0.1149454558 23.89304527 10.34697567 6.00812585 -4.25
13.73038663 -0.2994255641 13.73038663 0.2703033041 25.19295042 10.94546878 4.785922744 -4.1
13.31229003 -0.4074527216 13.31229003 0.136593864 25.36552226 11.80286932 6.288486034 -2.73
2.241064815 1.244722222 2.241064815 1.244722222 8.317847358 4.948673968 3.218569596 -0.78
11.91502288 -0.5023565383 11.91502288 0.270191719 24.64815536 12.29667212 6.782584689 -2.47
13.07513423 -3.672986246 13.07513423 0.0250969406 26.87728449 11.80965166 6.482836589 -1.72
12.70638624 -0.2549036629 12.70638624 0.2549036629 16.58811963 9.280785898 6.327821849 -1.78
12.34390057 -3.242928431 12.34390057 0.1155937948 21.02932823 9.679568001 5.432497071 -1.69
11.95559909 -1.031438114 11.95559909 0.04742383228 21.70273484 10.15625 5.757785467 -4
6.209383932 0.7975376879 6.209383932 0.7975376879 14.76380147 6.30437241 3.203270439 -1.16
13.45006055 -0.1867101553 13.45006055 0.1867101553 25.78278606 12.09548357 6.100912881 -2.3
5.125717014 0.5380371326 5.125717014 0.5380371326 19.52313684 8.700760124 4.127792901 -3.79
13.09310834 -0.4616202281 13.09310834 0.05494008251 20.60624687 9.004325328 4.123226065 -2.66
7.828730681 0.07476524059 7.828730681 0.07476524059 24.55938888 10.46553348 5.354944445 -4.13
13.17544568 -3.905622021 13.17544568 0.05575080496 22.93432767 9.596049418 5.495321281 -2.74
13.20802216 -1.036791338 13.20802216 0.1349554415 15.41701201 6.738905409 3.639781508 -3.48
12.37778656 -0.1907116552 12.37778656 0.1907116552 18.91760179 7.633563355 3.412895183 -4.08
11.00490803 -0.2158170351 11.00490803 0.1353487596 21.77201462 7.62227376 2.711215786 -3.28
10.67789158 -0.9827033683 10.67789158 0.002373215047 23.71745256 12.18723993 7.635219508 -2.94
9.736501028 -0.2373327938 9.736501028 0.2373327938 19.99015747 8.297987367 4.014780515 -2.94
11.51796168 -0.25916882 11.51796168 0.25916882 16.96952987 7.414675047 3.554048353 -2.47
6.170699297 0.5984764407 6.170699297 0.5984764407 18.53900157 7.302473825 3.63823777 -1.82
12.98902217 0.1242873499 12.98902217 0.1242873499 20.88474727 10.09382003 4.681447859 -2.37
5.048950051 0.5152944959 5.048950051 0.5152944959 20.25185768 8.263629748 3.544741368 -2.14
12.9881749 -4.733033746 12.9881749 0.07758964002 18.15303544 6.368430143 4.208514977 -2.19
14.84366043 -4.822968693 14.84366043 0.01630646004 23.02301546 8.483905182 4.125629358 -4.74
11.55719899 -0.694313902 11.55719899 0.1108161665 20.20327948 8.737992077 4.107191119 -3.08
13.54845978 -0.6775856114 13.54845978 0.06532685605 19.53130253 6.564413279 2.459246803 -2.93
15.18161959 -3.478502539 15.18161959 0.1342171405 22.79147988 9.229951712 4.852975791 -3.39
13.56277865 -0.7774467377 13.56277865 0.0968207252 23.23566475 10.79178868 5.700378065 -3.93
13.29181292 -4.574782421 13.29181292 0.06717844545 21.69296986 8.018752432 4.276815689 -3.01
13.05726922 -0.5416468441 13.05726922 0.09613563506 25.26648681 11.17653399 6.366181367 -2.36
13.61344674 -0.5470088846 13.61344674 0.09365163349 17.54973874 8.207778884 5.099000759 -2.27
10.11534024 0.3755321586 10.11534024 0.3755321586 19.66782007 7.847750865 3.364977778 -2
14.59193183 -1.534336853 14.59193183 0.01203205047 18.72984736 6.766251231 2.771273376 -3.62
12.44803725 -3.46498297 12.44803725 0.06233955225 21.02888063 9.285918855 5.473232805 -2.22
6.666018519 0.04648715042 6.666018519 0.04648715042 14.92114765 6.463714556 3.059847203 -1.64
12.41547918 0.1953913934 12.41547918 0.1953913934 18.81576799 8.652186969 3.993967107 -2.53
13.94346286 -4.118629299 13.94346286 0.005494220836 27.27950224 11.32253682 5.865707631 -3.76
14.16704684 -1.133337428 14.16704684 0.04144431847 25.94814188 9.891118666 4.355250761 -3.68
13.66133803 -1.166136831 13.66133803 0.01170524691 21.3942607 7.387375747 3.212207898 -2.84
11.4545783 -0.8756776165 11.4545783 0.07468817066 24.39687205 11.17776377 6.285220134 -4.3
13.20813559 -3.913351088 13.20813559 0.1255488368 23.27683949 8.625013684 5.096210049 -2.39
12.82589793 -3.539654499 12.82589793 0.1808693977 25.88493754 12.6542636 7.132141866 -2.73
11.59148067 -0.3097978681 11.59148067 0.1893057306 16.37067071 6.952345453 4.282072455 -1.49
6.065565634 0.7368551587 6.065565634 0.7368551587 9.57026343 4.035028732 1.917657448 -0.98
14.20737401 -0.8685615527 14.20737401 0.02003423289 25.05595782 9.911224885 4.331194245 -2.94
12.95108562 -0.5900947109 12.95108562 0.04318662341 19.90614745 8.958542829 4.017568673 -2.39
12.40983244 -0.882746814 12.40983244 0.1907122266 25.21010344 10.88830331 5.298177417 -4.45
6.711089984 0.1033549593 6.711089984 0.1033549593 19.18060487 8.143770068 3.609415108 -1.8
10.96053634 -0.620756018 10.96053634 0.2576725495 36.23638666 14.99539876 6.550790714 -2.12
6.024824322 0.3850214947 6.024824322 0.3850214947 16.75447392 6.163452346 2.508284588 -1.17
14.69444819 -4.395426619 14.69444819 0.004627862358 23.23566475 8.782095214 3.852482809 -3.93
9.202427343 0.07441078515 9.202427343 0.07441078515 21.03908216 9.21191232 4.025393114 -1.68
4.593589321 0.9735085191 4.593589321 0.9735085191 15.90984179 7.112967481 3.441894646 -2.59
12.76899623 -4.388914365 12.76899623 0.0351375487 23.85435153 9.52317611 4.953639101 -3.29
12.96149983 -3.624954202 12.96149983 0.11279446 16.32555642 5.981455946 2.32515173 -2.15
12.55708585 -0.2534840325 12.55708585 0.2534840325 7.790843144 2.895010134 1.510924275 -1.84
13.11296688 -3.277155025 13.11296688 0.01766628874 22.62132256 9.388958722 5.759285467 -1.06
6.197399376 0.4402791787 6.197399376 0.4402791787 19.07724772 8.845500544 4.193177735 -1.91
12.63069068 -3.891805096 12.63069068 0.1288864615 25.10367347 10.7266436 5.971597633 -2
11.07117258 -0.7335446004 11.07117258 0.05028686635 26.21005622 11.46412823 6.466610797 -2.86
12.78911906 -0.3252002616 12.78911906 0.07738234163 20.27040902 9.205492796 4.946515065 -4.01
13.92354392 -0.2786478368 13.92354392 0.03436758371 18.97393515 7.668070215 3.862922111 -3.02
13.16977596 -0.1460145305 13.16977596 0.05969396561 19.24573475 8.515284029 3.87847163 -2.08
11.02193 -0.1712007981 11.02193 0.1712007981 14.01656691 6.224214912 3.391548234 -1.94
12.86586352 -4.842909246 12.86586352 0.07009547608 19.47529182 7.201063327 4.130506469 -2.84
12.64564618 -5.659247105 12.64564618 0.09165816327 21.0249953 8.166964005 4.335764937 -1.28
8.779545383 0.7370672714 8.779545383 0.7370672714 9.041866652 4.119751033 1.859689739 -1.53
11.76730605 -0.129089971 11.76730605 0.129089971 16.61116209 6.260311973 2.648537052 -1.55
13.43398667 -0.3821575832 13.43398667 0.152661346 19.76397619 8.156586208 4.056474293 -3.18
13.69146409 -0.8751584546 13.69146409 0.0437648841 26.29747156 10.95668788 6.859115821 -2.31
10.65535915 -0.7370648581 10.65535915 0.04014243197 14.85073751 5.833949889 3.124570951 -1.55
11.65608914 -0.7774718577 11.65608914 0.4943972663 21.06732543 9.751645913 5.302524252 -3.18
4.209025416 0.7820658541 4.209025416 0.7820658541 11.34664102 5.265942183 2.925841814 -2.75
13.5573333 -1.088563645 13.5573333 0.09769364439 30.79065332 14.14487308 8.428223427 -5.16
7.095819471 -0.4052893125 7.095819471 0.04694515306 23.84156948 8.493251446 2.98283037 -3.01
14.08542803 -4.842815632 14.08542803 0.06582877051 26.89901509 10.08803289 4.826384571 -4.97
11.40690635 0.4057545407 11.40690635 0.4057545407 20.9712207 9.685362819 4.558225468 -2.28
13.34976215 -3.778160313 13.34976215 0.03094623961 20.26905441 9.148362911 5.286878734 -1.47
13.34973918 -0.6940216379 13.34973918 0.06643170088 22.54060985 8.707498545 4.446593061 -2.65
12.88447972 -0.4438737717 12.88447972 0.01325614659 19.07245587 7.898926982 4.336804136 -1.7
14.77493198 -4.556889346 14.77493198 0.04540286176 21.29435315 8.092745562 3.895557346 -3.56
12.98786373 -0.5281553131 12.98786373 0.05260948129 28.83579229 10.73922137 3.87552315 -2.61
13.61800485 -3.463026758 13.61800485 0.2273133759 20.77908456 8.714140312 4.637499192 -2.48
14.26176601 -0.1960170738 14.26176601 0.1960170738 22.04179862 9.302661849 4.249453191 -3.45
13.88163556 -0.9530705228 13.88163556 0.01414378134 27.68829098 11.58937641 6.757540644 -4.34
10.49004589 -0.07777301636 10.49004589 0.07777301636 16.74204301 6.891133424 2.896087407 -3.71
11.50883458 -0.8576991867 11.50883458 0.2109813624 22.25132106 10.11294892 5.648639683 -1.95
12.11934314 -0.2293738452 12.11934314 0.2293738452 17.4142373 8.11232475 4.796087701 -1.41
13.29572843 -1.23601161 13.29572843 0.03996527778 21.33178995 8.225290251 3.705999836 -2.21
12.70658394 -0.5849664194 12.70658394 0.06087443311 18.93152671 5.659930652 1.853032174 -1.59
12.35878182 -3.312121464 12.35878182 0.0519354202 24.66809013 10.76493177 5.694457911 -2.97
11.10114554 -0.5008124624 11.10114554 0.3622975685 18.1957952 8.231177654 4.206838222 -3.18
12.76135536 -1.20983005 12.76135536 0.002355442177 23.61398748 8.00634815 2.845332382 -3.49
5.566626138 0.09586876417 5.566626138 0.09586876417 19.37804523 6.984704279 2.969081765 -2.59
12.61359912 -0.3036124582 12.61359912 0.3036124582 19.20880085 8.161680996 3.824938678 -4.77
12.53327115 -0.4706745134 12.53327115 0.007392484077 20.58083233 9.365287488 4.631943686 -2.15
13.31615775 -3.127365611 13.31615775 0.06714606944 30.81556741 13.77483822 7.285704755 -4.63
12.069052 0.03308761058 12.069052 0.03308761058 19.17934646 9.376338405 5.208511709 -1.59
5.025474458 0.7221815949 5.025474458 0.7221815949 19.06785382 8.07225433 3.773436803 -2.92
12.53364961 -0.5115910809 12.53364961 0.03738935254 16.10815237 6.854824363 2.978863936 -3.38
13.02395684 -0.9697819548 13.02395684 0.0355510863 24.7410083 8.492365886 3.336862228 -3.03
11.35734672 -0.9413447561 11.35734672 0.1837180605 23.99564665 10.9064259 5.924298376 -4.72
5.938970959 0.5169616625 5.938970959 0.5169616625 22.84628044 12.77181925 7.11960096 -2.83
11.78011674 -0.4196193022 11.78011674 0.02701506992 24.43172107 8.698806627 3.03746044 -2.61
12.49864562 -0.154831594 12.49864562 0.003268223446 20.09781624 9.088269522 4.870653011 -2.19
12.62594541 -0.4197917758 12.62594541 0.005400178434 18.13863449 7.78570959 4.041612244 -2.24
12.54872321 -1.307234688 12.54872321 0.01333389349 26.98235856 13.46883762 9.163616397 -2.613116883
13.32824011 -0.6748350574 13.32824011 0.04645159941 20.48434202 6.938467403 2.641481819 -3.12
12.54528913 -4.808406119 12.54528913 0.06882798515 26.32663616 11.1132219 6.720981224 -4.74
11.62757872 -0.01953420257 11.62757872 0.01953420257 10.35072598 3.890591661 1.803813384 -1.81
13.25492559 -0.6121358239 13.25492559 0.2681833614 22.37665601 10.19876161 5.514807424 -1.82
12.45320337 -0.9690943015 12.45320337 0.1884415279 26.00609432 11.77636902 6.580307681 -4.07
11.94435523 -0.1040019234 11.94435523 0.1040019234 17.33964855 6.910582367 3.450151824 -3.08
12.23588305 0.1459021852 12.23588305 0.1459021852 17.73884165 7.924337649 4.014630471 -1.66
10.97831345 -0.3246822641 10.97831345 0.01949047829 21.95352415 7.489860472 2.620221343 -2.08
14.06774393 -0.4807651417 14.06774393 0.1036912128 24.24397573 9.889389614 4.927683022 -3.46
12.26549356 -1.100106284 12.26549356 0.09244349437 22.92662141 9.315680473 4.885963091 -2.25
14.2410729 -0.3192864812 14.2410729 0.1554614407 14.01656691 6.224214912 3.215668415 -1.94
13.53998866 -3.794371053 13.53998866 0.09273148148 23.5159098 9.692107048 4.678797569 -1.64
12.55892081 -4.790628915 12.55892081 0.09594903677 26.66678456 11.33726181 6.880358688 -4.39
13.97642088 -1.058723413 13.97642088 0.009194956957 30.6733698 14.56307642 7.923192912 -4.28
13.07640109 -0.1162652261 13.07640109 0.05795481908 26.39465119 11.58844129 6.012696606 -1.67
13.82115309 -0.4345632676 13.82115309 0.1411200869 17.7191559 6.910146838 3.118409943 -3.36
12.56568606 -0.7664637661 12.56568606 0.04968150091 29.63582493 12.56878089 7.515389819 -2.85
13.26654116 -3.09920161 13.26654116 0.1078687076 27.46625901 11.9637601 6.046674335 -4.1
12.56535727 -4.3368964 12.56535727 0.05407883755 17.98560552 7.601097938 4.627564093 -1.82
14.68447929 -0.5576482736 14.68447929 0.01546668976 17.78452474 6.949067234 3.043436285 -3.29
13.50032051 -0.2659146533 13.50032051 0.2659146533 26.87096037 12.37496873 6.97669421 -2.18
6.094191259 0.1688328294 6.094191259 0.1688328294 17.35864376 7.282403957 3.728574951 -1.06
13.83409372 -0.2946367158 13.83409372 0.2709327158 21.77064126 8.799499854 3.945786218 -3.74
12.74775973 -1.140168176 12.74775973 0.0336229949 28.41886033 12.07050456 7.498861921 -4.59
13.67443635 -0.7226260177 13.67443635 0.05947914818 28.93556585 13.83326486 7.750305725 -3.06
13.83378721 -4.198589301 13.83378721 0.09909424547 31.26971972 14.48120938 8.20775543 -3.67
12.76003517 0.1216503943 12.76003517 0.1216503943 21.82738352 9.824075903 4.475430038 -2.39
12.65071456 -3.896856224 12.65071456 0.2210083354 21.78086031 8.442663496 4.972412293 -2.92
12.85597628 0.01115454036 12.85597628 0.01115454036 18.24267357 7.554169653 3.395801955 -2.8
6.196069528 0.5320756546 6.196069528 0.5320756546 19.01634449 9.24986982 4.935198488 -2.32
12.89966313 -0.5827059985 12.89966313 0.06926587302 25.15857527 8.582756167 3.154491062 -1.83
5.456151547 0.8491450241 5.456151547 0.8491450241 14.7333959 6.730580044 3.409291115 -1.84
6.029615693 0.783534738 6.029615693 0.783534738 14.1505162 7.277638408 4.08365651 -1.8
12.0678458 -1.037656368 12.0678458 0.04880007559 14.75454549 4.294281005 1.379875268 -2.38
12.85018851 0.2273159696 12.85018851 0.2273159696 18.48177204 8.009974145 4.182456339 -1.88
13.85994597 -3.968965097 13.85994597 0.02882884018 29.57949189 13.30360474 6.834567901 -3.4
11.48483115 -0.9877248216 11.48483115 0.3079681894 17.54973874 8.716985426 5.112300133 -3.27
13.88247659 -0.6273036683 13.88247659 0.06858024817 20.90396188 8.794861928 4.237011144 -2.35
12.57132682 -4.268767678 12.57132682 0.5916651445 14.93655592 6.02389552 3.428462219 -1.98
12.61820594 0.1358209457 12.61820594 0.1358209457 16.42960715 7.062378141 3.649812812 -2.04
14.57225421 -0.6332022469 14.57225421 0.04111330361 23.15838477 9.861716476 5.495544283 -3.01
6.077058733 0.002793958321 6.077058733 0.002793958321 22.74696328 10.07314382 4.629239819 -3.03
12.18044899 0.09614057673 12.18044899 0.09614057673 16.99836783 8.315045667 5.082352755 -1.84
13.13159462 -3.881561148 13.13159462 0.03369494258 22.31904776 8.382685757 4.251063786 -4.48
3.800923665 0.9008629378 3.800923665 0.9008629378 14.09680231 6.732833153 3.581606022 -1.32
13.07981938 -3.643041441 13.07981938 0.1573099332 19.54227682 7.9259916 3.880897788 -2.77
10.94873407 -0.5225695232 10.94873407 0.04995275888 18.56762055 6.672737502 2.776942695 -2.79
12.33242961 0.04037320484 12.33242961 0.04037320484 14.43934344 6.984896793 3.749891758 -0.97
5.866215986 0.5226417234 5.866215986 0.5226417234 8.973795861 3.379286958 1.255378679 -2.29
12.51002064 -3.650447877 12.51002064 0.02622099921 21.3025012 9.391808761 5.141423222 -3.41
12.84351014 -3.757018489 12.84351014 0.005330363169 28.34089792 12.01890572 6.659011926 -2.67
12.46359432 -1.626276795 12.46359432 0.02061018694 35.75849654 16.1463364 8.626873607 -3.09
14.11072376 -4.080513543 14.11072376 0.03830397053 26.33201848 10.83581324 5.474995321 -4.28
13.02555797 -3.331551983 13.02555797 0.02090675391 22.26936716 9.592785703 6.287112801 -2.42
12.6611996 0.005199180117 12.6611996 0.005199180117 19.10543163 7.748789184 3.937901832 -1.88
12.58159311 0.2021531629 12.58159311 0.2021531629 17.91962759 8.479830703 4.271804711 -2.47
13.38335331 -3.064889195 13.38335331 0.1150994059 29.60684309 12.96393246 6.770190236 -3.88
13.06627773 -4.637059755 13.06627773 0.05805125136 20.20087768 7.831660862 4.659468637 -3.54
12.54003831 -0.04439937662 12.54003831 0.04439937662 22.91828022 10.60516403 5.298489534 -3.85
13.27973613 -3.714051538 13.27973613 0.02429829673 29.75150884 12.37155009 8.091366453 -3.8
13.40377843 -0.8623255753 13.40377843 0.120555211 26.10321057 12.32138375 6.830304968 -3.97
13.75031817 -0.3676077491 13.75031817 0.1538720002 13.93766186 4.41097563 1.961628687 -2.69
13.12665874 -0.2763075871 13.12665874 0.1131506711 21.76833306 9.432425861 4.419276262 -3.06
12.97343529 -0.1384147234 12.97343529 0.1384147234 26.57930043 12.65890879 6.839234422 -2.48
13.77714104 -4.173049624 13.77714104 0.08212131754 29.51117208 13.73830068 7.803975863 -3.47
13.41392447 -0.2065276728 13.41392447 0.06352838666 19.51356727 8.287172346 3.716617969 -3.8
12.6968043 0.3289105017 12.6968043 0.3289105017 17.28079261 5.592106391 2.070145458 -0.83
6.367511973 0.7872918148 6.367511973 0.7872918148 26.42803731 13.05731745 7.230105214 -2.18
13.1943862 -0.9752275277 13.1943862 0.01186973004 40.77170706 16.22442798 6.825978041 -2.98
14.03279345 -0.4859514405 14.03279345 0.2626594193 23.84382452 9.73628729 4.193540333 -2.53
13.54899521 -4.436638719 13.54899521 0.1729896279 22.62743358 9.126190651 4.939990856 -3.56
13.33603995 -0.289938289 13.33603995 0.1528345196 17.72932998 7.152135618 3.441842745 -3.67
12.71101168 -0.829077381 12.71101168 0.1270774257 20.07428771 9.013510065 4.985369176 -3.67
13.14385957 -0.9208785017 13.14385957 0.08196360334 23.59992983 12.09834341 6.467994783 -3.06
10.02571689 0.1429746601 10.02571689 0.1429746601 19.81108104 8.931993221 4.341691936 -3.13
12.16758044 -0.85881661 12.16758044 0.009006747888 16.01390347 6.717974096 3.090960032 -2.86
14.3348073 -4.164058767 14.3348073 0.06485659869 34.05487226 14.35459587 8.351153181 -3.44
14.50603328 -4.716884146 14.50603328 0.003190887913 21.03908216 7.624148366 4.321716955 -3.68
11.03580719 -0.4426755971 11.03580719 0.09940557962 23.65290846 8.039341273 2.851095751 -3.03
6.263120397 -0.3728734149 6.263120397 0.1767698098 17.09284133 7.495768732 3.768687863 -1.34
9.709768519 -0.02893518519 9.709768519 0.02893518519 9.051240876 3.572828505 2.193985627 -0.04
13.90849096 -3.802876 13.90849096 0.004006235227 38.74712784 17.74483712 11.49024439 -5.05
13.6845433 -0.2669932603 13.6845433 0.2669932603 20.7726914 8.516274533 3.78636737 -3.81
13.27995602 -0.4505445048 13.27995602 0.1367205257 23.50200851 12.02438262 7.51304897 -3.16
15.21889757 -3.886364628 15.21889757 0.1056130223 26.01529708 11.01625869 6.108369149 -2.61
12.99247409 -3.704932547 12.99247409 0.04277930033 23.61951565 10.51626631 6.729626781 -3.04
11.5480298 -0.9212700331 11.5480298 0.2571831107 22.45902388 10.64268956 6.622700297 -2.83
11.41301272 -0.8012013416 11.41301272 0.2052798511 18.88261212 8.274085164 3.741128914 -2.46
12.74614728 -4.354710889 12.74614728 0.4812136879 22.80715197 8.704858261 5.637139548 -2.87
4.658730946 0.3217151166 4.658730946 0.3217151166 16.95004238 6.925493334 3.625929561 -2.89
11.13492983 -1.277173425 11.13492983 0.4971578892 18.5092751 7.533288516 4.468709889 -3.28
10.82787415 -0.05212962963 10.82787415 0.05212962963 6.160248408 2.234974333 1.026121648 -1.57
11.14095569 -0.6846060878 11.14095569 0.5042377908 16.94037809 7.780698424 4.143760531 -0.9
13.02401635 0.0238468816 13.02401635 0.0238468816 17.67247651 7.201793632 3.103225538 -3.41
14.82333967 -0.6599320909 14.82333967 0.1122136698 19.87740642 7.123039109 3.276977041 -1.42
6.019714622 0.6457188482 6.019714622 0.6457188482 16.22166585 6.639263393 2.995617088 -1.97
13.37023684 -3.699065966 13.37023684 0.02383555006 22.24168142 10.10635665 5.843875236 -1.96
16.12037084 -0.8173511154 16.12037084 0.08149920503 24.49246219 9.029690736 4.325506078 -4.2
13.01508735 -0.1920724954 13.01508735 0.1284033067 24.91332748 11.52950726 6.520834791 -3.76
12.6026957 -0.5549147539 12.6026957 0.01798768582 23.28397115 10.82538638 5.536406828 -3.88
13.71019761 -0.8851050852 13.71019761 0.142765761 25.48193797 11.41731542 6.53963693 -2.61
13.34703462 -3.062372364 13.34703462 0.006377850778 28.4294624 12.60418337 6.627348957 -4.1
13.73723684 -4.132974612 13.73723684 0.06931292729 30.46816113 13.91958997 8.506269958 -4.49
13.90031786 -1.062074211 13.90031786 0.0273014342 26.62331137 11.48887755 5.265264347 -3.59
4.810862521 0.8931921482 4.810862521 0.8931921482 24.52240601 10.5149936 4.898159455 -2.81
12.89538367 -0.2608459703 12.89538367 0.05584345287 20.94408864 9.283901575 4.370346402 -3.93
12.73330875 -0.3415736017 12.73330875 0.3415736017 16.5621042 6.435816746 2.9125946 -2.9
8.980092593 -0.09799382716 8.980092593 0.09799382716 7.991112235 2.868476366 1.483432032 -0.11
6.032212508 0.7359839881 6.032212508 0.7359839881 16.53472402 8.509225092 4.823156427 -1.32
13.82020196 -4.680847875 13.82020196 0.03338485587 24.57851283 9.401961497 4.696160612 -4.11
6.244157053 0.2016625626 6.244157053 0.2016625626 19.68862638 8.109630595 3.674416553 -3.26
14.10845192 -2.99584419 14.10845192 0.01255237772 22.9845514 8.6307164 4.373546724 -3.19
14.22309193 -0.2429601285 14.22309193 0.2429601285 11.46926413 4.242357076 1.57884132 -1.62
12.73899489 -1.148012802 12.73899489 0.3491570958 24.11559165 10.07942801 4.909434622 -3.02
11.77448566 -3.259298206 11.77448566 0.2462174629 29.26722006 12.63584193 7.070278599 -3.72
12.90593954 -0.62617632 12.90593954 0.2155874316 25.79249338 12.1023121 6.893051425 -3.29
12.03416744 -0.7168979035 12.03416744 0.2019514802 25.30732323 11.76219809 6.660294556 -1.79
13.30957078 -0.5025862083 13.30957078 0.1706011667 21.22292288 7.458351967 2.836886748 -2.08
6.14876199 0.6664663118 6.14876199 0.6664663118 14.54583727 5.870760385 2.799077046 -2.04
13.08689949 -3.095760854 13.08689949 0.09591311833 24.23174121 10.15493205 5.608118197 -3.9
13.33038202 -0.1731663097 13.33038202 0.03982610019 19.02589903 8.369043625 4.09860104 -3.31
14.00546613 0.09026398979 14.00546613 0.09026398979 22.78187017 10.13967704 4.629295458 -2.66
5.87876324 0.6365388532 5.87876324 0.6365388532 14.38031939 6.934173338 3.968049824 -1.56
13.7945549 -4.348069738 13.7945549 0.003162042065 30.22392821 13.74958937 7.717784134 -3.74
12.77925784 0.21507968 12.77925784 0.21507968 17.06603464 7.868303025 4.402165844 -0.77
14.94741251 -3.212452656 14.94741251 0.03088098613 23.40410032 9.909170546 5.70222775 -3.26
15.92323545 -4.60554632 15.92323545 0.03346518865 35.77451762 13.93565515 6.960821184 -4.04
11.54824874 -0.09752612321 11.54824874 0.0914747881 20.09388915 8.363062284 4.313544828 -2.83
11.59165999 -0.08409331495 11.59165999 0.08409331495 17.82188758 7.638888889 3.443107614 -2.25
13.25407333 -3.097250245 13.25407333 0.1009394404 25.19295042 9.893658343 4.900688998 -4.1
14.17636866 -1.913851386 14.17636866 0.1124646916 30.13839543 14.22673901 7.169568439 -3.33
12.69780966 -0.003070725204 12.69780966 0.003070725204 20.07428771 9.013510065 5.193808883 -3.67
11.79174248 -0.9303447203 11.79174248 0.4636053144 22.39594151 10.67928994 5.714861657 -3.8
12.13595569 -0.4394206436 12.13595569 0.004912131519 15.43905231 7.171193381 4.526590546 -1.95
12.9243571 -0.2336407503 12.9243571 0.2336407503 14.26539035 6.392832312 3.497007122 -2.68
12.42583911 -4.671101825 12.42583911 0.1865373594 23.98609872 9.728213203 5.274239033 -2.73
11.28740315 -0.9362626332 11.28740315 0.3444754854 22.86869872 11.01427081 5.73620334 -3.31
4.533139645 1.119444444 4.533139645 1.119444444 10.08892023 3.453383332 1.274213483 -1.09
11.56759259 -0.1244907407 11.56759259 0.1244907407 8.898055533 4.018926337 1.972137182 -1.68
13.9256058 -0.7949279559 13.9256058 0.04811400592 24.6179152 9.071838453 3.823969262 -2.41
13.08733323 -0.350098843 13.08733323 0.287212784 17.35864376 7.671353698 3.876402696 -3.06
13.49016975 -0.8929478237 13.49016975 0.2375750422 27.91225323 13.10545736 7.257069706 -3.11
12.58964873 0.2848722314 12.58964873 0.2848722314 16.07351318 6.548690345 2.657511575 -2.13
13.32824011 -0.6748350574 13.32824011 0.04645159941 20.48434202 6.938467403 2.641481819 -3.12
13.08828631 -0.172009447 13.08828631 0.172009447 24.32997263 10.71337842 5.264176069 -4.37
12.20389361 -0.1503495843 12.20389361 0.1503495843 11.9891193 4.551908462 1.938739185 -2.07
13.03026663 -0.9774386643 13.03026663 0.03067040459 24.7410083 8.733374666 3.336862228 -3.03
13.56004456 -3.893568358 13.56004456 0.03330370562 19.87740642 7.439018788 3.75066929 -2.42
13.93528601 -4.260563125 13.93528601 0.08307275301 26.09349825 11.83651918 6.825724779 -3.98
9.812551099 0.1216203704 9.812551099 0.1216203704 12.79567189 4.711471489 2.002899989 -1.22
10.86132554 -0.8127571355 10.86132554 0.08319770611 17.60782577 8.248781985 4.886569459 -2.21
12.6732174 -0.2204879119 12.6732174 0.2204879119 25.6663105 13.04482365 7.290801637 -3.42
13.10798801 -0.1690898888 13.10798801 0.1690898888 14.98456335 6.450367991 3.27934048 -1.93
13.3646122 -4.530281372 13.3646122 0.02894275959 25.22723475 9.841480229 6.56620811 -2.4
12.95674734 -0.294585118 12.95674734 0.01345500546 16.16484584 5.602714058 2.326057854 -3.32
5.261844114 0.3016905312 5.261844114 0.3016905312 18.99271592 7.356269805 3.544615385 -2
13.46548653 -0.1790577093 13.46548653 0.1757973349 20.54012339 8.374279267 3.811448593 -2.06
6.07316176 0.6211161234 6.07316176 0.6211161234 19.01070444 9.850304051 6.98154093 -0.32
5.734007228 0.3887037037 5.734007228 0.3887037037 11.7407515 4.496239342 1.761665202 -2.06
14.47166937 -1.122722606 14.47166937 0.03888572371 25.28672458 10.17940361 4.95147415 -3.37
13.03087502 -0.3399542485 13.03087502 0.2140850783 17.03592063 7.076871862 3.442617631 -2.4
6.079039666 0.002323279309 6.079039666 0.002323279309 22.74696328 10.07314382 4.76445222 -3.03
13.3063578 -5.137189627 13.3063578 0.1560305912 28.09694942 12.17226072 7.276696953 -4.48
12.07592923 -0.08257879266 12.07592923 0.08257879266 21.37081462 10.4404471 5.830131408 -1.34
11.65938409 -0.7695792316 11.65938409 0.01141797111 24.93886815 11.99165899 6.491255298 -3.17
13.8046461 -0.2965811471 13.8046461 0.2680632903 21.70523212 8.759776004 4.02653226 -3.81
12.16149156 -0.2745891697 12.16149156 0.2745891697 18.88261212 8.274085164 4.349362925 -3.46
5.973671576 0.06091143358 5.973671576 0.06091143358 22.19152285 9.396688177 4.301720964 -3.29
15.06620768 -1.573334101 15.06620768 0.01382133258 85.87432005 44.80410589 30.75275543 -12.05
8.728611111 0.2060185185 8.728611111 0.2060185185 5.446798906 2.052669548 1.138019489 -0.69
6.599596846 0.3437051046 6.599596846 0.3437051046 20.35811513 9.296638129 4.255376558 -1.55
13.25418632 -0.215967918 13.25418632 0.003761855043 21.88516798 9.436113745 4.497707378 -4.33
13.15939969 -4.51575826 13.15939969 0.06230090253 20.38551794 8.09011403 4.343895549 -3.89
11.92757602 -0.09490411792 11.92757602 0.09490411792 19.1696281 9.921903732 5.689366943 -2.6
11.60121174 -0.9634384524 11.60121174 0.32814067 17.74339664 7.873719102 4.118233704 -3.07
13.8058825 -3.877839954 13.8058825 0.06053648168 29.28673348 12.64892745 6.723789312 -2.7
6.550542087 0.02940086451 6.550542087 0.02940086451 18.91126412 8.293050426 4.053101513 -1.43
10.78407334 -0.7791944817 10.78407334 0.0008106762499 23.39431022 11.37760934 6.612924652 -3.27
12.9365203 -3.865605578 12.9365203 0.04135218562 21.28845753 8.292079728 4.385830582 -3.95
13.30973038 -1.283148395 13.30973038 0.09227334241 23.26116564 9.279204044 4.466913221 -3.49
12.18608342 -3.375187752 12.18608342 0.3331401714 22.203125 10.54338843 5.825792552 -2
14.5457262 -0.9902248061 14.5457262 0.01745365628 20.71729236 8.559943841 4.69103373 -4.01
13.75776098 -0.7481331885 13.75776098 0.03276580041 29.19892687 13.04202423 7.24540994 -4.79
12.8079129 -0.9088716459 12.8079129 0.0511173685 20.43426806 6.711918805 2.322480901 -2.76
11.72852196 -1.193736528 11.72852196 0.2298991227 18.4995715 7.143160995 3.924494837 -2.29
6.053115067 -0.5432146007 6.053115067 0.4390438771 15.58916079 5.855898317 2.720619124 -2.93
13.74686784 -0.4848500619 13.74686784 0.008392808535 26.48415328 13.09759809 6.723968704 -2.12
12.6839793 -3.42859053 12.6839793 0.05465906947 23.72839506 10.31804734 5.456314879 -2
13.60584388 -3.429688557 13.60584388 0.097171543 19.18837139 7.032722229 3.880580686 -3.14
13.32999766 -0.780135582 13.32999766 0.3290787982 18.99723628 7.585441277 3.413249642 -2.34
16.77743063 -2.232025883 16.77743063 0.0134614355 19.88698649 5.813749131 2.006131875 -1.41
11.13781512 -0.3837806674 11.13781512 0.02980872596 23.57607018 7.062331074 2.589623809 -1.3
12.88147668 -0.2902027555 12.88147668 0.05431358655 19.86986295 9.357008584 4.885475477 -2.88
6.241401185 0.4686575497 6.241401185 0.4686575497 17.11181782 7.125062449 3.244046773 -3.32
11.60967589 -0.7021137116 11.60967589 0.09523875901 22.20502975 9.335185185 4.302037061 -3.6
11.60089113 -0.7119336526 11.60089113 0.08271271735 23.67059723 10.1993809 4.73785225 -3.48
4.556286111 0.243268403 4.556286111 0.243268403 17.61521656 7.841843705 3.830443767 -2.79
6.297307714 -0.1016452811 6.297307714 0.1016452811 17.9481838 8.499674795 4.447124134 -3.44
10.75919011 -0.7291292382 10.75919011 0.2088074277 15.900403 6.721579519 3.300375354 -2.6
11.48786808 -0.1209155247 11.48786808 0.1209155247 20.02787337 8.321631709 3.763440302 -3.9
13.20868561 -0.2310363803 13.20868561 0.2310363803 22.83261114 9.366382054 4.821964888 -3.94
13.07620606 -0.4293942524 13.07620606 7.753100244e-05 25.56093357 11.8813795 7.208911168 -4.06
5.60116948 0.4327125826 5.60116948 0.4327125826 22.29053954 9.772929445 4.750834699 -2.51
14.15487954 -0.7515941253 14.15487954 0.0310853647 23.79519027 8.936078953 3.898185035 -2.93
12.06920717 -0.01344988996 12.06920717 0.01344988996 22.21276378 10.550172 5.830311131 -1.99
3.658320578 1.194444444 3.658320578 1.194444444 7.74 6.74 5.74 -0.26
13.37939018 -4.508386664 13.37939018 0.1977368836 25.7376486 11.03027834 7.57885478 -2.88
12.73279318 -3.85733017 12.73279318 0.04856968801 22.69497481 8.802226616 4.814626357 -3.49
13.44597821 -0.6490221088 13.44597821 0.08014455782 11.54262354 4.927886067 2.597195268 -1.94
13.98010992 -0.1089748216 13.98010992 0.1089748216 16.96937176 8.294029882 4.574413245 -1.87
11.54683452 -1.220257655 11.54683452 0.06285847628 20.20087768 9.593496516 5.477980586 -3.54
10.40723151 0.1550086795 10.40723151 0.1550086795 16.3633875 7.019486305 3.343878016 -2.11
13.44037479 -4.340906591 13.44037479 0.06478405766 25.65086065 10.78166236 5.641709577 -2.99
13.13296516 -0.1708526697 13.13296516 0.04684893705 23.77697303 9.860201659 5.251563399 -2.37
13.4714504 -1.089808431 13.4714504 0.1492896849 24.32997263 11.1324034 5.727560753 -2.37
2.125 1.163194444 2.125 1.163194444 4.74 3.74 3.74 -0.26
13.25292727 -0.8370560516 13.25292727 0.2526909227 16.03649498 5.930854014 2.559744642 -2.17
13.76131975 -0.8880818969 13.76131975 0.07265696436 17.77245377 7.460630412 3.967320014 -2.04
12.80105456 -0.5273148148 12.80105456 0.03803870622 15.86265203 5.715399812 2.520402986 -2.64
14.20306798 -3.925857202 14.20306798 0.2744733891 20.08445732 7.101403229 3.301854944 -2.84
13.43975046 0.1073146947 13.43975046 0.1073146947 18.92826245 7.713318792 3.282028784 -3.8
12.72912102 -0.8100758408 12.72912102 0.1364916338 21.04883626 10.20567582 5.669411708 -3.67
13.03986601 0.0779032826 13.03986601 0.0779032826 40.57939013 16.50356665 7.561490917 -2.92
14.64722319 -1.022970079 14.64722319 0.1094529309 21.66399479 8.642329805 3.993190857 -4.17
12.48194035 0.2098005125 12.48194035 0.2098005125 22.84939278 11.51011406 5.917731926 -2.33
12.95716 -3.738847435 12.95716 0.1853621557 21.20191255 8.601401574 4.671816773 -3.04
12.8994094 -0.3423370679 12.8994094 0.06042389233 25.94783202 12.71658927 7.193919736 -4.13
12.6476664 -3.489962184 12.6476664 0.0663714505 22.95558549 10.14927073 5.967580851 -2.22
12.6752052 -3.617652141 12.6752052 0.02922203394 23.21634357 9.50022398 4.850346922 -3.95
12.34520475 0.03200776442 12.34520475 0.03200776442 21.71141695 9.022561233 4.273167582 -3.12
12.82392765 0.02888792541 12.82392765 0.02888792541 18.87066761 7.28380134 3.502784916 -2.13
13.79541915 -1.36201916 13.79541915 0.2062480031 30.38016039 13.05612458 7.471868783 -4.08
13.18209093 -4.498013728 13.18209093 0.03124903652 19.00679024 7.247684529 3.683324767 -3.33
12.80617863 0.1120158704 12.80617863 0.1120158704 18.11958352 6.416586865 3.459199513 -1.26
13.05003313 -0.1142149352 13.05003313 0.1004594297 61.87977637 33.8067099 19.45095798 -7.18
13.79956694 -4.688892401 13.79956694 0.01233502352 23.90017805 9.327197856 4.314001205 -3.82
11.39713026 -0.4075521587 11.39713026 0.03864074292 27.71842685 10.11007577 3.880307605 -2.81
14.12106753 -3.047303497 14.12106753 0.0110205318 22.60813795 8.748900802 4.364275959 -3.58
2.608677721 0.7617705971 2.608677721 0.7617705971 12.68158878 5.748284074 2.815660317 -1.34
8.701111111 0.2492592593 8.701111111 0.2492592593 4.966627566 1.738120536 0.9041418956 -1.18
13.7279175 -4.016766788 13.7279175 0.05741173576 28.05835358 12.2662773 7.331165113 -3.96
12.56991946 -0.8124347014 12.56991946 0.09828056921 22.42487137 9.793961082 5.728143366 -3.77
10.73377173 -0.2309259259 10.73377173 0.2309259259 6.600277754 2.197100589 1.069995707 -1.1
11.49707062 -0.7202993748 11.49707062 0.1924084662 36.23638666 14.36328673 6.004683945 -2.12
12.57736493 0.089830307 12.57736493 0.089830307 18.34828052 8.778883922 4.457638982 -2.02
12.18385724 -0.8328212396 12.18385724 0.1147482048 16.1360647 4.946839839 1.79923358 -1.85
11.31835839 0.2980290474 11.31835839 0.2980290474 36.23638666 14.99539876 6.36075761 -2.12
10.6846284 -0.5092927783 10.6846284 0.3062143967 21.0481777 8.968221008 4.384903343 -2.82
14.02054848 -1.401388704 14.02054848 0.02171672533 25.34424213 10.67243349 4.808959438 -2.94
11.51190147 -0.1354839122 11.51190147 0.06535133593 19.6980439 8.857112762 4.589848742 -3.25
8.007648573 0.1289219577 8.007648573 0.1289219577 15.94645279 7.560773919 3.878183134 -2.93
13.60603244 -4.161347682 13.60603244 0.06432395335 29.23914039 13.46762976 8.088095755 -3.32
12.45737292 -0.1393490174 12.45737292 0.06461143421 12.29233429 4.735394314 2.010111972 -2.75
13.85409988 -0.298071018 13.85409988 0.152878886 17.56768392 7.416392412 3.961948356 -2.84
7.534937159 0.05339275216 7.534937159 0.05339275216 12.10276211 4.968365046 2.28601255 -2.95
13.25340559 -2.951035782 13.25340559 0.03004753044 22.22049951 9.55978476 4.659886064 -3.47
9.064442801 0.1535315526 9.064442801 0.1535315526 14.16008693 4.890282356 2.562757085 -1.79
13.79468893 -4.18262386 13.79468893 0.04414552247 33.49160694 16.00444588 10.33857534 -4.01
14.22865041 -1.159561209 14.22865041 0.02455711451 26.00570287 9.599614738 4.082016243 -3.62
9.991332541 0.1319000561 9.991332541 0.1319000561 19.47529182 8.262344372 4.108845789 -1.84
9.918926143 0.3827101049 9.918926143 0.3827101049 14.52709221 5.537694048 2.09509137 -1.06
11.88520617 0.09323059286 11.88520617 0.09323059286 20.46227789 9.336256669 5.031372214 -1.81
7.757156816 0.1518364798 7.757156816 0.1518364798 19.06988661 10.57292412 7.0992569 -1.26
13.54603852 -0.2134867806 13.54603852 0.2134867806 16.0231398 6.800214065 3.092631902 -2.47
12.07315194 -0.01004852942 12.07315194 0.01004852942 22.40558459 10.68609769 5.92097507 -1.79
11.0606323 0.5681980073 11.0606323 0.5681980073 20.9712207 9.685362819 4.717536318 -2.28
13.14529494 -0.1454285294 13.14529494 0.04563112385 17.70981918 7.224726801 3.215649433 -3.37
11.78206319 0.02882214216 11.78206319 0.02882214216 21.53675166 10.03823209 5.678622906 -1.17
12.86939012 -0.587627551 12.86939012 0.1402749433 15.28239993 6.648733236 2.842656173 -2.62
13.7865861 -0.4522154726 13.7865861 0.172195331 27.96690691 11.88515894 6.094863612 -3.58
10.9186855 -0.7449627548 10.9186855 0.1225663491 17.8112 8.392733564 4.542996214 -3
14.5657262 -0.9736958805 14.5657262 0.0300372984 20.91229428 8.687930145 4.775982996 -3.81
13.63627185 -0.3713877866 13.63627185 0.04217142934 29.52818302 13.83378005 6.661478634 -4.54
3.766684382 0.6881234778 3.766684382 0.6881234778 14.34200367 7.420192871 4.182044348 -1.6
5.841961962 0.4869206775 5.841961962 0.4869206775 12.64491875 5.035156312 2.223114455 -3.08
12.18085323 -0.7346496546 12.18085323 0.001382275132 16.54317137 6.42437927 2.608735779 -2.92
13.2035485 -3.895625889 13.2035485 0.0233989026 23.90972384 9.003752256 4.700709306 -4.81
12.24019324 0.04152397983 12.24019324 0.04152397983 14.70946517 4.949010816 2.034124718 -1.61
13.58632599 -3.789477018 13.58632599 0.0188565557 28.95373001 13.71418277 9.762656713 -3.28
14.47572985 -1.377386242 14.47572985 0.01401674328 82.66073283 40.10156768 24.53166453 -10.99
12.18550706 -0.10216833 12.18550706 0.10216833 17.57878114 8.228273399 4.436884719 -2.24
10.35959451 -0.9214210128 10.35959451 0.02239702311 13.5086146 4.192335472 1.599206103 -1.15
12.46359432 -1.626276795 12.46359432 0.02061018694 35.75849654 16.1463364 8.626873607 -3.09
13.32852452 -1.270054776 13.32852452 0.1128330761 21.2944765 7.911756721 3.513402314 -2.25
12.86505265 -3.391957299 12.86505265 0.02932401161 27.66881936 12.45600428 7.141935141 -3.36
13.10317809 -4.39382653 13.10317809 0.0354699704 28.69946665 11.96303263 6.741890343 -3.82
12.83075469 -3.666970092 12.83075469 0.03737686171 21.3942607 9.113755606 5.451259304 -2.84
11.30478637 -1.325823356 11.30478637 0.1323014298 16.64379236 7.392954609 4.309031436 -1.41
12.0135759 -0.2706005997 12.0135759 0.2706005997 17.48198187 8.160013239 4.197474262 -2.34
13.36272822 -0.8455669722 13.36272822 0.210238351 27.66881936 12.93375191 7.141935141 -3.36
12.73305772 -4.404435115 12.73305772 0.01800884866 24.21712824 10.45744804 6.782293539 -2.43
11.55320255 -0.09441158104 11.55320255 0.09441158104 17.94336278 7.368613597 3.632443208 -3.12
3.519092971 1.095092593 3.519092971 1.095092593 11.62030784 6.664326608 3.950731414 -0.86
13.58864444 -0.2336946211 13.58864444 0.09162041479 19.37005771 8.598279704 4.540316872 -1.95
13.79761277 -0.246012499 13.79761277 0.1788802891 24.86223259 10.36909161 4.671582553 -4.45
13.64686008 0.2041794743 13.64686008 0.2041794743 23.09920615 10.30645646 5.068128219 -1.66
12.88369613 -0.234215535 12.88369613 0.0601983036 22.12277537 9.957722445 5.521201263 -2.57
12.85406075 -3.266580201 12.85406075 0.05851400031 24.12934256 10.18865444 5.643159154 -2.58
12.99136208 0.0991718107 12.99136208 0.0991718107 19.24573475 8.515284029 4.486944843 -2.08
11.87606038 -0.08399826726 11.87606038 0.08399826726 15.90984179 6.372755557 2.93656365 -2.59
6.258979119 0.2469557823 6.258979119 0.2469557823 13.40619094 5.854138227 2.598405731 -2.26
11.91895154 -0.7650951824 11.91895154 0.2014229227 23.37093503 10.88593639 5.957582259 -1.79
5.976702622 0.3472034832 5.976702622 0.3472034832 10.92561023 4.025863854 1.632810783 -1.95
13.26593328 -0.1157700401 13.26593328 0.1157700401 21.9486354 9.549627262 4.619163069 -2.87
12.8820188 -0.199433744 12.8820188 0.1320192361 22.37607157 9.444195498 4.622275069 -3.42
4.505020786 0.5359072277 4.505020786 0.5359072277 14.12456043 5.612808025 2.440302748 -2.49
13.68823058 -0.3884138794 13.68823058 0.2463133359 21.51229275 8.221841271 3.437223106 -2.33
6.009856781 0.607011675 6.009856781 0.607011675 16.50906911 7.158061106 3.47065442 -2.66
11.39689372 -0.4219612302 11.39689372 0.09692483938 14.96811523 5.800330199 2.588807258 -2.59
9.590277778 -0.2453703704 9.590277778 0.2453703704 4.47 1.758184438 3.47 -0.53
13.16366839 -1.479071784 13.16366839 0.1227022871 26.21887965 11.35766101 6.820409917 -3.39
12.38362343 -0.2888213448 12.38362343 0.2888213448 23.82382041 10.79074873 5.49614586 -3.9
12.74019487 -4.309391904 12.74019487 0.01499417479 26.55293987 12.5945633 7.739385973 -2.05
13.20618062 -1.236165003 13.20618062 0.05155659486 19.47342646 7.436047443 3.054525029 -2.21
6.04147347 0.6988810171 6.04147347 0.6988810171 16.14757361 6.928164195 3.105727071 -3.05
13.91366798 -4.839227505 13.91366798 0.01488045372 25.31586991 9.345111387 4.275133729 -4.97
10.09454089 -0.2119577921 10.09454089 0.02788795803 21.75997854 11.24172064 6.266845502 -2.46
13.09652444 -3.73267886 13.09652444 0.2237214716 23.13906676 9.450901131 5.149412545 -3.03
11.02664949 -0.8440545084 11.02664949 0.4860075994 16.922119 6.654425587 3.29665435 -1.52
14.8455859 -4.286739095 14.8455859 0.01127699858 23.65125863 9.034357621 3.883271024 -3.5
12.96452425 -0.5919652578 12.96452425 0.06730536659 25.15857527 8.582756167 3.042010512 -1.83
13.17969652 -0.3025956843 13.17969652 0.2462874379 18.57051318 7.758870095 3.713684666 -3.45
13.43823209 -4.548788952 13.43823209 0.1283305083 25.62210203 9.375504515 4.709747781 -3.02
5.477157215 0.4086039369 5.477157215 0.4086039369 20.76948035 9.546593601 4.81514772 -3.49
12.3819169 -0.5909043152 12.3819169 0.274499863 17.25418777 7.215702212 3.150618246 -2.17
10.64132749 -1.015458504 10.64132749 0.191788768 21.10736435 9.258456601 5.255130766 -3.61
10.99192725 -0.7364388235 10.99192725 0.1278092022 20.91356955 9.645655503 5.426340411 -3.34
5.437265999 0.8333333333 5.437265999 0.8333333333 7.29 6.29 6.29 0.29
13.24168485 -0.451063318 13.24168485 0.09367252457 17.34914598 6.582605507 3.099275219 -1.07
13.59994443 -0.2284864602 13.59994443 0.1474898805 23.09920615 9.533850969 4.409305141 -3.66
14.06810098 -3.762607785 14.06810098 0.2608023449 27.43520261 12.29572024 6.827977839 -3.6
12.490151 -0.05637860082 12.490151 0.05023379105 15.85321534 6.337901629 2.57945084 -1.65
5.562420981 0.4778847386 5.562420981 0.4778847386 19.72629852 8.133097221 3.687400815 -3.22
13.12658463 -4.488900722 13.12658463 0.004528139804 24.04073491 10.80884196 6.444384474 -3.61
11.88800259 -0.2257735095 11.88800259 0.08899277155 19.50016646 8.619019111 4.344081635 -3.26
11.35351811 -0.7548031885 11.35351811 0.4023352605 21.95444721 12.18412454 7.723766422 -2.34
11.11911234 0.07458571325 11.11911234 0.07458571325 13.33444337 6.731296123 4.245434695 -2.1
12.59608397 -4.414015256 12.59608397 0.03758044113 21.27211691 8.772206169 5.48245826 -3.03
12.87143542 -0.5257798564 12.87143542 0.02756691527 23.56760168 7.981826691 2.867805549 -2.54
6.42701323 0.2389828824 6.42701323 0.2389828824 18.72984736 9.047170483 4.625574347 -1.62
11.65619494 -0.379089971 11.65619494 0.3180672477 16.61116209 6.260311973 2.648537052 -1.55
11.32838853 -1.309212827 11.32838853 0.1661809151 20.54185008 8.874853646 5.000102934 -3.19
13.79849148 -2.746661733 13.79849148 0.01704702751 22.53096382 8.359310248 4.880861178 -2.66
12.98625756 -0.5153021302 12.98625756 0.1518250014 20.30801656 9.175400792 5.093665679 -1.43
14.05047846 -0.6935328778 14.05047846 0.07549698668 26.59890072 10.84179398 4.930624605 -5.29
13.68986397 -0.8051666078 13.68986397 0.1729048763 28.8575501 13.77744202 6.887216546 -4.14
10.70342064 -1.004909979 10.70342064 0.3656934897 27.34761677 13.20822685 7.203524497 -3.69
12.57613284 0.08210695389 12.57613284 0.08210695389 13.75453783 6.483153085 3.207109187 -0.67
13.92353436 -3.886197638 13.92353436 0.1032048637 31.42620378 13.64256395 7.855548969 -3.51
7.852731482 0.07304566116 7.852731482 0.07304566116 24.55938888 10.46553348 5.354944445 -4.13
12.16696212 -0.3948479886 12.16696212 0.04963830915 16.0331778 7.622310556 3.729721988 -2.84
13.99388379 -1.080057944 13.99388379 0.01257911838 53.51399033 26.93139044 16.63956542 -6.44
6.314684184 0.1800918446 6.314684184 0.1800918446 15.68522815 5.471310687 2.260253376 -1.55
12.42108957 -0.7396758209 12.42108957 0.06170928865 15.29721282 6.338787742 2.950749036 -3.24
3.49267306 0.5662944067 3.49267306 0.5662944067 13.40619094 5.854138227 2.598405731 -2.26
13.81079279 -0.8368122035 13.81079279 0.08294323704 24.46411803 10.30645646 4.901083782 -2.66
13.46299104 -3.694401115 13.46299104 0.004303149861 22.71912114 9.897924158 5.38955339 -1.96
13.42475287 -1.133365971 13.42475287 0.1289238823 25.05519626 11.12713409 5.456187025 -3.05
13.12278912 -3.985320573 13.12278912 0.05977043441 24.76442189 10.1004151 5.497232806 -3.35
6.47711215 -0.1510578467 6.47711215 0.05505550831 16.1012821 5.967729473 2.271157713 -2.1
12.02841634 -0.2653872086 12.02841634 0.2653872086 16.99836783 8.315045667 4.826098383 -1.84
13.51779025 -0.2660615241 13.51779025 0.2085440449 23.49568479 10.22639616 4.532867156 -3.9
13.13361069 -0.967331113 13.13361069 0.07778325425 17.36814189 5.724452818 2.593314327 -2.05
12.15610891 -0.3055661972 12.15610891 0.3055661972 19.06002263 9.27509115 5.942104517 -2.27
13.36351869 -3.10276886 13.36351869 0.1108010337 31.20317765 14.10199583 7.544882911 -3.79
12.65099932 -4.370196483 12.65099932 0.2700736437 16.95056441 6.346464125 3.434177822 -3.49
9.131321846 -0.01937309662 9.131321846 0.01937309662 21.63049934 9.045707983 4.331903966 -3.89
5.492308201 0.6493055556 5.492308201 0.6493055556 5.917953425 2.09180245 0.8267603284 -0.83
6.205233568 0.07655223818 6.205233568 0.07655223818 17.08537039 8.378177393 4.631852552 -1.75
11.83179705 0.04860377117 11.83179705 0.04860377117 14.33975131 5.74416218 2.699599888 -3.26
13.34451354 -3.511553893 13.34451354 0.05522356241 23.264648 9.931514387 5.527929316 -1.9
12.63519742 -3.516350699 12.63519742 0.02074275055 21.33654635 8.686572621 4.707745626 -1.9
10.15331356 0.2586331045 10.15331356 0.2586331045 14.09651222 5.284764804 2.130628574 -1.52
11.02328704 -0.08212962963 11.02328704 0.08212962963 6.666022715 2.234082741 0.9909714402 -1.03
2.226851852 0.7916666667 2.226851852 0.7916666667 7.35 3.364392151 6.35 0.35
14.34740732 -0.8641799221 14.34740732 0.05899487585 18.43165257 7.10095401 3.6167904 -3.36
12.741539 0.1862795782 12.741539 0.1862795782 17.00746523 7.852029609 4.048218409 -1.43
4.144734449 0.5840806878 4.144734449 0.5840806878 14.27422968 6.423840171 3.077836559 -2.33
13.31599868 -0.565313251 13.31599868 0.1143816662 16.93160043 7.389778236 3.837213503 -2.51
13.10883183 -0.1809565277 13.10883183 0.01201137394 20.86553365 8.769999831 4.365103667 -4.39
12.36149773 -1.007615741 12.36149773 0.00796957672 15.64829611 4.98163825 1.994750971 -1.59
11.1737796 -0.4839112323 11.1737796 0.3822747016 20.85592721 10.07337278 5.599363877 -2.4
12.21379982 -3.206080603 12.21379982 0.02311331162 19.59013169 7.956094451 4.325485336 -2.72
9.842046248 -0.387596175 9.842046248 0.387596175 16.20264961 6.553841815 3.038944992 -2.28
6.349228395 -0.2277078609 6.349228395 0.06922760771 17.08537039 7.881805077 3.832303936 -1.75
12.29109094 -0.07683685785 12.29109094 0.07683685785 17.73884165 7.924337649 3.879915303 -2.66
13.494129 0.1239774584 13.494129 0.1239774584 18.51347532 7.463267587 3.182954145 -3.25
13.86731692 -1.048853299 13.86731692 0.067062433 38.47159783 19.16555614 12.21811937 -4.33
12.72589013 -3.736441633 12.72589013 0.003279518286 23.30329509 9.956932472 5.038321405 -3.86
6.639564398 -0.1913807744 6.639564398 0.1913807744 20.9712207 9.685362819 4.885347407 -2.28
13.27882735 -4.525679592 13.27882735 0.05733108029 22.46344749 8.660260581 4.311248921 -3.73
14.068851 -0.3153694255 14.068851 0.003418236122 25.36335941 11.40151921 5.526913965 -3.29
12.91402705 0.04111062005 12.91402705 0.04111062005 21.20911542 8.365054499 4.092807998 -1.65
13.71927471 -0.1160932844 13.71927471 0.1160932844 22.34133122 8.823679642 4.243164294 -1.13
12.44608859 -3.519754938 12.44608859 0.2141329745 23.07131233 10.62249911 6.446813729 -1.6
13.05552548 -0.7943693311 13.05552548 0.1231469554 16.53370553 6.102288267 2.699592223 -2.93
14.03838496 -0.5835915048 14.03838496 0.01649384291 19.38918862 7.829910015 3.823979728 -2.93
10.80315704 -1.00631445 10.80315704 0.4517217551 18.5092751 8.40049869 4.877353567 -3.28
6.086398967 0.6433541194 6.086398967 0.6433541194 10.81546916 4.441475409 2.282757956 -0.69
13.23423428 -4.750442269 13.23423428 0.0558108938 17.61521656 5.136937203 2.026898258 -1.79
13.80920922 -3.992063357 13.80920922 0.03149415177 27.37003611 11.11758034 6.007657893 -2.2
14.06546918 -0.1228990207 14.06546918 0.05629157218 21.96762057 9.561990616 4.626435445 -2.85
12.0248458 -0.262953869 12.0248458 0.1843827486 18.20532312 7.829161513 3.777417796 -2.17
11.96342208 -0.7272890108 11.96342208 0.007162806048 25.58376013 11.13309996 5.165009999 -4.06
11.16002052 -3.266302341 11.16002052 0.4503243864 14.20794636 5.227013597 3.117395775 -2.74
13.17466745 -0.9396092662 13.17466745 0.03646111024 22.42922853 7.862450248 3.081962194 -2.77
12.59622955 -0.02131147345 12.59622955 0.02131147345 19.99238513 8.210396975 4.167177687 -1.3
11.65635071 -0.2824123708 11.65635071 0.2824123708 19.29598277 9.461367149 5.500530746 -2.47
6.846615506 0.7994269652 6.846615506 0.7994269652 16.70414966 7.240946354 3.473700178 -1.75
12.95801329 -0.1590115194 12.95801329 0.1590115194 18.40254782 8.814687039 5.289729663 -1.39
11.34584199 -0.1043546863 11.34584199 0.1043546863 11.56412898 4.823126731 3.273629291 -1.51
5.8709882 0.6924143938 5.8709882 0.6924143938 19.90879458 9.910993617 5.113643813 -2.84
11.46291585 -3.249562877 11.46291585 0.6185490959 22.5502561 9.877602795 6.203185121 -2.64
14.99676842 -4.889801717 14.99676842 0.02499661634 25.80427146 9.174251305 4.891341489 -4.83
13.32861094 -0.5095167849 13.32861094 0.1675419836 22.82659076 8.337910333 3.252328902 -2.34
14.24749613 -0.8208964628 14.24749613 0.01015150454 26.75620626 11.5746379 5.467447561 -2.45
11.30994912 -0.5932766067 11.30994912 0.2123279373 15.02297552 6.078787707 3.010264524 -2.89
13.10569789 -0.08951037197 13.10569789 0.08951037197 39.43690685 16.98511323 7.622303312 -2.7
12.27415308 0.03942804887 12.27415308 0.03942804887 22.19553004 10.11624007 5.487090801 -2.61
14.15105151 -0.9988061986 14.15105151 0.1896153278 21.98660686 8.840550089 4.223409289 -3.83
13.29294323 -0.2531499439 13.29294323 0.2531499439 18.80048518 8.603051676 5.0209126 -1.98
12.97169737 -3.811153072 12.97169737 0.1058332622 23.76730156 9.468474881 5.228571732 -3.38
13.20901399 0.04227366255 13.20901399 0.04227366255 16.85269917 6.703578194 2.904131754 -3.29
12.50899392 -0.4856578892 12.50899392 0.1633992339 23.01351912 10.63762068 5.801991782 -3.16
13.01664004 -3.524751879 13.01664004 0.08798614369 20.05481511 8.547978443 4.59600053 -1.69
11.99464902 -0.7931481142 11.99464902 0.04639042233 21.75035015 8.949826295 4.589136585 -4.47
13.23533532 -3.913553486 13.23533532 0.03944946861 22.78182845 8.855658169 4.562268575 -3.4
13.1110064 -3.08536081 13.1110064 0.1437560889 22.71841874 9.294905078 4.778079193 -4.06
12.94380454 -3.755417257 12.94380454 0.1643984368 21.20191255 8.601401574 4.671816773 -3.04
13.30700975 -1.028947992 13.30700975 0.06641651042 26.70035603 12.17876436 7.054462781 -2.9
13.62292007 -0.3533174826 13.62292007 0.008476867599 23.73828828 11.14263373 5.570199066 -2.41
14.45836461 -2.050653245 14.45836461 0.004402745215 117.4664513 58.55772915 42.40538187 -11.7
12.66063199 -0.3084983734 12.66063199 0.04735321292 22.62328748 10.40490263 4.856932182 -3.16
11.18397319 -3.271594223 11.18397319 0.4974488332 16.32274793 7.815819042 6.153280625 -2.05
15.03189452 -4.875747956 15.03189452 0.09200995743 27.75644587 10.47582778 5.76801112 -4.27
12.74432055 -0.4258904757 12.74432055 0.03595639771 21.52896018 9.201904887 4.969289547 -2.7
12.59962845 -0.3603533636 12.59962845 0.03762066169 19.37005771 6.832483987 3.244227651 -2.95
13.35023991 -4.116368418 13.35023991 0.07940331843 26.28764721 11.88805088 7.328809598 -3.32
12.18815808 -0.07386817981 12.18815808 0.07386817981 20.01587217 9.461146284 4.953158434 -2.73
13.76849179 0.06394669918 13.76849179 0.06394669918 20.52811019 9.011402474 3.940295133 -3.37
13.4164455 -0.5040656908 13.4164455 0.05351173463 24.84149636 9.5599518 4.524861558 -2.835064935
12.04008469 -0.766559309 12.04008469 0.1813128976 23.37093503 10.88593639 5.957582259 -1.79
13.31887176 -4.80439265 13.31887176 0.01085976038 21.31225977 8.952071006 5.145880656 -3.4
12.45693526 -0.8500449333 12.45693526 0.02986933995 25.28792487 11.74864972 6.052981421 -3.81
4.904996952 0.4559344195 4.904996952 0.4559344195 17.81254624 7.287919504 3.356196388 -3.26
13.73240442 -3.907747361 13.73240442 0.0256725361 28.31166413 12.43747797 6.29320169 -2.7
14.07375008 -0.5769505858 14.07375008 0.03893518519 14.22709283 5.578663667 2.47098306 -1.72
12.76320081 -4.540000384 12.76320081 0.0732659534 23.42891971 9.636275654 5.437475704 -4.73
12.99729143 -0.7524774489 12.99729143 0.3273951542 25.37443914 12.84714286 7.956441904 -3.25
12.41947232 -1.125117831 12.41947232 0.2327258125 19.69153729 7.723042527 4.509314059 -1.63
12.96550973 -3.508358844 12.96550973 0.3403733749 18.37968702 8.231067346 5.271067856 -0.96
12.34140936 -0.09323409686 12.34140936 0.09323409686 22.24981966 11.08759117 5.799516082 -2.44
12.8102414 -0.4290852025 12.8102414 0.05382525298 25.45283184 11.86394942 5.942936844 -3.64
13.46656943 -3.707993457 13.46656943 0.07539582808 19.70746176 6.891830689 3.015404466 -3.24
13.06477986 -0.5435303288 13.06477986 0.01154761905 18.74222749 9.059280511 5.227407384 -2.04
13.15389388 0.03488342873 13.15389388 0.03488342873 26.13010628 10.46172119 5.11615285 -3.11
15.96667558 -0.7292090524 15.96667558 0.03425774025 26.53070331 11.68029055 6.054064639 -4.53
13.03081664 -0.1695894084 13.03081664 0.026744701 23.62225216 12.64083579 7.495190995 -2.53
13.108553 -0.01138558201 13.108553 0.01138558201 17.27878543 7.558497412 3.436054868 -1.55
12.94236871 -4.635649443 12.94236871 0.06319734832 30.39423278 14.19865402 10.5879799 -2.83
10.90026219 -0.23319161 10.90026219 0.23319161 7.600932428 2.779864721 1.308641843 -2.04
13.99286135 -1.268048826 13.99286135 0.09943500618 33.92935929 14.5583987 7.417016917 -5.42
5.92454806 0.5277577265 5.92454806 0.5277577265 11.52589269 4.27576146 1.887465732 -2.56
14.42475778 -0.5679275775 14.42475778 0.009207550103 22.19348644 9.234168127 4.316406816 -3.01
6.091872008 -0.5348601663 6.091872008 0.09456790123 14.0185455 6.164208984 3.330091332 -0.4
13.63582875 -0.3879024943 13.63582875 0.08284308309 23.78664469 10.71225053 4.926960883 -3.36
13.34419751 -0.09933205296 13.34419751 0.09933205296 16.86523825 7.346271503 3.98747078 -1.58
10.1388348 -0.4745823885 10.1388348 0.3234259259 15.37854485 7.654871909 4.019626114 -1.52
13.98071045 -0.8872257444 13.98071045 0.07050492644 17.98626339 6.642165355 3.410879354 -3.4
12.66468264 -1.145909092 12.66468264 0.01981736192 21.07693723 8.907011382 4.448768834 -4.17
5.828741005 0.7168800813 5.828741005 0.7168800813 24.57901943 10.19199562 4.799763953 -2.75
13.22448106 0.100322143 13.22448106 0.100322143 18.40301882 7.397071893 3.238333538 -3.37
6.562512673 -0.2420741517 6.562512673 0.2420741517 17.70079701 7.898926982 4.016801751 -2.7
13.23945454 -1.589899334 13.23945454 0.0006133658442 21.1730685 7.562945232 3.029944312 -4.07
12.8291802 -0.2410128657 12.8291802 0.2410128657 27.91225323 14.15579987 7.938557453 -4.11
13.11321558 -5.403488969 13.11321558 0.1410352317 33.2783691 13.7223482 7.494257748 -3.09
9.912984237 -0.004551545754 9.912984237 0.004551545754 23.51180005 11.46364833 7.488864437 -2.15
13.07362903 -0.4365161643 13.07362903 0.05514097277 25.16433993 8.716949009 3.152156754 -2.57
4.378335797 0.8511477593 4.378335797 0.8511477593 15.9368182 8.064895952 4.780870097 -0.94
12.26190791 0.05696592158 12.26190791 0.05696592158 19.26485819 8.96042523 4.682905591 -3.06
13.46856763 -0.2501592026 13.46856763 0.1538373063 14.1983737 5.560848 2.811668146 -2.75
5.359752352 0.8669726674 5.359752352 0.8669726674 16.51541937 9.077265762 5.657061737 -1.34
13.30846247 -4.559846393 13.30846247 0.2717592422 29.05260423 12.49216363 7.178906128 -2.94
13.48249827 -4.001051351 13.48249827 0.007485722684 19.28398278 7.088683781 3.540775828 -3.04
13.37576113 -3.955310404 13.37576113 0.02428949358 24.63846761 10.84565945 5.96341254 -3.48
13.77421298 -0.1495363006 13.77421298 0.09691176996 19.79751588 7.925420837 3.563434118 -2.86
12.96432372 -4.544331578 12.96432372 0.0107856198 14.42955284 5.186683686 2.785575667 -1.98
6.056010015 0.6279845889 6.056010015 0.6279845889 13.19549064 6.575910495 3.2 -1.8
13.77698109 -0.6281890041 13.77698109 0.04730940833 18.41501854 7.966212724 3.858492156 -1.95
5.644104781 0.4599753296 5.644104781 0.4599753296 13.6274846 7.594448503 5.143877551 -1.8
8.254155592 0.5225862309 8.254155592 0.5225862309 20.50066402 9.822140044 5.643848756 -0.77
12.89678399 -3.814528701 12.89678399 0.1207497105 24.50140076 10.65100161 6.672774994 -3.14
12.26515227 -0.1671492339 12.26515227 0.1671492339 20.99043971 10.16889115 5.267770729 -3.26
6.006178047 0.3901763855 6.006178047 0.3901763855 18.75193656 8.111892896 3.599961948 -3.03
13.65316432 -3.765376229 13.65316432 0.02063822658 29.72277878 12.22932052 6.341956694 -3.76
2.549814815 1.087308673 2.549814815 1.087308673 15.22194106 6.291454081 2.571187973 -2.32
11.36225648 -0.7186146936 11.36225648 0.4519354686 16.75976297 6.346363426 2.78168327 -1.39
12.87274541 -0.2798080581 12.87274541 0.1206039769 21.83946096 11.35729097 6.592659542 -2.86
6.135678534 0.4901150464 6.135678534 0.4901150464 51.74547175 27.28641433 14.97367456 -6.6
14.88659075 -3.680232438 14.88659075 0.02677380561 25.34153661 11.0954018 7.041583385 -3.92
5.952294501 0.3150996625 5.952294501 0.3150996625 19.21705176 9.392502294 4.648794983 -2.11
12.60915403 -0.281609886 12.60915403 0.08591988956 16.62044612 6.564286565 3.055889409 -2.54
10.81005548 0.3466969797 10.81005548 0.3466969797 18.93637808 7.645059826 3.096660941 -1.06
11.01516204 -0.1007407407 11.01516204 0.1007407407 6.666022715 2.234082741 0.9028131691 -1.03
12.50453053 -4.448407583 12.50453053 0.03153439153 18.05451194 7.080042137 4.163245243 -2.29
14.52697484 -4.96703042 14.52697484 0.0594917643 28.53551988 11.11701992 5.763633446 -3.99
13.29796074 0.05668962351 13.29796074 0.05668962351 18.72054157 7.194950872 3.121432674 -3.29
13.18314944 -4.428845659 13.18314944 0.07959139057 21.39856555 7.847004077 3.793423915 -2.45
13.24849001 -0.7285001511 13.24849001 0.08038697591 26.42380275 11.17709595 6.025046261 -3.64
12.78471098 -3.216786942 12.78471098 0.02582598813 22.79147988 10.03904649 6.103962495 -3.39
13.21378265 -0.3647285381 13.21378265 0.1107620903 23.90972384 10.84854118 5.715341482 -2.81
14.26452403 -4.724171033 14.26452403 0.01784134701 28.44968231 10.25053152 4.918716797 -4.67
11.92959246 -0.730024701 11.92959246 0.006284891096 25.0951976 10.81331967 5.277917993 -3.57
5.515393297 0.9218166847 5.515393297 0.9218166847 20.75027266 9.998497897 4.790758251 -2.51
12.7824864 -4.379294078 12.7824864 0.173038768 25.22723475 10.68586964 6.344376755 -3.4
12.18960808 -0.05617630385 12.18960808 0.05617630385 13.84963564 4.728196006 2.037591041 -1.55
6.154884968 0.9291458281 6.154884968 0.9291458281 13.35035264 5.467355297 2.35733966 -2.32
11.77004965 -0.2993956889 11.77004965 0.1672129078 21.45542383 8.514869503 4.034715235 -4.39
11.99014839 -0.3891603906 11.99014839 0.1902295619 24.54982724 8.75784187 3.647000967 -1.14
10.66897768 -0.9118391492 10.66897768 0.09670897371 16.0813689 7.188521791 4.144938192 -1.79
12.53628103 -3.735485651 12.53628103 0.1335001719 25.10367347 11.16 6.780435367 -2
12.68082866 -0.3251002824 12.68082866 0.07411483093 19.27654134 8.936757084 4.814637973 -3.49
6.289205214 0.4130318386 6.289205214 0.4130318386 22.83815951 10.17640309 4.877262434 -3.6
12.97646026 0.004056403553 12.97646026 0.004056403553 17.73884165 7.526593795 3.59956826 -2.66
13.38877838 -0.2633241681 13.38877838 0.05800616234 18.38641463 8.360054555 4.461209042 -2.98
11.20061831 -0.7483051911 11.20061831 0.05346555844 20.20327948 7.977220157 4.107191119 -3.08
13.76157881 -3.78865211 13.76157881 0.003756603779 36.35912472 16.45060951 10.47540486 -4.11
12.83270454 -0.3574711829 12.83270454 0.3124893293 17.0454065 6.40241936 3.105637455 -3.39
4.751956727 1.060836168 4.751956727 1.060836168 13.06212821 4.869587301 2.269726848 -1.94
11.12921374 -0.5222217498 11.12921374 0.2038177385 25.72165533 9.372835289 3.71930281 -3.75
13.01069062 -0.03659117606 13.01069062 0.03659117606 18.69166834 8.147990042 3.80354781 -2.66
10.57706302 -0.4104418619 10.57706302 0.4104418619 22.10674915 10.47561968 5.201411561 -3.1
12.11658631 -0.2710886983 12.11658631 0.2561335239 19.26485819 8.96042523 4.682905591 -3.06
13.10468044 -0.3472005942 13.10468044 0.03033935265 23.59484042 8.218994123 3.654928278 -1.14
12.18201188 -0.2166458806 12.18201188 0.1288916053 12.10901138 4.426629423 1.790567562 -1.66
13.22002553 -0.5472223424 13.22002553 0.150685541 21.18257023 7.847950003 2.879598394 -2.37
12.37975102 -0.3930541171 12.37975102 0.1330471973 23.24532564 10.79850586 5.519457158 -1.92
13.34952083 0.02541609275 13.34952083 0.02541609275 20.22596976 8.100080245 3.611907068 -3.69
12.47540588 0.0770989229 12.47540588 0.0770989229 12.99548023 5.168849364 2.363443688 -2.01
12.68842411 -3.819000863 12.68842411 0.1455635492 21.76132801 9.251198679 5.566181068 -1.94
10.75905884 -0.8380953542 10.75905884 0.01891338005 23.36127159 11.36590962 5.75696957 -3.8
12.58215756 -4.142039817 12.58215756 0.03043399058 22.20095348 9.546593601 5.55792964 -2.49
6.755524376 -0.2584056122 6.755524376 0.2584056122 21.63554497 10.16226167 4.926200274 -3.2
12.28102187 0.2644595891 12.28102187 0.2644595891 24.25110201 12.54583371 7.050734949 -1.88
13.38225503 -0.3441097658 13.38225503 0.2807950467 22.58884316 11.31983266 6.452984429 -2.6
13.47289046 -1.180364643 13.47289046 0.1092211562 18.38314577 8.313148521 5.279753467 -3.41
12.98662002 -0.9925076112 12.98662002 0.09548889656 20.47363798 9.290559986 5.856028746 -3.26
13.0178926 -1.003084684 13.0178926 0.01725785798 23.66966147 8.282786959 3.341007182 -3.43
6.426845745 0.1941154888 6.426845745 0.1941154888 17.68528896 8.303540111 4.70015588 -1.13
14.23810876 -0.306708117 14.23810876 0.306708117 20.86578365 8.573299249 3.61996848 -3.71
12.4297073 -3.466943602 12.4297073 0.316039752 20.16492551 8.320162073 4.561563674 -2.12
13.40657459 -4.714686769 13.40657459 0.02446948441 20.64905805 8.113866179 4.846337017 -4.08
12.6502153 -0.311999979 12.6502153 0.04769269127 19.21822195 9.404659118 5.227901637 -1.55
13.31845398 -0.5232209988 13.31845398 0.264601048 22.10674915 10.01419586 5.201411561 -3.1
11.11046347 -0.4883595662 11.11046347 0.3772619884 18.39284668 8.807724949 4.821866846 -2.4
13.69061474 -1.720499027 13.69061474 0.0609989793 25.30588201 8.891376568 3.618254036 -4.35
12.65902776 -4.453092898 12.65902776 0.1411487216 23.57769107 9.86953491 6.969009978 -2.7
13.25849001 -0.7185001511 13.25849001 0.132589896 25.02818363 10.38409035 5.542343032 -3.64
12.58453094 -0.9991346188 12.58453094 0.01736365276 21.14527956 7.826722352 3.468055625 -2.41
13.2154676 0.112583008 13.2154676 0.112583008 21.70193194 9.016583001 4.121837016 -2.13
13.01848174 -4.388986231 13.01848174 0.094622055 20.43349098 8.119908712 4.057783216 -2.84
4.504327129 0.8396992164 4.504327129 0.8396992164 13.62974879 5.314089124 2.377119927 -3.02
14.80912597 -3.02794422 14.80912597 0.007858155353 25.07458664 10.29933674 5.018052381 -3.03
13.66920122 -0.3681542869 13.66920122 0.00640493774 20.87514034 9.619210114 5.019879053 -2.38
12.74137932 -0.3430166808 12.74137932 0.2741049963 20.67930435 8.378616984 3.555752903 -3.21
14.73819671 -1.235838091 14.73819671 0.01999618279 52.5634091 25.01340777 16.42604684 -6.06
12.28308719 -4.984463464 12.28308719 0.02201334373 21.75662995 8.223576019 5.726491875 -2.54
13.35849413 -0.2900221063 13.35849413 0.1489858153 17.56768392 7.416392412 4.121495463 -2.84
12.17065912 -0.4261267471 12.17065912 0.1604810614 22.84212889 8.379022154 3.988848442 -3.93
2.573841152 1.060277778 2.573841152 1.060277778 13.30515172 6.709135059 4.561807884 -0.13
12.64738355 -0.8095076628 12.64738355 0.2272050892 24.32494376 11.51717747 6.828004296 -3.32
13.20504034 -0.2157034978 13.20504034 0.2157034978 24.7741119 10.93707055 5.650953869 -2.34
13.81531659 -0.2649809722 13.81531659 0.06051002037 22.34133122 9.148231673 4.002258252 -4.13
6.09123774 0.8111820795 6.09123774 0.8111820795 14.69397297 7.173638758 3.889779013 -1.71
6.192489511 0.3816820988 6.192489511 0.3816820988 14.89815622 5.99954982 2.962366294 -1.02
11.56834661 -0.03474895282 11.56834661 0.02274138002 19.03545387 7.978505253 3.936313413 -2.3
13.34646824 -0.3297069126 13.34646824 0.2239846834 19.82120271 8.392366797 4.495200226 -1.93
6.029615693 0.7279791824 6.029615693 0.7279791824 15.07099845 7.968230566 4.325662966 -1.84
13.0858956 -0.9936432062 13.0858956 0.1595015706 29.28813551 13.63472127 7.346174169 -4.21
13.68353363 -0.5743433485 13.68353363 0.007863835349 19.15990995 8.387402383 4.760218827 -3.61
13.30806551 -4.478911739 13.30806551 0.03355289955 20.36633053 7.731468405 3.776860477 -2.91
9.403269751 -0.02619470228 9.403269751 0.02619470228 14.8311391 7.275783936 4.200881947 -2.57
15.72534568 -4.645639686 15.72534568 0.01334340035 33.32693201 12.98923857 6.451759386 -4.04
13.64094439 0.1004038066 13.64094439 0.1004038066 18.40184975 7.653369268 3.450408204 -2.63
12.58572495 -3.744629396 12.58572495 0.1156658498 23.84478974 10.6724834 6.584575333 -1.81
5.816860294 0.7575617284 5.816860294 0.7575617284 10.96072883 4.991946081 2.973248867 -1.54
12.52575019 -0.07538802699 12.52575019 0.07538802699 19.5709889 8.324457758 4.168214688 -2.74
14.95697502 -1.266359009 14.95697502 0.005032812664 18.48016498 7.929725913 4.863341516 -1.31
13.01585462 -0.9191392248 13.01585462 0.02724987693 20.77345012 7.217342047 2.78431313 -2.57
11.51943121 0.032228339 11.51943121 0.032228339 20.66385042 9.474136703 4.927127944 -2.6
10.06635682 -0.2982089416 10.06635682 0.2982089416 17.756507 7.253427793 3.336894881 -3.32
13.13873538 -4.608935913 13.13873538 0.004400420407 26.37606996 10.57963875 5.887779489 -3.23
9.698703704 0.05782407407 9.698703704 0.05782407407 8.816814597 3.287012311 1.31565997 -1.46
11.02131973 -0.7353531343 11.02131973 0.1255384566 20.41430099 8.87719681 4.487033715 -2.86
13.38799456 -3.111330363 13.38799456 0.0974428746 30.15924287 13.00286161 6.637009131 -4.88
13.60101655 -3.924529826 13.60101655 0.003682823664 25.68920839 10.43076675 5.509297644 -4.95
14.32728971 -0.7840874929 14.32728971 0.0216345876 20.79829374 8.347504307 4.086337955 -3.46
11.52441913 -0.8432277708 11.52441913 0.03462376527 25.23883476 11.75260575 6.46622352 -4.42
13.3788254 -4.839946589 13.3788254 0.05946035425 25.46253372 9.437458514 5.464460735 -4.63
9.273926074 0.3370936859 9.273926074 0.3370936859 22.12602258 10.48916367 5.591499649 -2.08
12.55684335 -0.9919789305 12.55684335 0.01948696145 17.31587166 5.262835482 1.850012436 -2.38
12.48934717 -0.0007133408919 12.48934717 0.0007133408919 19.40832068 8.623865585 4.745949104 -2.91
13.14005141 -0.505967918 13.14005141 0.07228997592 22.03407751 10.00782767 4.915544841 -3.78
11.72501653 -3.854192177 11.72501653 0.07166666667 13.10648936 4.914723733 3.001498439 -1.96
14.24817873 -0.9086999252 14.24817873 0.0180804884 34.31044556 14.23229324 6.923729809 -4.145064935
12.17016483 -0.3657599872 12.17016483 0.3657599872 21.11538686 10.25780885 5.324292353 -3.13
13.95819347 -1.076793036 13.95819347 0.06852823266 24.33952899 8.63825606 3.58598338 -3.36
12.59584646 -4.254610816 12.59584646 0.1602851188 19.65579387 8.282656736 4.993189247 -3.1
4.560766981 0.7603785133 4.560766981 0.7603785133 17.07593328 7.522515397 3.436114968 -2.05
12.72120586 -0.9038783723 12.72120586 0.1552791901 27.70689514 13.00191206 7.218778795 -4.85
13.03626599 -4.004816 13.03626599 0.052435483 26.22870328 12.36034965 7.842641154 -4.38
10.65114292 -0.3884770327 10.65114292 0.3884770327 17.80543285 7.968865787 3.88669072 -1.59
6.666018519 0.04648715042 6.666018519 0.04648715042 14.92114765 6.463714556 3.059847203 -1.64
4.765438496 0.5063846634 4.765438496 0.5063846634 17.98626339 8.526154368 4.300495243 -2.4
13.65116685 -0.4156572701 13.65116685 0.003759101507 28.37013286 12.03824756 6.317777192 -2.64
12.00611173 -0.916616752 12.00611173 0.2371374118 21.79849432 10.25958427 5.258920523 -2.42
13.08525416 0.2435648148 13.08525416 0.2435648148 14.58157465 6.608742951 3.128860582 -1.35
11.22321792 -0.1338144381 11.22321792 0.1338144381 18.06243844 7.73614269 4.150385083 -3.32
10.62790413 -1.015563949 10.62790413 0.1927532742 20.13270996 9.053906802 5.221661842 -3.61
6.201881971 0.3477530922 6.201881971 0.3477530922 15.6739988 7.369889815 3.795101607 -1.84
11.60554959 -0.9269872667 11.60554959 0.244651229 22.4140929 9.468474881 4.530821745 -4.38
13.51007633 -0.4922280057 13.51007633 0.001691366251 27.48550576 12.40098378 6.054490595 -4.08
13.90370389 -0.2324012235 13.90370389 0.2324012235 15.96648331 7.150647226 3.302962981 -1.53
11.84459635 -0.3293534278 11.84459635 0.3293534278 18.54854092 7.667499948 3.641751265 -1.81
11.39334465 -0.9392294096 11.39334465 0.3392427693 21.83701371 9.005238888 4.601748866 -3.38
13.99068611 -1.279927424 13.99068611 0.02902789794 26.68975312 11.53173252 5.167813045 -3.52
10.3978114 -0.4953866464 10.3978114 0.1653216937 18.61738648 7.788260371 3.638440731 -2.4
12.11919538 -1.178882931 12.11919538 0.01143657347 27.82244008 12.19954497 6.538667251 -4.73
13.36635151 -0.7993310911 13.36635151 0.1332092641 21.27540933 8.405301413 3.889108043 -3.58
13.51685715 -0.1941147251 13.51685715 0.1941147251 20.7913069 7.910044281 3.535607681 -2.79
14.74919498 -1.710362999 14.74919498 0.02075690186 46.03290836 20.14058409 11.71333907 -6.48
12.79287277 -4.418575947 12.79287277 0.08648341049 17.18773834 5.627757989 2.746665538 -1.24
13.86530653 -1.061603424 13.86530653 0.005834350625 28.34089792 11.60327398 6.305484425 -4.67
13.20497042 -0.232137515 13.20497042 0.232137515 18.5008473 8.437666044 4.016756337 -2.86
12.23063334 -0.03879820112 12.23063334 0.03879820112 17.98626339 8.526154368 4.118270868 -3.4
8.149583333 0.28375 8.149583333 0.28375 5.7 4.7 3.7 -0.3
12.2625309 0.003683078552 12.2625309 0.003683078552 17.1023294 7.119032877 3.337438164 -2.33
12.74757759 -0.3352906553 12.74757759 0.1590843896 19.65714022 8.380483309 4.202279059 -2.65
14.80786103 -0.8151208125 14.80786103 0.08006385425 24.56097189 10.79352583 5.749330184 -3.56
12.97651079 -0.7532780187 12.97651079 0.08639429537 19.12146073 8.432532044 3.831239971 -2.21
11.02330747 -0.2125914116 11.02330747 0.02136420334 16.4958461 7.105352337 3.394104887 -1.97
12.84203742 -0.1901697123 12.84203742 0.1901697123 17.86860051 6.99921875 2.804542251 -1.2
14.37142689 -3.319097037 14.37142689 0.03300166684 23.34536175 10.32695957 5.88462581 -3.32
13.69639289 -0.387405323 13.69639289 0.0353770236 21.43274162 9.557117995 5.099457966 -2.8
13.33130338 -1.027192933 13.33130338 0.08844419249 19.23617346 7.385943916 3.201004398 -3.09
12.52404463 0.09388348241 12.52404463 0.09388348241 15.59017835 6.85537024 3.536708945 -1.3
13.51366561 -0.9194122849 13.51366561 0.1118989338 15.56131006 6.423840171 3.373122964 -2.33
14.3304825 -1.363079451 14.3304825 0.0008342302547 41.87446847 19.53799955 11.61774117 -6.28
13.14769361 -0.2588815301 13.14769361 0.07388605442 17.58846243 6.583206111 4.061719639 -2.23
6.349962227 -0.110156346 6.349962227 0.110156346 18.33629274 7.968145865 3.751532636 -3.7
14.12068242 -4.73462935 14.12068242 0.09616624221 30.48770274 13.0127271 7.246082276 -3.47
12.93896214 -0.7847645084 12.93896214 0.04260274943 19.82973894 8.745132565 4.368758722 -2.49
11.40623855 -1.307098417 11.40623855 0.5082072173 27.41573812 11.83481885 7.022968324 -3.62
13.77543901 -0.473588396 13.77543901 0.2731490055 22.97540465 9.828885765 4.877069579 -1.79
11.15027818 -1.279389354 11.15027818 0.4929847633 22.50398317 10.22358454 6.408440344 -4.18
12.4579922 -3.50750608 12.4579922 0.04821746289 20.61007087 9.38569654 6.187505497 -1.12
12.45256267 -0.4818125984 12.45256267 0.1340800309 23.72861756 11.62984635 6.124205432 -3.42
5.256579531 0.8403878639 5.256579531 0.8403878639 23.632994 10.66265338 5.436454044 -3.1
13.25513364 -0.09254346183 13.25513364 0.09254346183 18.65489205 7.156197935 3.2955883 -3.36
14.33564442 -0.6027078609 14.33564442 0.3092276077 17.01769988 7.834576331 3.803355707 -1.82
13.50404399 -0.2371254718 13.50404399 0.00909386951 26.24561839 11.57025405 6.021516166 -5.37
13.2642029 -1.75356949 13.2642029 0.05016653162 28.86924728 14.25627295 10.0910801 -3.365064935
13.74296958 -4.559880639 13.74296958 0.08124978849 25.81619974 11.08354195 7.0902115 -3.8
12.99500839 -0.0523118645 12.99500839 0.0523118645 20.60624687 9.004325328 4.263366559 -2.66
9.073747045 0.1385117867 9.073747045 0.1385117867 14.04977569 5.567361549 2.516741652 -2.57
11.7783251 -0.0004024683044 11.7783251 0.0004024683044 19.39685735 8.658392256 4.021909218 -2.57
14.23812768 -1.260914352 14.23812768 0.114563912 19.76246681 8.06476767 4.244076188 -2.54
13.85485295 -0.508938208 13.85485295 0.1425449316 22.78182845 10.03257382 4.983376374 -4.4
13.64435925 -0.8993874927 13.64435925 0.1033686189 25.50708637 11.49810854 5.715566487 -4.14
13.56625521 -0.3417997595 13.56625521 0.1079353532 21.50910563 8.970248676 4.25976934 -3.02
13.51837021 -4.448862932 13.51837021 0.1240547425 20.53755743 7.64925406 3.611209941 -3.36
14.15698664 -0.8007147907 14.15698664 0.04567539053 19.89656684 8.149617036 3.88256489 -4.4
12.73636758 -0.1134631601 12.73636758 0.1134631601 25.30641302 11.81958527 5.85819729 -2.98
4.555391393 0.8670841207 4.555391393 0.8670841207 15.20312766 6.647222675 3.013690966 -2.34
9.290932225 0.5009400983 9.290932225 0.5009400983 13.18596184 5.669952524 2.455587489 -2.81
14.19061138 -0.8050508236 14.19061138 0.01183038339 21.23755749 6.909325813 2.208115619 -2.87
6.19266825 0.2017910584 6.19266825 0.2017910584 17.756507 7.253427793 3.336894881 -3.32
13.29405816 -3.097158786 13.29405816 0.1018159994 27.08864099 11.4120589 6.150721196 -4.1
13.21648796 -4.523804563 13.21648796 0.04060468632 14.93655592 5.03602413 2.464794235 -1.98
12.66974249 -4.351633691 12.66974249 0.3879751995 21.19516775 8.874517603 5.737678727 -2.52
5.986742357 0.6462615741 5.986742357 0.6462615741 14.77093095 6.755813616 3.941846545 -1.8
5.184566451 0.937225073 5.184566451 0.937225073 15.33114334 8.276683582 5.139170029 -1.06
6.232407167 0.2429963467 6.232407167 0.2429963467 15.60942546 6.077758894 2.71915194 -0.28
12.64819132 0.005758806198 12.64819132 0.005758806198 19.83934808 8.564981655 4.352809654 -3.1
13.93310036 -4.776738489 13.93310036 0.01370101057 26.17842943 10.02954812 4.904069007 -4.44
15.83440834 -1.312269017 15.83440834 0.08882610673 29.51024705 12.48706314 6.431367749 -4.98
13.30426349 -0.7994727104 13.30426349 0.0358099153 26.20905612 9.690213824 5.997751344 -3.4
12.21504034 0.02704779448 12.21504034 0.02704779448 20.51866328 9.404359329 4.774616968 -2.38
14.04842734 -0.4384689153 14.04842734 0.04583769001 14.16965804 6.327821849 3.281472031 -1.78
3.555555556 1.018518519 3.555555556 1.018518519 4.48 1.767356322 3.48 -0.52
5.560812584 0.532290928 5.560812584 0.532290928 15.33046827 7.619789025 4.44784078 -2.57
14.27249773 -1.201866579 14.27249773 0.05641042734 23.08109798 10.14533206 5.75997077 -3.59
13.00433429 -3.549339181 13.00433429 0.1601409258 20.96105546 8.72001573 5.186872845 -1.76
11.14427816 -0.7282383787 11.14427816 0.1715031074 16.95056441 7.402223391 3.410268954 -2.49
5.300139915 0.6138209929 5.300139915 0.6138209929 15.89096463 6.715542856 2.793032872 -3.61
12.98490318 -4.578208971 12.98490318 0.01804673721 18.07421562 7.092850241 4.176169213 -1.27
13.25511718 -0.4342922367 13.25511718 0.07784754176 21.92021034 8.890526312 3.89535992 -3.58
13.2820628 -0.2005965516 13.2820628 0.2005965516 25.35377931 11.39508858 5.652846485 -2.3
12.32926449 -0.8447643403 12.32926449 0.1604895118 20.91356955 7.727969033 3.619437151 -2.34
13.62381419 -0.1295667477 13.62381419 0.1295667477 17.08335363 7.903801958 4.080774805 -1.35
10.95710967 0.5826669405 10.95710967 0.5826669405 20.9712207 9.685362819 4.717536318 -2.28
13.71330579 -0.3631468359 13.71330579 0.06890301633 24.82256448 10.96977181 5.361746838 -3.29
12.70504724 -1.023087955 12.70504724 0.08567998341 21.14638642 9.762021054 5.951987347 -2.57
13.57058682 -0.4638982234 13.57058682 0.2404806589 21.81577106 8.735423975 3.625784269 -2.01
6.163426118 0.2901774691 6.163426118 0.2901774691 12.73862176 4.378233643 1.782000638 -0.28
6.646233333 -0.2075160704 6.646233333 0.2075160704 20.01155202 9.02982425 4.660989431 -2.28
3.942414179 0.1138900699 3.942414179 0.1138900699 17.96205747 6.751025959 2.800377826 -2.1
10.39174296 -0.4630312264 10.39174296 0.3053213253 15.71293267 6.028196015 3.063256098 -1.52
12.82365253 -1.58111863 12.82365253 0.01583876606 20.48152486 10.35062268 5.092752969 -1.83
12.58977995 0.3310806855 12.58977995 0.3310806855 20.71186027 9.507051808 4.961985728 -1.55
14.48482356 -1.016838204 14.48482356 0.08632889484 19.74335629 7.92876201 4.291815776 -4.01
13.5310271 -3.808684957 13.5310271 0.03491113421 25.9929645 11.20365236 5.709191743 -2.62
14.62132745 -0.7142327116 14.62132745 0.1619564384 18.56113968 6.805368631 3.26459682 -3.46
10.69276971 -0.9757858111 10.69276971 0.006711737036 19.22376109 6.757145328 2.599001426 -1.48
5.978276565 0.8558809378 5.978276565 0.8558809378 13.83495838 6.133837429 2.885099451 -1.8
14.0443789 -1.0538572 14.0443789 0.09847078482 36.46574136 17.68723078 10.83793705 -4.37
13.65100608 -4.898415059 13.65100608 0.1319903208 23.34194531 9.202502649 4.753203059 -3.82
13.32471616 -4.791809571 13.32471616 0.1371791278 19.5997035 6.963530745 3.77395953 -2.71
13.251852 -4.459133624 13.251852 0.05712747028 54.05915736 19.29553995 8.825759866 -6.55
13.09233672 -4.416916472 13.09233672 0.1352350293 25.34419943 10.21519085 5.350459699 -4.31
5.384512569 0.8976026474 5.384512569 0.8976026474 16.7325691 7.259498609 3.328215907 -2.72
12.47697221 -0.1001450565 12.47697221 0.1001450565 20.03071998 8.624598717 4.330942937 -3.26
12.38219911 -0.4006918724 12.38219911 0.2232229652 16.16813167 7.247790164 3.789303449 -2.7
14.05257687 -0.6397500724 14.05257687 0.1472202126 21.83606708 8.839284784 3.836621524 -2.67
12.13873063 0.07840277778 12.13873063 0.07840277778 9.640986168 3.779547873 1.45293674 -1.570519481
12.78152345 -3.693506984 12.78152345 0.2592665816 15.56131006 5.098837555 1.950380154 -1.33
12.19179806 -4.746520588 12.19179806 0.1426643043 21.27211691 9.253182403 6.605248804 -3.03
12.89355474 -0.3292025886 12.89355474 0.08378144237 22.10674915 10.96968556 6.211182324 -3.1
4.718767108 0.1610969524 4.718767108 0.1610969524 19.91572834 9.411858396 4.791103142 -2.38
11.01468113 -0.7297760588 11.01468113 0.1335650391 19.64756674 8.374252488 4.507440519 -2.66
13.17289382 -0.5611724027 13.17289382 0.07309359854 25.05519626 10.69463409 5.617962906 -3.05
13.75115727 -4.03341141 13.75115727 0.08697435461 29.45261684 13.21624801 7.352519508 -3.53
11.37658786 -0.9975971987 11.37658786 0.05672955398 26.10165404 10.32767975 4.731383635 -3.52
12.85399989 -0.3475484633 12.85399989 0.04630442177 26.42380275 12.54842381 6.382751543 -3.64
4.365360681 0.5259882333 4.365360681 0.5259882333 18.10053385 9.080839373 5.126590853 -2.28
11.00133426 -0.7429306657 11.00133426 0.1175150091 21.18268294 9.831356729 5.16839341 -3.06
5.556203704 0.5613425926 5.556203704 0.5613425926 5.611696741 1.914944034 0.6572339649 -1.16
13.31704639 -0.3722038928 13.31704639 0.0227795764 26.66816973 12.28599602 6.548217116 -2.93
5.634722222 0.5358796296 5.634722222 0.5358796296 5.103678161 2.31410722 1.475062751 -0.04
14.77624144 -4.813829074 14.77624144 0.02637159373 22.65182407 8.578963879 4.369297547 -4.13
11.13258324 -0.1622224834 11.13258324 0.1111314248 14.84056716 5.963090182 3.082331194 -3.08
2.43 0.5146815949 2.43 0.5146815949 12.43464768 5.180648942 2.431227659 -1.6
12.23558989 -0.1502745234 12.23558989 0.0393073554 18.18917525 8.179269865 4.518228385 -3.61
13.3200175 -0.9658387661 13.3200175 0.01656123959 21.44342761 7.33564172 2.806709574 -2.84
13.00308857 -1.025845144 13.00308857 0.117543698 15.13729512 4.796087701 2.041263446 -2.41
12.6734871 -4.395621856 12.6734871 0.05971229695 20.44440689 8.381729648 5.37119296 -3.29
12.98991663 0.0002705866297 12.98991663 0.0002705866297 17.73884165 7.526593795 3.59956826 -2.66
11.7162964 -1.184790637 11.7162964 0.03482437212 29.45261684 13.21624801 7.361266377 -4.53
12.24354639 -0.8987869531 12.24354639 0.09718631897 13.02211995 5.481743928 2.880996574 -2.42
14.35871686 -1.153309123 14.35871686 0.07321847595 49.98972668 24.84209167 16.19922773 -5.66
13.23248525 -3.135969097 13.23248525 0.0389193657 27.42776767 11.15392873 5.732756036 -4.14
12.4782006 -0.6323246514 12.4782006 0.1616187723 19.2276 7.188817149 3.218942642 -3.75
12.22744982 -0.9134202655 12.22744982 0.04275486584 21.83906572 7.310228125 2.528478297 -2.41
4.90210286 0.8577775416 4.90210286 0.8577775416 15.93473652 6.79374887 3.031903573 -3.28
13.55449456 0.08776775216 13.55449456 0.08776775216 17.91532383 7.351296922 3.182562921 -3.15
13.04469362 -0.4073392904 13.04469362 0.04800285672 19.26485819 8.126207151 4.04807314 -3.06
13.94367427 -3.555323468 13.94367427 0.009693922618 34.72679948 15.08855318 8.855723675 -3.6
13.12354591 0.3521218424 13.12354591 0.3521218424 19.54227682 8.305808542 3.753098337 -0.77
9.852097269 0.2387731481 9.852097269 0.2387731481 12.66343734 3.985594447 1.658716477 -1.06
12.80422794 0.1251297667 12.80422794 0.1251297667 17.68177673 7.489802929 3.836740273 -1.72
11.58673937 0.12308894 11.58673937 0.12308894 20.74547737 8.775012427 4.167785973 -4.14
13.79576426 -1.122001018 13.79576426 0.09792740543 37.03210772 18.04894131 11.73641874 -5.43
13.4203525 -0.1968854627 13.4203525 0.1968854627 18.30820281 7.950070944 3.767000046 -2.73
13.24906222 -0.1336825419 13.24906222 0.1336825419 24.8516381 11.44497219 5.684013389 -2.26
11.52292564 -0.1973526077 11.52292564 0.107255291 10.60258607 3.588759725 2.026149016 -1.91
12.85497578 -4.349997726 12.85497578 0.2081169469 23.44824949 10.48205993 6.00116925 -2.71
12.75191197 -0.336571529 12.75191197 0.09369430623 20.97080821 9.638413323 5.404371409 -3.75
14.6189531 -0.3505974689 14.6189531 0.1307867064 17.74716859 6.345853818 2.939937901 -3.33
13.17428341 -4.325134328 13.17428341 0.01859110135 23.91239325 10.35983998 6.646901036 -2.23
13.14142311 -0.334786622 13.14142311 0.2656889193 16.882398 7.740358799 4.313371864 -1.96
6.122324893 0.3764810966 6.122324893 0.3764810966 14.58622781 5.663673596 2.848294789 0.18
13.13658769 0.03054441767 13.13658769 0.03054441767 25.18349689 10.22093649 4.752832654 -3.11
5.942467845 0.3353745171 5.942467845 0.3353745171 16.0331778 8.136148429 4.814717447 -1.84
6.112705341 -1.456687453 6.112705341 0.3823765432 15.28210125 6.114691574 3.932918957 -0.11
13.52800375 -0.6038077263 13.52800375 0.04413676479 24.70628551 11.34424531 5.638839819 -1.41
14.99420834 -0.7303683994 14.99420834 0.05149728893 26.26917827 8.729169968 3.081190524 -3.15
12.39950255 -3.614898904 12.39950255 0.0543056999 15.76291115 6.015469266 3.33732862 -0.62
11.6175707 -0.9162742848 11.6175707 0.2568795985 23.44894941 11.37956953 6.897897986 -2.83
13.87694439 -1.13920413 13.87694439 0.08349931461 31.9945881 10.15573613 3.542359096 -4.02
5.93735465 0.7524207993 5.93735465 0.7524207993 18.62486689 8.973164272 4.390461594 -2.73
9.913962034 0.3767361111 9.913962034 0.3767361111 11.77752654 3.986483154 1.525347551 -1.02
14.42844776 -0.9760125312 14.42844776 0.1473788528 29.35572586 12.79711301 7.007312814 -4.14
12.90640775 -4.035470446 12.90640775 0.05348851546 28.2270458 11.66059933 6.221701041 -4.31
13.25828475 -4.543449609 13.25828475 0.2889761411 24.7741119 10.50954885 5.827095265 -2.34
13.52028608 -0.2870609908 13.52028608 0.2870609908 17.12247325 6.866414278 3.121741467 -4
10.1815134 -1.096120139 10.1815134 0.1172345312 15.51377878 5.811649842 2.473068061 -2.01
10.78061313 -0.7831007317 10.78061313 0.02696710153 23.3257833 11.32749645 6.577557381 -3.34
13.32647691 -0.7610442387 13.32647691 0.07207097191 19.49442898 6.613821137 2.637888485 -1.82
14.17537619 -3.664010509 14.17537619 0.02658610957 23.74606257 9.087251564 6.767969926 -2.53
7.819463078 0.4216532117 7.819463078 0.4216532117 16.11642893 8.901429005 6.357801526 -1.26
11.74160345 -3.071617146 11.74160345 0.1454245769 21.02888063 9.285918855 5.285135874 -1.22
11.70131878 -1.166253845 11.70131878 0.4088454119 23.76730156 10.69905773 5.567892624 -3.38
10.59519586 -0.9708192771 10.59519586 0.510049738 23.11009123 11.18626734 5.644014325 -4.06
5.9716439 0.5801161957 5.9716439 0.5801161957 17.32065477 8.066237028 4.16932414 -2.1
12.18087444 -0.2752059526 12.18087444 0.2752059526 17.05489273 7.088909646 3.609390925 -3.38
12.86245456 -0.08813694563 12.86245456 0.08813694563 25.14245825 12.13711793 6.800977818 -2.96
13.00211649 -3.840677824 13.00211649 0.03440527156 21.01927004 8.486241436 4.597628462 -3.23
13.21902069 0.1893090994 13.21902069 0.1893090994 23.43273171 10.95668788 5.201361705 -3.31
8.625937198 0.5947965701 8.625937198 0.5947965701 21.740722 10.21921875 5.41716439 -2.48
13.21643058 -0.2762519942 13.21643058 0.09480274241 28.03043408 12.01413153 6.087309574 -3.11
12.99041621 -0.9561724019 12.99041621 0.1449062526 19.88698649 8.530452386 4.446791633 -2.41
13.13901065 -0.4973096708 13.13901065 0.3667824074 12.55807686 4.897926027 2.327799419 -2.47
10.17280571 0.3058184331 10.17280571 0.3058184331 26.32920774 12.09103866 6.146248807 -2.9
13.22814894 0.002390491005 13.22814894 0.002390491005 18.03406515 7.63313218 3.735143021 -2.77
13.87306969 -1.321246105 13.87306969 0.07499560079 33.01618185 13.95769786 7.225331439 -5.36
12.10100909 -3.268936826 12.10100909 0.007904624993 21.2115277 8.607476352 4.502367457 -2.03
11.94687742 -0.3774555933 11.94687742 0.1928042328 15.05178825 6.4950019 3.322270531 -2.86
13.28998298 -1.316019832 13.28998298 0.06101905936 23.48691137 9.673485413 5.11327011 -3.67
9.745063697 0.3130787037 9.745063697 0.3130787037 12.03646119 4.269761721 1.92682595 -1.02
4.213101852 1.029768519 4.213101852 1.029768519 6.002959822 1.97295042 0.6185197717 -1.57
15.22266517 -1.647022959 15.22266517 0.003934075451 88.12831469 43.49388025 28.34127627 -13.09
13.89242342 -0.1288998068 13.89242342 0.1288998068 14.08353197 5.489771758 2.657563318 -1.87
13.85848217 -0.9669683841 13.85848217 0.006112408615 28.47099185 12.92235594 7.459434856 -2.1
14.21243911 -1.391512346 14.21243911 0.3582976575 12.80240702 4.290974719 1.600724869 -1.91
12.46928327 -0.7963812778 12.46928327 0.3848077286 13.58654719 4.862388204 1.893079267 -2.39
12.29231252 -0.9450054687 12.29231252 0.04402865318 26.31281707 10.11059569 4.720430466 -4.3
13.6999333 -1.171823976 13.6999333 0.1305188589 17.87720191 8.979797476 5.964663876 -2.47
12.84747746 -0.2294274386 12.84747746 0.08163315222 34.49234983 17.93845015 10.06594875 -4.38
6.058895396 0.7799899744 6.058895396 0.7799899744 13.9109663 6.596991445 3.491500474 -1.51
13.26826431 -3.100932288 13.26826431 0.1049631367 27.46625901 11.56096892 5.894371274 -4.1
11.93534364 0.006544801461 11.93534364 0.006544801461 19.82050305 8.552852648 4.208283123 -3.12
10.32796602 -0.09598340262 10.32796602 0.09598340262 14.52709221 5.537694048 2.259544826 -1.06
10.61809715 -0.9282745257 10.61809715 0.1148790584 17.05033118 7.302482788 4.344797538 -1.31
13.93078131 -3.751981842 13.93078131 0.008484262687 27.83206997 12.2059368 7.081926605 -2.72
13.48227424 -1.751345466 13.48227424 0.05972426934 17.92746176 6.789959227 3.54350582 -2.88
13.14049687 -1.205986704 13.14049687 0.04006307883 26.36550099 11.56878686 5.814587958 -4.7
14.25610992 -0.6954850939 14.25610992 0.0147461201 22.30916346 9.308799415 4.94901413 -2.89
13.22111315 -0.184585873 13.22111315 0.02063914891 22.91828022 10.18644301 4.973517348 -2.85
13.2004344 -3.985985626 13.2004344 0.005215644645 21.93914325 8.811306595 4.328996431 -3.88
12.62422063 -0.4563111128 12.62422063 0.1214752291 26.04408092 12.30905463 6.290740436 -2.58
13.15373126 0.0665644603 13.15373126 0.0665644603 26.5817081 12.68407837 6.510043425 -3.02
5.527666465 0.9608203029 5.527666465 0.9608203029 21.46490125 10.04552039 5.010700008 -3.38
12.67265418 -4.04295643 12.67265418 0.07150543437 22.96367925 9.61553266 5.500410025 -3.71
11.53526235 -0.3525662577 11.53526235 0.07407546767 18.99473307 7.848180073 3.967175352 -1.78
14.24376039 -0.4462758776 14.24376039 0.1057624717 14.01656691 6.224214912 3.053123345 -1.94
7.18911594 -0.3990463185 7.18911594 0.03055537264 38.39670023 16.939057 7.057985904 -2.48
13.61521241 -0.1785352004 13.61521241 0.007844906993 18.68849785 7.268427433 3.329723118 -3.06
6.649963782 -0.01764707735 6.649963782 0.01764707735 17.29216677 7.627340251 3.407807547 -2.13
7.29263263 -0.3903994916 7.29263263 0.03916723649 31.09096658 12.67867567 4.930190797 -2.2
13.75598097 -0.75438693 13.75598097 0.03778672898 24.00519482 9.060279856 4.26979939 -4.71
6.991682414 0.09737494226 6.991682414 0.09737494226 16.53370553 5.53587634 2.547787112 -1.93
13.93997313 -4.017864374 13.93997313 0.01443114015 33.17193956 14.5737612 8.995941374 -5.74
13.88836312 -0.4043813834 13.88836312 0.2146591612 14.90236391 5.760949154 2.374584867 -2.66
11.26446744 -0.1866378496 11.26446744 0.1866378496 9.454836706 3.958005095 1.881129337 -2.1
11.65311917 -0.4427407197 11.65311917 0.4427407197 14.78299077 6.74722186 3.550187058 -3.14
11.4323469 -0.3633795628 11.4323469 0.0857404258 21.33143416 9.817776076 5.275224933 -0.97
5.784286274 0.1424942237 5.784286274 0.1424942237 17.84765432 8.957339845 5.295675461 -2.5
11.48273994 0.07502241281 11.48273994 0.07502241281 16.95970694 7.79415809 4.145978324 -1.88
11.59177018 -1.206416202 11.59177018 0.01334981523 20.66385042 8.639834429 4.589755855 -4.6
6.008251134 0.3567592593 6.008251134 0.3567592593 10.75384981 4.474304024 1.709653057 -0.38
14.62140443 -0.64198087 14.62140443 0.06828854212 27.30869334 12.68077309 6.972874882 -3.73
12.74619865 -0.2994220083 12.74619865 0.2753055474 24.62878003 11.29062745 6.346549102 -3.49
12.43549647 -3.939127522 12.43549647 0.1771801776 19.7408927 8.199312284 4.737522698 -2.58
12.79645284 -0.2542158736 12.79645284 0.251720248 21.95812784 9.956932472 4.598128521 -3.86
8.466435185 -1.222222222 8.466435185 0.5260648148 7.84 3.795331112 2.225724698 -0.16
12.12402676 0.1975630931 12.12402676 0.1975630931 23.09077521 11.17248091 6.031265109 -2.08
13.20296317 -0.1949810511 13.20296317 0.01222946586 21.93332784 9.066934228 4.64009153 -3.28
5.88314998 0.624885547 5.88314998 0.624885547 15.67456671 9.267202701 6.517016233 -1.71
13.0075948 -0.3011523684 13.0075948 0.1901080247 16.7945985 6.275228923 3.996932426 -0.57
12.87914586 -3.428109575 12.87914586 0.374969557 17.71030765 7.140289457 3.31176226 -1.69
13.22756809 -3.80162405 13.22756809 0.0202734211 21.73109407 8.565248846 4.277070604 -3.49
12.59243242 0.03551260867 12.59243242 0.03551260867 20.67345189 9.480717073 5.3155292 -1.59
12.27115002 -0.1175401176 12.27115002 0.1175401176 20.43349098 9.3166077 4.841471741 -3.84
13.38677044 -0.1861257559 13.38677044 0.08777515327 18.69166834 8.147990042 3.69463495 -3.66
12.51377258 -0.1590622638 12.51377258 0.1590622638 21.71937843 8.54084606 3.983882973 -3.54
12.21776329 -0.9387292314 12.21776329 0.02741512346 23.13198955 6.699099732 2.481678114 -1.01
14.69738795 -0.5829985336 14.69738795 0.01259719784 20.15992131 8.059723934 3.486811048 -3.76
12.0687037 -0.5763888889 12.0687037 0.2986111111 5.093884892 1.820041509 0.7801053004 -1.05
5.910308637 0.7812381745 5.910308637 0.7812381745 17.1023294 7.916760794 4.074267698 -2.33
14.80124008 -0.566433817 14.80124008 0.008240740741 18.65489205 7.156197935 3.10074228 -3.36
13.08419587 0.04325477189 13.08419587 0.04325477189 26.24561839 12.9268966 6.543905892 -3.37
13.75108442 -0.95488338 13.75108442 0.02408370915 28.72698596 12.13603045 7.821331786 -2.84
12.26101232 -4.586854923 12.26101232 0.1883398821 22.4159923 9.691985273 6.610134144 -3.27
8.842475442 0.4515114334 8.842475442 0.4515114334 21.55783026 9.641528455 4.965206164 -3.67
12.31354304 -0.3812192925 12.31354304 0.1189015716 23.24532564 10.79850586 5.519457158 -1.92
9.709351852 0.2746444444 9.709351852 0.2746444444 9.445221241 3.564249094 1.608395441 -0.11
12.98046565 -0.800287207 12.98046565 0.1769630784 22.09346106 10.43538869 5.511896646 -3.6
13.16519889 -4.868282903 13.16519889 0.1586815004 16.09100802 5.113362151 2.744073353 -2.78
2.5625 1.209166667 2.5625 1.209166667 8.763953707 4.425683221 2.561120193 -0.82
13.7633049 -4.388886065 13.7633049 0.1346930314 30.22392821 13.74958937 7.717784134 -3.74
4.828851568 0.8580672982 4.828851568 0.8580672982 13.0807631 5.644146292 2.623978886 -1.61
15.65158593 -3.844684214 15.65158593 0.008747416687 34.35715962 14.01799899 6.83786352 -4.98
3.222222222 1.138888889 3.222222222 1.138888889 4.088918919 2.157216947 0.9536924763 -0.08
12.68886648 -0.02496155098 12.68886648 0.02496155098 17.32065477 7.258126103 3.551419471 -2.1
12.44491982 -0.002285787772 12.44491982 0.002285787772 18.05345064 8.085923746 4.265368882 -1.75
13.10732527 -0.3839841229 13.10732527 0.09610283807 25.90899359 10.83982989 5.808434031 -4.17
13.36963038 -4.501218511 13.36963038 0.05446055891 24.22692904 9.602888201 6.086649993 -2.42
15.00691653 -0.8420264886 15.00691653 0.004195692016 21.740722 8.571219263 4.149025867 -3.48
14.67565144 -0.5706094803 14.67565144 0.002114311187 19.40626394 7.603373136 3.47239187 -3.56
14.05540117 -1.042533161 14.05540117 0.155018529 22.15493435 8.829215728 4.30204732 -3.05
14.26494936 -1.434226309 14.26494936 0.01080207394 19.90614745 7.456116092 3.001108632 -3.39
12.57216181 -3.912071469 12.57216181 0.1107983781 20.98056112 8.732859882 5.632016935 -2.74
13.65821279 -1.041872062 13.65821279 0.02582451843 28.70154238 9.129742684 4.051362506 -1.3
11.82705261 -1.148860929 11.82705261 0.1271607748 22.09105155 9.642474174 4.813797741 -4.72
12.38335127 0.2901112612 12.38335127 0.2901112612 19.19793122 9.378892154 4.824599561 -2.13
11.87975088 -0.4049248866 11.87975088 0.3889380197 11.40322396 4.529108888 2.175383682 -2.69
13.70767349 -4.179847884 13.70767349 0.03317276298 20.02560762 6.711188079 3.402312986 -2.72
8.850092593 -0.06888888889 8.850092593 0.06018518519 5.947877238 1.973221425 1.134079495 -1.18
12.43457722 -4.065276539 12.43457722 0.08489704218 20.53091974 9.242120388 6.463516205 -2.78
11.20118724 -0.8254232949 11.20118724 0.0772911226 22.0152962 9.88308799 5.686925717 -3.68
12.91407678 -4.524891942 12.91407678 0.007534587201 27.71258729 11.26384554 8.676267667 -2.53
11.0849874 -0.6849698838 11.0849874 0.03003011621 15.26317491 5.864062937 2.574454757 -1.64
13.66782693 -1.433571968 13.66782693 0.00197708625 54.47380995 23.27634806 12.1989631 -7.3
11.8269825 -0.8406995853 11.8269825 0.03998216648 25.12750027 8.69733158 3.089680543 -2.61
13.81611253 -3.926014841 13.81611253 0.04793633528 30.44861996 13.90596861 8.260456577 -3.51
10.56425926 -0.467037037 10.56425926 0.3344907407 5.810208333 1.889429225 1.072463408 -1.32
14.12335032 -4.847327778 14.12335032 0.1456482531 31.93127032 13.85152017 8.958928925 -4.59
5.936748945 0.3734764739 5.936748945 0.3734764739 12.83021782 4.841557096 2.312863947 -1.88
13.26233908 -1.31176275 13.26233908 0.1925463471 28.48083673 14.00832358 9.708423687 -3.09
13.03504705 -1.186079917 13.03504705 0.003551167853 34.42137713 16.60941109 11.92600696 -4.78
12.9840048 -0.2012299004 12.9840048 0.004473766514 22.29053954 9.38963974 4.21261078 -3.51
4.816505889 0.7469561871 4.816505889 0.7469561871 14.33242568 6.438455837 3.028251423 -1.61
12.98372194 -5.01651479 12.98372194 0.1566375667 21.09418384 7.804322618 5.160805582 -3.21
5.674549033 0.2408734883 5.674549033 0.2408734883 17.4236487 5.912469344 2.246684143 -2.26
12.96104706 -0.3593890397 12.96104706 0.1360331633 15.85012056 6.611116836 3.649484783 -3.03
13.79265494 -4.122964273 13.79265494 0.04928231175 29.42334081 14.18351152 7.987071204 -2.56
13.29169636 -0.420658024 13.29169636 0.0273951206 23.57055206 12.68889421 7.870388706 -3.09
3.638510645 0.5222254614 3.638510645 0.5222254614 15.76344785 7.937051051 4.672718131 -2.12
12.80253025 -0.0880978626 12.80253025 0.01216757526 19.21705176 8.496165723 4.328426232 -3.11
13.10820303 -0.2556723536 13.10820303 0.2141645577 34.76581677 14.10475933 6.207388137 -2.7
5.112008269 0.5552963003 5.112008269 0.5552963003 16.89367695 6.986799011 3.286302604 -3.55
7.458367806 -0.1597101821 7.458367806 0.06104124675 16.83408868 7.25998457 4.088565638 -4.01
8.944166667 0.3558796296 8.944166667 0.3558796296 6.144688279 2.533930223 1.456737692 -0.98
10.81362908 -0.4524653717 10.81362908 0.00256537711 14.85016446 5.969161868 3.238776958 -3.07
13.34452932 -4.434950832 13.34452932 0.05109414684 22.5281829 9.176174061 4.987277033 -2.26
11.92639267 -0.4805555556 11.92639267 0.3969444444 9.781107035 3.284429709 1.289446528 -2.42
13.06348132 -1.175075908 13.06348132 0.01281949272 33.93627503 15.77737124 10.31034392 -4.56
13.36107471 -0.2210614527 13.36107471 0.01458131292 25.6663105 13.04482365 7.290801637 -3.42
5.85010834 0.8075115741 5.85010834 0.8075115741 17.29632108 9.855755488 5.975235525 -1.06
14.26577062 -0.5597923215 14.26577062 0.07208604764 21.89168672 9.136390935 4.597376188 -2.93
11.25842299 -1.33584548 11.25842299 0.414304261 19.69543693 7.66506799 3.913769941 -3.61
12.61870365 0.0402776826 12.61870365 0.0402776826 18.31968328 8.758855005 4.624913151 -2.05
13.71998088 -1.08179441 13.71998088 0.007695321007 25.74395833 10.33603271 6.267907595 -4.34
11.69153235 -1.206734537 11.69153235 0.01267826961 23.55457707 8.975481839 5.322022684 -4.6
11.71405841 -0.9133921147 11.71405841 0.3469679521 22.62328748 9.991559147 5.156488737 -3.16
4.262309562 0.3770643319 4.262309562 0.3770643319 15.0244918 6.926890478 3.212549543 -2.53
13.45906384 -0.1658561141 13.45906384 0.01082430503 20.14575011 8.30794312 3.949740634 -3.14
10.96945683 -0.5385949666 10.96945683 0.5385949666 17.91777197 8.468407934 4.387713468 -2.89
13.41769712 0.05414609053 13.41769712 0.05414609053 18.72054157 7.194950872 3.217161916 -3.29
14.67477127 -4.008236423 14.67477127 0.07195564341 20.05947392 7.547525811 3.695460161 -2.23
12.19268007 -0.3400021217 12.19268007 0.1790540434 26.03448611 10.28632224 4.708201871 -1.59
14.14725441 -0.8059949774 14.14725441 0.03677621357 19.82951014 8.107156877 3.988622218 -4.47
11.85326454 0.1472358141 11.85326454 0.1472358141 20.46198854 8.968285212 4.319901743 -2.44
13.65105102 -0.9564799593 13.65105102 0.09876055746 23.99946834 10.41778839 5.669043606 -3.14
13.42802145 -0.3352830301 13.42802145 0.02895100844 27.76618283 12.5229632 6.408697537 -3.26
12.54847074 -0.2701448506 12.54847074 0.06850193164 16.17535449 6.299709628 3.087257594 -2.02
11.31220801 -0.148101785 11.31220801 0.09053980852 20.54079899 9.249171852 5.117949811 -0.77
13.22079854 -0.115677866 13.22079854 0.0300513091 23.46875508 12.68862806 8.280963177 -2.81
2.614765684 1.125039997 2.614765684 1.125039997 13.77896585 6.09712016 2.863509553 -1.86
12.39959589 0.1935053634 12.39959589 0.1935053634 18.32921537 8.765529863 4.629207263 -2.04
13.92620634 -0.5343413598 13.92620634 0.1697274483 29.39442753 11.43439143 5.533828945 -2.68
11.25299432 -0.4821474632 11.25299432 0.2362458926 29.43049441 11.18418997 4.590397876 -3.71
14.15596877 -3.280892881 14.15596877 0.05312534222 23.95109144 9.584072774 5.662216416 -4.19
9.728713604 0.338667178 9.728713604 0.338667178 18.74380165 7.3008 3.223566753 -2
6.309953434 -0.9289627031 6.309953434 0.1709068043 18.80622004 7.46710896 3.375512114 -3.54
14.03027977 -4.051383899 14.03027977 0.006029443351 33.1521197 13.25301986 8.532494293 -3.22
13.51799596 0.01069294002 13.51799596 0.01069294002 33.70125653 17.27912639 9.68283683 -3.19
12.93619265 -4.692873517 12.93619265 0.05593878498 27.81486961 11.26489862 7.011046555 -2.21
11.87093735 -0.1848876842 11.87093735 0.004811389834 22.48083902 7.541025095 2.503299113 -3.5
11.55259639 0.2012430526 11.55259639 0.2012430526 19.56141793 9.165435361 4.622941877 -1.75
11.89827453 -1.154386667 11.89827453 0.02092403628 22.60813795 8.405301413 4.116427601 -3.58
14.53140099 -2.950596955 14.53140099 0.04281371313 23.95109144 9.217673227 4.705893781 -3.19
6.028232237 0.5043121693 6.028232237 0.5043121693 13.89225468 6.587980945 3.162613757 -2.07
12.75816509 -0.4280186877 12.75816509 0.004253977909 22.67084979 8.918131353 3.901893979 -3.11
13.64268888 -0.5350902305 13.64268888 0.1665974847 21.30382551 9.132283929 3.898783839 -3.55
13.22203672 -0.4483672376 13.22203672 0.06250972385 23.96076645 10.39202163 6.029973398 -5.18
13.39332476 -4.482918249 13.39332476 0.2938984683 21.83606708 8.522660641 4.040309989 -4.67
12.40855778 -0.2603009096 12.40855778 0.01873855715 19.92826153 9.398626452 5.586554785 -2.82
12.64112749 -0.8116886338 12.64112749 0.136686298 19.07673623 6.552262887 2.597078279 -2.43
6.255162285 0.4545043899 6.255162285 0.4545043899 21.94690993 11.43902986 7.216544923 -1.75
11.52292564 -0.1973526077 11.52292564 0.107255291 10.60258607 3.588759725 2.026149016 -1.91
11.2673504 -0.8861002981 11.2673504 0.3532695578 11.5353328 4.61118796 2.103671809 -2.55
13.95677104 -0.7927112791 13.95677104 0.04143677854 23.68822214 9.106863386 4.084592507 -2.41
13.60302169 -0.5754548894 13.60302169 0.02762587351 23.48040332 10.56050936 5.220516884 -3.26
12.80155622 -4.555523632 12.80155622 0.06858267286 26.87728449 10.49318496 6.692691518 -3.72
12.32105178 -0.188927186 12.32105178 0.02876076251 22.74696328 10.48874496 4.905676301 -3.03
12.96913801 -4.63531823 12.96913801 0.06446564113 29.72194346 13.29849827 9.804929036 -2.83
12.77589691 0.04674853262 12.77589691 0.04674853262 24.04159339 10.96971595 5.515490487 -3.32
12.50969668 -4.351316822 12.50969668 0.06822607132 20.0450791 8.541477769 5.178969646 -2.7
7.176230318 -0.3894645797 7.176230318 0.02257338721 32.78408536 13.38078836 5.26410747 -2.4
13.42772512 -1.007035359 13.42772512 0.1139358676 21.62606228 9.340220354 4.214861954 -2.21
6.353644201 0.6179628093 6.353644201 0.6179628093 19.37005771 9.033017483 4.373866704 -1.95
11.47077993 -0.3624106912 11.47077993 0.3624106912 19.92530949 9.418544309 4.975771813 -2.37
12.75595229 -4.162261022 12.75595229 0.1040707147 27.64432956 10.9858061 6.84405282 -3.94
12.7898544 -0.3513643235 12.7898544 0.0674400703 17.19723004 7.179402248 3.397472505 -3.23
5.451471797 0.3028689531 5.451471797 0.3028689531 9.725910653 4.613319597 2.868550296 -1.36
12.50965515 0.3061148023 12.50965515 0.3061148023 16.13649727 7.264051998 3.234496308 -1.35
8.871856872 0.4863321995 8.871856872 0.4863321995 17.691147 7.555801143 3.17976258 -2.39
3.119537037 1.206018519 3.119537037 1.206018519 4.621116324 1.621724282 0.6166634028 -1.24
12.73876779 0.0917307707 12.73876779 0.0917307707 21.25960707 10.36066981 5.389813606 -2.98
13.21950028 -4.492637068 13.21950028 0.04575205265 68.98896753 26.72182889 13.31835122 -8.93
12.70911851 0.1495032943 12.70911851 0.1495032943 22.81078336 10.49741049 5.510532893 -2.37
13.70725639 -0.7250797325 13.70725639 0.008995890023 13.94962119 6.179046883 3.1870546 -2.01
9.829897817 -0.0002273430794 9.829897817 0.0002273430794 21.55627671 11.75542538 6.994531561 -2.15
13.04572977 0.184163712 13.04572977 0.184163712 17.16902441 6.894624663 2.910747584 -2.95
14.83731618 -2.448438021 14.83731618 0.01859881887 94.67553808 47.61268347 32.50454642 -12.7
12.75326871 -4.378426127 12.75326871 0.1669276569 24.246531 10.03257382 6.316790071 -3.4
14.1600173 -3.937134459 14.1600173 0.1741875196 28.53990778 12.01003502 6.278439987 -3.03
13.25645865 -0.1820406326 13.25645865 0.1820406326 21.24999072 9.434145098 4.83461622 -3.99
12.01113705 -1.39630275 12.01113705 0.2121937721 26.75464693 11.90947748 6.407656297 -4.84
13.30223767 -4.820019327 13.30223767 0.03590088813 19.78227796 7.214776246 4.649423922 -2.97
13.42576774 -0.3646870166 13.42576774 0.03711253524 20.15533768 8.314051885 4.253174438 -4.13
14.27765301 -0.6806329903 14.27765301 0.1998629437 31.31823286 12.61231706 6.358320259 -4.67
12.85758142 -0.2341126722 12.85758142 0.2341126722 18.02437275 9.066414232 5.615936966 -1.78
13.07897364 -0.1429035441 13.07897364 0.10803183 19.04500901 8.381729648 3.962668287 -3.29
13.39045376 -0.1344937852 13.39045376 0.0580542433 18.92081539 8.299375123 4.056884737 -3.42
14.91208127 -0.5530657124 14.91208127 0.00236478542 20.48087883 8.256370893 3.697950516 -3.42
12.22312982 -0.3869344031 12.22312982 0.3428946488 18.07421562 8.545320424 5.130512893 -2.27
12.05913785 -0.6068107521 12.05913785 0.06417362161 16.90278083 5.97059898 3.470574881 -1.46
13.22519784 -0.1559995382 13.22519784 0.1559995382 23.36600192 10.48409658 5.30608228 -2.38
5.735798452 0.1698331239 5.735798452 0.1698331239 16.4382121 6.996959526 3.574840434 -3.42
6.058762913 0.7997222222 6.058762913 0.7997222222 8.333753466 3.629389016 1.73184395 -1.27
11.56764095 -0.7337364919 11.56764095 0.02102265692 22.83649811 12.12048166 6.852282585 -1.84
14.12632985 -1.178552408 14.12632985 0.05859171427 33.73723738 15.72283888 8.953859028 -4.15
13.15784885 -1.010925649 13.15784885 0.03479883626 28.92135292 11.72098654 6.02641492 -4.59
13.09023451 -5.227233771 13.09023451 0.1177665098 27.77222481 9.574399241 6.296980068 -2.81
13.28254212 -3.097662188 13.28254212 0.09854785877 26.13958489 10.13732879 4.97284779 -4.1
12.28427968 -0.410619707 12.28427968 0.06993730813 22.87068368 10.57278715 5.784463385 -1.9
13.21714455 -4.506744234 13.21714455 0.04514698934 67.31546709 25.72056926 12.73031402 -8.67
13.06340126 -5.142219297 13.06340126 0.04132227891 23.83499381 8.607218833 5.333053082 -1.82
13.21589747 -1.033251062 13.21589747 0.009367900188 29.96834243 13.47150106 7.959016236 -3.58
4.697037037 1.046964522 4.697037037 1.046964522 9.604262927 4.100294046 1.740433181 -1.61
17.13308835 -1.976123748 17.13308835 0.01091576909 21.43646989 6.128734184 2.307766876 -1.41
14.24216601 -0.3682227366 14.24216601 0.1351936886 14.01656691 6.224214912 3.215668415 -1.94
9.124312362 0.1914274691 9.124312362 0.1914274691 11.79043064 4.129517307 1.62143027 -0.28
12.14032145 -0.02470342999 12.14032145 0.02470342999 19.86782662 8.932663868 4.140944836 -2.43
3.625786299 1.034728078 3.625786299 1.034728078 16.37284626 7.422458702 3.779890691 -2.1
11.97979676 -0.4890041812 11.97979676 0.0857896353 15.86265203 5.715399812 3.035022564 -2.64
12.879206 0.123169532 12.879206 0.123169532 18.51992381 8.035013889 3.877222781 -2.84
12.34683563 -0.02391087358 12.34683563 0.02391087358 20.86553365 9.612602043 4.855929261 -3.39
2.101851852 1.326388889 2.101851852 1.326388889 5.702100396 2.775326714 1.270175466 -0.43
12.65584934 -0.8049416538 12.65584934 0.2080903979 24.83481347 12.44266975 7.102125516 -3.8
14.8055005 -0.4980153455 14.8055005 0.01414248087 28.72840341 13.71565901 7.491753783 -3.79
13.16144404 -0.6964353053 13.16144404 0.06560311162 20.86578365 7.953267382 3.188348398 -3.71
12.04023804 -0.0991804746 12.04023804 0.0991804746 20.51866328 9.404359329 4.774616968 -2.38
13.47711121 -3.772687224 13.47711121 0.02778148369 23.53524306 9.704527667 4.998551637 -2.62
13.3955983 -0.3937029227 13.3955983 0.06554890232 18.52946254 7.655384068 3.252776933 -2.83
11.98194822 -0.6968518519 11.98194822 0.09527777778 11.28065462 3.843636029 1.55499826 -2.82
9.572155163 0.3708596944 9.572155163 0.3708596944 15.10942294 7.458960405 4.884859922 -1.8
12.328621 -0.5949783375 12.328621 0.2973873479 22.33808755 8.943996238 5.316286923 -3.86
12.35107237 -3.858731576 12.35107237 0.1162037037 15.11539352 5.608395776 2.920775007 -2.28
13.12295257 -0.02352069686 13.12295257 0.02352069686 20.049889 9.055786175 4.513921038 -2.24
11.76207047 -1.288997083 11.76207047 0.06912353847 25.29762397 10.4430528 5.377252832 -3.8
12.63780864 -3.554263918 12.63780864 0.3079511264 17.95653257 7.581896834 4.411723871 -1.85
14.77378429 -1.436280613 14.77378429 0.001663389935 82.37075561 43.34225063 30.47545044 -9.86
5.587031804 0.6532481768 5.587031804 0.6532481768 17.74339664 9.422784335 4.954541886 -2.07
5.907905801 0.6568603553 5.907905801 0.6568603553 13.19549064 6.575910495 3.2 -1.8
12.8834029 -4.420968536 12.8834029 0.09940948309 23.42046422 8.552890902 4.289465444 -3.98
14.29753811 -3.372908094 14.29753811 0.03299144668 23.19853639 9.771816908 5.411042047 -3.47
13.71679989 -0.1913902133 13.71679989 0.02908428467 19.79751588 7.925420837 3.664319115 -2.86
11.91749972 -0.1109886221 11.91749972 0.1109886221 16.32555642 6.293344613 2.941284933 -3.15
15.02972033 -2.380237938 15.02972033 0.184848356 23.09920615 8.528202143 3.775301264 -3.66
11.3087663 -0.4101464475 11.3087663 0.02245640695 11.53291457 4.503555178 2.417453586 -1.95
14.86459713 -1.468750633 14.86459713 0.009915298932 87.62812536 46.8283328 33.47089427 -10.59
12.70131304 0.1509405832 12.70131304 0.1509405832 21.88516798 9.863323684 5.120929781 -2.33
12.02620748 -0.5186805556 12.02620748 0.1551388889 10.86387912 4.082251913 1.621896085 -1.64
12.73719541 -0.7733102943 12.73719541 0.1473775993 19.12146073 8.432532044 4.116048576 -2.21
8.166666667 -0.9537037037 8.166666667 0.3645833333 5.88 3.084918033 2.137731959 -0.12
13.14785974 -0.4552664399 13.14785974 0.01442290599 19.27442034 7.758097783 3.537435336 -3.05
10.87733063 -0.4439342626 10.87733063 0.333739927 39.98185322 17.33058513 7.811439336 -2.12
11.16101206 -0.4976262388 11.16101206 0.2197282236 26.90948373 10.03009075 3.933679732 -3.45
12.53842057 -0.2157183045 12.53842057 0.2157183045 22.270601 10.12613722 5.272740239 -2.93
12.80252801 -0.9819947037 12.80252801 0.02618599501 20.57841222 6.784554237 2.588358307 -2.6
11.44237733 0.3114161838 11.44237733 0.3114161838 13.83490263 6.5475795 3.138251866 -2.13
12.77803033 -0.833563339 12.77803033 0.1982999409 22.93432767 10.04482245 5.691173627 -1.74
13.66422726 -0.2106061036 13.66422726 0.2106061036 19.35317904 7.660235034 3.235266197 -3.34
12.80850517 -0.529985003 12.80850517 0.04170010288 19.4320954 8.57255061 4.891316627 -2.33
11.64237001 -0.7692822718 11.64237001 0.035405069 20.20327948 7.977220157 3.841940187 -3.08
13.1774293 -3.262622084 13.1774293 0.06920155109 30.9372794 13.31344047 8.272297822 -3.01
13.08586539 -3.487213566 13.08586539 0.3699139331 17.55817842 7.045752075 3.142642307 -1.85
12.40632279 -3.557439636 12.40632279 0.2190544614 19.87910153 9.310922334 6.129441814 -2.44
14.08232013 -0.3305801209 14.08232013 0.142449347 18.26139421 6.362663387 3.009348585 -2.78
13.54559809 -0.8435256047 13.54559809 0.04252635005 21.86876338 9.781566678 5.838834823 -1.83
12.60869288 -0.01274117219 12.60869288 0.003277423751 26.99738693 12.46309887 7.25683295 -3.05
13.75985737 -4.052173614 13.75985737 0.005283978968 26.88919773 10.81616242 5.814204332 -2.7
12.78234201 -0.3607759616 12.78234201 0.1337455839 16.70402357 6.033767718 2.228569472 -3.45
13.77616748 -3.97278717 13.77616748 0.05073328543 30.51701598 13.9536595 8.527328444 -3.44
12.97580215 -0.6305787037 12.97580215 0.03226284958 16.3996153 6.97145521 3.385661957 -2.46
12.96628169 -0.3940802154 12.96628169 0.2066023663 18.68302526 7.829468167 3.334942512 -2.33
13.15790092 -0.7135813492 13.15790092 0.07392951625 17.35864376 6.922301946 3.332494629 -3.06
13.39729728 0.001515705047 13.39729728 0.001515705047 23.08968141 9.902708787 4.897368817 -2.67
13.29771796 0.1254317476 13.29771796 0.1254317476 24.28219425 9.913340539 5.392933647 -2.42
13.26233908 -1.31176275 13.26233908 0.1925463471 28.48083673 14.00832358 9.708423687 -3.09
13.93655895 -0.9807714161 13.93655895 0.01310963904 23.28397115 9.543447464 4.088944264 -1.88
11.9018452 -0.002774975887 11.9018452 0.002774975887 14.45213181 6.161532072 2.860464068 -3.14
12.75733733 -0.3149271962 12.75733733 0.3149271962 17.25418777 7.602224671 3.54914081 -3.17
9.297795413 0.1106538171 9.297795413 0.1106538171 14.04977569 5.567361549 2.415941166 -2.57
12.86597751 -4.281165266 12.86597751 0.5709800349 18.77135536 8.582735656 5.242219678 -2.01
12.65408132 -0.1926589401 12.65408132 0.08499716553 14.21808823 5.355825178 2.374234607 -2.39
13.10935088 -4.376060852 13.10935088 0.1285859868 35.55229041 17.57072946 11.19395776 -3.3
12.09662446 -3.683766771 12.09662446 0.09468065004 14.00876442 5.702981224 3.546481878 -2.41
12.561801 -0.04610545213 12.561801 0.04610545213 24.34908559 11.14535793 5.105151527 -1.35
10.04498196 0.3482015726 10.04498196 0.3482015726 17.12247325 6.866414278 2.926681784 -2
12.8622523 -0.8960422975 12.8622523 0.01485909024 26.10321057 8.280065073 3.452374814 -0.97
6.060942145 0.6020154543 6.060942145 0.6020154543 18.37375152 7.635832283 3.668772404 -2.66
12.91896767 -1.004309534 12.91896767 0.1465383822 25.99610887 11.82831657 6.270008055 -4.63
10.7978993 0.6066666667 10.7978993 0.6066666667 12.3106891 5.966547712 3.161420826 -1.15
13.45607108 -0.2384901738 13.45607108 0.2384901738 19.31221409 7.876203576 3.626482994 -2.66
13.19940301 -3.812276182 13.19940301 0.1768696198 23.91239325 9.947713685 5.288637831 -3.23
5.887452444 -0.2654472553 5.887452444 0.2654472553 13.42431379 5.438441931 2.951478803 -1.56
12.4450284 -4.03542795 12.4450284 0.0831303464 20.28853512 8.704430133 5.080489234 -2.45
13.06587308 -4.561581525 13.06587308 0.06910856768 25.23943185 10.01756119 5.677533024 -3.86
11.93013509 -1.383408784 11.93013509 0.2211296934 23.44824949 10.48205993 5.796281259 -3.71
11.25238808 -0.9625305447 11.25238808 0.3025781094 20.45188906 10.32793699 6.418278889 -2.86
12.57130404 0.2752769718 12.57130404 0.2752769718 24.81763827 11.91685463 6.476937325 -1.86
11.54957114 -0.8261750074 11.54957114 0.4547837215 18.45105686 8.849519557 5.074030543 -3.34
13.11628923 -0.9460815347 13.11628923 0.03135148208 21.03934588 7.123066301 2.732337216 -2.28
12.97064597 -1.32017167 12.97064597 0.02007850202 27.96690691 11.88515894 5.96759377 -4.58
13.89309397 0.1017942208 13.89309397 0.1017942208 24.00395565 9.910714484 4.183765309 -4.07
13.09171718 -4.857830748 13.09171718 0.03114473875 25.35481044 10.77167626 7.103445966 -2.27
11.98693655 -0.01074061806 11.98693655 0.01074061806 18.65485556 8.046693429 3.988494551 -2.13
14.19226684 -0.125780607 14.19226684 0.125780607 15.21253413 6.653367511 3.017190225 -2.33
9.806100561 0.01224537037 9.806100561 0.01224537037 14.86053701 5.840285926 2.659685283 -1.54
12.29569689 0.04308720711 12.29569689 0.04308720711 17.70465721 8.317245177 4.707639903 -2.11
13.4488374 -3.116170663 13.4488374 0.01875415326 27.84952092 11.17362097 5.342472306 -4.3
13.58843551 -1.192878824 13.58843551 0.0558053474 37.80513826 20.64465453 16.86064695 -5.22
6.011980269 0.6466525206 6.011980269 0.6466525206 15.7117158 7.395820936 3.644827316 -1.8
14.92972145 -4.836936425 14.92972145 0.1334978383 25.85074066 9.670989646 5.466243723 -4.23
11.13648337 -0.9925283447 11.13648337 0.2424952759 12.11223577 4.626154697 2.080902368 -1.94
13.4576612 -4.505529563 13.4576612 0.08008954245 29.11113001 12.53130079 8.063576389 -2.88
5.894134524 0.8324443755 5.894134524 0.8324443755 24.12638986 10.26297055 4.755884163 -3.23
10.78061313 -0.7831007317 10.78061313 0.02696710153 23.3257833 11.32749645 6.577557381 -3.34
14.87888257 -0.640735373 14.87888257 0.1047881222 29.75176617 14.43990938 7.963695443 -3.73
12.80151929 -0.2332159184 12.80151929 0.2332159184 15.74419066 7.922878833 4.662635774 -2.14
14.81959226 -3.915878629 14.81959226 0.01720209358 23.12940805 8.717943559 4.400177565 -2.04
13.15517898 -0.3540022564 13.15517898 0.02514660225 33.8379521 13.55084864 5.792998745 -2.7
11.01595498 -0.6614955357 11.01595498 0.473632737 16.22598682 7.287380627 3.650434669 -1.64
13.61953342 -4.007877035 13.61953342 0.07147142029 28.57929017 13.52393776 8.255161882 -2.99
13.15797902 -0.07155377211 13.15797902 0.07155377211 18.9082142 7.627817303 3.278160828 -3.09
5.113893293 0.8794732615 5.113893293 0.8794732615 10.98949871 4.345961538 1.699199844 -2.88
12.26267154 -0.3476408216 12.26267154 0.2278454236 21.35578353 9.505282371 4.879341685 -1.88
4.917853101 0.8214653145 4.917853101 0.8214653145 17.756507 7.597307941 3.564294881 -3.32
14.22858771 -0.763328748 14.22858771 0.04759292619 19.0736762 7.632944224 3.837311515 -3.26
11.98907981 0.1445062329 11.98907981 0.1445062329 14.56458432 6.233631867 2.805784886 -2.02
13.0630405 -4.860276176 13.0630405 0.02545685892 28.74054132 11.46178047 7.435985638 -4.26
13.17956483 -0.05170932683 13.17956483 0.05170932683 21.24699585 8.731149101 4.327782988 -2.61
13.01069062 -0.03659117606 13.01069062 0.03659117606 18.69166834 8.147990042 3.944826628 -2.66
2.263888889 0.875 2.263888889 0.875 7 3.06122449 6 0
15.15434858 -3.83826546 15.15434858 0.2139976671 21.45198347 8.759788354 4.598766399 -1.78
4.549407124 0.8419383031 4.549407124 0.8419383031 13.01576444 5.602446757 2.484083984 -1.68
5.205136432 0.8421107332 5.205136432 0.8421107332 15.32133455 7.643445482 4.756111212 -2.07
12.39792407 -0.2149220522 12.39792407 0.2149220522 14.78299077 7.222905685 3.945900839 -3.14
13.4125109 -3.937958357 13.4125109 0.06229719678 23.04248865 9.389361134 4.95329645 -3.13
13.72455057 -0.01108692834 13.72455057 0.01108692834 21.10496921 9.800387507 4.711739693 -3.76
13.94943239 -0.483770065 13.94943239 0.1103757764 18.62486689 8.103997226 3.777964635 -2.73
13.92049143 -0.8357112922 13.92049143 0.002713704196 33.56007571 16.15396978 8.923835059 -3.8
13.22340209 -0.4516727294 13.22340209 0.3808262646 18.24735681 8.219368645 4.342563184 -2.55
12.51040732 -1.063036502 12.51040732 0.005484339569 22.86353476 7.106833473 2.528156739 -2.08
9.953219955 -0.02585648148 9.953219955 0.02585648148 13.64839319 5.025306122 2.0808 -2
4.186668202 0.2423955184 4.186668202 0.2423955184 11.24593014 5.150582337 5.0202335 -0.83
13.33268707 -0.1427206685 13.33268707 0.1427206685 11.42208965 4.540804639 2.039948551 -1.67
13.05338646 -0.3401879757 13.05338646 0.1482021168 23.5159098 10.09708285 5.651659964 -2.64
12.43005652 -1.095141135 12.43005652 0.01562164237 24.5683782 11.07067345 6.653663308 -1.7
11.69451129 -0.3155886243 11.69451129 0.07111796107 12.10276211 4.620429047 2.077713247 -1.95
13.79061932 -0.9111239335 13.79061932 0.1053281347 18.27645069 7.793906683 3.996435067 -2.52
5.86555529 0.8080673214 5.86555529 0.8080673214 15.81199753 9.381519281 6.253467524 -0.57
12.89234592 -3.48565589 12.89234592 0.1493793111 18.39284668 7.458306926 4.060414232 -1.4
12.46630338 0.02728231845 12.46630338 0.02728231845 21.44236243 10.01138242 4.916063837 -1.79
3.981302438 0.9036111111 3.981302438 0.9036111111 7.099295166 3.218356724 1.531829496 -1.57
5.840444303 0.2582175025 5.840444303 0.2582175025 15.37038037 7.121658896 4.239692092 -1.02
13.24935941 -0.7785468632 13.24935941 0.167962963 15.86938455 5.565433916 2.488313506 -2.01
13.18183503 -1.028982077 13.18183503 0.2288381711 27.34117279 11.88124843 6.486780195 -4.23
13.14199833 -3.961945247 13.14199833 0.00543803015 21.01927004 8.127228466 4.304722712 -3.23
7.844876131 0.07668521089 7.844876131 0.07668521089 24.55938888 10.46553348 5.354944445 -4.13
12.4926644 -0.3659259259 12.4926644 0.1724537037 12.04000459 3.609883763 1.201938736 -1.55
12.16908001 -0.2125189314 12.16908001 0.1782959604 17.32715535 7.59115732 4.52615917 -2.5
12.92758797 -0.8812809671 12.92758797 0.01760327366 26.04408092 11.86083848 5.800237153 -4.58
14.0083343 -0.5459511999 14.0083343 0.07752367717 26.05367594 11.04104483 5.104920713 -2.57
11.06885459 -0.5327429844 11.06885459 0.3976773379 12.75881107 5.769921587 2.950965335 -1.69
3.347742055 0.9955646888 3.347742055 0.9955646888 16.5540298 9.107305377 5.679591837 -1.3
13.17337221 -0.2049407594 13.17337221 0.01918599822 19.114827 7.754565661 3.449411255 -2.87
12.8622131 -4.482948047 12.8622131 0.1820563534 15.6575488 6.107635255 3.397114443 -3.23
12.55217093 -0.09198034769 12.55217093 0.07955120937 17.42391434 7.232495897 3.513123 -0.4
13.02546624 -3.715068854 13.02546624 0.2388750052 20.50066402 8.161680996 4.222217617 -2.77
11.1288799 -0.4906523442 11.1288799 0.364974402 19.36403415 8.090107117 5.535409922 -2.4
13.81262397 -0.394917484 13.81262397 0.2775233261 18.3101515 7.89759488 3.795288337 -3.06
10.60611928 -0.3966041796 10.60611928 0.3966041796 21.48385697 9.640633777 4.864506176 -3.36
12.64237481 -1.000736847 12.64237481 0.2130459016 29.76496021 14.97157421 8.904466931 -5.21
12.88353325 -3.867584594 12.88353325 0.04361908667 21.29807482 8.297987367 4.558021041 -2.94
13.10565348 -0.5998426521 13.10565348 0.0429393424 19.99640182 9.447243367 5.86319862 -1.75
13.35283992 -3.126966726 13.35283992 0.06857344276 30.39849065 13.15846949 6.732293574 -4.63
10.47472078 -0.9483684382 10.47472078 0.01528922063 16.03785039 7.085013234 4.326258545 -2.34
13.30942267 -0.7301957484 13.30942267 0.137816247 29.60684309 11.77921702 6.006876649 -1.88
6.016042175 0.470119198 6.016042175 0.470119198 16.30664327 7.378000142 3.580419688 -1.17
12.31864806 -0.7816244646 12.31864806 0.04523620559 22.66298788 7.209191776 2.58713115 -1.3
11.78476002 -3.613194444 11.78476002 0.02148019547 10.90261427 4.106313776 2.312190083 -1.6
9.781851301 -0.546425527 9.781851301 0.2303398998 15.53720824 8.559148591 6.267554887 -1.52
3.496294059 0.36481387 3.496294059 0.36481387 14.56458432 5.263251058 2.270926261 -1.02
13.93054626 -1.025626424 13.93054626 0.1367171715 19.65714022 7.998300028 4.036508682 -3.65
13.11892341 -3.490604483 13.11892341 0.3714137687 18.5103854 7.643274317 3.504008557 -1.85
13.13357187 -0.1297911818 13.13357187 0.1297911818 52.98618421 28.21726293 15.36029717 -6.32
13.55236774 -1.303023382 13.55236774 0.2749259779 28.99288503 12.79000041 7.483105534 -3.57
11.66570983 -0.3717487199 11.66570983 0.2349608196 22.54060985 10.781532 6.199068874 -3.65
10.66153686 -1.54808469 10.66153686 0.1551124708 26.36624481 12.4595736 7.378300197 -2.24
13.54874572 -3.943516082 13.54874572 0.02254329706 25.32504029 9.852475382 5.067860932 -4.33
5.429579075 0.3734694034 5.429579075 0.3734694034 25.95272825 10.77816065 4.892277667 -2.98
6.209383932 0.7975376879 6.209383932 0.7975376879 14.76380147 6.30437241 3.203270439 -1.16
12.60714498 -0.5250604686 12.60714498 0.02755138957 16.59997451 7.173048771 3.303349273 -3.86
6.009127412 0.4336503212 6.009127412 0.4336503212 14.97928833 5.19883759 2.162496257 -1.13
16.07556606 -4.148161152 16.07556606 0.02043260941 41.69815327 18.30161799 9.162468706 -7.025064935
13.36628879 -3.062699873 13.36628879 0.005868208905 29.39435239 13.25444717 6.849387611 -4.1
10.87829168 -0.352009089 10.87829168 0.04864872938 23.09495121 7.973313368 2.77860801 -2.05
12.48674644 -4.801845257 12.48674644 0.06475312373 24.51254276 10.33811016 6.285431596 -4.61
11.67949299 -0.3351058802 11.67949299 0.3351058802 20.95200267 9.234526546 4.727472001 -3.3
11.51046477 -0.9126424131 11.51046477 0.3156813575 19.39875451 8.212758172 3.960462685 -2.92
12.61780881 -3.941668569 12.61780881 0.02083090589 25.87986642 11.24265888 6.522406482 -2.2
12.01771993 -0.561986212 12.01771993 0.01315236938 34.9770636 20.79803111 20.50779936 -2.05
13.42332987 -4.583469046 13.42332987 0.2343634088 27.35734797 11.37321775 6.801917991 -2.68
12.42065732 -0.9812404704 12.42065732 0.01641709058 23.0321711 11.6709065 6.684554392 -3.64
13.06665596 -1.013187476 13.06665596 0.1038549278 15.69285644 5.086225314 2.301843153 -2.82
13.25267071 -1.663842859 13.25267071 0.07829827058 25.93888567 12.69403282 7.686578719 -2.675064935
10.94388889 -1.144930556 10.94388889 0.5636574074 7.714058273 2.046287536 1.086208818 -1.39
12.12157862 -4.628870317 12.12157862 0.1642305133 18.07421562 8.545320424 6.788641055 -1.27
12.34152198 0.0004097193157 12.34152198 0.0004097193157 21.06710698 9.77468938 4.826037779 -2.8
13.15184262 -0.6424210751 13.15184262 0.02613037499 24.0815887 10.15803481 5.00190616 -3.63
13.68497976 -2.691794191 13.68497976 0.04956836887 19.71458695 8.417898385 4.225055311 -2.59
12.79035917 -0.5410763527 12.79035917 0.06744508719 28.37013286 13.42992531 8.42259841 -5.64
11.57778093 -0.6505960192 11.57778093 0.02712174584 18.02437275 7.626722096 3.462798405 -1.78
9.454489245 0.1150519652 9.454489245 0.1150519652 9.967562241 3.138266204 1.179249838 -1.22
11.28582703 -0.8203045215 11.28582703 0.004742299698 14.14094586 5.187313539 2.141048188 -1.81
12.97648956 -0.3556639686 12.97648956 0.02172088385 39.66270274 19.51144731 11.7334277 -5.54
14.46438134 -0.166319123 14.46438134 0.1394473869 21.03871352 8.962162851 4.004151451 -2.83
13.49359044 -0.7008887621 13.49359044 0.2212002994 24.88071325 11.46514771 6.262884262 -3.23
12.64261277 -4.528314765 12.64261277 0.1471551398 18.72984736 6.766251231 3.321117834 -2.62
12.55483387 -0.05423847317 12.55483387 0.05337679516 17.66592169 7.820922729 3.607807254 -0.15
12.84678109 -3.892793098 12.84678109 0.05318309962 22.43451508 9.004597411 5.019415944 -3.76
10.05748014 0.07994084362 10.05748014 0.07994084362 14.61033864 6.203412812 2.991669018 -1.32
12.16180052 -1.555880193 12.16180052 0.03461259658 22.08304556 9.824526468 5.893072789 -4.21
14.12708477 -0.5706349028 14.12708477 0.05517095082 21.30769235 9.057225945 4.416044417 -2.93
12.59184103 -0.05614531926 12.59184103 0.02351072243 23.2992844 10.43960015 5.147888966 -3.45
14.16704684 -1.133337428 14.16704684 0.04144431847 25.94814188 9.891118666 4.355250761 -3.68
11.61680556 -1.103263889 11.61680556 0.1383333333 10.68930214 3.398660626 1.285373512 -1.39
2.591167116 1.106202918 2.591167116 1.106202918 17.75786601 8.834229711 4.746652532 -1.64
12.62168723 -0.09863515353 12.62168723 0.09863515353 23.22460964 9.436953027 4.284045886 -3.91
12.7881672 -0.3057898715 12.7881672 0.3057898715 17.83057456 8.406478749 3.991905129 -1.98
13.26260278 -2.479197486 13.26260278 0.02623098936 22.0296642 9.531571345 5.547705862 -2.18
13.15881721 -4.509682105 13.15881721 0.2714684114 21.32692812 9.069778744 5.05367809 -2.91
13.34703462 -3.062372364 13.34703462 0.006377850778 28.4294624 12.60418337 6.627348957 -4.1
5.964091044 0.7106068041 5.964091044 0.7106068041 17.13079577 7.936210826 3.920509426 -2.3
6.034880957 0.2991796706 6.034880957 0.2991796706 16.82481345 7.011523241 3.095860589 -3.32
11.34125871 -0.7478211283 11.34125871 0.3929248297 21.16337668 11.54749474 7.954438626 -2.14
12.62103397 -0.5341754754 12.62103397 0.0206623415 20.55159538 9.845601243 4.997647157 -2.18
13.235262 -4.34832911 13.235262 0.1124704556 23.05214556 9.792068531 5.618077357 -2.12
14.24675086 -0.9572617473 14.24675086 0.1222433715 34.38105522 16.09919071 8.953087111 -4.11
14.0493658 -3.750256323 14.0493658 0.2496052742 26.99738693 11.99679437 6.835933095 -3.05
11.89889409 -0.1238397581 11.89889409 0.1238397581 10.58494782 4.030245639 1.655970527 -2.56
6.117082074 0.7982001134 6.117082074 0.7982001134 14.69397297 6.638286463 3.65258192 -1.71
5.783071128 0.5612324117 5.783071128 0.5612324117 18.26249742 8.718836318 4.599182732 -2.11
13.26473321 -0.7342481712 13.26473321 0.01547429957 26.44724343 10.90887795 5.662012424 -4.16
13.2113996 -0.07129403575 13.2113996 0.03176558432 21.05859052 10.21276976 5.907381544 -2.66
14.17519617 -0.5239129455 14.17519617 0.04793837008 18.42195076 7.890849413 4.072625449 -1.37
12.80645724 -1.340590275 12.80645724 0.2919863766 26.47239167 11.2090743 6.392226017 -4.59
12.76834446 -0.3887670867 12.76834446 0.1869837037 20.73602313 8.768996472 4.164314021 -2.15
13.41262944 -3.116170977 13.41262944 0.09158471389 31.78829323 13.2774851 6.965129406 -4.18
11.29229937 -1.041787289 11.29229937 0.1920963246 14.69397297 6.638286463 3.889779013 -1.71
8.951388889 0.375 8.951388889 0.375 3.47 2.47 1.47 -0.53
14.02976419 -0.4149023684 14.02976419 0.2397308012 23.99449415 9.496764516 4.1432821 -2.37
5.06074263 0.9583333333 5.06074263 0.9583333333 7.56 6.56 5.56 -0.44
13.91594286 -0.9995742106 13.91594286 0.03964711321 26.68975312 11.53173252 5.289433102 -3.52
13.19245911 -0.631887163 13.19245911 0.4560748087 21.92737237 10.84916153 6.620192151 -1.77
13.08316834 -0.5859204512 13.08316834 0.1910367851 17.74716859 6.345853818 2.768725093 -3.33
5.524215803 0.7275210231 5.524215803 0.7275210231 18.55808058 7.673560185 3.494635434 -2.8
11.3702265 -0.9495616985 11.3702265 0.09953357934 25.69542724 11.5632118 6.048689302 -3.39
11.50725457 -0.3592729773 11.50725457 0.3592729773 19.71458695 9.271767294 4.881601643 -2.59
13.31916431 -0.468366851 13.31916431 0.01089962327 22.5091652 9.529260218 4.698080999 -4.28
13.63841887 -1.016948561 13.63841887 0.1755626893 32.21880019 14.6548647 8.225514912 -4.7
4.659389382 0.7404179789 4.659389382 0.7404179789 15.19372164 5.936045313 2.799747264 -3.35
13.87617375 -4.848925696 13.87617375 0.01356347426 27.20268266 9.547787329 4.585052012 -4.98
12.80488074 0.1484989922 12.80488074 0.1484989922 17.58846243 6.946150077 3.577389735 -2.23
13.16276065 -0.8887132628 13.16276065 0.05099672655 28.13631646 12.68657101 7.071583127 -2.44
13.94725639 -0.3500797325 13.94725639 0.23100411 14.01656691 6.224214912 3.215668415 -1.94
13.86366991 -4.735235217 13.86366991 0.09185679449 26.27096765 10.01945803 4.590775781 -4.64
12.50643567 -1.158096142 12.50643567 0.1425614021 20.37592411 8.851837038 4.490785665 -3.9
12.3663013 -0.03911038968 12.3663013 0.03813093738 18.31756572 7.268781231 3.286106946 -3.72
10.95023206 -0.722932091 10.95023206 0.7071564215 18.48177204 8.009974145 4.344489327 -1.88
12.84081808 0.05396020432 12.84081808 0.05396020432 19.81108104 7.847542365 3.68784511 -2.13
13.36321199 -3.094530749 13.36321199 0.1182433761 21.71183889 9.321950292 5.207592729 -1.51
13.01804548 0.006690969386 13.01804548 0.006690969386 20.63204741 8.702908816 4.360681524 -1.26
6.135310374 0.1029166667 6.135310374 0.1029166667 10.583243 3.909178139 1.771348334 -0.93
9.094842663 0.1978662286 9.094842663 0.1978662286 21.99502721 8.617035955 3.919722321 -3.5
13.06086404 -0.5699248866 13.06086404 0.05567082389 17.77245377 8.365261646 4.740507787 -2.04
11.32935211 0.0761529195 11.32935211 0.0761529195 12.53908233 4.886256197 1.989858233 -2.49
13.52518403 -0.005893487024 13.52518403 0.005893487024 19.53799363 7.682581595 3.516271161 -3.42
13.95227524 -1.201405199 13.95227524 0.07556329691 21.22805503 8.719321196 3.955047175 -2.63
13.83353725 -0.3960530232 13.83353725 0.160514402 18.50570049 6.718066127 2.767012587 -3.06
12.22678792 0.2641279663 12.22678792 0.2641279663 16.98870221 7.814359862 3.968725001 -1.85
13.69740442 -3.804414028 13.69740442 0.07659846203 27.3768108 11.80881608 6.088099876 -2.66
12.68599072 -0.2841047808 12.68599072 0.2841047808 15.66717442 6.113616221 2.960676269 -3.22
13.19228319 -0.9406055289 13.19228319 0.03600678285 21.50778458 7.369680779 2.881433781 -2.77
13.97113487 -1.194318871 13.97113487 0.06184968071 20.19369059 7.971292728 4.126937825 -2.09
13.38003697 -0.2117239775 13.38003697 0.2117239775 22.4140929 10.26347441 5.228571732 -3.38
12.99853924 0.1661932558 12.99853924 0.1661932558 18.15845049 7.853894945 3.563720583 -1.89
13.40426905 -4.546571038 13.40426905 0.2125338561 21.6540788 8.517534171 4.385339428 -3.57
12.96876228 -3.921933579 12.96876228 0.004359043 18.21826499 6.968829196 3.378055631 -2.58
13.11628923 -0.9460815347 13.11628923 0.03135148208 21.03934588 7.123066301 2.732337216 -2.28
5.716845553 0.6441237035 5.716845553 0.6441237035 15.81159626 8.533194786 4.98785732 -1.07
13.7649529 -0.5554951129 13.7649529 0.1324899171 23.85323922 9.742085775 4.545104839 -3.52
5.497308234 0.5625733287 5.497308234 0.5625733287 20.53905423 9.849215024 5.452984107 -1.73
10.52470027 -0.2494219787 10.52470027 0.01817483938 16.61891199 6.813721064 3.44104015 -1.84
13.04697769 -0.2152696287 13.04697769 0.111008399 20.2542812 8.833198552 3.843067897 -3.66
10.63953744 -0.499839452 10.63953744 0.3120365232 20.55645287 8.654946545 4.224387249 -2.34
13.90353679 -0.9231266534 13.90353679 0.02489694669 21.61786464 7.31566147 2.779235495 -3.45
11.28590332 -0.9380800498 11.28590332 0.3416359792 22.81078336 10.97310018 5.709973099 -3.37
5.93981387 0.4488580247 5.93981387 0.4488580247 7.430292141 2.67758936 1.120309346 -1.22
12.98862494 -1.027285358 12.98862494 0.093064313 32.11386447 16.77285935 11.74269764 -4.1
10.47003227 0.01654793659 10.47003227 0.01654793659 22.17653145 9.698316738 4.291744197 -1.63
13.37643688 -4.534169541 13.37643688 0.03985150542 17.83057456 6.074752234 2.915441214 -1.98
13.54925863 -0.3373420128 13.54925863 0.116754572 24.77936879 11.89005901 6.459411959 -1.9
12.58658151 -0.3582754367 12.58658151 0.05479018902 22.34755844 10.2185963 5.382799438 -4.45
13.15947031 0.03502193501 13.15947031 0.03502193501 26.13010628 10.46172119 5.11615285 -3.11
14.40121161 -3.348278151 14.40121161 0.1073063587 24.01882039 10.43067891 5.691625508 -4.12
13.0151507 -0.7794180936 13.0151507 0.1001071324 24.85591129 10.2748353 5.024697706 -2.82
14.65125218 -1.098134883 14.65125218 0.09952076727 22.47465157 8.882051214 4.585613796 -4.21
11.3860727 -0.8613371861 11.3860727 0.07423951422 16.60944306 6.146436154 2.53957495 -2.85
2.835003071 0.5731506423 2.835003071 0.5731506423 15.84048902 6.221596474 3.185081844 -0.04
12.37656849 -0.007195854472 12.37656849 0.007195854472 19.39875451 9.522070382 5.12032307 -2.92
5.870516503 0.7944730253 5.870516503 0.7944730253 16.74714903 9.257848346 5.792699467 -1.1
11.86645258 -0.9939486151 11.86645258 0.1242184889 24.72566361 11.35766101 6.182821599 -4.39
13.93974008 -1.817169099 13.93974008 0.0175624734 61.97767044 30.77432925 20.89285538 -6.32
12.86417206 0.1267338015 12.86417206 0.1267338015 15.62686225 6.925493334 3.045044028 -1.89
13.18715357 -3.911187885 13.18715357 0.05403043612 23.53761743 9.107981246 4.538251041 -2.2
10.4356525 -0.171087441 10.4356525 0.06574743323 20.06559466 7.090870638 3.174562297 -3.86
13.75011529 -0.1443300456 13.75011529 0.01360472684 20.04673334 7.668657015 3.551919906 -1.88
12.72295062 -0.2739458785 12.72295062 0.2527688414 16.53896804 8.573392183 5.884978727 -1.83
4.545925926 0.9827343159 4.545925926 0.9827343159 8.237481995 3.242300005 1.399467725 -2.09
13.45885424 -0.188212606 13.45885424 0.07167795205 19.52313684 8.700760124 4.127792901 -3.79
13.66402613 0.0555866822 13.66402613 0.0555866822 21.56745408 9.227138085 4.645349347 -3.66
3.408331096 0.3587311036 3.408331096 0.3587311036 13.18580472 4.38026232 1.764333315 -1.28
13.40683394 -0.243163108 13.40683394 0.06800527001 18.32921537 7.910057164 3.968328383 -2.04
5.711355375 0.5162770324 5.711355375 0.5162770324 20.13616281 9.565974346 5.264381217 -2.15
12.21459491 -0.006634305724 12.21459491 0.006634305724 21.90783542 11.40929047 6.101768049 -2.79
4.415905612 0.2448172083 4.415905612 0.2448172083 15.03696202 5.954690553 4.065873568 -1.36
13.08328877 0.1910040583 13.08328877 0.1910040583 23.43273171 10.95668788 5.353908592 -3.31
12.9841898 -0.09876102808 12.9841898 0.0981191874 38.49876762 16.3948407 7.66242693 -2.7
13.34525488 -3.110492297 13.34525488 0.09865706559 28.95521279 12.22749187 6.165787632 -4.14
13.82778746 -4.683018629 13.82778746 0.003991103946 24.85591129 8.932815001 4.447607119 -3.82
13.19555839 -2.661865193 13.19555839 0.04544934366 19.23766093 8.440182711 5.237606928 -1.53
13.43536795 -3.65066387 13.43536795 0.03089997116 24.93246797 11.1132219 5.967079811 -2.74
13.17435185 -4.524820011 13.17435185 0.01511290627 12.86225184 4.447829199 1.995681582 -2.15
13.10043637 -4.582543594 13.10043637 0.2506451492 27.7162659 11.09181579 5.567733492 -3.44
2.248842593 1.232824074 2.248842593 1.232824074 6.241943084 2.099553891 0.6722660272 -1.3
5.660839947 0.2737093726 5.660839947 0.2737093726 10.66062532 3.95667927 1.906203288 -1.85
11.76925847 -0.2391931217 11.76925847 0.1455555556 12.8858561 4.874021432 1.859529811 -2.82
14.06305643 -0.4520150437 14.06305643 0.1702633955 19.53799363 7.682581595 3.622689831 -3.42
13.29208288 -0.4071530458 13.29208288 0.01478779156 23.57055206 12.68889421 7.870388706 -3.09
11.9082488 -0.2246797239 11.9082488 0.1828694255 15.19372164 5.337601773 2.404902067 -1.35
6.016857521 0.8436226852 6.016857521 0.8436226852 16.78578614 8.697338369 4.953871445 -1.06
12.95292718 -4.428391983 12.95292718 0.04860149952 22.73868256 9.46646055 5.814840985 -2.94
12.98029189 -3.372106084 12.98029189 0.04473371756 22.25253243 8.343618176 3.796776363 -2.55
12.37365334 -0.2120317507 12.37365334 0.1116853516 20.46227789 8.510279629 4.374320049 -3.81
12.92360344 -0.2867485513 12.92360344 0.2158760341 19.08323251 8.835439658 4.43385073 -3.25
11.66647138 0.2459322883 11.66647138 0.2459322883 16.50576747 6.273733941 3.300459684 -1.35
13.28464012 -0.1475167981 13.28464012 0.06117093381 22.12602258 8.811136034 4.45070066 -2.08
11.07341144 -0.2124428907 11.07341144 0.2124428907 9.916984415 4.268719553 2.440205143 -1.62
6.111898621 0.3764020127 6.111898621 0.3764020127 21.16345429 9.818058678 4.968225395 -2.08
11.56017671 -0.3987186566 11.56017671 0.3987186566 17.76584583 7.603243543 3.69030161 -3.31
6.096282286 0.493799373 6.096282286 0.493799373 22.07205908 10.0333047 4.783227061 -3.74
11.57782596 -1.150676493 11.57782596 0.7834877855 13.34104827 4.849642597 1.704686644 -2.33
12.57875567 0.1987093726 12.57875567 0.1987093726 13.43385352 5.444482894 2.523067415 -1.55
13.25628811 -3.101659942 13.25628811 0.006992818275 26.50486648 10.94546878 5.684681655 -4.1
11.97678638 -3.30010551 11.97678638 0.2739879864 21.41751712 8.491763011 4.551308093 -3.43
5.901273008 0.3872595427 5.901273008 0.3872595427 10.10760181 3.747171836 1.722123466 -2.07
12.17575147 -0.08063273557 12.17575147 0.08063273557 19.56824725 9.142781294 4.95488112 -2.19
12.10780691 -1.288060891 12.10780691 0.1982023162 17.48333258 7.601783096 4.324908937 -2.87
13.13299603 -0.6338081066 13.13299603 0.06611552028 19.99640182 9.447243367 5.612395909 -1.75
13.38428231 -0.322538449 13.38428231 0.1357690854 18.53900157 8.047542797 4.052298033 -1.82
6.074261452 0.6446635196 6.074261452 0.6446635196 14.64869571 6.654810135 3.481712411 -0.28
5.780814752 0.5488714097 5.780814752 0.5488714097 8.973795861 3.379286958 1.255378679 -2.29
14.04735552 -0.688708421 14.04735552 0.08507434342 21.76960714 9.359957815 4.727353069 -3.45
6.161000523 0.4642172147 6.161000523 0.4642172147 13.42182536 4.737009225 1.889864613 -1.02
13.23603209 -3.96277783 13.23603209 0.02030759217 23.47724561 9.286866427 5.1290036 -2.68
12.86711341 -0.1722883073 12.86711341 0.1722883073 17.01079626 7.127430919 3.159475942 -3.12
13.41222888 -0.4935591459 13.41222888 0.2705222506 16.96952987 7.034791551 3.313939715 -3.47
14.00360766 -1.052446091 14.00360766 0.08172146636 25.107878 10.89059713 4.84136693 -3.19
13.98025101 -1.088034979 13.98025101 0.01052809975 24.23174121 8.708792508 3.865421631 -2.9
10.84248961 -1.696527778 10.84248961 0.1124074074 12.35936767 4.291571384 2.436600466 -1.1
11.09142767 -0.5245742001 11.09142767 0.4605551881 13.34104827 4.849642597 1.990304061 -2.33
6.011333674 0.819561905 6.011333674 0.819561905 25.99610887 13.78153853 7.684723998 -2.63
11.7624417 -0.8011287752 11.7624417 0.05716321353 27.17764514 10.99669384 5.496729861 -4.4
13.27239717 -0.181268529 13.27239717 0.0687409717 20.93179824 9.138907431 4.455409559 -2.79
12.93156403 0.03377172834 12.93156403 0.03377172834 30.02531395 13.73609495 6.709974331 -4.02
12.85356256 -0.2434499664 12.85356256 0.2434499664 16.51834791 6.503319794 2.620597791 -1.65
9.8549395 0.2470644369 9.8549395 0.2470644369 12.7004821 4.236677915 1.807397488 -1.02
13.61161388 -0.2811006482 13.61161388 0.03191477234 15.69285644 5.916930001 3.09429594 -2.82
11.21155924 -0.1257293735 11.21155924 0.1257293735 17.11181782 7.508268895 4.093011642 -3.32
12.95865295 -0.8766255113 12.95865295 0.01150982615 28.8027723 10.30331409 3.734993199 -3.39
4.078703704 1.118055556 4.078703704 1.118055556 5.28986014 1.948262116 0.8609369313 -0.85
12.26190791 0.05696592158 12.26190791 0.05696592158 19.26485819 8.96042523 4.682905591 -3.06
12.15857226 -0.5397963144 12.15857226 0.02059350276 20.64905805 8.947244871 5.250703623 -4.08
12.81895689 -4.398101796 12.81895689 0.1499393459 28.24345649 12.8525225 7.637949236 -3.77
6.001085629 0.659627084 6.001085629 0.659627084 18.81990614 9.115436292 4.809570526 -1.96
12.53858827 -0.8531607774 12.53858827 0.02348821916 28.92135292 13.38129422 6.81949734 -4.59
12.23297556 -0.6619214876 12.23297556 0.1714098849 16.06731609 7.105650963 3.868542838 -2.31
13.44397015 0.04678980092 13.44397015 0.04678980092 18.24343803 8.263340847 3.504341227 -3.13
7.381785992 0.02258072198 7.381785992 0.02258072198 17.03703299 7.395820936 4.181469419 -3.8
14.2545213 -0.5193278196 14.2545213 0.2410199633 22.91322942 9.501490626 4.193283297 -3.52
13.52237158 -1.016394541 13.52237158 0.02943867053 23.49657732 9.679691385 5.297793386 -2.66
14.4438035 -5.873775449 14.4438035 0.1041851938 32.88902018 11.93610806 8.234603413 -2.62
13.5445662 -4.530720789 13.5445662 0.05292165323 20.34867404 7.847838994 3.653218624 -3.56
12.17150159 -1.033440177 12.17150159 0.1152812684 22.62132256 11.36374328 6.457621831 -3.06
12.5057271 -0.3565870037 12.5057271 0.09358616434 22.28024129 10.13273323 5.291178704 -1.92
13.85656762 -0.3898391233 13.85656762 0.1702286527 18.31524572 8.266220883 4.187140826 -2.48
6.202787856 -0.01198003275 6.202787856 0.0004496654629 19.66192529 7.296647595 3.103060832 1.34
12.60464086 -0.1643608539 12.60464086 0.1643608539 20.79829374 9.131998994 4.663850269 -3.46
13.40287103 -0.4965162493 13.40287103 0.008721917779 27.79830359 11.38802279 5.621239056 -2.755064935
10.84335592 -0.5422127566 10.84335592 0.07903132759 13.55790886 4.845779762 2.219770721 -3.42
13.24053834 0.01721403376 13.24053834 0.01721403376 16.85269917 6.400357157 2.721843682 -3.29
13.69418716 -4.575368528 13.69418716 0.00344410407 24.94271114 10.49517443 6.428689537 -3.69
2.178240741 1.342592593 2.178240741 1.342592593 6.01178896 1.977584521 0.6204690223 -1.56
12.95513753 -3.677736081 12.95513753 0.01446259457 28.84416526 12.05609727 6.294912528 -2.67
10.03270416 0.3724085884 10.03270416 0.3724085884 15.45454152 5.878009237 2.418537742 -1.8
11.24523157 -0.8506526111 11.24523157 0.1001010697 22.69939037 10.45647419 5.055883552 -2.08
9.185797033 0.566025642 9.185797033 0.566025642 15.94760114 6.75178891 3.18818979 -2.55
12.62382277 0.02491139666 12.62382277 0.02491139666 18.02434828 8.115701812 4.492607103 -2.36
12.78242205 -4.471368725 12.78242205 0.006707556954 22.62132256 10.30577562 6.469426662 -2.06
13.251852 -4.459133624 13.251852 0.05712747028 54.05915736 19.29553995 8.825759866 -6.55
13.70725639 -0.7250797325 13.70725639 0.008995890023 13.94962119 6.179046883 3.1870546 -2.01
6.934709625 0.09870210275 6.934709625 0.09870210275 15.58916079 5.285920118 2.321601343 -1.93
14.31063092 -0.473516104 14.31063092 0.01711743946 23.14872567 9.457062079 4.702101346 -3.02
9.619554971 -0.05229938272 9.619554971 0.05229938272 12.36910429 5.046296348 2.973267232 -1.09
13.1427607 -1.603271644 13.1427607 0.02753023432 21.49770347 8.656051322 4.689510401 -4.21
13.44579961 -0.1533442513 13.44579961 0.1533442513 12.36822064 4.78164517 2.406371003 -1.67
12.84746318 -1.099052419 12.84746318 0.03654584156 23.0321711 9.239762605 5.531612399 -3.64
9.540297745 0.1617209415 9.540297745 0.1617209415 13.74890195 5.64503037 2.927399856 -3.22
12.63963987 -0.7540076741 12.63963987 0.2838714097 16.05147362 6.129441814 3.646722911 -2.44
13.05884145 -3.22344849 13.05884145 0.02317965828 22.46487466 10.19622775 6.652761052 -2.22
2.564814815 0.7009475519 2.564814815 0.7009475519 11.5447735 5.402977638 2.646920979 -1.54
11.66694849 -0.8306817343 11.66694849 0.444969889 21.58670242 9.661038881 5.152590388 -3.64
13.02469626 -4.933107496 13.02469626 0.03468872213 27.51406712 10.68298802 7.657648195 -2.73
13.5195534 -0.799501142 13.5195534 0.1892651382 21.98149325 9.928838197 4.813918525 -3.23
13.89693582 -0.8713980013 13.89693582 0.0471618512 19.28398278 8.138554 4.337971547 -2.04
14.65023234 -1.969879454 14.65023234 0.000508766332 120.8933252 64.77478161 48.92066701 -14.17
14.68984916 -1.718965813 14.68984916 0.03740740741 21.81775357 8.619031142 4.309702939 -3.4
5.096233511 0.8888173973 5.096233511 0.8888173973 18.39284668 8.807724949 4.608063705 -2.4
13.07328877 0.1786583793 13.07328877 0.1786583793 23.36600192 10.91093013 5.326513325 -3.38
13.97650116 -0.2773398539 13.97650116 0.2719904758 16.66626242 6.843461372 3.204015938 -3.79
10.70522247 -0.7791573297 10.70522247 0.1420828042 21.83701371 10.77489101 6.077328089 -3.38
13.13147818 -0.6283585715 13.13147818 0.1407381687 19.88698649 8.530452386 4.010323404 -2.41
13.51210023 0.09446511037 13.51210023 0.09446511037 20.18707369 8.160012278 3.723324631 -3.44
12.27483608 -0.04594691818 12.27483608 0.04594691818 23.375534 10.49045789 5.178415602 -3.37
10.90720884 -0.9187799456 10.90720884 0.1276396369 14.15261332 4.521896298 1.664422092 -1.46
12.61913692 -0.4049027358 12.61913692 0.009573045267 18.63544197 8.488105464 4.725193991 -3.15
8.722777778 -0.125 8.722777778 0.125 6.96 3.026851632 5.96 -0.04
12.410403 -0.8907004093 12.410403 0.2029588169 20.90624733 8.519054619 4.076204303 -2.97
11.00533905 0.4696512556 11.00533905 0.4696512556 13.12879842 6.055172366 2.828631024 -1.87
3.652809081 0.4493341364 3.652809081 0.4493341364 17.09201183 6.624411089 2.800416233 -1.8
13.21704242 -0.3199042966 13.21704242 0.1284030052 18.1988716 7.742349958 3.963851947 -2.6
12.81321628 -0.2944870274 12.81321628 0.04865974148 20.40470639 9.296970837 5.005852729 -3.87
14.00895068 0.070834715 14.00895068 0.070834715 23.95681988 10.15556814 4.551413238 -2.41
9.263941433 0.1423359158 9.263941433 0.1423359158 15.08088514 5.274671505 2.205879665 -1.47
12.68901416 -4.394389405 12.68901416 0.09852654951 22.45902388 9.583615324 6.073003489 -2.83
13.14570377 -3.250087669 13.14570377 0.01388615008 25.36462473 11.74146185 7.637378099 -2.26
13.8668605 -0.2745076476 13.8668605 0.02255641107 23.24210777 10.00140895 4.956955814 -4.51
12.73282093 -0.5985646877 12.73282093 0.04554205453 21.76132801 9.70730454 5.35835109 -3.94
14.96008583 -0.4229817676 14.96008583 0.1931567565 19.76397619 8.156586208 3.932278552 -3.18
12.71154686 -0.9397222222 12.71154686 0.04541005291 14.56607894 4.38333866 1.557879028 -1.59
13.56532025 -1.033204416 13.56532025 0.07290455736 27.39627418 12.26906383 6.810147414 -3.64
10.75602145 -0.3868087505 10.75602145 0.3868087505 18.61738648 8.149617036 3.757530781 -2.4
13.72700737 -1.115774622 13.72700737 0.1587835833 27.68764014 11.70401766 5.834301582 -3.87
13.53683884 -4.38176964 13.53683884 0.3269457091 34.6069228 16.43470343 9.250818585 -3.25
5.808451179 0.6400543553 5.808451179 0.6400543553 15.67456671 9.267202701 6.517016233 -1.71
12.77445635 -0.5886293558 12.77445635 0.2226713852 20.83428525 10.04993461 5.563221958 -1.89
3.145833333 1.0625 3.145833333 1.0625 3.48 2.48 2.48 0.48
11.3702265 -0.9495616985 11.3702265 0.09953357934 25.69542724 11.5632118 6.048689302 -3.39
14.65620751 -0.3822951076 14.65620751 0.1483477343 20.66985233 8.372782213 3.655227972 -3.22
11.23237441 -0.4842192224 11.23237441 0.2337436196 28.36047294 10.57827121 4.11949653 -3.87
12.57850276 -1.11542211 12.57850276 0.00388822311 27.55579563 13.32556433 9.166541487 -4.03
11.77964463 -0.2879348574 11.77964463 0.1442790582 20.05682775 9.441030124 6.867587047 -1.26
5.939643076 0.1646052135 5.939643076 0.1646052135 19.94302019 8.268462978 3.849527297 -3.99
12.33415108 -0.2125 12.33415108 0.00828420257 13.87185354 5.612695959 2.733185559 -1.55
11.55513847 -0.9636498115 11.55513847 0.329953261 17.74339664 8.344673889 4.307858397 -3.07
12.52790657 -0.4474173733 12.52790657 0.1468716669 17.43359163 7.663153975 3.354145801 -1.39
13.09524131 -0.5809756639 13.09524131 0.01763887783 21.31225977 10.397659 5.568816885 -2.4
13.04219717 -0.9329693625 13.04219717 0.0890445264 27.90911544 11.08786335 5.801384688 -4.64
12.42084869 0.04483583789 12.42084869 0.04483583789 21.6540788 10.64324527 5.570554498 -2.57
13.37635981 -4.540423955 13.37635981 0.1076464633 25.42351279 9.966497315 6.224145144 -3.2
14.64618191 -0.1438406486 14.64618191 0.009663606499 21.64502796 9.747825557 4.930067249 -3.19
13.17533781 -1.069256267 13.17533781 0.1356478146 18.0529154 6.096342992 2.710503381 -3.33
13.37290715 -1.075201871 13.37290715 0.03196830201 40.83878352 14.42856279 5.858021095 -4.64
13.55448463 -0.714861072 13.55448463 0.09949725234 29.04680505 14.43749283 7.839977907 -4.46
12.8495742 -4.413292123 12.8495742 0.03952346407 30.15555544 14.19413896 8.586897916 -3.81
11.43834638 -0.6829341459 11.43834638 0.1010119048 12.5257064 3.843124759 1.192508997 -2.01
12.49835106 -0.03222631703 12.49835106 0.005075468249 21.40985444 9.465383431 5.39731452 -1.3
11.35613841 -0.9395882059 11.35613841 0.3404000369 19.91572834 8.549256197 4.137150571 -3.38
14.52880185 -3.189326417 14.52880185 0.1950925226 20.95354974 8.548409443 4.373933833 -3.92
13.70003516 -0.3749888331 13.70003516 0.03592799422 29.75176617 12.64435768 6.528664093 -4.73
12.90027631 -0.1436235461 12.90027631 0.1436235461 22.12602258 10.02734667 4.568436809 -3.08
3.550416667 1.152777778 3.550416667 1.152777778 4.74 3.74 3.74 -0.26
13.84910283 -1.080778069 13.84910283 0.004664748106 28.34089792 11.60327398 6.478632613 -4.67
13.2906762 -0.5436291621 13.2906762 0.1319924217 22.10674915 10.01419586 5.201411561 -3.1
11.30426152 -1.018983791 11.30426152 0.04109246605 14.78214663 6.700820504 4.175000814 -2.62
3.420509711 1.071984549 3.420509711 1.071984549 14.48571848 6.543094385 3.418937371 -1.45
5.558385639 0.3327039479 5.558385639 0.3327039479 20.1970345 7.938397503 3.359272095 -2.2
13.00849656 -0.9425490618 13.00849656 0.01789757024 21.82738352 9.398012347 4.750895343 -3.39
12.1825447 -0.3910170801 12.1825447 0.1366670481 20.35673721 8.839165432 4.482985528 -1.92
12.36068838 -0.2174718908 12.36068838 0.2174718908 21.72146636 10.20577355 5.035174227 -3.5
5.611666667 0.8014814815 5.611666667 0.8014814815 5.643155792 2.185360819 1.239206403 -0.49
12.04973652 0.03788229843 12.04973652 0.03788229843 16.98870221 8.308038839 5.077191245 -1.85
14.03134351 -1.062370695 14.03134351 0.06080981775 21.66370491 8.894521445 4.251765623 -3.56
10.73337342 -0.6276235355 10.73337342 0.06096702223 16.97901316 6.363232927 3.196866665 -1.46
12.4964294 -3.870701093 12.4964294 0.1247677871 24.7124058 10.5645391 6.2280774 -4.97
13.55202872 -1.295812528 13.55202872 0.03070729295 51.80430984 25.15030533 14.95470537 -6.58
10.94379691 -0.6066034817 10.94379691 0.6066034817 16.64732109 6.831560187 3.738318457 -1.81
13.38535632 -0.194289061 13.38535632 0.194289061 17.61647522 7.508455948 3.873369814 -2.47
13.76670351 -1.014444444 13.76670351 0.07937704712 16.45404461 5.751992773 2.06503642 -3.5
11.4560637 -0.9139079034 11.4560637 0.3309819854 17.56981919 6.524792225 2.885271499 -1.52
13.09969718 -0.3290739553 13.09969718 0.04450462818 22.68036305 7.449201917 3.195820128 -1.1
11.91710085 -0.5988709303 11.91710085 0.07438396103 18.57988706 7.764745221 3.868474057 -2.44
13.30206814 -0.7427610563 13.30206814 0.09730283709 21.33654635 9.076057148 4.427244769 -2.9
13.56134394 -0.5076023783 13.56134394 0.07502251439 19.78227796 8.36651404 5.275224933 -2.97
12.64214129 -0.3320351474 12.64214129 0.1667108109 20.51261526 8.426176652 3.721770404 -3.22
14.83043679 -0.645963955 14.83043679 0.02253369866 20.64149816 8.355285996 3.445358691 -3.25
12.22313509 -0.2205656751 12.22313509 0.2197073413 19.24573475 8.515284029 3.902295546 -3.08
12.95981529 -4.639362382 12.95981529 0.04485494938 30.39423278 13.63827337 9.860131152 -2.83
13.35518247 -3.089036477 13.35518247 0.05238633679 26.71823164 10.48470862 5.299806361 -3.49
13.37835341 0.1185494539 13.37835341 0.1185494539 18.60801104 7.782379388 3.384049917 -3.41
14.00382359 -3.893749195 14.00382359 0.1310400698 25.88099663 10.92964444 5.441200344 -2.75
12.7900863 0.08030516601 12.7900863 0.08030516601 25.55956142 12.43642663 6.575695197 -2.53
12.99110918 -0.5608346794 12.99110918 0.1930347137 19.64606568 9.197936874 4.789250997 -2.11
5.910809337 0.7609576206 5.910809337 0.7609576206 15.59017835 7.309247843 4.121975811 -1.3
11.126564 0.5799145309 11.126564 0.5799145309 16.11760026 6.860900769 3.251481324 -2.37
6.033328064 0.3333391947 6.033328064 0.3333391947 17.96205747 7.055088516 3.069496548 -2.1
13.94493665 -0.4506776277 13.94493665 0.1954024943 17.78452474 6.949067234 3.139726393 -3.29
13.1725144 -0.3284722384 13.1725144 0.008108505085 16.85269917 6.703578194 2.904131754 -3.29
13.04452809 -3.582628142 13.04452809 0.2616772948 22.61154349 9.3825088 5.164146365 -1.07
13.15070304 -0.5561146887 13.15070304 0.07971190868 27.19190083 12.52729767 7.065157346 -2.4
5.852486585 0.423906441 5.852486585 0.423906441 21.18257023 9.474547834 4.534349678 -4.37
13.43363476 -0.5113815403 13.43363476 0.002834099689 21.55627671 9.565974346 5.686635602 -2.15
13.79793393 -4.656052573 13.79793393 0.3527251235 20.53905423 7.835587372 4.259878796 -3.73
12.05950255 -0.04808805192 12.05950255 0.04808805192 21.42937532 10.48328034 5.859536671 -1.28
14.05179656 -3.930173642 14.05179656 0.03150543216 21.26922365 8.280268591 4.13048207 -2.97
14.15101395 -1.335808059 14.15101395 0.1325385802 21.21858507 6.92701694 2.735845027 -2.64
6.014784056 0.8238198381 6.014784056 0.8238198381 16.32243549 8.350865775 4.713575447 -1.54
14.27574631 -4.458771282 14.27574631 0.003270207391 25.53148447 10.45002359 6.491386184 -4.09
5.48954548 0.8259902526 5.48954548 0.8259902526 16.59997451 7.575499712 3.551024029 -2.86
8.790729875 0.6824074074 8.790729875 0.6824074074 12.26047216 6.632854237 3.678265343 -0.81
10.95413281 -1.316059146 10.95413281 0.0899537037 12.28037298 4.377768666 2.414244206 -1.79
14.12748032 -0.6379011745 14.12748032 0.2540560344 16.07981115 6.836605445 3.23736864 -2.41
11.8152477 -0.2968020576 11.8152477 0.1369654675 19.57309491 9.087921872 5.922441073 -1.75
14.14298832 -0.6303484466 14.14298832 0.2860878842 21.79302444 8.29816553 3.761353741 -4.46
13.45927414 -4.866550219 13.45927414 0.001424422973 21.97185973 8.361116718 4.234129594 -3.24
12.59009921 -0.806648715 12.59009921 0.1441713908 17.38771408 5.684170779 2.134840268 -2.3
10.70892224 -0.8528001724 10.70892224 0.1587739017 18.33861623 6.527155396 2.531018076 -1.44
2.424761432 0.3453703704 2.424761432 0.3453703704 14.02174008 5.241201443 2.1930839 -1.6
7.12977709 -0.340527602 7.12977709 0.007089637588 24.45612669 8.828186827 3.240517082 -2.34
11.37358386 -0.5982160004 11.37358386 0.2293366176 41.86539268 17.80390693 7.801161614 -2.12
9.983846678 0.1178329738 9.983846678 0.1178329738 18.51992381 7.290760562 3.761683428 -1.84
13.9778034 -4.447908998 13.9778034 0.02403412908 21.29435315 8.092745562 4.006948855 -3.56
13.72822173 -3.52318477 13.72822173 0.02841140458 27.39890107 10.77263232 5.606220015 -3.17
11.73081621 -0.7808830712 11.73081621 0.01049551106 26.8411396 12.40450134 6.461406999 -3.75
12.99305917 -3.696058925 12.99305917 0.05598943725 22.89519417 10.01806789 6.59931923 -2.78
13.63658921 -0.904406483 13.63658921 0.02256625899 31.50445564 15.7006907 9.032971839 -3.43
12.72489875 -0.1049864879 12.72489875 0.1049864879 22.92662141 11.0554836 6.387835006 -3.25
5.829856072 0.7709837963 5.829856072 0.7709837963 16.31292159 9.059096973 5.677617985 -1.06
11.70458419 -0.772086389 11.70458419 0.01359175249 25.22925744 11.31158933 5.779554852 -3.43
13.45054292 0.01504591368 13.45054292 0.01504591368 20.22596976 8.100080245 3.611907068 -3.69
12.98164533 -3.706575846 12.98164533 0.2298746273 21.67333125 8.900661093 4.865475743 -2.55
12.40859809 -0.02795731949 12.40859809 0.02795731949 25.02119089 13.82736791 8.033168076 -2.61
9.910559933 0.01131131441 9.910559933 0.01131131441 22.9362759 11.06235649 5.757422567 -2.24
14.89399384 -2.046433943 14.89399384 0.07053838097 156.1079838 81.46969503 57.44727125 -17.13
13.33142344 -0.503440396 13.33142344 0.1703544836 22.82659076 8.337910333 3.252328902 -2.34
12.89668754 -0.06179988662 12.89668754 0.06179988662 17.18773834 7.173357956 3.369023308 -2.24
9.588990379 -0.04861111111 9.588990379 0.04861111111 11.46496165 3.774606542 1.613398242 -1.02
12.70738156 0.07978179726 12.70738156 0.07978179726 20.840037 9.215539529 4.753539473 -2.04
13.47372949 -3.118780936 13.47372949 0.09322273845 35.16635216 15.47788941 8.366852357 -4.67
13.28323082 -3.097083484 13.28323082 0.09521452543 26.13958489 10.4675134 5.090683698 -4.1
13.12105278 -3.615327041 13.12105278 0.05658482761 22.71912114 9.897924158 5.38955339 -1.96
10.37476852 0.2638888889 10.37476852 0.2638888889 6.67 2.779490232 2.375467372 -0.33
13.72822922 -4.211656089 13.72822922 0.1013803872 31.25016107 13.98369358 7.774254916 -3.69
11.56584602 -0.8062725082 11.56584602 0.4871411548 18.77135536 9.08032818 5.23426763 -3.01
12.95295331 -3.211335276 12.95295331 0.1569996116 20.33724008 9.195693844 5.319605751 -1.4
12.42108439 -0.1802199675 12.42108439 0.1802199675 17.49164971 8.183790283 4.436577778 -2.92
12.18415198 -3.208262065 12.18415198 0.1909943429 22.99303207 9.214518844 6.650201465 -2.68
9.862173004 0.126392432 9.862173004 0.126392432 17.03703299 6.981572831 3.488750211 -1.8
13.43607946 -1.317615741 13.43607946 0.0416973209 15.16838304 4.486475518 1.492494716 -1.92
12.77960345 -0.3959993859 12.77960345 0.1886691127 17.1023294 7.119032877 2.882925631 -2.33
11.04309073 -0.7468113866 11.04309073 0.108948611 24.8516381 11.44497219 6.058038104 -3.26
11.52627803 -0.8084608844 11.52627803 0.1264351852 13.09933954 4.999175456 2.000533222 -2.59
11.49146479 -1.302098765 11.49146479 0.4116469129 14.33975131 4.867237403 1.831884781 -1.26
14.25587707 -0.8399457777 14.25587707 0.1042202066 25.5789689 10.23157079 6.385166477 -2.51
14.19566388 -0.5885454553 14.19566388 0.08591969735 22.74322477 9.19939514 4.833784681 -3.44
13.42646931 -0.7759336458 13.42646931 0.0008588697975 59.9095971 30.02594334 18.15455675 -6.2
10.55398243 -0.07655328798 10.55398243 0.07655328798 8.080200401 3.394163309 2.596795782 -1.02
13.20726231 -0.244557812 13.20726231 0.244557812 33.59708912 13.40810253 5.719089746 -2.96
13.82159622 -4.654000151 13.82159622 0.01045407786 18.53900157 6.968156303 3.487773015 -2.82
12.65051776 -3.684431597 12.65051776 0.1499717078 18.34828052 7.185621861 3.83261402 -2.02
13.20461582 -0.9699270803 13.20461582 0.01600740735 27.24497362 12.6822886 6.621555837 -4.33
14.52603328 -4.884384146 14.52603328 0.03777161019 21.94690993 8.173628705 4.549471348 -3.75
13.10879802 -0.9841556382 13.10879802 0.02755033076 25.28453848 8.894871329 3.51026128 -3.23
13.03952593 -4.762604507 13.03952593 0.07854198568 26.53328606 11.57291923 7.464427894 -4.07
13.95556311 -0.5200070862 13.95556311 0.02004913076 13.82534537 5.693993779 2.827569131 -2.14
12.68213057 -3.370093719 12.68213057 0.004653064235 21.5758024 9.579409169 6.171867426 -2.13
12.8364466 -4.33356265 12.8364466 0.2257380513 25.43042607 11.03246807 6.027528496 -3.22
12.26073136 0.1556145853 12.26073136 0.1556145853 26.90013357 13.96449102 8.443539618 -3.15
12.88304463 -3.450085167 12.88304463 0.0242417522 22.521318 10.29803586 5.205646813 -2.67
13.23056067 -3.718772138 13.23056067 0.1000708617 19.02589903 7.259172588 3.540836174 -2.31
13.03242803 -3.60099713 13.03242803 0.06994762549 30.17535366 14.69271235 11.49723785 -3.37
6.209959968 0.2444135802 6.209959968 0.2444135802 14.64869571 5.49043418 2.369866164 -0.28
13.14286995 -0.9464977797 13.14286995 0.04489357626 17.03592063 5.546805824 2.495990589 -2.4
6.346007069 -0.02531700419 6.346007069 0.02531700419 23.4236809 12.57473752 8.075743991 -2.24
12.15594331 -0.3057820843 12.15594331 0.3057820843 16.59050635 6.795897149 3.430183695 -3.87
10.31609788 -0.8662435962 10.31609788 0.12387658 15.86265203 6.01727138 2.582436096 -1.64
13.23092457 -0.5973498677 13.23092457 0.4137332481 20.36633053 9.270807218 5.175040062 -1.91
13.49906632 -4.283708606 13.49906632 0.01501527772 35.47519643 14.47990261 8.326794061 -4.35
13.25565327 -0.2074757326 13.25565327 0.2074757326 15.26248573 7.599094762 4.183163208 -1.13
5.619477198 0.6476908541 5.619477198 0.6476908541 12.27 6.750298184 5.011734618 0.27
11.72572255 -0.8333977837 11.72572255 0.4461346188 21.50009218 10.05151426 5.298058219 -3.73
11.31058047 -0.3613321909 11.31058047 0.1689164462 13.98436667 5.527699128 2.394718629 -2.64
2.18287037 1.145509259 2.18287037 1.145509259 6.341654501 2.674337261 1.317455005 -0.78
13.29088722 -3.13649233 13.29088722 0.0392888398 30.31245689 12.60721227 7.441905577 -4.15
2.823203184 0.3038582215 2.823203184 0.3038582215 17.05489273 6.7355806 3.081269038 -0.38
13.28343108 -4.532777384 13.28343108 0.02388605442 18.35997559 7.726925414 4.304213311 -1.98
5.383232122 0.6243709769 5.383232122 0.6243709769 15.13729512 6.238342898 2.780262278 -3.41
10.08073208 0.3091232048 10.08073208 0.3091232048 12.48211055 5.211205172 2.428114222 -2.55
12.31307855 -0.3394387755 12.31307855 0.3394387755 13.45293426 5.456571265 2.683732834 -2.53
15.75049524 -3.945636933 15.75049524 0.5833907636 23.0943819 8.842091959 3.838120443 -2.665064935
12.47929119 -1.098542254 12.47929119 0.07506060127 44.2520246 16.48140519 7.082116001 -2.96
3.439166166 0.9954992599 3.439166166 0.9954992599 15.03388953 6.933251571 3.362508022 -2.52
9.81362859 0.3819295372 9.81362859 0.3819295372 15.10942294 6.973167844 3.689789205 -1.8
13.53384667 -3.079734145 13.53384667 0.01071316337 29.56640576 12.61945691 6.236930807 -4.5
13.79372142 -0.108141062 13.79372142 0.108141062 12.36822064 4.78164517 2.282448184 -1.67
14.8358239 -1.432660054 14.8358239 0.005680602094 82.56392792 42.840478 28.53848221 -9.86
12.715522 -0.03410796406 12.715522 0.03410796406 22.12903983 9.667280682 4.82877691 -2.68
5.954987843 0.6962611017 5.954987843 0.6962611017 18.1957952 8.231177654 3.894290443 -3.18
13.02315298 -1.418524701 13.02315298 0.1031248354 31.51985966 17.8452062 12.84577148 -3.51
12.93693344 0.1087829486 12.93693344 0.1087829486 19.00679024 8.356363444 3.925173477 -2.33
12.94015802 0.1044531164 12.94015802 0.1044531164 19.89589139 7.8989782 3.832673445 -2.04
13.62529746 -3.75334975 13.62529746 0.06397468401 23.11825638 9.545849741 4.537279938 -1.64
14.01324188 -0.4463933637 14.01324188 0.1437853054 26.52407572 10.95767437 5.149934692 -2.08
12.58723739 0.3692071641 12.58723739 0.3692071641 18.11958352 7.773308605 3.863930346 -1.26
14.0083343 -0.5459511999 14.0083343 0.07752367717 26.05367594 11.04104483 5.104920713 -2.57
8.892655488 0.6879769778 8.892655488 0.6879769778 12.25440333 5.06505726 2.496399696 -1.79
11.80473155 -0.1841229424 11.80473155 0.118287037 13.28523421 5.108907742 2.086157934 -1.39
12.921385 0.3634476712 12.921385 0.3634476712 20.75493192 9.159724143 4.432431476 -2.13
13.42663045 -4.341661775 13.42663045 0.07163410966 24.69327554 10.17198982 5.098623563 -2.99
9.021901773 0.229372852 9.021901773 0.229372852 17.98555307 9.06225464 5.341836349 -1.36
11.30945575 -0.9584230495 11.30945575 0.1415113605 20.32749872 9.684333996 5.791902179 -2.41
11.65558081 -1.21199548 11.65558081 0.02288595994 22.33808755 8.943996238 4.802623172 -4.86
13.65116685 -0.4156572701 13.65116685 0.003759101507 28.37013286 12.03824756 6.317777192 -2.64
12.88151502 -0.1362293023 12.88151502 0.1362293023 37.34925532 16.25779397 7.14787255 -3.58
11.52434986 -0.5944020465 11.52434986 0.2000747309 23.33586386 9.424892187 4.23033025 -3.07
13.14465932 -3.76377785 13.14465932 0.0204203417 26.96823129 12.82499988 9.297288942 -3.28
13.81935508 -0.6266229576 13.81935508 0.01763397793 24.41569772 10.27483237 5.499103952 -2.71
6.014058888 0.2801607978 6.014058888 0.2801607978 16.81551913 6.681223692 2.989904158 -3.33
11.26155619 -0.6912902823 11.26155619 0.2337467211 26.00886461 11.15841036 5.280867663 -1.92
6.3311678 0.2492705971 6.3311678 0.2492705971 13.79762786 5.414912822 2.305565446 -1.84
5.197198927 0.8015551776 5.197198927 0.8015551776 12.59607179 5.284771343 2.471483956 -2.43
12.92125346 -0.935780069 12.92125346 0.06289105148 19.53614327 6.265063236 2.187815835 -2.76
12.762546 -0.4298954267 12.762546 0.1434506348 21.09550319 8.998531411 4.024329016 -2.77
13.69441359 0.04381305496 13.69441359 0.04381305496 22.81939515 9.793773859 4.615078433 -3.62
12.59592407 0.07848477579 12.59592407 0.07848477579 22.77217722 10.94567658 5.881582837 -2.41
13.46580133 -3.908404877 13.46580133 0.1496441257 24.53191388 10.77399479 5.721776552 -2.59
5.477157215 0.4086039369 5.477157215 0.4086039369 20.76948035 9.546593601 4.81514772 -3.49
10.86392069 -0.809827448 10.86392069 0.0793711755 17.14338396 7.92235011 4.656264123 -2.69
11.64990009 -0.967226854 11.64990009 0.4355789662 24.17792626 13.16318506 8.526203402 -3.47
12.83129346 -0.3411087491 12.83129346 0.2314351852 12.35873307 4.775855597 2.058567649 -1.68
13.00346355 -0.3691401068 13.00346355 0.1284122303 19.58056015 8.330677053 4.321596133 -2.73
13.71117139 -0.3661646797 13.71117139 0.06988001883 18.92081539 7.538035282 3.652002104 -3.42
12.81331363 -0.5931424792 12.81331363 0.02459157428 16.41068527 5.739767506 2.480104633 -3.06
13.63841887 -1.016948561 13.63841887 0.1755626893 32.21880019 14.6548647 8.225514912 -4.7
13.04058111 -3.367978972 13.04058111 0.2646964543 22.444159 9.010664716 4.86581965 -3.75
4.692806966 0.8922448323 4.692806966 0.8922448323 23.58033056 9.91821828 4.649852477 -2.81
3.415881156 0.1767675448 3.415881156 0.1767675448 20.18410197 7.965366739 3.988971934 -2.1
10.00936822 0.1137535431 10.00936822 0.1137535431 18.51992381 7.649328426 3.899311468 -1.84
12.18453778 -3.205237374 12.18453778 0.2790817617 22.86584551 9.132622825 6.584082795 -2.81
5.925740741 0.200308642 5.925740741 0.200308642 10.24501772 3.70358821 1.427166884 -0.28
12.54444692 -0.2616147014 12.54444692 0.1001911428 23.86402469 10.32768818 5.805279815 -2.28
13.40348671 0.1305710302 13.40348671 0.1305710302 19.25148654 7.909760549 3.385533053 -3.45
13.0552257 -4.888755904 13.0552257 0.09517746914 23.84478974 9.768268006 6.584575333 -1.81
4.426274506 0.982284738 4.426274506 0.982284738 13.34104827 5.811942249 2.574787341 -2.33
12.75514441 0.06146858583 12.75514441 0.06146858583 23.89304527 11.25121536 5.622589324 -3.25
5.51846986 0.4352314815 5.51846986 0.4352314815 12.24492187 5.05899654 2.23854061 -1.8
12.12683252 -0.3119366338 12.12683252 0.2825771004 18.56750133 7.988146494 4.906789728 -2.22
4.876115835 0.7689646508 4.876115835 0.7689646508 14.19657115 5.723504331 3.097536705 -1.17
12.86213995 -0.2658321786 12.86213995 0.2575338909 16.882398 7.740358799 4.531515478 -1.96
15.05179909 -3.9446036 15.05179909 0.02130169632 27.41481382 11.53762491 7.588224242 -3.83
11.27790873 -4.321769787 11.27790873 0.1445874682 30.06765567 14.1317424 9.065063155 -2.9
12.28419843 -0.2464565825 12.28419843 0.2464565825 15.77773702 6.643238985 3.253612251 -2.73
13.58908807 -0.690277543 13.58908807 0.03974963519 21.74935987 8.362954789 4.051809723 -3.08
9.484270027 0.2165218989 9.484270027 0.2165218989 15.21253413 6.285545547 2.670491422 -2.33
12.35039793 -1.561748105 12.35039793 0.009117208274 18.08148549 5.599719839 2.079251453 -1.3
13.18452995 -0.5209881792 13.18452995 0.07110733182 18.11958352 7.396386308 3.365473963 -4.26
12.42298311 -0.3631354193 12.42298311 0.1211690445 18.35781357 6.552397962 2.801858594 -3.01
12.54732988 0.2930291903 12.54732988 0.2930291903 19.82120271 8.839048679 5.073790282 -1.93
5.296486157 0.434937059 5.296486157 0.434937059 20.59591837 8.408284024 3.533933518 -2
15.03562531 -1.971846846 15.03562531 0.07213047666 124.5953301 64.97674578 46.46331859 -15.87
11.00532996 -0.4808668546 11.00532996 0.004115697671 14.44738633 5.715864233 3.074511196 -3.49
13.99517513 -0.2325253486 13.99517513 0.05702843721 26.1016719 10.79039627 4.845988977 -4.14
11.10981376 -0.4979862349 11.10981376 0.3660752117 17.24469392 7.595949759 4.15031959 -3.18
12.56990741 -3.545149334 12.56990741 0.3058935133 16.98870221 6.950400236 3.790977364 -1.85
13.33489229 -4.51344097 13.33489229 0.1003115421 25.61778579 10.65032297 6.211776448 -4.47
10.83546087 -0.8969390288 10.83546087 0.07223763853 21.62461941 10.10066594 6.197042165 -2.08
14.36665615 -0.2570236646 14.36665615 0.05325565805 25.8618141 9.839374416 4.537790951 -3.77
13.24494899 -0.004672234698 13.24494899 0.004672234698 20.14575011 9.572691092 4.553608494 -2.14
8.805744524 0.06948406618 8.805744524 0.06948406618 17.59814398 8.241944228 4.445892275 -2.22
5.941725603 0.2320881405 5.941725603 0.2320881405 19.68497959 9.225548424 5.455405926 -2.07
12.59502826 -3.860128993 12.59502826 0.03462930363 21.28845753 8.292079728 4.385830582 -3.95
12.99760643 -5.408995652 12.99760643 0.005142913711 25.7083835 9.747610634 4.979400338 -2.93
12.11428819 0.1398704016 12.11428819 0.1398704016 21.41350069 9.991333623 5.076831994 -1.82
14.38803587 -2.976933369 14.38803587 0.09160596183 17.76276782 8.358397518 4.522749828 -2.05
9.669975603 0.07527428718 9.669975603 0.07527428718 14.32284807 5.295309666 2.723306949 -2.62
2.258425926 1.301759259 2.258425926 1.301759259 5.964482443 2.451790186 0.94200167 -0.78
5.354947992 0.5219219986 5.354947992 0.5219219986 16.65679156 7.613906779 4.243964693 -1.8
12.40288659 -0.4179868052 12.40288659 0.1479640355 15.89828285 7.526646364 3.670529965 -2.98
12.52000756 -0.02175925926 12.52000756 0.02175925926 11.71480337 4.387759597 1.678201279 -2.36
13.60462909 -0.2611164474 13.60462909 0.239578047 16.84628099 6.956857639 3.52843495 -3.6
13.07407906 -0.08683546868 13.07407906 0.0262976928 26.64734261 12.21947526 7.085622501 -4.41
12.88370943 -4.579350818 12.88370943 0.4006878307 19.66552225 7.498437838 4.081387091 -3.09
14.5774628 -0.8464417701 14.5774628 0.05170864734 27.20166546 11.27192491 5.833961308 -3.84
10.44682936 -0.157970157 10.44682936 0.07886471718 20.52811019 7.350535302 3.316166216 -3.37
13.7272527 -0.9215597363 13.7272527 0.03123485703 33.15571207 15.75843592 10.15320058 -4.35
13.30956551 -4.233203162 13.30956551 0.2146793923 22.65994869 8.406205848 3.908362325 -3.79
13.39236637 -1.246903592 13.39236637 0.02129389788 28.72698596 13.63112017 7.585465327 -3.84
12.71521531 0.1381283605 12.71521531 0.1381283605 22.13536635 9.720377315 4.514608629 -3.35
9.861880406 -0.2622474175 9.861880406 0.006574074074 14.04526387 5.466146261 2.522305384 -1.91
12.96718089 -0.006731623205 12.96718089 0.006731623205 17.81254624 6.965770553 3.467616341 -1.26
5.270667315 0.8427855764 5.270667315 0.8427855764 25.70382199 10.90029066 5.464485827 -3.56
10.42578823 -0.07395807088 10.42578823 0.07395807088 13.77896585 5.734710395 2.530372227 -0.86
4.549281088 0.892392726 4.549281088 0.892392726 14.65834902 6.293920849 3.09126061 -1.92
12.37651773 0.1543224912 12.37651773 0.1543224912 20.26905441 10.75848175 6.279347843 -1.47
12.3204102 -0.51251653 12.3204102 0.04227659519 19.29598277 9.461367149 4.828078895 -2.47
12.97024317 0.1829769261 12.97024317 0.1829769261 20.26371901 8.83932481 4.089210285 -1.65
12.34812748 -2.904568855 12.34812748 0.01008686477 23.24210777 9.623960325 4.817310613 -4.51
12.3854676 -0.1607425241 12.3854676 0.1607425241 21.16345429 9.376060199 4.337218323 -2.08
12.73559911 0.1133369552 12.73559911 0.1133369552 18.95515587 7.656562114 3.73246196 -3.04
13.74397691 -1.127386831 13.74397691 0.02582761538 23.19702318 8.110543858 3.57453317 -2.97
12.91960263 -4.278872011 12.91960263 0.0709317764 23.41366481 9.033389175 4.493570839 -2.33
13.60647576 -1.625555413 13.60647576 0.014463325 25.35377931 8.918440001 3.631795942 -4.3
12.30938315 0.03739709184 12.30938315 0.03739709184 17.28267148 7.233874147 3.536826378 -2.14
5.212786293 0.7756759518 5.212786293 0.7756759518 15.84377907 7.069085296 3.255746602 -1.66
15.43748096 -3.606952134 15.43748096 0.010194434 24.66458182 9.130296144 4.043875808 -5.02
11.00026431 -0.8331450621 11.00026431 0.019899019 18.52946254 7.655384068 3.880965203 -2.83
9.214166667 0.0187962963 9.214166667 0.0187962963 7.071607143 3.886985049 2.850275963 -0.04
12.98234998 -0.7211966365 12.98234998 0.1696146176 18.92081539 7.904975169 4.206904866 -1.42
12.17851462 -0.02126202577 12.17851462 0.02126202577 20.10740248 10.03130143 5.673849934 -3.18
13.22649565 -0.8960077056 13.22649565 0.3927721088 18.93991882 7.917215237 3.658952347 -3.4
13.9410007 -1.035636577 13.9410007 0.03010198082 28.84779868 11.93200432 5.729009994 -4.15
11.18266645 -0.3480233075 11.18266645 0.1569502803 23.81566078 11.69259505 7.07341989 -4.33
11.41800428 -1.091645032 11.41800428 0.05399775347 26.62790125 12.20598016 6.47351766 -3.43
11.58559149 -0.8434150232 11.58559149 0.287433225 21.50940429 10.51993412 6.702876262 -1.79
12.20322689 -0.02114981152 12.20322689 0.02114981152 17.29813263 8.030753674 4.307097144 -2.53
11.72071232 -0.4787157502 11.72071232 0.3294441951 11.32148815 3.018910236 0.8654270262 -1.26
5.945137472 0.3230303002 5.945137472 0.3230303002 20.6198174 9.89482199 5.028989481 -2.11
10.541696 -0.9837344632 10.541696 0.3323806827 17.94615083 9.032249817 6.00625 -2.4
13.38738714 -0.9754756423 13.38738714 0.06110801983 20.47143352 7.318559569 3.330402394 -2.43
13.32691755 -3.108372424 13.32691755 0.09926775506 30.32212838 13.44223365 7.091062646 -4.14
12.0886779 -0.4792549682 12.0886779 0.002158679556 20.53535904 6.641809785 2.339082308 -1.83
13.22187145 -0.5565179258 13.22187145 0.07861548406 25.77307889 11.17128037 5.73363775 -3.31
10.87010804 -0.8177363732 10.87010804 0.2223501276 16.75976297 6.346363426 2.904712163 -2.39
12.54899581 -3.550289942 12.54899581 0.04698743386 18.04375778 8.55807909 4.87286555 -1.76
5.76579932 0.5836511511 5.76579932 0.5836511511 13.89225468 7.086332056 3.731820881 -1.07
5.681135304 0.4565731742 5.681135304 0.4565731742 19.98293242 8.359310248 3.624708136 -4.66
11.8157189 0.06670141427 11.8157189 0.06670141427 14.15261332 5.629882781 2.898662719 -2.46
12.06389954 -3.069107447 12.06389954 0.1974406239 21.85553455 10.78091024 7.598198943 -1.44
13.77884608 -1.105780069 13.77884608 0.05720721004 18.89524374 6.237772681 2.279753059 -2.63
14.2605217 -0.5600621483 14.2605217 0.1988625547 15.01337196 6.072680778 3.151094273 -2.9
11.40319225 -0.1205353043 11.40319225 0.1205353043 16.32359416 6.094783823 2.735651273 -3.86
13.68384342 -4.036209764 13.68384342 0.07291936058 27.43520261 12.29572024 6.827977839 -3.6
12.88849509 -0.1256579757 12.88849509 0.1256579757 28.1070603 14.30041794 7.349698656 -2.91
13.26758018 -0.1696515089 13.26758018 0.1696515089 20.38644034 8.919088046 4.291069199 -2.52
14.04761792 -4.150951541 14.04761792 0.0299763905 28.62852002 12.06966994 6.142104999 -2.94
12.56634807 -0.6618304662 12.56634807 0.2431995664 18.58670142 8.496013963 4.562297776 -3.77
13.71689358 -1.041136831 13.71689358 0.09170524691 21.58670242 7.496101562 3.269609949 -2.64
12.92320781 -0.8012268456 12.92320781 0.2645293388 18.51897892 8.898346677 5.34973481 -1.27
12.51521478 -0.2760952553 12.51521478 0.1246285388 22.14529688 10.50271255 5.591168868 -3.06
12.37914614 -3.039907468 12.37914614 0.001367265241 22.90876039 9.063151562 5.11888131 -2.86
14.47242266 -4.804066547 14.47242266 0.3184447203 22.82309366 7.791578531 3.982583787 -3.95
13.19723513 -4.393148306 13.19723513 0.005880574452 16.30314343 6.512490864 3.519286507 -1.56
13.78118964 -0.4655848282 13.78118964 0.1529389205 23.75702013 10.7458631 5.632626643 -3.97
14.12996889 -0.9401334603 14.12996889 0.02498335147 30.24346429 13.76316805 7.327022685 -3.72
13.30400092 0.0901015647 13.30400092 0.0901015647 29.8007087 14.03763609 7.503781112 -3.89
10.14335747 0.03221368466 10.14335747 0.03221368466 19.61884796 8.764995004 4.478266145 -1.69
12.46310913 -0.2220702108 12.46310913 0.2220702108 15.90984179 6.727617922 3.174200408 -2.59
12.93723694 -0.435330621 12.93723694 0.2121786904 20.69265558 8.658392256 4.15612026 -2.57
6.600981945 0.6082046661 6.600981945 0.6082046661 20.75027266 9.533407719 4.807008734 -1.51
2.448666147 0.4689408541 2.448666147 0.4689408541 15.8249078 6.32049857 2.995412811 -1.68
13.00469753 -0.8240505991 13.00469753 0.2297030163 23.78601605 11.13039055 6.554997003 -3.87
13.4998245 -0.9793257652 13.4998245 0.03636736837 25.56926508 7.995416352 3.30839968 -1.52
4.173611111 1.087962963 4.173611111 1.087962963 5.28986014 1.948262116 1.059403088 -0.85
13.59463563 0.008365841643 13.59463563 0.008365841643 22.14803565 10.51485515 5.136873485 -2.66
12.28914415 -0.1072937917 12.28914415 0.1072937917 20.22245804 9.626472918 4.735517339 -3.06
12.59580564 -3.676692382 12.59580564 0.138695727 22.30954475 9.40175451 4.367338299 -2.49
5.689244168 0.1124730201 5.689244168 0.1124730201 15.34008293 6.281399317 3.265986494 -3.56
12.5035623 -0.6868138752 12.5035623 0.2504054524 17.70465721 7.41610252 4.935084658 -2.11
13.69372848 -0.2725781053 13.69372848 0.2725781053 19.46417416 7.726236427 3.182771621 -3.22
10.45094183 0.1667303821 10.45094183 0.1667303821 15.88850298 6.436073542 2.600325943 -2.33
13.23708757 -3.09650478 13.23708757 0.09854785877 25.19295042 9.576574599 4.785922744 -4.1
13.37892386 -1.028382472 13.37892386 0.09554542496 21.41576582 7.981089409 3.30102861 -4.12
11.56155444 -0.1187571911 11.56155444 0.1187571911 12.82705699 5.350651989 2.982411258 -1.62
11.96189547 -0.1412529526 11.96189547 0.1412529526 12.9288547 4.790306557 2.016685435 -2.08
10.3610721 0.1146639975 10.3610721 0.1146639975 17.30689388 5.852206988 2.32887431 -2.39
2.387438889 1.31375 2.387438889 1.31375 5.73 4.73 4.73 0.73
13.03467249 -4.418395661 13.03467249 0.1287557214 25.05519626 10.69463409 6.137801871 -4.05
7.610867898 0.08642762661 7.610867898 0.08642762661 12.93837125 5.133240859 2.119590196 -2.07
13.12067843 -1.603271644 13.12067843 0.01470329953 21.49770347 8.656051322 4.689510401 -4.21
16.12675297 -0.7644140002 16.12675297 0.1003367919 22.89924082 8.41209398 3.807643367 -3.87
10.64732568 -0.5104922525 10.64732568 0.04138888889 13.87699188 4.306642692 1.491442047 -1.52
14.0915511 -0.4353607603 14.0915511 0.09553150018 22.85164689 9.37831218 4.440940571 -3.92
2.602175926 1.230736883 2.602175926 1.230736883 12.59312881 6.773524845 4.485822388 -0.86
12.43410943 -0.1917247369 12.43410943 0.1540840121 21.40388058 9.984653232 5.266470855 -2.83
9.410679688 0.2841527368 9.410679688 0.2841527368 14.19464363 6.286951763 3.020901581 -2.22
13.01678981 -0.6798410074 13.01678981 0.2660081255 17.57914954 6.530146808 3.472951232 -2.51
13.0853199 -0.338214687 13.0853199 0.02124203811 19.150192 8.84788118 4.565918766 -2.62
13.38244964 0.003486394558 13.38244964 0.003486394558 18.15768676 7.798116736 3.601019016 -3.22
13.285337 -4.321791712 13.285337 0.001126637173 31.12536614 12.73656983 7.243933007 -4.31
13.69557993 -0.9671014818 13.69557993 0.02982693688 26.95592942 10.95795615 7.179884445 -2.64
13.1775417 -0.3487281148 13.1775417 0.03457195812 25.70382199 9.274374245 3.945626784 -2.56
6.168307503 0.7332738095 6.168307503 0.7332738095 18.57716083 9.426399291 4.93055619 -2.78
10.69861461 -0.7952013171 10.69861461 0.1230974713 24.07688095 11.38053501 6.505356815 -4.06
11.81194136 0.0688012 11.81194136 0.0688012 13.6950139 5.35322084 2.853986544 -2.95
12.9557019 -4.551443846 12.9557019 0.01207908163 15.40962037 5.09132995 3.374480954 -1.98
12.96055892 -0.5012653712 12.96055892 0.230101395 23.30329509 10.83883371 5.038321405 -3.86
12.89636385 0.09832042076 12.89636385 0.09832042076 18.81019555 8.151086617 4.236904712 -0.97
12.90764323 -0.2642334942 12.90764323 0.06016754406 23.12940805 9.842706676 4.967753439 -4.04
13.64656107 -0.08344303012 13.64656107 0.08344303012 22.44261175 9.87268873 4.78607275 -3.35
13.24591584 -0.9727503887 13.24591584 0.04946621093 22.25132106 9.678501806 5.447262154 -2.95
11.61707787 -1.143629783 11.61707787 0.2916933237 21.33654635 9.076057148 4.888119022 -2.9
5.366176146 0.8061165438 5.366176146 0.8061165438 8.268328417 4.90576909 3.182925624 -0.83
13.54117066 -0.6147680986 13.54117066 0.09897600385 15.40739473 6.73245254 3.458232792 -3.49
12.86284171 -0.3169850718 12.86284171 0.3169850718 16.77046701 6.240617205 3.011461079 -3.68
12.52162675 -0.09589668892 12.52162675 0.09589668892 16.35392913 7.013365644 3.187638394 -3.12
14.36493924 -0.6741808915 14.36493924 0.0464593212 28.72622312 11.71609863 5.657936312 -5.38
12.37212794 -0.5116450042 12.37212794 0.29524827 24.27046352 10.18013843 5.455857933 -3.86
13.25199135 -0.5003773732 13.25199135 0.1745147702 22.36656692 9.438128762 4.239569295 -3.43
12.56522291 -4.061407199 12.56522291 0.07474183354 21.26346855 8.919732725 5.545368454 -2.45
15.22257726 -1.348634576 15.22257726 0.03922183865 28.08758045 10.97950175 5.308695899 -4.05
10.07976978 0.122037037 10.07976978 0.122037037 13.81316968 4.484185959 1.775996954 -1.59
12.77924952 -1.094267055 12.77924952 0.05370004977 19.96363681 8.580624201 4.478328623 -4.33
13.32978303 -1.092347709 13.32978303 0.01623861612 39.59657079 15.73959335 6.536213849 -3.53
6.042326182 0.01355149447 6.042326182 0.01355149447 19.21705176 8.927484883 4.474665763 -2.11
12.24843576 -0.07428557186 12.24843576 0.07428557186 19.14301532 8.119908712 3.827783419 -3.84
12.43132675 -0.4297076037 12.43132675 0.2727907662 19.3686397 7.580793676 3.45990191 -1.6
12.69277312 0.2846844754 12.69277312 0.2846844754 21.16345429 10.29206457 5.747664399 -2.08
11.86557839 -0.3590663318 11.86557839 0.2166850907 13.74890195 6.044134087 2.778371688 -3.22
14.41641382 -3.601987336 14.41641382 0.0334987531 24.68770289 10.32506067 5.89460424 -2.95
10.46972887 -0.1442409245 10.46972887 0.09386709789 20.2542812 7.196450174 3.144468007 -3.66
13.3650248 0.09416005291 13.3650248 0.09416005291 14.94822344 5.321915825 1.968105384 -1.35
11.91320356 -0.05488483318 11.91320356 0.05488483318 15.98499422 7.122834172 3.372419113 -2.89
5.986658442 0.02600136299 5.986658442 0.02600136299 19.95746338 10.51993412 6.396219719 -1.79
7.29263263 -0.3903994916 7.29263263 0.03916723649 31.09096658 12.67867567 4.930190797 -2.2
12.74429441 -4.357940494 12.74429441 0.4728098538 23.74683614 9.296347906 5.861196522 -2.91
12.83295172 -0.2018457153 12.83295172 0.2018457153 17.8402622 9.496840962 6.111161274 -1.97
6.075826956 0.3774181002 6.075826956 0.3774181002 15.32085394 7.120492902 3.258109964 -1.58
5.65042105 0.4790673139 5.65042105 0.4790673139 18.32021963 7.659922041 3.371692013 -4.46
12.45153581 -0.09588818379 12.45153581 0.0003580876795 14.57198739 5.44430904 3.456832341 -1.36
12.28621158 -0.1656656274 12.28621158 0.1656656274 15.21511819 7.046721207 3.560826499 -2.69
14.94106647 -2.350064327 14.94106647 0.1442505197 22.1860306 8.304613687 3.646867383 -3.62
14.4664819 -1.907693671 14.4664819 0.02338769248 90.14256199 47.39866568 33.36236572 -10.07
11.62101844 -3.282094875 11.62101844 0.1318964947 20.03730319 6.80614371 3.349194451 -1.89
11.36805793 -1.350826257 11.36805793 0.4100447773 25.76337188 11.16479809 5.900141788 -3.32
14.56142471 -1.015201012 14.56142471 0.2459428327 23.67059723 10.63316447 5.719726644 -2.48
10.96083333 0.4478703704 10.96083333 0.4478703704 9.67 6.785340254 5.800378096 -0.33
14.27765301 -0.6806329903 14.27765301 0.1998629437 31.31823286 12.61231706 6.358320259 -4.67
12.71336387 0.1120582567 12.71336387 0.1120582567 26.18091466 11.89675631 6.866990173 -1.89
9.349195991 0.3111769862 9.349195991 0.3111769862 15.07099845 7.431083714 4.325662966 -1.84
13.98398786 -0.8829507755 13.98398786 0.09612660329 24.3347459 11.52424202 6.594839896 -2.31
12.24622866 -0.2468645807 12.24622866 0.03501178403 15.33485952 6.362498049 2.848732097 -3.2
13.38224667 0.1328828455 13.38224667 0.1328828455 23.49657732 10.51485515 5.630012033 -1.66
13.12987557 -0.6406464558 13.12987557 0.02234705894 24.0815887 10.15803481 5.143056454 -3.63
11.57900562 -0.04063885978 11.57900562 0.04063885978 18.81756486 6.790814746 2.910141616 -1.92
12.18751586 -0.2905466847 12.18751586 0.2905466847 17.4142373 8.11232475 4.568223861 -1.41
9.831581633 -1.545555556 9.831581633 0.8454166667 12.6 6.114543066 7.944827586 -2.4
13.06163723 0.1328733207 13.06163723 0.1328733207 21.19964607 9.065329084 4.182961115 -2.66
12.48882391 -0.3745361284 12.48882391 0.2842244373 21.21986663 8.79116225 3.967239293 -2.33
10.19717955 -0.4343708685 10.19717955 0.3551163216 16.99836783 8.857309509 5.35957221 -1.84
12.60862723 -3.891210804 12.60862723 0.02306765041 21.88829909 9.336256669 5.411595295 -2.81
9.838638249 -0.05940045771 9.838638249 0.03994855967 12.03646119 4.269761721 1.831641929 -3.02
11.91949839 0.06001549218 11.91949839 0.06001549218 13.62974879 5.64123615 2.680122281 -2.02
13.47418678 -4.575108287 13.47418678 0.05297916929 21.31731012 7.646359731 4.021690413 -2.92
10.34188872 0.1617068216 10.34188872 0.1617068216 16.52803173 5.455224262 2.171204373 -2.26
10.2783836 -0.4100438818 10.2783836 0.0148633157 15.88864978 5.89966159 2.309717718 -1.99
14.10988965 -3.043461453 14.10988965 0.09480951331 22.31823853 8.401705246 4.118462982 -3.37
13.23662887 -1.04334101 13.23662887 0.1069104833 16.0231398 6.112570914 2.365945236 -3.47
12.45479375 -0.2730221893 12.45479375 0.269566137 17.64374029 7.860857478 4.153802918 -2.76
13.56708943 -0.1944105358 13.56708943 0.002638763195 20.76438678 8.787048323 4.024994391 -3.12
13.06818972 -0.4322786754 13.06818972 0.06073790627 16.37284626 5.197830375 2.678710221 -2.1
11.55669029 -0.3156715325 11.55669029 0.1736948329 16.53411255 9.394274135 7.81459556 -1.52
12.21410784 -0.1970624948 12.21410784 0.1036406782 20.09388915 8.729258101 4.154783516 -3.83
6.164121589 0.2064824165 6.164121589 0.2064824165 17.81254624 6.965770553 3.250061561 -3.26
13.52482529 -1.249480466 13.52482529 0.1892994667 19.63799354 7.297060879 2.921153358 -3.67
2.614765684 1.125039997 2.614765684 1.125039997 13.77896585 6.09712016 2.863509553 -1.86
12.58390542 -0.1066526466 12.58390542 0.03621220711 17.00114404 6.816482904 4.320481398 -1.36
13.06163723 0.1328733207 13.06163723 0.1328733207 21.19964607 9.065329084 4.182961115 -2.66
5.931178361 0.7403065504 5.931178361 0.7403065504 17.62116238 10.12154714 7.019949169 -0.73
13.74827787 -0.2178283147 13.74827787 0.2178283147 22.68807969 8.719174083 3.854797944 -4.76
12.99605729 -0.6268717908 12.99605729 0.02721882116 22.44532128 10.18255692 5.673323727 -2.24
4.570060216 0.2638445347 4.570060216 0.2638445347 18.08148549 8.154139375 4.0183391 -2.3
9.21973319 0.5583699385 9.21973319 0.5583699385 21.03871352 8.962162851 4.004151451 -2.83
13.01089046 -0.751875597 13.01089046 0.3279005353 26.35641975 12.45247934 7.363852422 -3.25
9.260851485 -0.01553622932 9.260851485 0.01553622932 24.14462659 10.95716095 5.554926182 -2.99
12.89081154 -0.2729607145 12.89081154 0.1055723938 21.2537108 10.91393777 6.534028915 -2.46
13.45616855 -3.122731247 13.45616855 0.08460089207 33.59535732 14.44314175 7.542251288 -4.3
12.75460621 0.06081098946 12.75460621 0.06081098946 23.82533319 11.20367484 5.593109772 -3.32
11.77492174 -0.1341465892 11.77492174 0.1341465892 12.84322665 5.85874506 3.042000081 -2.17
14.15019089 -0.51931481 14.15019089 0.0374266365 22.70462439 10.89773063 6.279025608 -3.48
13.01295677 -3.859610647 13.01295677 0.03673825223 20.05947392 7.888460277 3.91757986 -3.23
5.915776565 0.7983023023 5.915776565 0.7983023023 13.76963567 6.0910074 2.859918215 -1.87
12.48023241 -1.0790666 12.48023241 0.1881648357 41.47143401 15.48114836 6.810538491 -2.88
12.49611122 -3.450610412 12.49611122 0.02321440431 21.55783026 10.09169164 5.940603971 -2.67
12.5467658 0.003895337584 12.5467658 0.003895337584 24.08655835 11.88838693 6.29265349 -3.05
9.787135797 0.1209953704 9.787135797 0.1209953704 12.98596092 4.517814646 2.383832482 -1.02
12.75479149 -0.07073774357 12.75479149 0.07073774357 26.81458029 12.04479907 5.966277109 -5.06
13.13429885 -0.3420248963 13.13429885 0.03703519514 23.87154214 8.093254288 3.451865546 -1.85
11.21617285 -0.769450484 11.21617285 0.08794914494 17.50451873 6.782800765 2.923947836 -2.59
4.944636165 1.026416289 4.944636165 1.026416289 15.29201294 7.100351804 3.409048555 -1.61
13.18590343 -3.244534772 13.18590343 0.1029266847 30.40953893 13.87873699 8.015265496 -2.55
3.125 -0.25 3.125 0.25 6.92 2.284554637 24.67694444 1.92
6.037768106 0.5172838554 6.037768106 0.5172838554 16.62160887 8.042950679 4.626513777 -1.23
13.91611715 -3.888431138 13.91611715 0.04005446361 37.01608255 18.09007189 12.01354079 -3.81
9.514006575 -0.2647184528 9.514006575 0.2647184528 15.03096052 5.634235485 2.424094184 -3.26
10.23275108 -0.02322412761 10.23275108 0.02322412761 17.20672209 6.190597946 2.662707213 -1.22
13.57396165 -0.3695824115 13.57396165 0.3365148239 26.0732397 11.13574979 4.949547976 -4.17
12.72905703 -0.6805668713 12.72905703 0.2150130514 23.35515118 10.8235018 6.110686091 -3.31
6.146371961 0.3386417653 6.146371961 0.3386417653 18.61738648 7.134086095 3.029812408 -2.4
13.15073035 0.01647930314 13.15073035 0.01647930314 20.11698899 9.101272467 4.541686772 -2.17
4.914166667 0.9097222222 4.914166667 0.9097222222 5.162450142 2.358604859 0.9971092571 -0.98
12.16450265 0.2061069825 12.16450265 0.2061069825 24.74504241 11.85356913 6.394255888 -2.37
14.87293641 -4.90967896 14.87293641 0.01523265358 23.86402469 8.81996523 4.698080999 -4.28
13.93003089 -3.895681924 13.93003089 0.04243393561 38.78649333 19.40009969 12.70625183 -4.01
13.03340549 -3.501778917 13.03340549 0.3544910743 16.42014601 6.350203678 2.893243134 -2.05
11.68125754 -0.6939068922 11.68125754 0.04530470522 22.08368992 9.467557661 4.585786717 -4.61
12.669072 -0.1579370839 12.669072 0.137720077 20.88474727 9.625819496 5.024111973 -2.37
13.90799149 -1.051641747 13.90799149 0.00372595952 19.80460035 6.706385594 2.523706369 -2.63
13.12879787 -1.206826342 13.12879787 0.1903022382 15.13729512 5.592172599 2.221957451 -3.41
13.18776746 -3.883356581 13.18776746 0.03461508147 23.21352287 8.913332549 4.421816195 -4.54
13.00279422 -3.810515821 13.00279422 0.009246582892 23.20832381 10.23266894 6.266845502 -2.46
13.00512791 0.04631437156 13.00512791 0.04631437156 23.61795856 10.30514691 4.93815287 -3.77
12.2230686 -0.7182160441 12.2230686 0.02403439153 14.16000884 4.446942406 1.434540976 -2.21
12.87886957 -0.6925504519 12.87886957 0.008356481481 20.23983471 9.621422222 5.061983471 -1.5
13.40738337 -0.1592067691 13.40738337 0.02371553169 21.39856555 8.825960944 4.014730389 -4.45
12.37161593 -0.7185246424 12.37161593 0.08926020408 15.84048902 6.221596474 2.658842725 -1.04
13.11360785 -4.702805255 13.11360785 0.04617449122 27.83048191 10.82462177 6.009365079 -3.32
12.50501291 0.2079370866 12.50501291 0.2079370866 23.81566078 11.69259505 6.38004569 -2.33
6.302864469 0.3824557771 6.302864469 0.3824557771 19.15013497 8.451606933 4.446069463 -2.18
9.500533193 0.3463017719 9.500533193 0.3463017719 21.47122626 8.059723934 3.726556997 -0.76
5.625442673 0.5211389578 5.625442673 0.5211389578 21.12663637 9.075645891 4.643878516 -2.43
12.95862139 -0.6495555702 12.95862139 0.06650536449 21.90443126 9.4488246 4.94394493 -3.31
13.5510061 -1.017552933 13.5510061 0.07930867735 30.26300082 14.27050185 8.169281959 -4.7
14.39608165 -3.615671819 14.39608165 0.0001121411957 24.3347459 10.09087234 5.933343296 -3.31
13.74095745 -3.613171164 13.74095745 0.04317554382 24.93886815 9.125224119 4.831057311 -3.17
4.692806966 0.8922448323 4.692806966 0.8922448323 23.58033056 9.91821828 4.649852477 -2.81
12.44743717 -0.1931453137 12.44743717 0.06931689342 12.8951313 4.879439613 2.141048188 -1.81
12.88772045 -4.380231159 12.88772045 0.1935943236 27.62987777 11.97813469 6.917410263 -3.4
14.69003035 -4.326611801 14.69003035 0.005836928907 23.30329509 8.823000143 3.770844437 -3.86
13.27174392 -0.3348437998 13.27174392 0.04127163635 20.62544705 9.017068259 4.737637725 -2.64
15.65158593 -3.844684214 15.65158593 0.008747416687 34.35715962 14.01799899 6.83786352 -4.98
12.53068046 -0.107069276 12.53068046 0.107069276 20.01587217 8.973164272 4.390461594 -2.73
13.1155617 0.1728111615 13.1155617 0.1728111615 18.30062004 7.891366024 3.791582215 -1.07
13.62247443 -0.2154006047 13.62247443 0.2154006047 18.48585506 7.150166292 3.087632803 -3.28
3.382066795 1.031482663 3.382066795 1.031482663 13.35035264 5.817964238 2.578155416 -2.32
12.16345416 -0.0245061017 12.16345416 0.0245061017 16.80510634 7.68666486 4.075362491 -2.04
6.222900027 0.4595388742 6.222900027 0.4595388742 14.72401335 6.336233759 2.961956161 -2.85
13.25372116 0.1254172179 13.25372116 0.1254172179 22.37607157 9.444195498 4.647483371 -2.42
12.53313904 0.03991500013 12.53313904 0.03991500013 25.4591721 12.36819671 6.211556476 -3.19
12.2825423 0.04915971932 12.2825423 0.04915971932 22.45211857 10.28914552 5.599409498 -2.34
12.57338783 0.2776120412 12.57338783 0.2776120412 24.9707516 12.02420764 6.547230802 -1.7
2.166666667 1.337962963 2.166666667 1.337962963 5.358504155 1.993744712 1.093537203 -0.78
13.27665379 -1.26229107 13.27665379 0.02146242756 19.91403393 7.242275703 2.749498827 -3.51
11.08757604 -0.9040699405 11.08757604 0.4692085911 16.922119 6.654425587 3.176742503 -1.52
13.09263217 -0.7681366791 13.09263217 0.1967781184 16.07036489 6.140697934 2.965569249 -1.42
13.14041638 -0.1048435007 13.14041638 0.1048435007 23.39026248 10.44274518 5.780901628 -2.77
12.51239428 -0.1610474033 12.51239428 0.06241481199 21.81992679 8.864514166 5.379791296 -2.88
13.2059487 -3.075452266 13.2059487 0.1477068699 26.07286657 11.45572088 5.969088494 -4.55
2.867592593 0.3478240741 2.867592593 0.3478240741 14.71463128 6.3301835 2.608231854 -0.86
8.624230042 0.4949229707 8.624230042 0.4949229707 14.21808823 6.012198557 2.573623796 -2.39
8.716328893 0.6926256614 8.716328893 0.6926256614 8.51523239 3.753576447 1.803507782 -2.08
12.24709023 -0.3280477168 12.24709023 0.06532538221 19.20749135 8.489795842 4.657785916 -3.12
12.7732705 -0.2968546863 12.7732705 0.2968546863 15.54204376 6.869554517 3.013966942 -1.98
14.89319437 -1.295072818 14.89319437 0.005874907672 25.64127424 10.0451843 5.081397212 -3
3.364562862 0.9963815665 3.364562862 0.9963815665 15.59017835 8.363453484 4.865519189 -1.3
5.827145062 0.7175925926 5.827145062 0.7175925926 5.741442725 1.989295929 0.6928917245 -1.02
14.17610685 -1.162354902 14.17610685 0.05785615867 51.66889685 26.0634708 17.59416847 -6.68
11.01971756 -0.2000264227 11.01971756 0.2000264227 15.70568003 7.894554189 4.642495391 -2.18
13.30174285 -3.097836302 13.30174285 0.0975721722 27.08864099 10.70886851 5.463290477 -4.1
12.83125137 -3.333836246 12.83125137 0.2415867568 26.14206139 11.41842782 7.064092349 -1.93
9.982535666 0.1604713876 9.982535666 0.1604713876 18.3101515 7.516493678 3.658384513 -1.06
12.32957399 -1.053198539 12.32957399 0.0005625236206 21.95352415 6.860926276 2.35148331 -2.08
5.802454649 0.2866179296 5.802454649 0.2866179296 14.90227825 5.296653107 1.988386738 -2.4
4.225357615 1.128472222 4.225357615 1.128472222 10.67997506 5.908225691 3.666489158 -0.83
15.07489342 -4.856921898 15.07489342 0.005465366339 26.06327115 9.322353041 4.983745006 -4.56
12.41853272 -0.05717039395 12.41853272 0.04634985034 19.88698649 8.945600571 4.778592301 -2.41
6.540403161 0.5139577054 6.540403161 0.5139577054 21.97185973 10.3809489 5.142973094 -3.24
12.34734658 0.1349323064 12.34734658 0.1349323064 15.63628869 6.553214497 3.048505873 -1.88
12.63895172 0.05638416478 12.63895172 0.05638416478 14.0674543 6.711337426 3.352147469 -1.35
14.07973765 -0.1318098597 14.07973765 0.05146120446 22.06050951 8.976151628 3.909833821 -2.43
12.69826107 -3.709604067 12.69826107 0.163149121 24.06033219 10.35109516 7.214059446 -3.59
13.05845258 -3.955724729 13.05845258 0.01167590493 18.20532312 6.770795806 3.490423526 -3.17
5.530305882 0.9632790568 5.530305882 0.9632790568 22.34755844 10.65292005 5.043173703 -3.45
4.077197671 1.073509149 4.077197671 1.073509149 16.09870489 7.663153975 3.825178872 -2.39
13.89155429 -1.178984242 13.89155429 0.08262621314 35.86652271 17.25106933 10.52145432 -4.98
5.741644621 0.7378269085 5.741644621 0.7378269085 13.94005911 6.172602309 2.712724291 -1.02
11.97396357 0.01656732107 11.97396357 0.01656732107 19.21705176 8.496165723 4.474665763 -2.11
10.18055556 0.3425925926 10.18055556 0.3425925926 5.67 2.884132762 1.942479564 -0.33
12.56453068 -4.329868979 12.56453068 0.203345616 16.36205493 7.312920644 4.494854023 -2.01
5.935716913 -0.4804548174 5.935716913 0.2211677805 17.26216015 6.348974993 2.759974916 -2.85
8.837959447 0.6867646653 8.837959447 0.6867646653 15.58055527 7.802682291 4.337596073 -2.31
11.00185185 -0.2569444444 11.00185185 0.18 6.337829771 2.051422665 0.8081870095 -1.38
12.55342714 -3.704988585 12.55342714 0.06998593655 19.70443772 7.168148059 4.43180613 -3.05
16.11243301 -0.7838928799 16.11243301 0.1586019668 23.17541322 8.57257915 3.995339427 -3.58
11.90879428 -0.09271401966 11.90879428 0.09271401966 18.32494505 9.289281942 5.261360577 -2.47
13.33497279 -4.374213668 13.33497279 0.167714971 27.53253333 12.83786848 7.75148729 -3.5
13.50978531 -0.3459806731 13.50978531 0.07282547024 24.07927788 9.881594026 4.739073139 -5.28
11.92022691 -0.1965839152 11.92022691 0.1965839152 21.27322647 10.92864723 6.544635721 -2.44
8.670099556 0.3734567901 8.670099556 0.3734567901 18.96 17.96 17.96 -0.04
12.98765427 -0.200069158 12.98765427 0.1895975225 27.69726755 13.97308458 7.214344108 -2.86
14.50623258 -0.08764979111 14.50623258 0.04526977303 23.48628118 9.85916832 4.311551533 -1.91
15.17528178 -3.672453213 15.17528178 0.0228926469 26.26481702 10.08162511 5.313258394 -4.35
13.80707426 -4.77884231 13.80707426 0.02649255034 21.86876338 7.777685978 4.345486337 -2.83
4.905785137 0.5637911383 4.905785137 0.5637911383 16.67248007 6.664518901 3.05235629 -3.26
13.1190697 -0.1566800241 13.1190697 0.1566800241 50.73839088 26.5358986 14.25561168 -6.64
11.95986111 -0.1459259259 11.95986111 0.03784025416 11.92220217 4.579507833 3.839207469 -1.15
11.62498762 -0.1634653277 11.62498762 0.01787450885 17.59814398 7.774810393 3.715161374 -3.22
13.47569362 -3.113943303 13.47569362 0.09828173458 31.03191437 12.89691497 6.508155974 -4.59
12.6633834 -3.496021975 12.6633834 0.3180235323 23.11825638 9.921191662 5.053175667 -2.64
11.14061564 -0.492034675 11.14061564 0.2212658112 25.66697133 9.596464762 3.769617353 -3.81
12.79847301 -0.6463241012 12.79847301 0.1210619803 18.27202759 7.13905651 3.51479578 -1.1
13.11331166 -0.9451222051 13.11331166 0.3078547269 23.97214838 11.26361359 6.648834095 -3.68
13.00533644 -0.1871816935 13.00533644 0.1871816935 14.14326184 5.964663876 3.026639427 -2.47
13.27154352 -3.800404791 13.27154352 0.04377456538 20.43349098 7.771903739 3.800865355 -2.84
6.082804885 0.6317020699 6.082804885 0.6317020699 21.9742307 12.20012796 8.579184551 -0.32
12.95412672 -0.1981350035 12.95412672 0.005438651356 22.29053954 9.028464347 3.880127355 -3.51
14.86252325 -0.6404220491 14.86252325 0.1050060165 28.78628138 13.75637825 7.518512608 -3.73
5.301928187 0.4247510157 5.301928187 0.4247510157 18.74380165 7.3008 3.134645062 -2
12.34345483 -0.1823580694 12.34345483 0.1823580694 18.65349424 8.541477769 4.402819861 -2.7
13.31447297 -0.8819727891 13.31447297 0.03675075586 19.56623044 6.813830986 2.9743664 -1.39
12.77725153 -0.2690678902 12.77725153 0.09801658163 18.41501854 8.379437456 4.154908765 -1.95
9.760203083 0.026638648 9.760203083 0.026638648 15.12863722 6.146091994 2.914621748 -2.78
11.86297983 -1.03876328 11.86297983 0.03217768004 16.20264961 6.219688375 3.132168247 -3.28
7.765036848 0.3497278912 7.765036848 0.3497278912 12.17442983 6.446550432 3.939720824 -2.29
5.486693827 0.9042109158 5.486693827 0.9042109158 15.0244918 6.530811952 2.947550666 -2.53
12.92553935 -0.449599162 12.92553935 0.06386430485 24.22705314 8.332690002 2.933823169 -2.83
12.73770238 -4.512437047 12.73770238 0.005015690969 22.543094 9.337396367 5.719742158 -4.14
11.38859281 -0.9473377571 11.38859281 0.3283295118 21.64445292 9.277667785 4.381636816 -3.58
13.95441964 -0.775497344 13.95441964 0.0222834269 31.00346235 13.24250142 6.469997335 -3.62
10.28426855 0.1253355881 10.28426855 0.1253355881 15.90984179 7.112967481 3.588622927 -2.59
6.342096246 0.7947685185 6.342096246 0.7947685185 11.57309902 4.303667485 1.719411248 -0.51
4.259913077 0.4064421664 4.259913077 0.4064421664 15.67599436 6.307396326 2.714924155 -2.56
6.19266825 0.2017910584 6.19266825 0.2017910584 17.81254624 6.965770553 3.250061561 -3.26
10.4651758 -0.4368598193 10.4651758 0.09189224301 20.53446421 11.93907973 8.781025635 -0.51
10.97164771 -0.3643363017 10.97164771 0.0904066673 15.72364519 5.614350649 3.009065546 -1.66
14.71546372 -5.176009731 14.71546372 0.01505077669 67.00223028 30.28726134 19.45026866 -8.13
11.33873534 -0.4105740495 11.33873534 0.2240262556 16.60944306 6.807778068 3.575871936 -1.85
12.96094456 -1.559741749 12.96094456 0.07753915044 22.2898818 9.296347906 4.78314827 -2.91
10.04630917 0.1634048381 10.04630917 0.1634048381 21.740722 9.340948169 4.715600674 -3.48
12.65421797 -4.591054547 12.65421797 0.2187786246 16.96937176 6.55920378 3.970649773 -2.87
12.60719827 -0.17748768 12.60719827 0.17748768 24.34791676 12.61809425 7.362283687 -2.78
11.61779274 -0.1677626081 11.61779274 0.1677626081 11.19585822 4.758936428 2.077477284 -1.91
12.84288449 -3.855920525 12.84288449 0.04244016902 21.72146636 8.559279778 4.411296 -3.5
11.46568341 -0.3564786161 11.46568341 0.3564786161 19.00679024 8.782967271 4.385051128 -2.33
12.18307241 -0.4874015671 12.18307241 0.4171702816 22.41522787 10.69290663 6.138195289 -3.78
13.26188741 -0.3023875965 13.26188741 0.3023103007 15.20312766 6.279638834 3.038151222 -3.34
11.1893128 -0.9532066123 11.1893128 0.3258649716 23.15938808 12.36984874 7.63162971 -3.51
10.56453193 -1.000054182 10.56453193 0.3524484629 20.49140364 9.760956975 6.481635284 -1.82
12.9716094 0.004358353037 12.9716094 0.004358353037 25.01861108 11.17070358 5.390508437 -3.65
11.29075243 -1.315051844 11.29075243 0.4536266636 26.07407407 11.82314494 6.41568278 -4
12.56176919 -0.05099780944 12.56176919 0.05099780944 20.16492551 9.133803791 4.385305418 -3.12
13.71545584 -0.9383586861 13.71545584 0.1007589068 26.03522757 11.34672135 6.198030087 -3.04
13.22385215 -1.300630028 13.22385215 0.09354782395 27.0444123 12.42246212 7.227120316 -3.55
13.87289267 -0.9197082336 13.87289267 0.07375637083 23.96985158 8.320377838 3.033308146 -3.87
3.974907407 0.8775056689 3.974907407 0.8775056689 9.98650065 3.085377769 0.9610971227 -0.82
13.34882029 -0.2113171133 13.34882029 0.01078372452 27.995805 12.7471949 6.771158536 -3.55
9.9723875 0.02423091459 9.9723875 0.02423091459 14.58333333 5.570987654 2.491349481 -2
13.34810554 -0.4399513416 13.34810554 0.2075555346 19.82992539 8.197745616 3.510170612 -3.11
6.222818536 0.2449966137 6.222818536 0.2449966137 15.35368557 6.374364041 3.069896578 -2.18
13.27094059 -0.2374652515 13.27094059 0.0424279766 24.09952823 10.8498426 6.473371367 -3.55
14.04229522 -0.5460999936 14.04229522 0.1961534468 27.09109327 10.94243346 5.769462985 -3.49
5.781522267 0.4180168972 5.781522267 0.4180168972 18.96780115 12.46261697 10.30076001 -0.08
5.223518519 0.5393518519 5.223518519 0.5393518519 4.517232704 1.457891532 0.8658263318 -0.64
12.3494771 -0.4222670801 12.3494771 0.1694523844 22.24168142 10.10635665 5.274467273 -1.96
11.74245358 -0.3336935469 11.74245358 0.08783822016 11.77152049 4.421552477 1.869647672 -2.3
10.29331806 0.2140273835 10.29331806 0.2140273835 18.93991882 7.917215237 3.282340511 -2.4
5.742769535 0.7342201208 5.742769535 0.7342201208 22.24769119 9.090749352 4.321396728 -3.23
13.74512685 -3.624955064 13.74512685 0.01645426967 40.74432112 18.81830524 9.386650598 -3.91
13.35022706 -3.125522582 13.35022706 0.07348921384 29.51862781 12.58869427 6.38455628 -5.55
14.55517965 -0.9975159308 14.55517965 0.1370696356 20.71729236 8.559943841 4.349922661 -4.01
5.951069528 0.6440493885 5.951069528 0.6440493885 15.7117158 7.395820936 3.811617289 -1.8
9.96554106 0.1268090986 9.96554106 0.1268090986 18.97530447 8.262434964 4.121871902 -1.8
13.13345419 -3.88691681 13.13345419 0.02533278219 23.14872567 9.082414075 4.678503712 -4.02
12.9153938 -4.636497368 12.9153938 0.04993374813 29.40069764 13.47011715 9.668737097 -2.83
11.6172288 0.05678339839 11.6172288 0.05678339839 14.27422968 6.047930099 2.944526286 -2.33
12.65982694 -3.439159935 12.65982694 0.07724035756 17.80320532 6.960201239 3.246926164 -1.27
4.7030833 0.2223231016 4.7030833 0.2223231016 23.84604137 9.498951046 4.290536999 -3.24
13.8064071 -4.76189076 13.8064071 0.1611620631 23.99174391 9.065329084 5.573104698 -2.66
13.1876856 -0.8116242562 13.1876856 0.1241042097 28.3257716 12.60025434 6.326590349 -3.8
11.16097362 -1.087147109 11.16097362 0.08137589758 14.21421458 6.818990635 4.172492284 -2.2
5.775012283 0.6557253086 5.775012283 0.6557253086 13.33847563 6.679958341 3.67556885 -0.65
11.00685348 -0.7321231302 11.00685348 0.1322383856 21.01032283 9.327486376 4.651701676 -2.86
6.10489264 0.5305084982 6.10489264 0.5305084982 13.67634641 5.9274826 2.812949544 -1.75
14.30037415 -2.638205088 14.30037415 0.08356082556 24.01882039 10.01664037 5.17220282 -3.12
13.15538571 -0.5222539414 13.15538571 0.1764413679 25.44000787 11.03874934 5.534965077 -4.21
12.35648183 -0.5185897103 12.35648183 0.2648777412 24.38664767 11.12353773 5.65896743 -2.74
13.45525644 -0.4748647862 13.45525644 0.1939645721 22.9845514 10.16875898 5.42025101 -3.19
13.75415737 -1.018470222 13.75415737 0.1010301252 18.42455381 7.588856468 3.862195247 -3.94
12.29603992 -0.6679285306 12.29603992 0.1421897709 23.25498672 10.351179 5.347200017 -3.91
14.02958893 -1.285232808 14.02958893 0.08744698497 22.36701357 8.962162851 4.381286382 -2.83
12.51939342 -0.07875 12.51939342 0.07875 11.5353328 4.281337653 1.89051603 -2.55
14.4408415 -0.6912281662 14.4408415 0.1691147761 17.97140544 6.204124982 2.920396681 -3.09
12.61641459 -3.47387071 12.61641459 0.3278865712 23.54490997 11.00732086 6.045797426 -2.61
12.83394138 -3.678458522 12.83394138 0.2113204942 19.47529182 7.883909397 4.435465769 -2.84
12.38846104 -0.07597847352 12.38846104 0.07597847352 23.30329509 11.32438496 6.136865339 -2.86
12.85597628 0.01115454036 12.85597628 0.01115454036 18.24267357 7.554169653 3.395801955 -2.8
13.51512546 -4.830062 13.51512546 0.0008720710506 23.59484042 8.510632113 4.23994064 -5.14
13.32755106 -0.2813768949 13.32755106 0.2813768949 23.54490997 10.5476802 5.300391557 -3.61
14.23695767 -0.1617304422 14.23695767 0.1617304422 13.12879842 6.055172366 2.828631024 -1.87
13.14142942 -0.5069084718 13.14142942 0.2850617885 23.01351912 10.18825826 5.09770292 -3.16
13.01973959 -4.329525446 13.01973959 0.1204507502 24.11979132 10.18252818 5.305640022 -3.59
13.1105214 -0.1854741766 13.1105214 0.1854741766 16.96952987 6.683371813 3.166849625 -2.47
4.250771526 0.4220483749 4.250771526 0.4220483749 14.69665017 6.260141297 3.025529887 -1.23
5.440387928 0.4483796296 5.440387928 0.4483796296 11.7407515 4.496239342 1.842762674 -2.06
14.15987927 -0.6745305289 14.15987927 0.06595233019 27.02656574 13.50252738 7.055425197 -3.02
9.437942961 -0.05703904685 9.437942961 0.04441833407 16.94037809 7.780698424 3.947373776 -1.9
9.872189721 -0.5409218506 9.872189721 0.2358790653 20.85378648 10.06406706 6.601050984 -2.87
4.66083312 0.8797006488 4.66083312 0.8797006488 13.2759339 5.769844576 2.672450352 -2.4
11.84512271 -0.4165130637 11.84512271 0.297898422 23.67059723 11.09522167 5.907184816 -2.48
13.19305966 -0.2302240734 13.19305966 0.1672055934 27.88022207 11.82885063 5.790259582 -4.67
12.50543993 -0.2682158418 12.50543993 0.2682158418 17.25418777 7.215702212 3.54914081 -3.17
12.73669405 -0.280489906 12.73669405 0.2193972428 16.60778136 8.626617245 5.859459277 -2.76
13.90484251 -1.135153 13.90484251 0.04350031774 42.70046085 21.10583569 14.021604 -5.71
11.15325027 -0.796676981 11.15325027 0.6469635771 15.7022859 6.245270274 2.951561774 -1.81
5.404159103 0.2412103175 5.404159103 0.2412103175 16.65057552 7.137733273 3.336183521 -2.2
6.482111678 -0.4553327349 6.482111678 0.4553327349 17.47230332 7.689383736 3.826164181 -1.35
12.98787 -0.2699855402 12.98787 0.04299083522 15.28239993 7.093641688 3.580087388 -1.62
14.00862433 -1.081284152 14.00862433 0.03027509905 34.62820248 17.4382029 10.39529374 -3.86
14.04045033 -0.4765073897 14.04045033 0.07764333006 27.76466442 11.36671364 5.196485201 -1.79
5.853907756 0.1752187637 5.853907756 0.1752187637 16.12905551 6.272368907 2.766331399 -4.07
13.39072838 -0.3028043067 13.39072838 0.03908137584 24.45443361 9.527853411 5.703484202 -3.67
12.06962868 -0.3332716049 12.06962868 0.0957797934 14.63519978 6.59668484 3.410918055 -0.77
12.99131684 -4.90880836 12.99131684 0.1196842825 26.514471 9.899342614 5.407283462 -4.09
12.33112507 -0.1529365079 12.33112507 0.1529365079 14.98690555 5.811598799 2.701109872 -2.57
12.79435656 -1.320399965 12.79435656 0.1141940292 24.07013101 10.35773307 6.951554513 -3.58
5.31699924 0.9301232685 5.31699924 0.9301232685 15.03388953 6.536922605 2.951015331 -2.52
11.73952613 -0.5377466348 11.73952613 0.2480074953 19.7828171 7.51304897 3.494652292 -3.16
12.89917974 -1.167095432 12.89917974 0.05206405633 24.96118037 7.41627515 3.096290758 -0.71
11.46864789 -0.4419138427 11.46864789 0.3727347884 13.7871204 5.669495363 2.654828299 -1.18
15.99325637 -0.8216789494 15.99325637 0.05141784088 27.18220767 11.67905614 6.175006863 -4.86
11.25032957 -0.9721981426 11.25032957 0.2992102852 35.20171001 19.88784652 13.15229979 -5.28
13.08656092 -3.744933267 13.08656092 0.1752570092 19.50034949 7.347560325 3.473796847 -2.46
12.81388385 -4.339553217 12.81388385 0.5509490741 12.77665328 4.399605926 1.968828775 -2.24
13.05643072 0.01130065298 13.05643072 0.01130065298 18.65163755 6.964921781 3.413474184 -1.1
14.36243254 -4.991552129 14.36243254 0.05373177486 27.91616419 9.94794697 4.617924619 -4.23
14.83043679 -0.645963955 14.83043679 0.02253369866 20.64149816 8.355285996 3.445358691 -3.25
15.6927466 -1.142328069 15.6927466 0.004959372638 18.43408939 6.306612731 2.574208069 -2.93
11.92207702 -0.3700498919 11.92207702 0.2038355064 15.05178825 6.4950019 3.322270531 -2.86
13.82603749 -4.427409493 13.82603749 0.02480611506 31.28031923 13.23435652 6.973651966 -4.15
13.61647367 -4.534483754 13.61647367 0.01482944865 23.46284365 9.948517219 6.163248159 -3.2
13.35124962 -0.1731510065 13.35124962 0.1731510065 18.17674033 7.810530037 4.057159665 -2.2
13.49245017 -0.8040119549 13.49245017 0.1346228366 22.86116515 9.034085148 4.444365241 -3.91
5.232629275 0.9077141964 5.232629275 0.9077141964 15.0244918 6.530811952 2.947550666 -2.53
13.70131421 -3.995041438 13.70131421 0.05892315438 25.62210203 10.38873529 5.316706761 -4.02
8.794259259 0.1458333333 8.794259259 0.1458333333 4.966627566 1.738120536 0.7293748574 -1.18
13.32663202 -0.1743945788 13.32663202 0.04792795205 19.02589903 8.369043625 4.09860104 -3.31
13.57934055 -3.088914794 13.57934055 0.0187505125 32.84495283 14.77753466 7.717855781 -5.08
10.11289777 0.2538016109 10.11289777 0.2538016109 14.44913424 5.198584341 2.809462935 -0.96
13.19199547 -1.051045322 13.19199547 0.02648468181 23.85166285 8.142098924 3.133641292 -3.81
12.6510107 -0.169637968 12.6510107 0.169637968 20.96822752 8.315751378 3.851887501 -1.6
12.83174825 -4.537720456 12.83174825 0.2011403064 22.06820492 9.153528967 5.377713207 -4.14
11.810144 -3.17059697 11.810144 0.1431876445 23.48040332 9.414352757 5.373513387 -3.26
12.71820988 -3.707645132 12.71820988 0.04665121938 27.51406712 13.23240613 8.899133145 -2.73
12.57051027 -4.374047332 12.57051027 0.02836919255 22.41944201 10.06406706 6.903604438 -2.87
12.94445403 -0.2730832911 12.94445403 0.007378012934 18.88788621 8.664080002 5.293004906 -2.89
12.68030591 -0.3330684236 12.68030591 0.01725350634 19.52313684 7.913960749 3.62475258 -2.79
6.348813067 0.4030525111 6.348813067 0.4030525111 19.13075672 10.49456285 5.963664947 -1.64
13.96899359 -0.4744902683 13.96899359 0.05640439097 14.44738633 6.096692565 3.074511196 -1.49
14.2134865 -5.16905513 14.2134865 0.0008723446471 61.72843677 27.59988981 18.01449396 -8.48
14.15209495 -0.2660173527 14.15209495 0.1387031605 19.95244697 7.311602192 3.449973368 -2.98
14.38623391 -4.031066468 14.38623391 0.06257406358 20.88303961 8.262344372 4.585683698 -1.84
13.71812463 -0.9802822923 13.71812463 0.121803809 33.19818603 15.85460673 9.39206605 -4.7
12.93279597 -3.344869611 12.93279597 0.1053751519 25.29762397 10.4430528 5.70209042 -1.8
13.86026383 -4.379888193 13.86026383 0.03370800161 31.69692963 13.10238443 6.697923542 -4.72
11.25207874 -0.9467372879 11.25207874 0.09419278761 26.52098433 11.24108012 5.897694736 -3.54
6.141209469 0.2255941358 6.141209469 0.2255941358 12.73862176 4.677822585 1.782000638 -0.28
5.946445578 0.7754650363 5.946445578 0.7754650363 14.43934344 6.984896793 3.995480891 -0.97
14.56143557 -0.525123521 14.56143557 0.08378176759 18.65489205 7.156197935 3.009736326 -3.36
13.38687264 0.2317028849 13.38687264 0.2317028849 20.46227789 8.908927513 4.068658298 -0.81
13.81793297 -1.21029754 13.81793297 0.003498643846 24.88071325 8.767663564 3.903975237 -3.23
13.39754768 -0.9185003336 13.39754768 0.1033529178 20.19766129 7.16471723 3.246591026 -2.72
13.29084199 -3.100083225 13.29084199 0.1060598265 28.4294624 12.18685539 6.627348957 -4.1
10.00733639 -0.7788789082 10.00733639 0.3448121713 18.58926134 7.433322644 3.37769086 -3.43
14.6119397 -0.7783627354 14.6119397 0.04286713511 22.03929905 9.134951294 4.259096124 -3.17
12.18371357 -0.04420766276 12.18371357 0.04420766276 16.99836783 7.821097053 4.170074375 -2.84
6.554378779 0.08166950113 6.554378779 0.08166950113 17.77871455 8.904990154 4.468715457 -0.57
10.04076383 -0.8338231851 10.04076383 0.4116436608 19.65095981 7.750696834 4.143526171 -3.3
12.46567347 -0.7628944371 12.46567347 0.04923953921 29.07211234 12.50520536 7.816321243 -2.92
13.97454482 -0.7199728493 13.97454482 0.003597033644 25.037304 9.900122168 4.418804335 -4.96
11.81353396 -0.7231056498 11.81353396 0.03799537562 16.51477503 5.525617188 2.458166661 -1.95
11.78095713 -3.174167635 11.78095713 0.126725974 23.72861756 9.829005401 5.732860565 -3.42
10.63857557 -0.7742759062 10.63857557 0.1498808203 13.71069006 5.620598905 3.085739642 -2.26
13.63950546 -0.2738312535 13.63950546 0.2149503431 26.13958489 11.17818206 4.97284779 -4.1
3.95488733 0.8408333333 3.95488733 0.8408333333 7.254329831 2.661276898 0.9895745381 -2.17
12.88249713 -0.9488656625 12.88249713 0.1367929052 20.8078987 9.138396883 4.815359091 -4.45
13.05353291 -1.034711674 13.05353291 0.01571542201 25.30273535 8.674154082 3.488859217 -4.21
5.689524468 0.2468052012 5.689524468 0.2468052012 18.324834 6.619416016 2.559449839 -2.26
11.17844054 -0.9518711172 11.17844054 0.3263368107 20.103498 9.523777174 5.207065604 -2.64
14.82713378 -4.879436276 14.82713378 0.05328267952 33.17154135 14.9270683 9.177487501 -4.2
5.542478147 0.2447726104 5.542478147 0.2447726104 13.35035264 5.467355297 2.35733966 -2.32
10.57180156 -0.4869018977 10.57180156 0.3183875593 20.55645287 8.654946545 4.493991134 -2.34
13.45703165 -0.16168159 13.45703165 0.16168159 16.15539591 7.276686185 3.689583363 -2.33
14.2286809 -1.214526041 14.2286809 0.02538406794 52.37483008 26.60720118 18.72787662 -6.97
13.7109772 -0.848390473 13.7109772 0.1315846135 28.75029136 13.20486958 6.65537202 -4.25
12.79155964 -1.334279562 12.79155964 0.2752353386 24.72566361 10.075635 5.462547868 -4.39
13.0151507 -0.7794180936 13.0151507 0.1001071324 24.85591129 10.2748353 5.024697706 -2.82
13.25662489 -0.6041078445 13.25662489 0.3582485542 22.09711276 10.46884951 5.776180388 -2.11
12.25298104 0.1334992559 12.25298104 0.1334992559 17.74835366 8.361048209 4.747256272 -2.65
9.410679688 0.2841527368 9.410679688 0.2841527368 14.19464363 6.286951763 3.020901581 -2.22
12.88954988 -0.1350168007 12.88954988 0.03317704397 21.51229275 8.549568625 3.970076866 -3.33
5.456286313 1.01578513 5.456286313 1.01578513 17.96622332 9.593321576 5.584231361 -1.84
5.126354875 0.8373148148 5.126354875 0.8373148148 7.24940919 4.035942019 2.169025073 -0.86
6.00539695 0.8310733182 6.00539695 0.8310733182 16.32243549 8.927416899 4.968593612 -1.54
9.159356494 0.5558485985 9.159356494 0.5558485985 17.56768392 7.810185251 3.961948356 -2.84
15.05149132 -3.611709792 15.05149132 0.2318562356 23.36127159 10.42310399 5.223393687 -1.8
5.414097868 0.7367931427 5.414097868 0.7367931427 21.00006746 10.17022535 5.418427117 -1.72
13.06418629 -3.638140722 13.06418629 0.08963979105 22.45380314 10.25167339 5.733404826 -2.74
13.52984521 -0.9839317408 13.52984521 0.1909462396 20.86353735 8.249939094 4.271173034 -2.86
12.47593766 -0.6677416383 12.47593766 0.008459099689 18.96138907 8.646111419 5.306998611 -2.37
11.70435968 -1.105827817 11.70435968 0.05830235661 23.04206159 10.26851112 5.173183897 -4.72
12.30672108 -0.6725426244 12.30672108 0.01842874701 27.38654242 10.99148996 5.049582977 -1.65
13.56973186 -0.2910315172 13.56973186 0.2491714069 24.71115543 10.63569478 4.701588048 -3.61
9.813794407 -1.793143582 9.813794407 0.5465761343 14.0478901 4.956413249 2.652815608 0.63
11.03299571 -0.5052993728 11.03299571 0.357130222 17.63687262 8.78090024 5.158049601 -3.18
12.46922491 -0.9960224815 12.46922491 0.01603622721 18.92245523 6.042916256 2.098271429 -2.6
11.80363757 0.02916666667 11.80363757 0.02916666667 11.33880972 5.26070453 2.502944665 -1.15
14.13258787 -1.152057088 14.13258787 0.02863197594 24.21531428 8.86841654 3.720184023 -3.49
14.42849456 -0.6035063408 14.42849456 0.04692796254 17.76276782 8.358397518 4.316702 -3.05
12.68151995 -0.3156366342 12.68151995 0.3156366342 18.5103854 8.444143265 4.17628214 -2.85
9.609169601 -0.07522172409 9.609169601 0.07522172409 16.78578614 8.697338369 5.21845537 -1.06
12.86840893 -0.3131327741 12.86840893 0.07529770884 16.51541937 7.966646065 4.352125121 -2.34
13.60198253 -4.488914582 13.60198253 0.002130041092 29.44740526 10.65673766 5.458042419 -3.045064935
13.15969061 -0.2069545925 13.15969061 0.2069545925 21.6540788 9.28398992 4.385339428 -1.57
12.56976858 0.07524697366 12.56976858 0.07524697366 15.63628869 6.931717457 3.176526735 -1.88
12.03099083 -0.2435540574 12.03099083 0.2435540574 20.27315714 9.239762605 4.383129017 -2.64
14.22357592 -0.8678944206 14.22357592 0.01330444761 17.91962759 6.60318622 2.946982021 -3.47
5.614430649 0.9572774623 5.614430649 0.9572774623 26.48097482 12.19315416 5.600856401 -3.74
14.09240944 -0.7314690252 14.09240944 0.04091533984 24.90001256 10.7568365 5.035416393 -2.41
13.66177697 -0.3427089632 13.66177697 0.1816659056 12.64357639 4.9505542 2.381777706 -1.38
9.873204144 -0.0117605204 9.873204144 0.0117605204 22.49420583 11.85729262 6.950307922 -2.19
4.642969577 0.4810386832 4.642969577 0.4810386832 16.26882177 6.594963937 3.156382683 -3.21
11.15436215 -0.9219428849 11.15436215 0.098893613 14.71864096 5.456465052 2.104552432 -3.6
6.072096246 0.7020861678 6.072096246 0.7020861678 9.57026343 4.035028732 1.917657448 -0.98
5.462273318 0.7121265741 5.462273318 0.7121265741 17.32738147 6.990834881 3.058888693 -2.78
11.91252771 -0.3021296296 11.91252771 0.3021296296 11.89237483 5.166531428 2.958513471 -1.58
12.98471506 -0.29289817 12.98471506 0.002044978493 19.88698649 9.391808761 5.141423222 -3.41
12.17137832 -3.611330079 12.17137832 0.2517173721 20.30877451 8.411985132 4.443873094 -2.97
12.73729948 -3.330744135 12.73729948 0.1301977156 24.30918871 10.62460424 5.805077498 -2.82
12.59312247 -1.337045434 12.59312247 0.1648397072 24.63867188 10.29244002 6.067776457 -4
12.53814687 -0.4243468128 12.53814687 0.004516250945 14.71583447 5.208375565 2.136701819 -1.21
12.89460123 -3.880407605 12.89460123 0.04453001435 21.29807482 8.297987367 4.558021041 -2.94
2.212407407 1.335 2.212407407 1.335 8.116401925 2.73240474 0.8919499118 -2.08
13.1562605 -4.480405712 13.1562605 0.02597359447 22.84754216 8.813038817 4.171152585 -3.59
11.36778088 -3.082757192 11.36778088 0.1323378422 19.66671399 8.386715566 4.848681812 -1.64
6.358980775 0.6192510402 6.358980775 0.6192510402 20.27040902 9.660129649 5.131450224 -2.01
2.211805556 1.256944444 2.211805556 1.256944444 6.74 5.74 5.74 -0.26
13.00568564 -0.1006565378 13.00568564 0.09110326384 20.86686641 10.64656653 6.99777917 -2.44
6.548564972 -0.2940627362 6.548564972 0.1035604581 18.598636 6.548612252 3.114237764 -2.42
12.65942348 -4.39174443 12.65942348 0.1577310709 24.61792892 11.66356977 8.545917092 -2.65
5.13908179 0.7083333333 5.13908179 0.7083333333 4.77 3.77 2.77 0.77
12.7339949 0.08177489856 12.7339949 0.08177489856 19.56141793 8.726437098 4.454081633 -1.75
3.55517306 0.55587774 3.55517306 0.55587774 14.33975131 6.467388816 3.10357625 -2.26
14.22417493 -0.7858662717 14.22417493 0.01524742282 26.91958309 11.94387392 5.898959629 -3.13
12.63783488 -3.430949347 12.63783488 0.04860995633 18.67427002 7.639907586 4.17909841 -1.11
11.59531634 -0.7032942422 11.59531634 0.09478514742 21.55969161 8.927063983 4.218349763 -3.28
11.46376174 -0.6116476687 11.46376174 0.2176157504 32.81874389 20.80301503 19.55349998 -2.21
10.81258034 -0.5763179912 10.81258034 0.1280108602 17.36621315 6.001911577 2.285265122 -2.5
2.329027778 0.9536574074 2.329027778 0.9536574074 8 5.142857143 4.166666667 0
13.87742633 -0.5398601869 13.87742633 0.030454608 22.29952252 9.302573014 4.516742764 -1.9
11.68751907 -0.2716139943 11.68751907 0.1797616951 16.83410822 6.389545441 2.804943124 -3.31
13.141216 -0.8948438681 13.141216 0.09333959072 22.09693515 7.454318839 2.647370301 -2.76
8.793055556 0.1333796296 8.793055556 0.1333796296 5.643155792 2.185360819 1.198750055 -1.49
14.1641566 -2.153734099 14.1641566 0.06273744526 28.76179493 10.28941967 4.462807021 -3.99
13.26860647 -0.440586098 13.26860647 0.082448135 18.47223489 7.61907323 3.858534278 -2.89
6.146339489 -0.9197960365 6.146339489 0.4462209467 17.85300812 6.884761753 2.925629843 -3.54
13.28975813 -3.823133908 13.28975813 0.05051478409 28.67775196 12.10283713 7.330691395 -1.89
13.50743632 -0.02182180884 13.50743632 0.02182180884 24.40920872 10.81859848 5.516833397 -2.93
13.15751135 -3.914209462 13.15751135 0.01645389319 24.76442189 10.1004151 5.497232806 -3.35
3.800923665 0.9008629378 3.800923665 0.9008629378 14.09680231 6.732833153 3.581606022 -1.32
12.85766279 -0.4669626759 12.85766279 0.2340210853 15.22472887 6.610199302 3.94686159 -2.68
12.61417388 -0.3885511696 12.61417388 0.02559265151 23.66161176 9.889846835 5.145373052 -3.07
2.546898148 1.111405108 2.546898148 1.111405108 11.75261256 5.547634736 2.737334711 -1.32
5.160529515 0.555331801 5.160529515 0.555331801 20.28259561 8.851581353 4.226527022 -3.63
12.61065035 -0.008896842907 12.61065035 0.008896842907 19.24573475 8.113866179 3.87847163 -2.08
13.09723214 -5.178842593 13.09723214 1.088495843 14.1521504 4.401118558 2.204939877 -1.91
12.44585888 -1.05827713 12.44585888 0.006708402459 21.50009218 8.422365396 4.061196066 -3.73
11.04057571 -0.3383763228 11.04057571 0.2175182666 9.666509482 4.099552179 2.133580522 -1.88
11.57663399 -0.6991769211 11.57663399 0.1020373004 21.16345429 9.376060199 4.504549277 -3.08
12.56829391 -0.2024115119 12.56829391 0.08372522054 25.23883476 12.21272719 6.67098044 -3.42
11.17119768 -0.3396506473 11.17119768 0.1213114334 19.39685735 7.597726119 3.338004938 -2.57
13.91157777 -0.4259235639 13.91157777 0.2120347012 21.42509823 8.918131353 3.901893979 -3.11
13.74090661 -5.374299538 13.74090661 0.05525202109 26.1992327 9.326139197 5.981300556 -2.41
10.77560141 -1.019834888 10.77560141 0.2813501249 24.27263927 10.67553147 5.542899395 -4.43
12.45728854 -4.037624166 12.45728854 0.08230327631 21.054647 9.617768595 6.76592081 -2.25
12.52162675 -0.09589668892 12.52162675 0.09589668892 16.35392913 7.013365644 3.187638394 -3.12
12.72772529 -0.2500813335 12.72772529 0.1192354025 18.26249742 7.48640838 3.41586402 -2.11
11.13514779 -0.7427033392 11.13514779 0.08864580974 19.24573475 8.113866179 4.186421374 -3.08
12.831205 -4.700051124 12.831205 0.06103895323 19.76246681 8.06476767 4.724535764 -2.54
12.45580784 -0.0714225689 12.45580784 0.0714225689 19.74335629 9.267007785 5.256087795 -1.01
12.68475734 -0.1874092971 12.68475734 0.005315334467 16.3633875 6.316067392 2.675737223 -2.11
12.85475049 -3.888236637 12.85475049 0.01730571012 21.93332784 8.69091022 4.661471734 -4.28
12.62232625 -4.778973752 12.62232625 0.2093527967 18.15303544 6.368430143 4.653447099 -2.19
12.25510614 -0.7161218001 12.25510614 0.1596923028 18.28155809 7.498437838 3.806812124 -2.09
12.8951455 -4.50105206 12.8951455 0.03032407407 11.1299395 3.505670901 1.644166356 -1.98
13.51005202 -1.700095466 13.51005202 0.02708128622 18.17947912 6.944892747 3.64178153 -2.62
11.1987252 -1.299178918 11.1987252 0.4311320714 23.11009123 9.830039681 5.460302268 -4.06
14.04045033 -0.4765073897 14.04045033 0.07764333006 27.76466442 11.36671364 5.196485201 -1.79
13.65345871 0.01716147364 13.65345871 0.01716147364 23.65207226 10.26817581 4.706140042 -2.08
10.48804942 -0.0149463989 10.48804942 0.0149463989 17.756507 7.253427793 3.130582451 -3.32
5.668208219 0.199680435 5.668208219 0.199680435 17.86860051 6.99921875 3.039522017 -2.2
12.69394397 -0.5872489528 12.69394397 0.1559567715 18.08148549 7.372439918 3.35209399 -2.3
12.84186462 -0.7548528439 12.84186462 0.09304715713 21.44594671 8.509090909 3.509091563 -2.4
14.57305331 -4.793622837 14.57305331 0.06012192068 31.12209531 11.99174379 8.291905094 -2.41
13.18977268 -0.5514157452 13.18977268 0.08462252416 24.99702917 10.6562607 5.593728387 -3.11
13.41727546 -3.954917883 13.41727546 0.06266150295 26.39465119 11.15792215 5.664489387 -2.67
13.14878388 -4.312997766 13.14878388 0.2818678107 23.09920615 9.533850969 4.762720255 -2.66
5.330246914 0.1219135802 5.330246914 0.1219135802 5.58 2.798340611 4.58 0.58
13.84988852 -0.1330688472 13.84988852 0.06734272866 30.73799863 12.71335101 6.027592065 -2.9
11.08977403 -0.3714094388 11.08977403 0.3714094388 12.29032349 7.503643064 5.187888405 -1.78
12.88055264 0.06952572541 12.88055264 0.06952572541 15.4458658 7.207956557 3.309452098 -1.45
13.12193695 -0.1279801834 13.12193695 0.1087170718 20.44308636 8.497973163 3.804300213 -2.83
8.825 0.09027777778 8.825 0.09027777778 6.71627907 2.460285375 1.771224732 -0.4
13.41130228 -0.304860018 13.41130228 0.05026349871 18.94947099 7.555801143 3.925784253 -3.39
13.69110508 -0.8509005469 13.69110508 0.1729270417 26.41537158 13.04653149 6.693614977 -3.19
12.69086599 -3.500117416 12.69086599 0.3182952386 24.07203864 10.15191439 5.308581311 -2.64
12.04063901 -0.03364362386 12.04063901 0.03364362386 24.39633084 12.6542636 7.12482172 -3.73
13.08330326 -0.7665915533 13.08330326 0.1174277211 16.59997451 6.140911608 2.720690241 -2.86
13.32188243 -1.196226143 13.32188243 0.08019552574 22.34755844 7.805515381 3.635032623 -2.45
13.81350045 -0.2843353526 13.81350045 0.02868006796 18.5008473 7.279053518 3.869742657 -2.86
4.890222716 0.4479729437 4.890222716 0.4479729437 17.691147 7.213257143 3.424712906 -3.39
12.55615341 -4.777526993 12.55615341 0.2122888322 17.16839513 5.784342763 4.63746537 -2.19
13.05085879 -4.494095053 13.05085879 0.03857053624 28.5358193 11.33200186 7.132699248 -4.47
13.65733802 -1.017551561 13.65733802 0.1492916843 32.21880019 14.6548647 8.225514912 -4.7
13.83952787 -0.06852275916 13.83952787 0.06852275916 22.99770677 8.901700955 3.952541391 -4.43
13.40283532 -0.2039582432 13.40283532 0.1011531184 20.45254388 8.589138612 3.583043376 -3.45
6.126076945 0.4727069499 6.126076945 0.4727069499 21.26346855 10.36203685 5.545567575 -1.45
2.618373961 1.076315693 2.618373961 1.076315693 17.32738147 7.685685246 3.268989446 -2.78
13.59936492 0.1997003076 13.59936492 0.1997003076 22.20502975 9.716953236 4.557296262 -1.6
14.77491087 -4.434930318 14.77491087 0.2380669433 28.91606117 11.97646958 7.117059033 -3.08
12.25440157 -0.4050237407 12.25440157 0.3903853648 18.16721339 7.804322618 3.903964088 -2.21
14.08922595 -0.5144326342 14.08922595 0.02727135299 14.78299077 6.74722186 3.361948083 -2.14
14.44186368 -3.329171953 14.44186368 0.02152437286 25.26852717 10.83569042 5.863081068 -3.83
12.05127299 0.02793338477 12.05127299 0.02793338477 11.5353328 4.61118796 2.103671809 -2.55
13.88496282 -0.7966562736 13.88496282 0.06356995885 17.35864376 6.277833711 2.708581254 -3.06
11.31851671 -0.7515302579 11.31851671 0.4494928141 19.09188866 8.806944245 4.170829678 -1.68
12.11110745 -1.12147859 12.11110745 0.02360075036 25.72755944 10.0979554 4.746327482 -4.91
11.59485318 -0.5052595478 11.59485318 0.3951430238 29.96023506 14.05558082 9.007957242 -3.01
10.38670605 -0.7550405693 10.38670605 0.2009707545 15.8316333 8.673845052 5.833949889 -2.55
13.62568148 -0.9017338 13.62568148 0.07322649222 20.2608183 8.775890434 4.767291587 -2.02
13.43855927 -1.168501247 13.43855927 0.0888535216 25.04550133 10.68823564 4.98271998 -4.06
5.731028911 0.9324979529 5.731028911 0.9324979529 17.45364098 7.734364557 3.492555088 -2.96
12.85692554 0.02364904439 12.85692554 0.02364904439 18.03387032 7.342542313 3.194371221 -1.35
13.19731639 -1.187932847 13.19731639 0.1746188167 16.0231398 6.112570914 2.365945236 -3.47
9.734171863 0.432421291 9.734171863 0.432421291 12.03646119 4.926250716 2.029627017 -1.02
12.74877734 -0.6923952533 12.74877734 0.02870604646 23.27069495 9.642014955 4.968163372 -2.48
12.89147034 -3.571040824 12.89147034 0.3281693817 21.21858507 8.713409213 4.189891222 -2.64
12.62426665 -0.3740377962 12.62426665 0.04797965482 20.67345189 9.048949398 4.458459801 -3.59
6.164378193 0.2114274691 6.164378193 0.2114274691 13.69158659 4.923454247 2.189602152 -0.28
6.20829325 0.167777453 6.20829325 0.167777453 18.448688 7.682627155 3.330174306 -3.58
12.78104132 -3.494401115 12.78104132 0.01300134019 21.80039324 9.277346099 5.179407273 -1.9
10.96755874 -0.4518490174 10.96755874 0.4518490174 11.36524454 4.682872741 2.870987552 -1.71
12.53293934 -0.323422619 12.53293934 0.1025720864 12.6264027 4.197353881 1.526755908 -1.1
14.34929477 -0.5883970564 14.34929477 0.02047940031 20.48087883 7.926677155 3.697950516 -3.42
13.0905951 -0.9230749504 13.0905951 0.09418582556 22.62132256 11.36374328 6.211358543 -3.06
5.89470191 0.6648050517 5.89470191 0.6648050517 13.03433248 5.272510903 2.464764235 -2.66
13.36980897 -0.2721499433 13.36980897 0.2721499433 14.34144718 5.924010272 3.482872323 -2.07
5.858694807 0.3152414021 5.858694807 0.3152414021 13.05260571 5.204537995 2.266433578 -1.95
11.88246245 -0.04799999475 11.88246245 0.04799999475 15.49396194 6.790594456 3.508284024 -2.4
13.52641688 -0.296538919 13.52641688 0.08572816094 30.89648457 12.35121955 6.333568553 -3.11
11.00661663 -0.5418147151 11.00661663 0.1633269625 23.50288369 8.310383283 3.122305399 -3.38
5.859729247 -0.4472123016 5.859729247 0.1603616045 15.0244918 5.834158438 2.412557173 -2.53
15.13864856 -0.3716196572 15.13864856 0.0505787296 22.55671146 9.559699297 4.557788575 -3.23
4.703058806 0.9873738662 4.703058806 0.9873738662 13.28523421 5.775852492 2.675934954 -2.39
12.30155066 -0.03748018498 12.30155066 0.03748018498 20.03071998 9.492178223 4.827983757 -3.26
14.068452 -0.4751458031 14.068452 0.005330950281 19.53799363 8.015988556 3.734013717 -3.42
13.38321195 -4.435716993 13.38321195 0.008965241642 20.05616383 7.67423484 3.691118543 -2.87
14.15125208 -0.7601555457 14.15125208 0.01752579131 20.83057962 7.820076014 3.709010444 -3.05
13.6149909 -4.502168443 13.6149909 0.04642297364 24.98733524 9.496931464 4.593460625 -3.12
12.26152696 -3.129192507 12.26152696 0.2603745962 23.11825638 9.921191662 5.204324253 -2.64
13.62040833 -4.037910858 13.62040833 0.05397811678 26.30720465 11.10046035 6.149566304 -3.76
13.11506707 -4.611101279 13.11506707 0.02730375111 27.16802752 11.36903422 6.243815106 -4.41
12.39054444 -0.1693287037 12.39054444 0.1693287037 19.33179932 8.572716726 4.712282524 -2.99
9.973623325 0.2183474269 9.973623325 0.2183474269 17.35864376 6.922301946 3.214414246 -1.06
12.89941675 0.1644089056 12.89941675 0.1644089056 21.56512623 9.354456863 3.948829789 -2.96
12.85686483 -0.4745155673 12.85686483 0.1956289472 22.32844597 9.729766332 5.3120988 -3.87
2.277777778 0.9351851852 2.277777778 0.9351851852 6 3.2 2.25 0
5.858694807 0.3152414021 5.858694807 0.3152414021 13.05260571 5.204537995 2.266433578 -1.95
14.52093341 -0.5684414847 14.52093341 0.106292815 20.69820935 8.744945947 4.001196494 -3.19
14.02498984 -3.761691679 14.02498984 0.1261151468 35.73581857 17.67059067 12.28566666 -3.74
13.76436735 -3.176963806 13.76436735 0.04072006089 25.6700341 11.18982837 5.78252992 -1.97
3.342803997 1.106045918 3.342803997 1.106045918 7.61990903 3.586407119 1.587412161 -1.02
7.259314841 -0.3851154652 7.259314841 0.0365728668 23.85166285 8.366111001 2.944801347 -2.81
6.127096246 0.4143518519 6.127096246 0.4143518519 13.32467923 5.255925393 2.669225413 -0.11
12.54426671 -0.09510159465 12.54426671 0.09510159465 20.03071998 8.624598717 4.330942937 -3.26
14.04723264 -0.2521020895 14.04723264 0.2155289516 25.18656814 9.685001317 4.280997105 -4.8
13.64435854 0.06451903292 13.64435854 0.06451903292 18.78620978 7.55325141 3.339205256 -3.22
11.58046168 -0.1480577089 11.58046168 0.1480577089 17.03592063 7.458306926 3.580034058 -2.4
14.0136133 -3.792257608 14.0136133 0.0381135175 45.13600835 21.26326886 13.53007928 -5.57
13.62255872 -4.298206259 13.62255872 0.09110229017 27.85093709 11.11960434 5.640780568 -2.73
10.79749544 -2.277730804 10.79749544 0.1844359403 14.39593249 9.055059262 6.613079777 -2.2
12.52681351 -3.849019271 12.52681351 0.04789938475 19.81035353 8.095038424 4.242266572 -3.49
13.68306992 -1.045671441 13.68306992 0.1028081117 33.78625526 15.75762643 8.537505138 -5.1
6.465113132 -0.04176254781 6.465113132 0.04176254781 17.90597834 7.692458631 3.359851165 -2.16
13.47106882 -0.3843588755 13.47106882 0.04722887545 17.84991409 7.310944519 3.262617181 -3.22
10.03261696 -0.6523989677 10.03261696 0.2341057433 20.60369706 7.687711566 3.995168046 -2.29
12.97986201 -0.5391577585 12.97986201 0.1787790059 24.49317234 10.74796963 5.720137831 -3.63
14.13237324 -3.310015787 14.13237324 0.03404102074 31.84688363 13.48123931 8.264602105 -3.08
11.78103597 -0.8186613366 11.78103597 0.05500472411 19.24573475 7.391723717 3.619636222 -2.08
13.2866843 -3.827529053 13.2866843 0.1770322079 19.45154328 7.017303532 3.726218503 -2.31
12.86225372 -0.5973266251 12.86225372 0.07715670981 18.11958352 7.773308605 3.885120291 -4.26
9.396470144 -0.3646296296 9.396470144 0.07737937768 12.57707334 4.582936232 1.735721573 -2.45
12.49463798 -0.1774341511 12.49463798 0.1774341511 16.26456279 6.488088156 3.050713436 -2.6
13.2673624 -3.586724553 13.2673624 0.04776780726 24.33952899 9.949302041 4.963838006 -3.36
5.426666667 0.8292592593 5.426666667 0.8292592593 5.162450142 1.864622199 0.9971092571 -0.98
12.81033798 0.03932859569 12.81033798 0.03932859569 23.23249639 10.4346541 5.0292107 -3.18
13.23681572 -0.2760671244 13.23681572 0.2760671244 13.12879842 6.055172366 2.99196097 -1.87
14.43807391 -0.3588210581 14.43807391 0.06754650626 20.50921668 8.625013684 3.933554431 -3.39
13.23681572 -0.2760671244 13.23681572 0.2760671244 13.12879842 6.055172366 2.99196097 -1.87
13.768924 -5.426306869 13.768924 0.07696900939 29.05645634 10.75031523 5.564246402 -3.45
12.56861554 -3.686211768 12.56861554 0.1279665258 23.36127159 9.995096503 4.760701344 -1.8
13.16000884 0.02340748324 13.16000884 0.02340748324 20.92165664 7.985739428 3.669459771 -2.65
14.12737174 -4.6701887 14.12737174 0.005765847693 30.60266519 12.03240611 6.108473953 -4.85
6.836175559 -0.06580497508 6.836175559 0.06580497508 21.70193194 10.20776855 5.090792327 -2.13
12.86145646 -0.6837417328 12.86145646 0.08498467288 21.44594671 8.509090909 3.509091563 -2.4
15.04727929 -4.012892099 15.04727929 0.06908042538 24.63589012 9.436364593 4.968313129 -4.05
11.06041466 -0.7336135867 11.06041466 0.1259178387 23.73828828 10.67927737 5.737162461 -3.41
13.40502763 0.1325510577 13.40502763 0.1325510577 19.18679976 7.870336623 3.364710787 -3.52
12.61283188 -4.769121561 12.61283188 0.07462700512 23.05289376 9.996667558 6.680708848 -3.23
2.535648148 0.964533179 2.535648148 0.964533179 12.71900826 5.080078125 2.275555556 -2
10.76333382 -0.2141238627 10.76333382 0.1854696292 19.48241246 6.646429082 2.50494226 -2.82
13.77140408 -4.362141589 13.77140408 0.01994319358 29.80008155 11.89984332 5.968495958 -4.68
14.05998594 -1.457961696 14.05998594 0.01544028597 34.07060153 15.45865918 8.461290762 -4.81
10.63488284 -0.4562345679 10.63488284 0.4562345679 6.487694108 2.134222588 1.031576236 -1.22
13.2689354 -0.1088132506 13.2689354 0.03377141597 21.37502165 8.710956188 4.419623368 -3.86
12.93943972 -0.8989159856 12.93943972 0.05294357578 23.32787612 9.678156863 4.741633715 -3.42
13.89795618 -4.282800521 13.89795618 0.1015312375 33.94312702 15.86908478 9.053517415 -3.94
6.305498446 0.6258164951 6.305498446 0.6258164951 14.70624214 6.694370032 3.516121643 -1.22
13.16606334 -1.36716579 13.16606334 0.006808783699 30.66072254 9.606639963 4.166601113 -0.79
10.85785202 -0.8649372165 10.85785202 0.02681116785 24.17366317 11.44876197 5.74539936 -2.96
14.09515594 -0.967190423 14.09515594 0.217190423 19.13361885 7.44019431 3.455758775 -2.85
13.96845558 -3.686389545 13.96845558 0.1263675062 23.01351912 8.648138459 4.357752648 -2.16
12.2753673 -0.05876480269 12.2753673 0.05876480269 23.65207226 10.26817581 4.999616642 -3.08
12.36606448 -0.8099180964 12.36606448 0.1824649897 20.15048714 8.053964271 3.951596866 -2.77
12.76537156 -4.692768199 12.76537156 0.07992760093 20.85647277 7.137134219 3.067684913 -2.72
11.15494126 -0.5365305598 11.15494126 0.1975982945 26.73552722 9.933000271 3.887336462 -3.64
9.796074893 0.2436342593 9.796074893 0.2436342593 12.98596092 3.986483154 1.883312593 -1.02
13.02942445 -4.574561484 13.02942445 0.03407407407 12.83371475 4.157560705 1.986711609 -2.18
13.43021792 -0.8095147968 13.43021792 0.03813817767 23.69023171 9.200069793 4.242372569 -4.04
12.85758142 -0.2341126722 12.85758142 0.2341126722 18.02437275 9.066414232 5.615936966 -1.78
13.33342136 -0.7332664609 13.33342136 0.05972529289 19.17881185 6.439971855 2.552277967 -2.15
13.35115583 -4.545472344 13.35115583 0.1561950161 24.87404737 9.617687561 6.396594822 -2.76
13.07284723 -0.5818759708 13.07284723 0.5818759708 16.71817408 8.646591155 5.466633698 -1.13
12.45580784 -0.0714225689 12.45580784 0.0714225689 19.74335629 9.267007785 5.256087795 -1.01
12.50553073 -0.6302569392 12.50553073 0.04383763987 18.18917525 7.327650254 3.265642981 -3.61
11.44638889 -0.9504861111 11.44638889 0.431712963 8.219261811 2.548044286 1.031784201 -1.39
13.78433587 -0.2314612728 13.78433587 0.1379166667 13.31283483 4.928348398 1.86076225 -3.14
4.761476442 0.5295712868 4.761476442 0.5295712868 15.0244918 6.926890478 4.060537847 -1.53
14.66570718 -0.7244787018 14.66570718 0.1159766171 21.26922365 9.03213641 4.699277139 -2.97
12.84501078 -0.4244357071 12.84501078 0.1445123233 17.73884165 7.526593795 3.735800356 -2.66
14.27523787 -1.438345144 14.27523787 0.05954434571 20.46227789 8.137802597 3.498021488 -3.81
13.50534029 -0.8157095505 13.50534029 0.02713066489 27.21139457 12.61263768 6.347777745 -3.83
13.68339845 0.09553266986 13.68339845 0.09553266986 16.83651117 6.209216028 2.299675114 -2.08
13.4087141 -0.1599214491 13.4087141 0.1599214491 24.81763827 10.63277407 5.171183951 -1.86
12.41977702 -0.3103942126 12.41977702 0.1014551542 16.86307346 8.21709301 4.519208981 -2.98
12.89496751 -0.3383570046 12.89496751 0.2670208362 23.4708685 9.768701429 4.30827499 -3.27
6.173973486 0.6367427688 6.173973486 0.6367427688 55.70466343 30.27979861 16.99246784 -6.52
14.31992089 -1.111078169 14.31992089 0.009791763601 46.52488727 22.34491902 12.98113311 -6.54
12.08126039 0.1290041572 12.08126039 0.1290041572 13.02211995 5.956551483 3.29179374 -1.42
12.37241493 -0.2245514456 12.37241493 0.05570104302 20.35673721 8.839165432 3.773436803 -2.92
13.58499782 -0.9600213726 13.58499782 0.2579964875 21.76960714 8.96213091 4.429877393 -3.45
13.44169863 -1.163466932 13.44169863 0.07105574324 27.53213472 8.355563127 2.740483404 -3.28
6.101339419 0.2086848073 6.101339419 0.2086848073 16.37221291 5.708216565 2.40399426 -1.59
13.81870809 -0.8310280192 13.81870809 0.09038655045 22.79970374 7.075805327 2.472397938 -2.15
13.42805445 -0.12388965 13.42805445 0.12388965 12.36822064 4.78164517 2.282448184 -1.67
13.5579507 -0.01169019743 13.5579507 0.01169019743 21.16177168 9.838972519 4.885291835 -3.7
5.108024691 -0.06944444444 5.108024691 0.06944444444 5.25 2.485294118 10.53 1.25
12.89293115 0.01097222222 12.89293115 0.01097222222 15.13824487 6.552524494 3.527359905 -0.77
12.42217543 -0.1418584131 12.42217543 0.03633864065 15.74419066 6.542255527 3.274916747 -3.14
15.34697525 -1.740287529 15.34697525 0.0004365595524 85.20225317 42.48164566 26.12948183 -12.05
12.34901684 -0.1010284565 12.34901684 0.1010284565 20.63504751 9.91699336 5.289774028 -2.63
12.44587103 -4.917215245 12.44587103 0.2812242165 23.11009123 9.830039681 5.460302268 -2.06
14.00304726 -1.07484224 14.00304726 0.02364711745 31.58271402 14.70201649 8.144411914 -4.35
14.39399835 -4.866181255 14.39399835 0.1727090466 34.21770537 14.18579471 8.336291983 -5.66
12.16074452 -0.2444236584 12.16074452 0.1076242441 11.93394782 4.327601107 1.740421267 -1.85
12.91630561 -4.503621467 12.91630561 0.2829947906 16.2593674 6.253646848 3.152918354 -3.22
13.66623754 -0.3399893649 13.66623754 0.1220674627 24.11024031 10.98374843 5.974540588 -2.6
13.87259131 -1.202507345 13.87259131 0.07944293884 19.61884796 8.355568658 4.187124509 -2.69
12.1626429 -3.699203453 12.1626429 0.1043626379 26.91861691 13.39453516 9.589879985 -2.33
13.08330326 -0.7665915533 13.08330326 0.1174277211 16.59997451 6.140911608 2.720690241 -2.86
13.82145075 -1.142670781 13.82145075 0.2568989401 22.68 10.85782272 6.00747597 -3
13.33818353 0.02597505669 13.33818353 0.02597505669 18.7299216 7.51891982 3.425518375 -3.28
13.50399243 -4.06395769 13.50399243 0.0426593236 25.33642201 10.46810963 5.71848668 -3.76
12.80625843 -0.5881943173 12.80625843 0.0400287904 22.74846348 10.39501916 5.604501115 -3.93
13.03798214 -4.392473317 13.03798214 0.07336628472 28.24458296 12.76272621 8.366879988 -4.33
4.863652998 0.7443063429 4.863652998 0.7443063429 17.49164971 8.183790283 4.436577778 -2.92
6.043854849 0.361406788 6.043854849 0.361406788 14.34200367 6.444981258 3.734482428 -2.6
12.81249694 -4.399697315 12.81249694 0.2598231713 23.56424437 9.341230681 4.988856437 -3.59
13.84070721 -0.2642402315 13.84070721 0.0584524072 23.27947709 9.729667068 4.457436242 -4.13
6.339736748 -0.103460675 6.339736748 0.103460675 17.84991409 7.656731928 3.721770404 -3.22
14.50135249 -0.9855882044 14.50135249 0.1663288948 19.74335629 7.92876201 4.291815776 -4.01
11.71753086 -4.165717593 11.71753086 0.03900226757 13.88321113 4.988624042 3.147096085 -1.18
4.857522361 0.8017680455 4.857522361 0.8017680455 15.03096052 6.231000858 2.601172297 -3.26
5.413134842 0.967834887 5.413134842 0.967834887 15.10942294 6.973167844 3.50393586 -1.8
12.788437 -0.9471317363 12.788437 0.1332513085 21.13663065 9.755142674 5.484208518 -3.58
5.907294501 0.363722637 5.907294501 0.363722637 17.46314264 8.623381092 4.231808535 -1.95
14.08699322 -1.224438376 14.08699322 0.06401300843 32.89968285 15.20248526 8.619082194 -5.48
6.125195263 0.4014510897 6.125195263 0.4014510897 13.32467923 5.255925393 2.669225413 -0.11
4.339897569 0.7690725519 4.339897569 0.7690725519 13.98787351 6.204845199 3.378744466 -1.97
12.61426935 0.06920993719 12.61426935 0.06920993719 20.21061666 9.107848038 4.473123593 -2.53
12.92891551 -0.308927487 12.92891551 0.08575252202 18.86846226 9.150580126 5.291708191 -1.91
12.57906275 -0.6735640808 12.57906275 0.09056382715 22.73357437 10.44413691 5.664960098 -2.45
6.40834748 0.620622426 6.40834748 0.620622426 23.53330219 10.25060658 4.753853951 -2.86
13.55881786 -4.716809571 13.55881786 0.1169113757 19.5997035 6.963530745 3.77395953 -2.71
12.08581848 -0.8962435887 12.08581848 0.163735157 24.31887045 11.07687999 6.008368409 -3.81
12.73486325 -1.014512821 12.73486325 0.01160369358 19.1696281 8.861538462 4.976956665 -3.6
12.21410732 -0.1626371173 12.21410732 0.1626371173 18.48177204 8.009974145 3.467222222 -2.88
13.95148488 -0.8212153921 13.95148488 0.2117275357 19.51356727 8.287172346 3.870197224 -2.8
12.07573222 -0.09012664827 12.07573222 0.09012664827 18.00530517 8.102901425 3.818583506 -3.38
12.38335127 0.2901112612 12.38335127 0.2901112612 19.19793122 9.378892154 4.824599561 -2.13
4.613029494 0.8549015023 4.613029494 0.8549015023 16.32359416 7.039857226 3.059308446 -2.86
12.59676305 -3.383618693 12.59676305 0.07281395437 23.35647009 10.47773644 5.647031079 -1.39
12.23725198 0.14694161 12.23725198 0.14694161 14.85073751 7.290405124 3.96991831 -1.55
14.40623225 -2.55257795 14.40623225 0.4019082173 45.4343417 16.84111473 8.119974772 -9.59
13.49440493 -4.549656903 13.49440493 0.1320153156 26.5817081 9.939163552 4.898472893 -3.02
11.51250202 -0.1496075168 11.51250202 0.05220189108 20.21653327 8.808706949 4.337312337 -3.7
13.7159881 -0.9046014818 13.7159881 0.01955577916 27.02474877 11.00310449 7.213796297 -2.57
14.24464934 -0.8301709866 14.24464934 0.0995623273 27.32815478 10.95436955 6.788655945 -2.71
14.44804074 -4.191322607 14.44804074 0.01020513702 31.83709827 14.38941823 8.483725575 -4.09
13.7101967 -4.054814017 13.7101967 0.06193580049 28.76004154 12.74204438 7.450611278 -3.24
12.4662431 -1.060714758 12.4662431 0.0497425359 17.19696047 5.548801305 2.259566174 -1.92
2.710972222 0.8111574074 2.710972222 0.8111574074 12.12578055 5.830670029 2.665420531 -0.34
13.43183731 -3.115882111 13.43183731 0.09424790317 32.84495283 14.77753466 7.717855781 -5.08
6.104906207 0.5868005559 6.104906207 0.5868005559 17.32065477 7.258126103 3.574511598 -1.1
8.88256592 0.6646288943 8.88256592 0.6646288943 16.68520527 7.228586438 3.584941624 -2.77
11.08262895 -0.4994476287 11.08262895 0.3639204591 18.1957952 8.231177654 4.377414641 -3.18
11.52441913 -0.8432277708 11.52441913 0.03462376527 25.23883476 11.75260575 6.46622352 -4.42
13.58280893 -0.6774241422 13.58280893 0.1099605642 28.43161316 13.9717941 8.177858113 -3.14
6.244276336 0.5676027232 6.244276336 0.5676027232 16.4485306 6.70700662 3.247477162 -2.02
12.24037685 -0.0849581324 12.24037685 0.0849581324 19.80173995 9.308517414 5.064603891 -1.95
9.425345353 0.6103974791 9.425345353 0.6103974791 15.17491097 6.628798903 2.766033649 -2.37
13.43070444 -4.720178254 13.43070444 0.2001396457 20.72704082 8.566329566 5.29 -3
2.240740741 1.391759259 2.240740741 1.391759259 7.32845987 2.451790186 1.205837157 -0.78
12.91077776 -0.8729024705 12.91077776 0.00363257358 22.07315291 12.2802077 8.550531909 -3.22
13.13328699 -0.01543376865 13.13328699 0.01543376865 19.64756674 9.225203829 4.507440519 -2.66
13.72441107 -3.999782803 13.72441107 0.07667139042 31.0963164 12.33933805 7.061690976 -4.34
7.489957257 0.03297487546 7.489957257 0.03297487546 13.77896585 5.100502733 2.530372227 -2.86
12.83261548 -4.536831578 12.83261548 0.0054180839 13.45163288 4.950301923 2.888047961 -1.98
6.022769556 0.5565041572 6.022769556 0.5565041572 12.90440711 4.884859922 1.973200476 -1.8
13.32086844 -3.125086668 13.32086844 0.02727680939 30.81556741 13.34352522 7.111972963 -4.63
13.69046666 -0.4873124528 13.69046666 0.1904709152 21.47437896 9.242183323 3.957070416 -3.37
13.11495297 -0.5082464947 13.11495297 0.0003444228521 20.86553365 8.769999831 4.365103667 -4.39
5.243991875 0.5457898715 5.243991875 0.5457898715 9.781107035 4.215151388 1.947340636 -2.42
5.932895405 0.4739562083 5.932895405 0.4739562083 16.17429617 6.89739519 3.405751768 -2.31
13.37012653 -4.850865109 13.37012653 0.1561296245 21.73109407 6.274333386 3.058264924 -2.49
13.77877929 -0.5023474637 13.77877929 0.133917706 13.05260571 6.002607105 3.330911935 -2.95
11.55057209 -3.904608844 11.55057209 0.09796296296 12.11122507 4.27011031 2.53919297 -1.96
13.44358297 -0.8997278914 13.44358297 0.1216795046 30.91772787 14.23389394 8.733374666 -4.03
12.92950725 -0.1428006249 12.92950725 0.1428006249 24.54982724 11.28164917 6.354664605 -4.14
5.28180319 0.5872673013 5.28180319 0.5872673013 16.91263794 6.998787197 3.146642191 -2.53
12.62730509 -0.9136005336 12.62730509 0.04952358239 28.99338889 12.63834557 6.776613656 -4.1
13.84430133 -1.111312476 13.84430133 0.05919637608 20.47130651 6.827631181 2.684107395 -1.9
12.62054722 -4.365828773 12.62054722 0.004827120567 22.66602732 9.540080101 5.839305788 -3.52
13.15149269 -0.6759034678 13.15149269 0.1249335432 23.07063271 9.890392888 4.777105166 -3.69
11.70801557 -0.5435686728 11.70801557 0.1071352639 17.51101903 7.715639604 4.405415697 -2.31
10.81163835 -0.8567454032 10.81163835 0.01551411663 22.57242864 10.78004769 5.522878339 -2.11
4.888259637 0.4594444444 4.888259637 0.4594444444 6.901238303 2.689337151 1.048054604 -1.78
2.433052721 1.234456412 2.433052721 1.234456412 13.24587615 8.345660859 5.915919136 -0.82
11.26962664 -0.3265483277 11.26962664 0.3265483277 13.54459948 7.704499166 5.943192913 -1.52
12.5881186 0.07992206465 12.5881186 0.07992206465 21.84664412 10.29325642 5.464882871 -2.37
13.25454554 -0.7220794491 13.25454554 0.09026990426 16.61116209 5.477773883 1.914640927 -3.55
6.034674093 0.7242685152 6.034674093 0.7242685152 14.48960803 6.185535281 3.162761593 -2.1
13.14709587 -4.590553051 13.14709587 0.07437538688 23.46758004 9.661077191 4.95021318 -3.69
13.63205205 -0.1136201132 13.63205205 0.1136201132 23.62345524 10.24949333 4.964220298 -4.11
5.556811743 0.5716075103 5.556811743 0.5716075103 21.48385697 10.05847191 5.180097767 -3.36
13.3284617 -4.893864058 13.3284617 0.3988416478 20.03071998 5.664057874 2.192848671 -3.26
11.54854612 -0.8256420441 11.54854612 0.420228647 20.23983471 10.15584537 7.561728395 -1.5
5.979496882 0.4407794785 5.979496882 0.4407794785 13.52977931 7.516146271 4.406909764 -0.9
5.862110497 0.1149649366 5.862110497 0.1149649366 15.24075628 7.073640694 3.447739091 -2.3
13.77200355 -0.8602417171 13.77200355 0.1254030089 32.56312264 15.32665976 9.025370402 -3.95
12.09894747 -0.08409958428 12.09894747 0.08409958428 12.59607179 4.594064459 2.246515976 -1.43
12.33447665 -0.09052918781 12.33447665 0.09052918781 19.39875451 9.522070382 5.12032307 -2.92
12.21526764 -0.1412738961 12.21526764 0.1412738961 11.95236375 3.845035708 1.421184125 -1.83
14.29680788 -0.2996133152 14.29680788 0.2996133152 17.756507 7.253427793 3.231270236 -3.32
12.56701912 -0.02977848358 12.56701912 0.02977848358 17.73884165 7.924337649 3.879915303 -2.66
11.40638889 -1.061597222 11.40638889 0.3972685185 9.696132644 3.159682518 1.298668957 -1.39
11.00490803 -0.2158170351 11.00490803 0.1353487596 21.77201462 7.62227376 2.711215786 -3.28
12.95909191 -0.1573362888 12.95909191 0.1573362888 21.58813443 9.709951756 4.481948094 -3.25
6.371589506 0.08432917611 6.371589506 0.08432917611 14.42822248 6.503797115 3.393769953 -1.51
5.903906253 0.1960409056 5.903906253 0.1960409056 17.05732045 7.156506717 3.55089307 -4.07
12.64698015 -4.380864134 12.64698015 0.3915959474 20.78553519 8.604674029 5.536618313 -2.94
6.191919797 -0.04912123134 6.191919797 0.04912123134 22.64088114 9.844659932 5.164620782 -2.04
15.29874929 -4.129317762 15.29874929 0.02949135154 25.82345152 9.492935261 4.750580081 -3.81
5.684218466 0.8482759167 5.684218466 0.8482759167 13.37350248 6.760871551 4.314556907 -1.06
4.557854009 0.7707235461 4.557854009 0.7707235461 15.96648331 7.150647226 3.443588765 -1.53
2.201388889 1.209166667 2.201388889 1.209166667 6.341654501 3.285913486 1.883546785 -0.78
13.50836396 0.06403812593 13.50836396 0.06403812593 20.64151273 7.02953036 2.654493669 -2.53
13.30560366 -3.10381522 13.30560366 0.1039239344 29.35572586 12.79711301 6.832921621 -4.14
5.330127738 0.4341037257 5.330127738 0.4341037257 21.52777778 8.652263374 3.768626823 -2
12.81972215 -4.359651793 12.81972215 0.2180689405 17.01695 6.712359967 3.59461186 -3.42
12.66268365 -1.084944149 12.66268365 0.06446881093 19.31542501 8.493058612 4.631696062 -3.45
12.22116418 -0.3517620937 12.22116418 0.3217592593 14.26539035 5.602446757 2.274200113 -1.68
13.97310485 -0.6112751102 13.97310485 0.04179027513 19.36403415 8.090107117 4.118270868 -3.4
9.923691153 0.1857599435 9.923691153 0.1857599435 21.18541115 10.8624927 5.971852669 -2.53
13.58818353 -3.571523762 13.58818353 0.2945193479 20.15048714 7.730090011 3.723328887 -2.77
11.77687469 -0.6414676503 11.77687469 0.1161817194 24.46218473 9.754142236 6.908556056 -2.18
11.56463754 -0.3182467772 11.56463754 0.1707291044 24.30918871 11.07021917 6.198688002 -3.82
12.66920891 -0.7102829294 12.66920891 0.1266293614 20.03071998 8.624598717 4.506001261 -4.26
12.51124053 0.05225347709 12.51124053 0.05225347709 24.54026583 12.19802301 6.33916828 -3.15
4.857288045 0.8096012325 4.857288045 0.8096012325 15.9532335 6.475413264 2.933961464 -3.26
14.27413795 -0.4141725718 14.27413795 0.197688755 17.60782577 7.781393026 4.253894294 -2.21
5.893577416 0.3024015023 5.893577416 0.3024015023 13.02404091 5.563502882 2.785575667 -1.98
13.7101967 -4.054814017 13.7101967 0.06193580049 28.76004154 12.74204438 7.450611278 -3.24
6.09031494 0.6166720909 6.09031494 0.6166720909 20.25931433 9.635393183 5.756646786 -0.48
12.40082553 0.1543689636 12.40082553 0.1543689636 18.01815141 6.783567775 2.734789103 -2.04
14.03019575 -1.02703625 14.03019575 0.08855940192 28.97430044 12.62588938 6.290079821 -5.12
2.143518519 1.236111111 2.143518519 1.236111111 4.35 3.35 2.35 0.35
12.45810306 -0.3780445632 12.45810306 0.1558369294 19.45615579 8.249939094 4.251385152 -3.86
12.54710459 -3.917687547 12.54710459 0.07682114512 13.90653287 4.747275076 2.258530118 -2.055064935
11.68120748 -1.051666667 11.68120748 0.4146296296 11.68347539 4.420021061 2.004730996 -1.39
13.49385215 -4.080293017 13.49385215 0.002590722469 25.95754201 10.09356748 5.19065005 -3.12
13.61770906 -0.5343647161 13.61770906 0.1346924142 19.02589903 7.972369539 4.077727553 -2.31
11.61032764 -0.4635527498 11.61032764 0.01365153429 23.23257922 10.3951612 5.429311816 -3.52
14.88671778 -0.7037262547 14.88671778 0.02784163202 25.55956142 11.470307 5.989373109 -3.53
11.39009157 -3.637052089 11.39009157 0.1552307193 19.38918862 8.206566451 4.381860428 -1.93
13.29204467 -0.9951531482 13.29204467 0.07576769789 20.47363798 9.290559986 5.856028746 -3.26
6.017291307 0.5139331381 6.017291307 0.5139331381 14.65834902 5.940202905 2.698027082 -2.92
13.52132727 -4.098861489 13.52132727 0.07278882695 26.73967074 11.25217415 6.632672412 -2.86
11.11321543 0.4486302728 11.11321543 0.4486302728 21.37502165 9.964619695 4.904308144 -2.86
10.96857124 -0.8193413636 10.96857124 0.07083384575 19.26485819 8.126207151 4.194095858 -3.06
13.98601017 -0.4871538813 13.98601017 0.4321257814 17.94336278 7.716306457 3.486444686 -2.12
11.5965825 -0.9267282825 11.5965825 0.3317638705 23.06152681 11.13473691 6.198234386 -3.61
5.816498167 0.8714494883 5.816498167 0.8714494883 20.78553519 12.50498069 7.972459818 -1.94
14.12488339 -4.729667199 14.12488339 0.1046120717 21.86542545 8.717505318 5.530978519 -1.43
5.597470868 0.5947134826 5.597470868 0.5947134826 8.430153691 3.062964399 1.368212991 -1.88
13.50984959 -4.821631957 13.50984959 0.01630754361 28.1070603 11.45250393 7.571811036 -1.91
6.134481635 0.21090513 6.134481635 0.21090513 16.34213294 6.713165206 3.06563952 -2.84
13.46829192 -3.44256438 13.46829192 0.07749103189 25.47223576 10.97085003 6.336751695 -2.62
11.37715114 -0.9393690071 11.37715114 0.3397562719 20.87514034 8.776213303 4.390887239 -3.38
14.20863162 -4.246934469 14.20863162 0.004407875741 32.11378805 13.37101415 7.493302168 -3.29
13.89584955 -0.230690139 13.89584955 0.1989738692 26.08271685 11.14180839 5.09923498 -3.16
13.21694566 -3.106620679 13.21694566 0.05666458913 25.54542157 10.71404949 5.150566067 -4.1
13.84713312 -1.037493032 13.84713312 0.01637387671 19.13122163 6.358333883 2.333715145 -2.37
7.84633525 0.08368085057 7.84633525 0.08368085057 24.80807056 10.24455225 5.167520536 -3.87
11.1288799 -0.4906523442 11.1288799 0.364974402 19.36403415 8.090107117 5.535409922 -2.4
14.99998575 -1.276260996 14.99998575 0.01806766971 25.79468173 10.13906264 4.769672485 -2.84
14.03343911 -1.087731205 14.03343911 0.06138002927 26.00570287 9.289369821 3.903354981 -3.62
14.45685215 -3.356959643 14.45685215 0.01770788943 24.14462659 10.51458286 5.385346038 -4.99
11.84663062 0.07133670387 11.84663062 0.07133670387 14.63021447 5.598785109 2.803690932 -2.95
2.274907407 1.305815854 2.274907407 1.305815854 9.665769171 3.575452538 1.391914923 -2.34
13.62983211 -0.2656850422 13.62983211 0.02715933904 21.69258462 8.912944394 4.566395647 -2.53
13.75679653 -0.4079837491 13.75679653 0.004106539871 23.30329509 10.83883371 5.934476119 -2.86
13.28945673 -0.4244850718 13.28945673 0.04207577475 17.31115842 7.252060684 3.439587052 -3.11
13.55624302 -0.3730889779 13.55624302 0.09741036968 22.85164689 9.37831218 4.56501788 -3.92
13.19117928 -3.824172153 13.19117928 0.0398131334 25.80220087 10.77022555 5.745826658 -3.28
5.521917289 0.9033514266 5.521917289 0.9033514266 20.57534959 9.442468524 4.478348516 -3.32
11.07218059 -0.4438266575 11.07218059 0.4438266575 17.70465721 8.830695193 5.193736755 -3.11
13.27313533 -0.04330352653 13.27313533 0.03393303317 20.78329746 8.442888329 3.589709776 -3.1
13.17296079 -0.9602007708 13.17296079 0.3042927838 20.8078987 8.732747792 4.512362555 -3.45
8.836413583 0.09269999434 8.836413583 0.09269999434 12.56757486 5.670687268 2.60102772 -2.46
13.10979179 -0.8080788128 13.10979179 0.05740241722 21.52896018 9.622029666 5.141224635 -2.7
12.57834165 -4.403473701 12.57834165 0.03514779616 23.40410032 10.36744417 6.617982879 -3.26
4.671476934 0.6785331895 4.671476934 0.6785331895 16.83680293 8.179269865 4.325534698 -1.61
10.32826656 -0.06379540922 10.32826656 0.05885173113 29.01247813 13.05612458 6.784549473 -4.08
10.64406217 -1.049611415 10.64406217 0.3691963852 27.62987777 13.4114296 7.339108478 -3.4
6.485668906 -0.13564209 6.485668906 0.13564209 16.15683341 6.288768331 2.714341731 -3.04
13.5758446 -0.8810920834 13.5758446 0.117449347 24.26613346 9.62804687 6.807476601 -2.38
14.41424445 -0.6964918828 14.41424445 0.04899181618 29.61853436 13.33051637 8.082547926 -2.36
13.23938559 -3.872534762 13.23938559 0.07963646647 23.31599427 8.648957288 5.112684323 -2.35
14.66267257 -2.962377117 14.66267257 0.006763379735 20.00196844 7.513203028 3.532337987 -3.29
14.87797072 -4.032356149 14.87797072 0.0334774538 26.77898702 11.74187717 6.651007581 -2.82
12.90890976 -0.03929988662 12.90890976 0.03929988662 17.18773834 7.173357956 3.369023308 -2.24
6.268454605 0.1767257781 6.268454605 0.1767257781 19.2422443 7.594432 3.479139108 -3.46
13.96173327 -4.670688508 13.96173327 0.01087021871 22.31880461 8.931891717 4.815348028 -3.88
11.02664949 -0.8440545084 11.02664949 0.4860075994 16.922119 6.654425587 3.29665435 -1.52
10.95023206 -0.722932091 10.95023206 0.7071564215 18.48177204 8.009974145 4.344489327 -1.88
12.46754204 -0.1675377929 12.46754204 0.1675377929 15.30162628 6.256729157 2.979437546 -2.6
10.65730648 -0.4286385938 10.65730648 0.4286385938 20.452682 9.788325642 4.835094054 -2.82
14.37164698 -0.4716404478 14.37164698 0.1393206202 15.65514288 5.894711274 2.547154723 -2.86
15.73899529 -0.6579199459 15.73899529 0.2247907875 25.28923158 9.744953837 4.104187731 -3.69
13.15168417 -0.9466540953 13.15168417 0.03124766614 21.14947262 7.180803543 2.759346504 -2.16
13.16814037 -3.633511093 13.16814037 0.07312219338 23.41925511 10.46239716 5.609288689 -2.74
12.38635129 -0.06513088967 12.38635129 0.03362390059 23.08015693 10.71546428 5.03796039 -2.68
11.77161902 0.002863504976 11.77161902 0.002863504976 19.88646665 8.982021737 4.371366785 -3.05
4.130412887 0.7839550265 4.130412887 0.7839550265 9.656882573 4.557591121 2.322944774 -0.89
11.38909136 -0.9768932721 11.38909136 0.284167096 22.5502561 9.877602795 4.90870238 -3.64
12.01575696 0.04938768974 12.01575696 0.04938768974 20.41517742 10.28607999 5.825987669 -1.32
17.42311086 -2.158119903 17.42311086 0.04929807571 25.07952522 8.139256111 3.049020228 -2.22
12.39764633 -0.2442589257 12.39764633 0.2442589257 16.91263794 7.377339589 3.676071154 -2.53
6.074271699 0.142962963 6.074271699 0.142962963 13.7043397 5.05748455 2.127743777 -2.94
9.853784329 -0.1189216427 9.853784329 0.1189216427 14.9487415 5.897404161 3.357829942 -0.45
17.61149689 -2.18760601 17.61149689 0.02356193975 31.73429931 11.11041304 4.445841712 -2.85
14.41407758 -0.3914687526 14.41407758 0.1284892159 17.65324888 6.1533379 2.709331301 -2.75
13.76485119 -3.545787718 13.76485119 0.08278408371 22.86116515 8.390041046 3.862345393 -2.91
13.22051771 0.1531481481 13.22051771 0.1531481481 17.16902441 6.585141549 2.910747584 -2.95
6.588261174 -0.1792978827 6.588261174 0.1792978827 18.94616315 9.206884254 4.4655572 -1.83
12.87735028 -0.04695622239 12.87735028 0.04695622239 23.39026248 11.38668735 6.177896565 -2.77
11.89121986 -0.8670977366 11.89121986 0.01212576005 25.76710448 12.56750091 7.877681818 -2.85
15.08088012 -0.7254395263 15.08088012 0.04913506587 22.72793332 8.952864962 4.249732557 -3.05
13.95173643 -0.5307870563 13.95173643 0.005223240531 18.63544197 8.033672117 3.822374496 -2.15
12.77924701 -1.082183733 12.77924701 0.01623362852 21.77109408 8.832831701 5.362842426 -3.93
11.01350546 -0.742840638 11.01350546 0.1166107985 22.14529688 10.04050249 5.218158564 -3.06
5.752582162 0.6822534818 5.752582162 0.6822534818 16.37188209 9.106508876 5.78 -2
6.496128506 -0.1670566421 6.496128506 0.1217607856 17.71981865 7.514323851 3.43834197 -1.68
11.12041922 -0.4749629157 11.12041922 0.2277128574 24.87549142 9.157741961 3.46691184 -3.68
11.74459294 -0.2813867817 11.74459294 0.2813867817 15.87001315 5.836411933 2.384028826 -1.35
12.4662431 -1.060714758 12.4662431 0.0497425359 17.19696047 5.548801305 2.259566174 -1.92
13.47418678 -4.575108287 13.47418678 0.05297916929 21.31731012 7.646359731 4.021690413 -2.92
13.14111672 -0.2182625072 13.14111672 0.05870522592 14.35847635 6.101656185 2.850518462 -2.24
5.976617581 0.8040439808 5.976617581 0.8040439808 15.03388953 6.536922605 3.237439396 -1.52
8.422781951 0.3671875 8.422781951 0.3671875 8.96 7.96 7.96 -0.04
13.46041699 -3.53555803 13.46041699 0.1100264944 23.68993658 9.804070466 5.21585475 -2.46
12.96587759 -0.3006929041 12.96587759 0.09390683292 16.27827655 6.964461248 3.446102482 -2.2
12.75557825 -0.3761419676 12.75557825 0.196147221 19.51917086 8.359539204 3.699052805 -2.44
10.86455341 -1.439218107 10.86455341 0.06378600823 10.90794232 4.364544959 2.907008836 -2.17
6.163426118 0.2901774691 6.163426118 0.2901774691 12.73862176 4.378233643 1.782000638 -0.28
13.46560469 -0.8180132748 13.46560469 0.02034276056 22.10629299 7.939118531 2.999041167 -3.12
13.04703048 -0.471895668 13.04703048 0.1590550726 18.69771404 6.991093608 2.76100778 -3.05
12.34802436 -3.453317128 12.34802436 0.3012005008 26.46450087 11.52573429 7.428918575 -2.14
13.89246113 -0.4044008764 13.89246113 0.05537226219 20.58083233 9.866687927 5.218331397 -2.15
12.6088515 -4.044837503 12.6088515 0.1057894645 25.5789689 11.04184702 6.385166477 -2.51
13.53720289 -0.04737397119 13.53720289 0.04737397119 17.78452474 7.270666769 3.139726393 -3.29
13.89192686 -3.749413211 13.89192686 0.007002781205 26.86997391 11.98668992 6.637645925 -2.72
13.15907555 -0.05767664233 13.15907555 0.04049652925 25.32504029 10.20325724 5.067860932 -4.33
15.4460162 -3.775391343 15.4460162 0.0736930855 31.70662122 12.72189201 6.414421633 -4.71
13.54390649 -0.08304258591 13.54390649 0.02410612863 20.75987638 9.106420927 4.648002045 -3.5
13.83890051 -3.434211304 13.83890051 0.06584464028 24.37148509 8.806815309 4.104031837 -4.97
13.80630412 -4.118491681 13.80630412 0.02297387158 31.01548974 13.82231955 7.468733378 -3.93
13.21820703 -0.2648849376 13.21820703 0.1388088654 29.89142121 13.22803893 6.387989788 -5.16
13.28190928 -1.08812651 13.28190928 0.2475633938 22.49420583 10.72357599 5.917223966 -3.19
11.35657456 -0.7528574184 11.35657456 0.4509742956 20.06455132 9.495927553 4.784875986 -1.68
16.0448664 -0.7635806668 16.0448664 0.1040340655 21.9486354 8.165829677 3.668111614 -3.87
13.37780222 -0.3341314091 13.37780222 0.1288253116 22.51867391 9.922685869 4.83951634 -4.27
9.953219955 -0.02585648148 9.953219955 0.02585648148 13.64839319 5.025306122 2.0808 -2
12.86595162 -4.30602281 12.86595162 0.01368402164 25.65086065 10.78166236 5.795197595 -2.99
14.46372188 -3.160354256 14.46372188 0.2469446369 19.26485819 7.752123111 4.348164501 -3.06
6.117628417 0.7260817353 6.117628417 0.7260817353 15.46667927 7.227753111 3.719379478 -1.06
12.82162949 -1.328572944 12.82162949 0.07225954598 25.02119089 9.329140944 5.651375835 -3.61
13.93546749 -0.5731454318 13.93546749 0.1273891146 21.06576802 7.031980292 2.336948595 -3.06
10.05748014 0.07994084362 10.05748014 0.07994084362 14.61033864 6.203412812 2.991669018 -1.32
12.24692052 -0.3050896193 12.24692052 0.3050896193 19.15013497 8.881427605 5.207456022 -3.18
11.00536038 -3.201228175 11.00536038 0.2143209386 16.35137575 6.939614432 4.272788479 -2.51
11.97973628 -0.2384379517 11.97973628 0.2384379517 18.81576799 9.107848038 4.473123593 -2.53
13.37248603 -4.501402958 13.37248603 0.02436796632 24.22692904 9.602888201 6.086649993 -2.42
11.54527659 -0.6892300435 11.54527659 0.118831677 19.99238513 8.599461962 4.189417214 -2.3
14.82965106 -1.441548943 14.82965106 0.0004922374125 82.56392792 42.840478 28.53848221 -9.86
11.32592706 -0.5698691423 11.32592706 0.2826847381 21.88516798 10.32021647 5.883265584 -4.33
13.15788893 -3.990174826 13.15788893 0.03903604778 26.89040902 11.07017214 5.867716876 -4.16
13.28384854 -0.9593848787 13.28384854 0.009917852633 22.26641658 8.472409879 3.602450879 -2.21
12.88836768 -4.355828608 12.88836768 0.2383754466 23.95109144 10.82457877 6.228703116 -3.19
14.03533305 -4.657447851 14.03533305 0.03490736389 28.88275778 10.02490639 4.626138677 -3.63
10.80685248 -0.9867760342 10.80685248 0.04843288199 26.79036655 9.596464762 3.607994287 -2.81
4.853285718 0.2188053924 4.853285718 0.2188053924 17.68181154 7.207524619 3.762669031 -2.4
13.32963045 -3.754415785 13.32963045 0.1283266671 19.48152954 7.648600823 3.396094315 -3.48
13.45739049 -0.5130925924 13.45739049 0.03684885991 20.51985862 8.947049684 4.252444861 -3.75
14.15131463 -4.145017085 14.15131463 0.01117363654 38.15676813 17.83999753 10.18990447 -4.65
12.37529429 -2.912601096 12.37529429 0.001705868398 25.11434641 10.82580581 5.405198449 -4.55
13.72786498 -0.2448746142 13.72786498 0.2448746142 20.09425863 8.103943375 3.593920878 -3.54
12.03128988 0.04923320373 12.03128988 0.04923320373 20.89678778 8.513187653 3.840166186 -2.98
11.19085505 -0.9718402699 11.19085505 0.1407239772 27.6493483 12.44262474 6.728831453 -3.38
12.08759184 -0.2288334736 12.08759184 0.2288334736 19.7720436 8.455365035 3.966973023 -2.53
12.82392765 0.02888792541 12.82392765 0.02888792541 18.87066761 7.28380134 3.502784916 -2.13
12.14951327 -0.5193192335 12.14951327 0.04930345337 21.81992679 9.747791488 6.562609188 -3.88
13.11987866 -0.03973123359 13.11987866 0.03973123359 31.24157763 16.60164255 9.652612389 -3.19
5.871209129 0.5193066257 5.871209129 0.5193066257 14.33038955 6.083730366 2.815482588 -3.27
12.5906653 -0.3510946292 12.5906653 0.01051723823 21.03908216 9.21191232 4.831535692 -3.68
6.691467152 -0.5859490741 6.691467152 0.5859490741 15.6739988 6.577182238 2.553043166 -2.84
13.33230793 -0.08542889687 13.33230793 0.08542889687 22.90731303 10.56411116 5.951323276 -1.27
13.04240951 -0.2726749612 13.04240951 0.1457964492 17.56768392 7.416392412 4.121495463 -2.84
12.40347506 -0.117037037 12.40347506 0.117037037 11.4011378 4.030422455 1.591657643 -2.43
11.95745547 -0.475300006 11.95745547 0.1433608907 16.80837099 6.262849577 3.229665319 -2.64
6.193324339 -0.1073071721 6.193324339 0.1073071721 27.42135254 10.91138776 5.30946601 -2.75
12.48681221 -0.02634130658 12.48681221 0.02634130658 19.79223807 8.534669439 4.041129516 -2.15
13.25261383 -0.9334717234 13.25261383 0.0877561817 28.87310941 11.32447429 5.729408049 -4.64
13.56404436 -4.717082867 13.56404436 0.09326383868 26.54328574 10.60080302 5.556322146 -4.06
13.39495324 -0.2695551694 13.39495324 0.03653428213 21.93914325 8.811306595 3.86831936 -1.88
5.459528266 0.1161640212 5.459528266 0.1161640212 18.39284668 7.871432411 3.580034058 -2.4
14.20386867 -4.634129887 14.20386867 0.1452609284 29.59718279 10.74413492 5.025943482 -3.89
13.09485645 -0.3276336548 13.09485645 0.01437571866 19.69470856 9.232454819 4.427612287 -3.06
11.78384639 0.2359652749 11.78384639 0.2359652749 20.51985862 9.835674931 5.245094396 -1.75
6.149079743 0.325525079 6.149079743 0.325525079 21.13461311 9.356722327 4.786022594 -2.11
12.97698269 -4.492792249 12.97698269 0.198630411 20.23540658 8.10585095 4.233660476 -2.68
13.05657123 -0.8692010505 13.05657123 0.00108080999 17.65324888 6.764490358 3.291420118 -1.75
11.44157127 -0.3872787803 11.44157127 0.3872787803 15.88072576 9.43877551 6.3 -2.5
5.508794377 0.9624991938 5.508794377 0.9624991938 19.45615579 9.563088221 4.951649878 -2.86
12.74451949 -0.08418478963 12.74451949 0.08418478963 26.5426599 11.49730974 5.599161277 -5.35
13.19414609 -3.780454341 13.19414609 0.2318717981 22.56954921 9.477399023 5.057422752 -2.62
12.31259724 -0.38584114 12.31259724 0.0800335238 20.93179824 10.12064868 5.611394568 -1.79
11.95129826 -0.3729445389 11.95129826 0.3566806553 12.47261698 4.229676078 1.559211528 -2.56
9.240614352 -0.1066919808 9.240614352 0.1066919808 17.17824701 7.167315297 3.520243256 -3.25
12.97559169 -0.9626938562 12.97559169 0.251229098 21.24999072 9.877940446 5.583013497 -2.99
5.535277778 0.7608796296 5.535277778 0.7608796296 5.288577839 1.733593668 0.6394546749 -1.51
13.52426016 -0.1875601553 13.52426016 0.1875601553 17.86252418 7.606501962 3.646384216 -2.53
8.759805109 0.6755082199 8.759805109 0.6755082199 20.99043971 10.16889115 5.083725947 -3.26
13.644967 -0.610457294 13.644967 0.09178283666 17.86252418 8.007092799 4.06631063 -3.53
11.44130038 -0.3627436205 11.44130038 0.3627436205 19.4320954 8.134913775 5.103175202 -2.33
11.69175225 -0.3893867832 11.69175225 0.3402687987 20.59057834 9.372089136 5.225754799 -3.14
13.86165792 -4.348527361 13.86165792 0.00303854743 30.79065332 13.6681676 7.767061358 -4.16
11.06428258 -0.73018407 11.06428258 0.129753704 23.86199731 10.81642285 5.531449511 -2.86
13.74984773 -0.8985014861 13.74984773 0.1344273858 27.63961297 12.91318897 7.569002294 -2.39
13.01078091 -0.3524464766 13.01078091 0.03639890713 19.33179932 8.169446796 3.934967938 -2.99
12.68271456 0.01348510855 12.68271456 0.01348510855 17.25418777 7.602224671 3.665996586 -2.17
13.64950913 -4.078936885 13.64950913 0.2584846781 29.71932709 11.97728805 5.89495705 -4.34
12.47697221 -0.2089885939 12.47697221 0.05687831955 20.67345189 9.048949398 4.774510649 -3.59
5.521917289 0.9033514266 5.521917289 0.9033514266 20.57534959 9.442468524 4.478348516 -3.32
6.046713217 0.6984627872 6.046713217 0.6984627872 20.22596976 8.446124916 4.101536899 -2.69
12.09738914 -1.629609158 12.09738914 0.2786959877 14.79194472 5.408269402 2.634025463 0.39
9.64525946 -0.06986239318 9.64525946 0.06986239318 25.06647602 11.63433949 6.041528926 -3.6
13.02521447 0.0007376263263 13.02521447 0.0007376263263 19.99640182 8.959727028 4.754442959 -1.75
6.824158951 -1.374691358 6.824158951 0.04668209877 12.93215822 3.201411116 0.9859582679 1.44
2.217592593 1.103518519 2.217592593 1.103518519 6.902850765 2.461795458 0.9194459577 -1.56
7.387914004 0.0007999541907 7.387914004 0.0007999541907 16.96937176 7.350459183 4.150408049 -3.87
14.04546224 -3.377062072 14.04546224 0.0009133781816 17.95653257 6.464440481 3.414433022 -2.85
5.969614161 0.7389721434 5.969614161 0.7389721434 19.64154403 9.228108517 4.723484936 -3.31
13.5510061 -1.017552933 13.5510061 0.07930867735 30.26300082 14.27050185 8.169281959 -4.7
12.9838064 -0.0573090409 12.9838064 0.0573090409 18.68302526 7.172797429 3.40954138 -1.33
12.05518129 -0.2937620258 12.05518129 0.2937620258 19.91572834 9.892960617 5.5787168 -3.38
13.51560911 -0.419128595 13.51560911 0.06283504398 28.44014948 13.53040041 6.526625705 -3.68
12.57741909 0.09371092869 12.57741909 0.09371092869 23.27947709 10.46553348 5.186919832 -3.13
13.11885344 -3.619198398 13.11885344 0.07021614344 20.69779597 9.446997465 5.984681147 -2.03
10.57006138 -0.790716558 10.57006138 0.1865446382 19.2607292 7.313235138 3.039246122 -1.44
13.0157141 -1.253337366 13.0157141 0.01593700134 21.03849147 8.882051214 3.894925825 -2.21
5.975067791 0.538031935 5.975067791 0.538031935 11.06256249 3.844970414 1.53040985 -1.8
14.07171218 -1.005422666 14.07171218 0.08738732993 23.95109144 8.236238012 3.807966535 -2.19
9.276688945 0.573525642 9.276688945 0.573525642 16.89367695 6.986799011 3.139919414 -2.55
3.361111111 1.638888889 3.361111111 1.638888889 3.48 2.48 1.48 -0.52
13.56328004 -4.085948431 13.56328004 0.02684055335 26.73483601 10.57922711 6.335435509 -3.32
13.2117569 -0.2058914457 13.2117569 0.2058914457 29.58551827 13.87311541 7.004955661 -4.48
11.68255858 -0.1094444444 11.68255858 0.1094444444 9.397151926 4.371400189 2.40345852 -2.16
11.94607088 -0.1079586898 11.94607088 0.1079586898 19.02056785 9.245620324 5.95876831 -1.31
12.41780801 0.02991343445 12.41780801 0.02991343445 21.5758024 11.77068463 6.709827569 -2.13
6.110279952 0.4633081381 6.110279952 0.4633081381 14.86053701 7.297718424 4.216438614 -0.54
6.170417095 0.1467150363 6.170417095 0.1467150363 14.81177737 6.336024129 3.052357645 -2.11
14.56602469 -1.011068709 14.56602469 0.2093733741 22.91696712 10.57078785 5.570061553 -3.26
12.64738355 -0.8095076628 12.64738355 0.2272050892 24.32494376 11.51717747 6.828004296 -3.32
13.00951828 0.005873820143 13.00951828 0.005873820143 18.69166834 8.147990042 3.80354781 -2.66
4.264882133 0.8868729529 4.264882133 0.8868729529 12.76533466 5.442554215 2.483947752 -2.95
13.64012789 -0.6888492719 13.64012789 0.03774151656 29.74210355 13.05402575 7.191328962 -4.74
13.5577645 -0.2921461943 13.5577645 0.2673650784 25.18137406 10.86954238 5.454738094 -3.48
10.76359418 -0.8443829207 10.76359418 0.01050364697 22.39594151 10.67928994 5.523422663 -3.8
6.335092422 0.1684135383 6.335092422 0.1684135383 16.87273559 7.285800464 3.42354922 -1.97
14.01168299 -0.9208584214 14.01168299 0.1541484975 24.34454816 11.5313077 6.847841828 -2.3
12.48653315 -1.123575985 12.48653315 0.03783476688 26.78347611 11.5152511 6.266439982 -3.81
11.06996801 -3.484334499 11.06996801 0.2498276103 21.6577335 9.523777174 7.476848266 -1.64
12.24214621 -0.04579785918 12.24214621 0.04579785918 21.92965138 9.537268918 4.611895732 -2.89
10.17366119 0.8645833333 10.17366119 0.8645833333 8.41 5.544952767 3.949811066 -0.59
11.57683945 0.3015069871 11.57683945 0.3015069871 41.86539268 17.80390693 7.801161614 -2.12
12.51660625 -3.992071469 12.51660625 0.001198499589 20.78553519 8.604674029 5.536618313 -2.94
14.79447051 -0.624608316 14.79447051 0.1038824185 27.90911544 13.142458 7.116813386 -4.64
12.93317125 -3.463960354 12.93317125 0.3551549064 20.38551794 9.28388633 4.997358093 -1.89
10.37300076 -0.5181944444 10.37300076 0.08189814815 8.664607379 3.310964148 1.424127174 -1.43
5.976702622 0.3472034832 5.976702622 0.3472034832 10.92561023 4.025863854 1.632810783 -1.95
13.16414672 -0.223101327 13.16414672 0.002085396581 20.99043971 8.850881547 4.27029972 -4.26
10.47859355 0.1273188041 10.47859355 0.1273188041 18.08148549 7.748525148 3.87007376 -2.3
12.95513753 -3.677736081 12.95513753 0.01446259457 28.84416526 12.05609727 6.294912528 -2.67
14.51909368 -0.4914760322 14.51909368 0.005120212303 20.76948035 8.329462436 4.349527133 -3.49
13.38020885 -0.4325677281 13.38020885 0.09285044182 18.60632324 8.961229482 4.708390689 -2.18
4.432081285 0.6287552325 4.432081285 0.6287552325 26.65856211 13.73542224 7.557667656 -3.94
5.539355521 0.6560291054 5.539355521 0.6560291054 22.23353053 10.14180004 5.017800292 -2.57
13.94948268 -3.817574277 13.94948268 0.006508018046 41.66275135 19.29970329 12.23105793 -5.09
12.69125468 -0.4341543012 12.69125468 0.06715600386 23.45791467 11.43520849 6.889316305 -2.7
11.79084459 -3.252094906 11.79084459 0.2871279245 23.36600192 9.343760014 4.864843644 -4.38
12.06400776 -0.1133252321 12.06400776 0.1133252321 17.87204058 7.612659734 3.913702273 -3.52
12.94141278 -0.4335870969 12.94141278 0.1190991119 19.52313684 7.913960749 3.849017377 -3.79
6.265376118 0.7086876417 6.265376118 0.7086876417 12.52493092 5.605395469 2.666747649 -0.93
11.30975035 -0.404877402 11.30975035 0.2526835711 14.96811523 5.800330199 2.588807258 -2.59
11.34956667 -0.08478884627 11.34956667 0.08478884627 16.15539591 6.885223536 3.689583363 -2.33
11.37928512 -0.1959930608 11.37928512 0.1162754577 12.04593116 4.586125473 2.168429493 -2.01
13.41262944 -3.116170977 13.41262944 0.09158471389 31.78829323 13.2774851 6.965129406 -4.18
13.4515851 -0.2062239899 13.4515851 0.06146297871 17.18773834 7.173357956 3.500459474 -2.24
6.495652347 0.5712862707 6.495652347 0.5712862707 16.17429617 6.89739519 3.272701548 -2.31
14.01039892 -0.9049787907 14.01039892 0.004396356446 34.75155883 16.07261842 8.541893524 -5.1
12.3336365 -0.1672802288 12.3336365 0.1672802288 22.46344749 10.25829291 5.553619223 -1.73
14.68222777 -2.912381973 14.68222777 0.264424297 21.72090224 9.028540749 4.668815955 -3.11
12.7781019 -4.835918742 12.7781019 0.09381692492 26.20034221 10.62656524 5.585624889 -4.87
13.0034943 -3.357252168 13.0034943 0.161909486 17.89839309 7.543538501 4.007034088 -0.91
13.85008478 -1.099012331 13.85008478 0.09198918942 31.0769506 13.5168659 7.072854605 -5.36
13.49408835 -3.118925223 13.49408835 0.09092667027 33.29701019 14.24883986 7.267401801 -4.61
12.89604132 -0.3205391328 12.89604132 0.009964529685 17.35618038 7.610773054 4.33382312 -2.47
13.32100913 -3.310298254 13.32100913 0.04488782295 22.17420996 8.483872855 4.736547025 -3.03
14.2496582 -1.085705836 14.2496582 0.1835736819 24.1349481 10.50812162 5.55078125 -3
12.46642584 -0.9181985387 12.46642584 0.1023100907 22.62320586 6.650074274 2.377543479 -1.56
13.55008809 -0.5385591459 13.55008809 0.06674592677 21.90443126 9.048411759 4.650017899 -2.31
13.65344727 -0.401328336 13.65344727 0.06609682208 23.96076645 11.29881176 6.029973398 -3.18
6.275560738 0.660938927 6.275560738 0.660938927 21.85372661 9.887080225 4.995145989 -3.97
14.37831288 -4.507302495 14.37831288 0.009738502622 23.18159967 9.59957138 5.71207706 -3.1
13.38250847 -0.3174660685 13.38250847 0.1673278411 49.53230396 23.08836757 12.40270216 -5.37
9.125369068 0.3626812916 9.125369068 0.3626812916 12.09132668 7.329846774 5.458270591 -0.98
14.22785984 -0.5307415281 14.22785984 0.0713012367 27.59256702 12.118265 5.370886165 -2.57
4.461117252 0.7784344293 4.461117252 0.7784344293 9.902268146 4.294318851 2.12983491 -2.29
5.547919667 0.3151996801 5.547919667 0.3151996801 22.9942071 11.61618397 6.421094547 -3.18
12.78051936 -4.752417216 12.78051936 0.03656418988 24.3347459 9.672123091 5.370295153 -3.31
13.17413445 -0.8142239775 13.17413445 0.1523696517 25.23943185 11.71479788 6.846545112 -1.86
13.89942261 -3.708272123 13.89942261 0.06110811783 21.36540247 7.67423484 3.661770255 -1.87
11.62009878 -2.913841242 11.62009878 0.009079087424 17.80320532 6.65912535 3.581277369 -1.27
9.715386905 -0.9594444444 9.715386905 0.09916666667 10.4 5.103601108 6.519047619 -1.6
12.87391075 -4.406956418 12.87391075 0.1361110376 31.13281788 14.89234715 8.842786324 -3.81
13.22252042 -0.8957336383 13.22252042 0.4402597381 14.89815622 6.8267237 3.593810212 -2.02
13.39327371 -3.122244908 13.39327371 0.00862619971 27.27383144 11.05708414 5.672947487 -4.3
11.6623883 -0.3255805858 11.6623883 0.3255805858 14.60195468 5.000381771 2.063664351 -1.55
10.86047214 -0.5344913351 10.86047214 0.2747959971 19.87704225 7.887538198 3.329723118 -1.06
14.48245251 -1.21755093 14.48245251 0.01999730935 49.61282038 24.04623757 14.55666249 -6.4
12.43277856 -3.708310707 12.43277856 0.1542980858 19.04500901 7.615119283 3.802301298 -2.29
15.07808969 -0.5649720614 15.07808969 0.03589215612 20.68875669 8.051108853 3.589511255 -4.2
14.46814194 -0.3888898903 14.46814194 0.1235542317 18.20738068 8.625013684 3.933554431 -3.39
14.22888711 -4.047730889 14.22888711 0.02803455241 41.97893174 19.67771101 12.93416143 -6.64
12.87672311 -0.1554203792 12.87672311 0.1554203792 17.30166241 7.245996884 3.706099492 -3.12
12.04898432 -1.181815949 12.04898432 0.7161565413 14.94330224 5.179808076 1.867513851 -3.17
12.40060303 -1.023232414 12.40060303 0.2166193126 27.44493506 13.2782038 7.473867392 -4.59
13.20215396 -0.04212032456 13.20215396 0.04212032456 20.30147352 8.493709344 4.258734675 -2.61
12.19063748 -0.1237933907 12.19063748 0.1237933907 17.68177673 7.88623094 4.008945851 -2.72
12.70608548 -3.470066431 12.70608548 0.3437026201 21.58670242 8.845452411 4.359449903 -1.64
12.73661254 -4.352351284 12.73661254 0.3819713765 21.8296938 8.870854799 5.384330162 -2.87
11.69769032 -3.125450093 11.69769032 0.283073746 22.22240278 8.871447951 4.75594042 -2.98
13.15484541 -3.065445065 13.15484541 0.1390578687 24.33952899 10.71969023 5.570465545 -4.36
11.1661141 -0.4852805598 11.1661141 0.2256453833 26.97360246 10.06594875 3.950822348 -3.38
11.09864272 -0.2532121603 11.09864272 0.2532121603 17.1820649 7.949412438 4.253844542 -2.65
11.8462045 -0.9144954124 11.8462045 0.120059012 15.45726069 4.728616583 1.835105545 -1.07
6.158352961 0.7920958984 6.158352961 0.7920958984 14.55521055 6.227613235 3.051583174 -2.03
12.71480149 -3.869084587 12.71480149 0.03699968296 21.92965138 8.805461747 4.453465786 -3.89
13.36619072 -0.2980066161 13.36619072 0.2980066161 12.8812789 5.09771285 2.32257519 -2.13
12.35541339 -3.376058635 12.35541339 0.2134294084 27.24058273 11.71793957 6.545651375 -3.8
12.66002825 -0.3880562386 12.66002825 0.06095573399 18.13863449 7.78570959 4.041612244 -2.24
13.29888036 -4.400367293 13.29888036 0.08911265432 18.93036696 7.201793632 3.533818335 -3.41
13.3458736 -0.3741224947 13.3458736 0.242423698 16.50576747 7.479607255 3.948568324 -3.35
13.60695373 -0.2096120081 13.60695373 0.06256083986 26.21682193 10.76290509 5.010968604 -3.4
12.77241374 0.0360392352 12.77241374 0.0360392352 22.444159 10.2450551 5.544984778 -1.75
6.305837463 0.5808904426 6.305837463 0.5808904426 14.0548303 6.250069083 3.232067153 -1.9
13.40351676 -4.808696589 13.40351676 0.08040862504 25.59837702 9.518978892 5.519317692 -4.49
12.02067952 -0.3466576646 12.02067952 0.1208158804 17.75786601 7.538870051 3.743205699 -2.64
4.127560784 0.4468518519 4.127560784 0.4468518519 12.59863341 5.007149872 2.139049948 -2.13
11.05589424 -0.737212803 11.05589424 0.1212751986 25.04550133 12.06779272 6.541297264 -3.06
12.50385127 0.2213911045 12.50385127 0.2213911045 18.46075934 9.390378763 5.33203343 -2.33
13.02429476 -1.254197602 13.02429476 0.02638888889 19.12146073 7.316704583 3.236284565 -2.21
12.38104434 -0.7285495796 12.38104434 9.778911565e-05 20.57196985 6.251849279 2.171915158 -1.79
12.68955696 -0.4237778723 12.68955696 0.2820749087 16.76646704 7.214872508 3.005071371 -3.08
13.72605064 -0.4143145314 13.72605064 0.04492514907 18.83312702 7.581901374 3.384735845 -2.17
11.69714583 -3.290716163 11.69714583 0.2217495631 16.97901316 6.689166093 3.722925238 -3.46
13.56391225 -3.689155683 13.56391225 0.2964213015 21.29435315 8.092745562 3.655528089 -2.56
12.58818264 -4.819935888 12.58818264 0.09083394456 28.20448354 11.92876661 7.617981674 -4.81
12.83611066 0.1499085622 12.83611066 0.1499085622 18.29108891 8.29554147 4.432670862 -2.08
14.37860125 -3.129932393 14.37860125 0.2388915845 18.18626761 7.438352858 3.890489804 -3.19
6.09141873 0.2086326058 6.09141873 0.2086326058 15.86265203 6.01727138 2.433288866 -2.64
11.53067234 -0.9922270363 11.53067234 0.3017901863 21.11711962 11.41328342 7.093197987 -3.6
11.13989919 -0.2700905303 11.13989919 0.2700905303 22.73744817 10.06686083 5.223784509 -2.04
2.624490741 1.160740741 2.624490741 1.160740741 14.64869571 6.654810135 3.15618791 -1.28
11.35517883 -0.09731126568 11.35517883 0.09423492004 16.72309557 7.253312875 3.600061026 -2.73
12.6857999 -3.512146183 12.6857999 0.3107223608 22.16703257 9.311015753 4.843776327 -2.64
6.111027492 -0.2005487056 6.111027492 0.2005487056 15.97592502 5.498106829 2.717221612 -1.52
11.28162777 -0.981786003 11.28162777 0.3216295037 13.93052407 6.611257099 3.749800854 -2.49
4.220740531 0.303175548 4.220740531 0.303175548 13.05891179 4.314719098 1.731969062 -1.42
10.35111111 -0.5902777778 10.35111111 0.04513888889 6.095470514 2.064278005 1.43064638 -1.03
12.90257971 -0.141066409 12.90257971 0.141066409 23.17770358 10.29896172 4.835060861 -1.99
12.94427629 -4.467588304 12.94427629 0.3854947906 16.90315726 6.642858863 3.39235593 -2.54
14.12952833 -0.309962837 14.12952833 0.141650449 19.19940183 6.612557098 3.00034855 -2.78
12.88890084 -0.001278580877 12.88890084 0.001278580877 18.0529154 7.005744544 3.342074892 -2.33
12.69231277 -3.705355863 12.69231277 0.1328533906 19.57564341 7.391564874 3.027516992 -2.38
12.74237837 0.1299384985 12.74237837 0.1299384985 17.0454065 7.877903168 3.884718093 -2.39
10.24210534 -0.5796218691 10.24210534 0.1645103064 26.3431792 12.36215577 6.326433952 -2.91
12.07423422 -0.4072625346 12.07423422 0.05004334373 13.08117458 4.571912762 1.970322597 -1.92
13.20547897 -4.978924792 13.20547897 0.2471266771 19.23766093 6.271045532 3.784049512 -2.53
4.220740531 0.303175548 4.220740531 0.303175548 13.05891179 4.314719098 1.731969062 -1.42
13.08316834 -0.5859204512 13.08316834 0.1910367851 17.74716859 6.345853818 2.768725093 -3.33
12.10326911 -0.9795009238 12.10326911 0.2139092901 20.47187404 8.915277778 4.672600398 -2.8
12.34679143 -0.2301369693 12.34679143 0.1098256429 27.74540729 10.98642922 4.984195703 -0.81
12.2258457 -0.6353097573 12.2258457 0.187184928 20.6395967 9.319763893 5.923793526 -2.67
13.09177771 -0.953053876 13.09177771 0.0259589811 23.11346969 8.234770845 3.294694431 -3.03
14.81456043 -0.3863566751 14.81456043 0.06702926282 19.75455626 8.150711867 3.928857703 -3.19
13.15583799 -0.1934815145 13.15583799 0.1934815145 30.13602137 15.24669014 8.339871764 -2.83
14.42446812 -4.796235969 14.42446812 0.3248265362 21.87270609 8.121590563 3.742978037 -3.95
10.68148913 -0.5046083711 10.68148913 0.3100122617 20.55645287 8.654946545 4.224387249 -2.34
16.85906329 -1.980464026 16.85906329 0.06755645314 19.92530949 5.832747548 2.014263809 -1.37
13.69019119 -1.447529044 13.69019119 0.07612284715 32.92852736 14.54321956 7.258932523 -4.58
12.88394911 -4.4535276 12.88394911 0.1590234211 18.47223489 6.928529264 3.880733981 -3.89
13.13937295 -4.525823326 13.13937295 0.1185466756 22.29868954 9.612602043 6.292097263 -3.39
6.04849915 0.06857615268 6.04849915 0.06857615268 15.16895669 6.316067392 2.553501626 -3.11
13.76571213 -4.178012763 13.76571213 0.04679351855 32.70137416 15.42713501 9.637973678 -3.81
12.85252458 -3.875108549 12.85252458 0.1282020894 21.50971461 8.428303229 4.194175115 -1.72
13.0385999 -3.448319059 13.0385999 0.2787099066 20.01587217 8.973164272 4.763130056 -1.73
12.72389039 -0.3307539234 12.72389039 0.1876624222 17.70981918 7.224726801 3.085091194 -2.37
13.5472162 0.08273029286 13.5472162 0.08273029286 18.92826245 7.713318792 3.191743464 -3.8
3.733887708 0.1847170257 3.733887708 0.1847170257 11.97999288 4.353582038 1.680034473 -1.8
13.04600512 -1.471255203 13.04600512 0.0003406522592 35.52 19.5689938 16.38044409 -4.48
15.96145403 -4.449606267 15.96145403 0.1170918703 27.84000131 10.83034482 5.613154571 -3.31
11.65558081 -1.21199548 11.65558081 0.02288595994 22.33808755 8.943996238 4.802623172 -4.86
14.52429997 -0.558223665 14.52429997 0.07914689433 21.63554497 8.62491165 4.245718836 -3.2
14.61739625 -0.8147102159 14.61739625 0.003921668976 22.98324766 9.628527968 5.131499861 -3.69
7.239226754 -0.3331699184 7.239226754 0.01455954392 24.33125922 8.391736653 2.906343859 -2.28
9.959266179 0.1106979875 9.959266179 0.1106979875 17.50115277 7.01040732 3.358264607 -1.91
10.62913706 -0.4437644085 10.62913706 0.02314342404 9.585664485 3.444766176 1.552172281 -2.63
12.99449289 -1.257209467 12.99449289 0.01825643529 19.43641975 6.16564944 2.389588964 -2.25
13.37596192 -0.2109867752 13.37596192 0.1555802934 21.84423729 9.88073743 5.011574227 -2.98
14.27868649 -4.602200964 14.27868649 0.2619307445 22.66602732 7.808826777 3.908470684 -3.52
5.96841912 0.5220074151 5.96841912 0.5220074151 17.59620247 7.829175644 4.117803046 -1.81
11.95678358 -0.3854358967 11.95678358 0.3723617183 20.29827575 9.168639228 4.510530869 -2.44
11.29080929 -0.9533893693 11.29080929 0.1654306397 23.44824949 11.4282735 5.796281259 -3.71
13.61627308 -0.2421179882 13.61627308 0.1975105129 22.66932537 9.698460297 4.441370405 -3.78
13.12847659 0.03272836717 13.12847659 0.03272836717 25.18349689 10.22093649 4.868202474 -3.11
14.59835513 -4.242525922 14.59835513 0.05467542211 39.26208899 17.02648291 9.704555396 -3.98
6.541428119 0.4975954511 6.541428119 0.4975954511 20.79275326 9.184517926 4.587298778 -4.09
13.08710287 -1.107211829 13.08710287 0.07908706538 14.34144718 6.389744255 3.963893318 -2.07
13.49645876 -3.931609778 13.49645876 0.03692396834 27.23123469 12.05453469 7.084674464 -1.36
13.70806194 -1.760839163 13.70806194 0.1048488413 26.37042365 9.198655499 3.758977128 -5.24
12.00205878 -1.234467432 12.00205878 0.04469754963 22.90022526 10.26049058 8.494855012 -3.14
14.06812935 -1.684311029 14.06812935 0.002154703032 64.6486451 31.15157977 20.12025099 -8.17
13.52766582 -0.5494809776 13.52766582 0.08591458806 15.26248573 6.5475795 3.302221364 -1.13
12.39016658 -0.09146711658 12.39016658 0.09146711658 22.86869872 11.01427081 6.589815569 -3.31
15.01975688 -3.277858493 15.01975688 0.1102983729 22.82043541 9.248301052 5.162751477 -2.36
12.93566871 -0.6250167067 12.93566871 0.09301391755 25.48193797 12.38059371 6.341146884 -2.61
12.10260322 0.01205876795 12.10260322 0.01205876795 13.40279949 6.783073553 3.481109001 -1.03
10.18958333 -0.1226851852 10.18958333 0.1226851852 6.47 3.652815356 3.296334149 -0.53
12.95847558 -0.5377831466 12.95847558 0.03556927444 24.27046352 11.04358736 5.608927449 -2.86
13.55764387 -0.3453472044 13.55764387 0.2207061695 17.54867328 7.7975328 3.954138464 -2.86
13.92655015 -0.2272673637 13.92655015 0.003910619803 17.1402853 6.152567704 2.795875785 -2.29
12.85651406 -0.3250637755 12.85651406 0.3250637755 17.0454065 6.729772936 3.22041761 -3.39
13.12560995 -5.397442156 13.12560995 0.02258085942 34.74625865 14.67569954 8.292411565 -3.58
12.26030966 -0.235966971 12.26030966 0.004794914067 21.15349173 9.689078448 6.228710734 -3.15
12.40756417 -3.636701247 12.40756417 0.2067125355 15.919281 6.050847687 3.177695178 -2.58
14.23837207 -0.7833643811 14.23837207 0.003612337244 21.79849432 9.804469205 4.899537197 -3.42
6.025819397 0.701401644 6.025819397 0.701401644 14.91735537 6.84 3.420118343 -2
10.80851018 -0.03658966364 10.80851018 0.03117913832 18.14417283 6.068120057 2.053104196 -2.46
8.979199468 0.6303703704 8.979199468 0.6303703704 11.74315942 5.117731379 2.733197509 -1.33
10.01632265 -0.04541960611 10.01632265 0.04541960611 16.71331231 6.319427483 2.471986944 -2.44
11.73354981 0.04161519843 11.73354981 0.04161519843 19.5997035 8.752136718 4.654233021 -2.71
11.47612641 -0.7564224296 11.47612641 0.4235712182 20.87786961 8.859375 4.216529294 -2
13.0384451 -4.386957857 13.0384451 0.05313304182 27.45743324 12.21171292 7.932936764 -4.13
12.32210395 0.02350359519 12.32210395 0.02350359519 20.17451361 10.07984308 5.707293255 -3.11
9.167442864 -0.6957971837 9.167442864 0.2229177165 20.33724008 8.737128864 5.103361615 -2.4
13.72285582 -0.1164751827 13.72285582 0.1164751827 12.6340745 5.715914047 2.959830668 -1.39
12.90350132 0.1067006989 12.90350132 0.1067006989 18.69166834 7.758563746 3.66972486 -2.66
13.08817554 0.07457497032 13.08817554 0.07457497032 18.98768263 7.947841586 3.554122891 -1.35
9.481967111 0.2735411191 9.481967111 0.2735411191 19.09188866 9.863302851 5.164985273 -1.68
6.068423306 -0.3062517637 6.068423306 0.04339994672 27.39890107 11.51754117 5.188535959 -4.17
11.79126627 -0.729050401 11.79126627 0.1108229009 16.88419701 5.726927223 2.329476249 -1.56
14.47280928 -0.6654151089 14.47280928 0.07170965608 18.7489387 7.795085066 3.715883403 -3.6
11.24254879 -0.6627536854 11.24254879 0.107522492 19.73373806 7.040377183 3.070326903 -0.57
13.44683868 -4.587558245 13.44683868 0.02520380135 26.57930043 10.86954238 6.253462629 -2.48
12.08741373 -0.6354839065 12.08741373 0.04034456518 15.2535629 5.52204096 2.711317959 -2.65
5.393543793 0.9001988326 5.393543793 0.9001988326 14.66787641 6.241214247 2.853380135 -2.26
6.057966047 0.3801219458 6.057966047 0.3801219458 19.15241216 7.451408987 3.491682564 -1.83
13.06932164 -4.497615026 13.06932164 0.02117476394 22.08368992 9.467557661 5.719607065 -3.61
12.97931826 -3.986249405 12.97931826 0.01307940234 25.88957532 10.42848166 5.970139863 -2.19
14.81651246 -0.5439789833 14.81651246 0.04248653487 29.96023506 13.56664365 8.25228626 -3.01
12.90575917 -1.643125258 12.90575917 0.1036137164 28.87705329 8.689196374 3.779923641 -1.12
13.70220956 -4.67911695 13.70220956 0.1497672063 18.66456268 8.053206413 4.954217494 -2.12
14.21023254 -0.8968813874 14.21023254 0.002181332377 34.49599365 13.50554015 6.623175298 -3.365064935
12.92105127 -0.7303350026 12.92105127 0.3245263442 21.37502165 9.101184119 5.074465862 -2.86
11.80097624 -0.9185632418 11.80097624 0.4556122472 23.14872567 11.21385405 6.064189099 -3.02
13.23664785 -0.3000801085 13.23664785 0.000275888133 18.1988716 7.742349958 4.136548751 -2.6
11.09212898 -0.991843356 11.09212898 0.1796760728 18.49130952 7.631170702 4.03314741 -3.87
11.62188736 -1.135228122 11.62188736 0.3011259382 21.05771387 8.894528586 4.771423704 -3.19
12.7600296 -0.228561088 12.7600296 0.006387707861 19.11132227 9.326830815 5.170429851 -2.66
13.94180437 -0.7871033846 13.94180437 0.01249744555 23.95109144 9.217673227 4.011538462 -2.19
13.88013552 -0.4551921144 13.88013552 0.1852802897 27.00455649 11.26420775 5.882788179 -3.58
12.45925363 -0.5646976107 12.45925363 0.1094350732 17.82446194 7.581886549 3.476938004 -3.57
11.12910263 -0.6890208097 11.12910263 0.02253011621 16.22598682 6.103289449 2.934611013 -1.64
12.77830482 0.06683316916 12.77830482 0.06683316916 24.80318293 11.89495049 6.227525107 -3.31
12.84834285 -0.3282728571 12.84834285 0.1270807351 23.28662799 11.29888595 6.077328089 -3.38
5.095679012 -0.4058641975 5.095679012 0.3086419753 5.87 3.075338809 4.87 0.87
11.17837834 -1.544349138 11.17837834 0.1130177966 23.01351912 9.766779343 5.612829737 -3.16
5.740838047 0.5933921947 5.740838047 0.5933921947 19.17881185 8.901157965 4.631943686 -2.15
13.39463463 -0.2684968653 13.39463463 0.05280430668 24.64815536 9.648035585 5.786953753 -3.47
12.23385365 -0.4774897362 12.23385365 0.07158652404 17.75308211 7.050114911 4.133376343 -2.06
5.723937904 0.6825826999 5.723937904 0.6825826999 16.37188209 9.106508876 5.78 -2
13.18893508 -0.5186952397 13.18893508 0.06533126522 18.85445705 6.811256201 2.920796397 -3.88
11.44154067 -0.8391034817 11.44154067 0.06870577706 20.11698899 8.681238674 4.097646459 -2.17
4.859683747 0.7417783769 4.859683747 0.7417783769 16.27827655 6.600845441 3.185131408 -2.2
12.57710078 -4.352668555 12.57710078 0.09957021427 19.42237176 8.565918145 5.823233196 -2.34
13.06215103 -1.338467163 13.06215103 0.05646957556 26.72984192 10.39924797 6.216667235 -3.87
13.44597821 -0.6490221088 13.44597821 0.08014455782 11.54262354 4.927886067 2.597195268 -1.94
13.33363583 -0.04261635631 13.33363583 0.04261635631 22.19553004 9.329140944 4.714096224 -2.61
2.678240741 0.6316666667 2.678240741 0.6316666667 13.0317385 4.771058119 1.725073086 -1.45
12.45844687 0.0431767298 12.45844687 0.0431767298 22.35737135 10.65207099 5.697172038 -1.84
13.48496544 -1.217396111 13.48496544 0.02569762879 27.56173523 11.93247916 6.000939557 -2.47
10.02332247 -0.6719104308 10.02332247 0.1381481481 7.259289617 2.822390726 1.539554121 -1.85
10.67134719 -0.5396071309 10.67134719 0.2813462736 19.95244697 8.274365094 3.852902088 -1.98
13.76619412 -0.444100555 13.76619412 0.08960530884 24.67339688 10.2509163 4.576549531 -3.65
15.97570801 -0.7419368614 15.97570801 0.1015757791 22.39594151 7.958789062 3.683082944 -2.8
12.24494434 -0.6712130096 12.24494434 0.1811031851 20.6395967 8.813763425 5.401333424 -2.67
12.90792687 -4.401915284 12.90792687 0.2855179989 14.92114765 5.467323157 2.67855399 -2.64
12.82783043 -4.414434261 12.82783043 0.05298437118 29.17941561 13.50506505 7.867322339 -3.81
13.79790731 -4.105103576 13.79790731 0.01106867284 26.30720465 11.10046035 5.975711209 -3.76
13.72554593 -0.1701982027 13.72554593 0.1208849125 23.54490997 10.11624007 4.832191307 -3.61
12.98611665 -1.174279583 12.98611665 0.1009860563 28.29450967 8.629415833 3.751772126 -1.24
12.37126414 -0.0993920242 12.37126414 0.0993920242 21.12499987 10.26465749 5.524612364 -3.12
13.1233616 -3.919611638 13.1233616 0.008076138669 23.82533319 9.504931212 4.964498321 -4.32
13.26642502 -4.664051584 13.26642502 0.1359549626 24.90978993 10.5987786 6.276164739 -3.2
11.91354724 0.1088748612 11.91354724 0.1088748612 18.62676229 7.794142817 4.133403829 -3.39
11.68425617 -0.3781037777 11.68425617 0.3141609977 17.5418307 6.80488871 2.876684626 -1.55
13.95396399 -0.406278973 13.95396399 0.277439998 20.55825086 8.972491863 4.391528932 -2.71
10.9691927 -0.8531477151 10.9691927 0.01814295163 17.18773834 6.486668278 2.910910253 -2.24
13.33434914 -3.059832017 13.33434914 0.1141972315 25.83639028 10.62497299 5.254391339 -3.42
10.33943846 -0.1716666667 10.33943846 0.07060185185 13.20394353 3.97906865 1.178546457 -1.26
6.65321901 -0.04409769463 6.65321901 0.04409769463 17.29216677 7.627340251 3.407807547 -2.13
13.09176339 -0.281287268 13.09176339 0.2272982991 20.04030436 9.049293628 4.185992579 -3.25
13.02555797 -3.331551983 13.02555797 0.02090675391 22.26936716 9.592785703 6.287112801 -2.42
12.62882807 -0.1134178949 12.62882807 0.03514957063 18.93180121 8.119132653 5.046485053 -1.4
14.29667203 -0.2997845293 14.29667203 0.2818145165 17.756507 7.253427793 3.336894881 -3.32
13.87289267 -0.9197082336 13.87289267 0.07375637083 23.96985158 8.320377838 3.033308146 -3.87
6.250831452 0.1862191358 6.250831452 0.1862191358 14.55521055 4.984613994 2.027271949 -1.03
10.63026971 -0.9730309902 10.63026971 0.0039569161 17.38450952 5.78055973 2.378324655 -1.48
11.16858692 -1.541791991 11.16858692 0.1163543399 22.51167239 9.439851603 5.201514329 -2.68
13.62225339 -3.75707403 13.62225339 0.06998021122 24.48348739 11.19028855 5.715972533 -1.64
8.871034402 0.01395259781 8.871034402 0.01395259781 16.67660229 8.077541978 4.660591556 -1.69
12.73918778 -3.861308215 12.73918778 0.04584249582 21.81577106 8.735423975 4.410812384 -4.01
14.22142184 -1.150297829 14.22142184 0.03278919438 25.69879584 9.420180612 4.112902268 -2.94
5.941395452 0.05181708589 5.941395452 0.05181708589 17.08537039 8.378177393 4.631852552 -1.75
13.20118622 -5.190925926 13.20118622 0.8505910389 15.14851375 4.992482067 2.594246825 -1.91
13.11928346 -0.2653625143 13.11928346 0.02251351668 22.70462439 9.565188133 4.971364215 -3.48
13.17500194 -0.7589570467 13.17500194 0.0678767702 30.06105027 12.84657159 6.654114226 -4.41
14.41502933 -3.529134428 14.41502933 0.04836876417 18.8975985 6.690396599 3.520951814 -2.88
6.166725154 0.4290668304 6.166725154 0.4290668304 14.70624214 6.694370032 3.516121643 -1.22
13.16931175 -0.3041198455 13.16931175 0.02998479525 21.63482726 8.876110519 4.543703676 -4.59
14.46697705 -0.3441544752 14.46697705 0.1426780617 20.92165664 8.287916835 3.544435588 -3.65
14.93590289 -3.759867172 14.93590289 0.1622627446 27.49359939 11.05964584 5.794552317 -3.54
11.94580325 -0.3711412066 11.94580325 0.3537752732 19.15990995 8.854709094 4.570256203 -2.61
11.18681667 -0.7234981523 11.18681667 0.2079845889 18.42455381 7.972459818 4.0064023 -1.94
13.09362665 -0.7749587482 13.09362665 0.1646903305 20.33755135 8.430387923 4.324926907 -3.94
13.44900722 -0.405568878 13.44900722 0.05449724952 18.92698975 7.639310863 3.386233251 -3.07
11.40469292 -0.841528168 11.40469292 0.1576268424 17.89663326 7.015963589 3.048499839 -2.17
12.38416686 -0.2586332958 12.38416686 0.2586332958 17.63514062 6.860217778 3.190729303 -3.45
5.283636676 0.926953494 5.283636676 0.926953494 21.87553668 10.8026614 6.095737056 -2.34
13.38636842 -0.1878921281 13.38636842 0.1878921281 24.39687205 10.36066047 5.011075628 -2.3
12.42176458 -0.2084127142 12.42176458 0.2084127142 19.0736762 8.828875628 4.58573323 -4.26
12.75703925 -3.307086299 12.75703925 0.07152318836 21.78086031 9.720794934 5.361651058 -0.92
12.79489032 0.06698184996 12.79489032 0.06698184996 25.77307889 12.08865609 6.269295779 -3.31
13.17792764 -0.8048810621 13.17792764 0.2374622442 24.95825448 11.51899801 6.709880804 -2.15
12.96621392 -3.910745173 12.96621392 0.07491027745 25.95754201 10.09356748 5.645893547 -3.12
12.62718085 -3.537629385 12.62718085 0.220641609 16.97903685 7.807624303 4.361137578 -2.86
9.206296296 0.4143518519 9.206296296 0.4143518519 6.144688279 2.094917408 1.043572384 -0.98
12.72356641 0.02352927596 12.72356641 0.02352927596 22.55682609 9.993194449 4.928464278 -2.9
12.01757606 0.1936139456 12.01757606 0.1936139456 14.0674543 6.711337426 3.803895079 -1.35
5.478287037 0.4328703704 5.478287037 0.4328703704 5.159860162 1.662923452 0.5397705084 -1.65
11.09330126 -0.4891592886 11.09330126 0.3763418495 17.42391434 8.119132653 4.572426106 -2.4
12.34329169 0.07251866653 12.34329169 0.07251866653 18.0529154 7.005744544 3.342074892 -2.33
12.66395486 -0.9072265202 12.66395486 0.01623065231 20.79528486 10.0216853 5.543997619 -3.93
12.96550527 -3.877460371 12.96550527 0.1054735837 21.5786532 8.59011052 4.349011079 -3.26
11.16546674 -0.518707483 11.16546674 0.05583333333 8.878890836 3.218387071 1.391752722 -1.7
12.0787037 -4.980046296 12.0787037 0.4055787037 10.878125 3.181286982 2.182543557 -1.2
12.56780418 -4.810434236 12.56780418 0.1590798502 27.37874993 10.81450341 7.63426529 -4.21
14.75256671 -0.5178910203 14.75256671 0.04322727561 28.00965016 13.17431237 7.52299616 -3.01
9.829688707 0.2517824074 9.829688707 0.2517824074 13.94005911 5.401348912 3.005946973 -1.02
12.89080932 -1.58708745 12.89080932 0.01934924656 27.94147092 8.459429965 3.645585194 -1.08
5.248115316 0.6668820862 5.248115316 0.6668820862 16.74118131 6.636592052 2.44763274 -1.41
11.76053318 -0.5874585853 11.76053318 0.1285188303 15.33046827 5.905419011 2.990301291 -2.57
14.0468661 -1.035001155 14.0468661 0.1055324074 25.45283184 9.781843097 4.402499364 -2.64
13.08122669 0.05292529663 13.08122669 0.05292529663 20.46227789 8.510279629 4.207297519 -0.81
13.53414003 -3.982328114 13.53414003 0.04153755114 25.5550059 9.992504691 5.315697636 -5.09
5.575892018 0.6511577223 5.575892018 0.6511577223 22.10729255 9.343760014 4.162911406 -3.38
11.1987252 -1.299178918 11.1987252 0.4311320714 23.11009123 9.830039681 5.460302268 -4.06
13.2604837 0.05611111111 13.2604837 0.05611111111 17.78452474 6.949067234 3.24065958 -3.29
12.20060369 -0.4986701855 12.20060369 0.0666042145 20.15533768 9.579409169 4.706636982 -3.13
12.11482535 -0.8823291892 12.11482535 0.04882818468 22.37607157 8.739396734 3.266505142 -1.42
9.432524149 0.07991591081 9.432524149 0.07991591081 15.82181533 7.448788855 4.21519402 -0.56
13.2050245 -1.248341583 13.2050245 0.01628280633 20.43365553 8.577191031 3.820730255 -2.47
13.84762829 -0.47200822 13.84762829 0.1275879448 15.59980174 6.44871392 3.217005231 -3.29
13.11234646 0.01803870622 13.11234646 0.01803870622 22.54745322 8.947345699 4.314369319 -2.91
10.89326614 -0.8499858737 10.89326614 0.02034025738 23.51180005 12.6432035 7.518587335 -3.15
13.68170592 -0.2133407478 13.68170592 0.06204511009 31.03191437 13.26065161 6.480719977 -3.59
14.58294864 -5.138604388 14.58294864 0.02344215628 61.98449705 26.82609635 16.9058781 -7.22
11.72311507 -0.5415928055 11.72311507 0.2433304065 18.8425116 6.96647929 2.979081402 -3.16
13.79436198 -0.525237582 13.79436198 0.1288581919 18.36734694 7.552647234 3.84 -4
6.263563454 -0.2035970962 6.263563454 0.08937216553 19.59013169 7.956094451 4.650111255 -2.72
12.61283263 -0.2886473818 12.61283263 0.09545344134 15.13729512 6.238342898 2.780262278 -3.41
12.69479653 -0.1489424288 12.69479653 0.04800642479 16.64732109 6.168551619 2.864915888 -1.81
13.38176917 -0.2059055797 13.38176917 0.02624015911 25.5207484 10.19478186 5.487942197 -2.57
8.197361111 0.355 8.197361111 0.355 5.96 4.96 3.96 -0.04
11.96318666 -1.281923131 11.96318666 0.2291668869 21.63482726 9.271346965 5.173716622 -1.59
12.6952989 -4.37147244 12.6952989 0.4835292396 23.08109798 8.876110519 5.764240139 -2.59
13.25373475 -3.097486661 13.25373475 0.1049757216 25.19295042 10.22675494 5.019633433 -4.1
5.538559303 0.4024074074 5.538559303 0.4024074074 15.07099845 7.431083714 3.487105163 -1.84
11.92435211 -0.3347881811 11.92435211 0.1289769604 14.78031591 6.015739104 2.740772534 -2.79
11.51762798 -0.7074731761 11.51762798 0.09307503097 18.29108891 7.885138694 3.651191871 -3.08
13.34180662 -0.1974494634 13.34180662 0.09130031938 18.81435899 7.570436998 3.058849195 -3.19
12.86009516 -0.3627417063 12.86009516 0.0007555176774 24.04338987 7.185983893 3.161541229 -0.67
14.10711161 -1.178186177 14.10711161 0.05675012598 23.21352287 8.913332549 3.77924818 -2.54
4.104444444 0.8975113379 4.104444444 0.8975113379 8.109290012 3.164716974 1.267674986 -2.23
13.13934173 -3.469538181 13.13934173 0.02947934293 23.59013711 10.03392396 6.003248632 -2.07
13.09194684 -0.3802873155 13.09194684 0.2720035896 18.3101515 7.89759488 3.940023264 -3.06
6.081222377 0.5111538479 6.081222377 0.5111538479 17.54973874 8.207778884 4.419648054 -1.27
2.243055556 0.7661111111 2.243055556 0.7661111111 7.32845987 3.403772294 2.218872017 -0.78
14.80938266 -3.091114422 14.80938266 0.007818241162 23.19401228 8.75693098 5.693114943 -2.973116883
10.97910907 -0.7398079576 10.97910907 0.1237756519 19.30310853 8.15090672 4.063007209 -3.02
11.27221588 -0.9664929658 11.27221588 0.1903250866 17.94684207 8.01279567 4.208242964 -2.86
6.104906207 0.5868005559 6.104906207 0.5868005559 17.32065477 7.258126103 3.574511598 -1.1
12.93857169 -2.308245852 12.93857169 0.1484804889 23.62345524 10.6562607 5.593728387 -3.11
13.27407328 -0.2773706397 13.27407328 0.2536829328 25.00672326 12.55900319 7.698339105 -3.1
6.021367578 0.2262143529 6.021367578 0.2262143529 16.28652246 6.365497261 2.754827883 -2.9
13.35112017 -3.522595433 13.35112017 0.1136875376 23.28397115 9.166422664 4.482943673 -2.88
11.61734736 -0.754970203 11.61734736 0.4371824786 21.93714107 10.85636745 6.625436004 -1.76
12.17260998 -0.2852059526 12.17260998 0.2852059526 16.98849681 7.046806243 3.583544975 -3.45
6.29727034 0.8384888954 6.29727034 0.8384888954 15.60214288 6.262849577 2.918000605 -1.64
6.164366005 0.6377544651 6.164366005 0.6377544651 26.85210421 10.99675634 4.984595119 -4.02
13.26388453 -0.2915655182 13.26388453 0.02449766944 22.72392417 9.577749758 4.657017295 -4.46
12.89371108 -1.262988549 12.89371108 0.03700952128 24.07992996 10.83617097 6.236348503 -2.57
12.45499221 0.1543780832 12.45499221 0.1543780832 19.00679024 9.243092967 4.738048365 -2.33
11.97945984 -0.4209992546 11.97945984 0.06502326625 13.74890195 5.284190168 2.536348247 -2.22
14.01093073 -0.414879732 14.01093073 0.2397557504 23.99449415 9.496764516 4.346279786 -2.37
10.44935811 -0.01249508198 10.44935811 0.01249508198 21.93914325 9.543447464 4.206402936 -1.88
13.08341459 -0.06746031746 13.08341459 0.06547477324 13.84429237 4.858365754 1.707043216 -1.79
13.51053046 -0.1826122523 13.51053046 0.04357506731 25.70513314 12.04089359 6.238825558 -3.38
3.384470663 0.7985648148 3.384470663 0.7985648148 7.809851624 3.72297052 1.669752425 -0.82
13.17470015 -0.02070868571 13.17470015 0.02070868571 19.31221409 7.876203576 3.516328965 -2.66
12.52682488 -1.07929111 12.52682488 0.06621034184 26.36301909 13.61033902 9.639955567 -2.89
14.14313431 -0.2450170116 14.14313431 0.1082326133 26.99285668 11.4261183 5.28326072 -4.87
13.47445255 -0.5313312547 13.47445255 0.07711629714 19.98280209 8.20431251 3.914352663 -2.31
13.85240329 -0.03013164525 13.85240329 0.03013164525 22.25705372 9.096492096 3.68817959 -4.22
14.63732021 -0.5917616137 14.63732021 0.0091361699 22.21452973 9.341230681 4.305470483 -3.59
4.405655313 0.6317511758 4.405655313 0.6317511758 11.7223683 4.790306557 2.143361656 -3.08
14.04173091 -0.6260380448 14.04173091 0.009357520786 15.26248573 6.5475795 3.302221364 -1.13
12.65526384 -0.448601317 12.65526384 0.1705442177 17.85963821 8.427108036 3.990447349 -0.95
13.00062609 -0.2496212253 13.00062609 0.02509816128 22.73744817 10.06686083 4.760782995 -3.04
11.46951307 -1.004852844 11.46951307 0.06375766356 19.95244697 7.933331787 3.419258955 -1.98
14.55202535 -0.9521988553 14.55202535 0.03186906988 20.57731854 7.78624457 3.349385525 -4.02
13.53002881 -0.3158073449 13.53002881 0.2392376954 18.71075724 8.160572842 3.952369514 -2.64
11.61622403 -1.157883256 11.61622403 0.2524649287 21.05771387 8.894528586 4.771423704 -3.19
13.82760403 -0.7937667978 13.82760403 0.1061732781 25.56459043 11.53681225 5.739162653 -2.08
5.480456192 0.8370181406 5.480456192 0.8370181406 8.29 7.29 6.29 0.29
13.19332205 -0.2354425968 13.19332205 0.006717101482 21.63482726 8.876110519 4.692887799 -4.59
11.16101206 -0.4976262388 11.16101206 0.2197282236 26.90948373 10.03009075 3.933679732 -3.45
12.7900863 0.08030516601 12.7900863 0.08030516601 25.55956142 12.43642663 6.575695197 -2.53
13.05973835 -0.5994941824 13.05973835 0.04697504619 21.24395321 10.34779683 5.535999888 -2.47
13.76781581 -3.957740733 13.76781581 0.001338515798 22.78182845 9.22383783 5.146487603 -2.4
13.26960949 0.3041513973 13.26960949 0.3041513973 26.10321057 12.82911515 6.617057857 -0.97
4.583748347 0.8785676493 4.583748347 0.8785676493 15.32544717 6.356567762 2.708587867 -2.21
13.32441188 -4.517160607 13.32441188 0.1525090435 20.75987638 8.323451274 4.345775562 -3.5
13.00303816 -0.9381879032 13.00303816 0.1589535012 22.32844597 10.16573192 5.884642764 -3.87
11.68454254 -0.1957692253 11.68454254 0.1957692253 18.32494505 9.289281942 5.016850543 -2.47
13.4329358 -0.6417769788 13.4329358 0.009541381884 27.14392185 10.2740226 5.006618827 -3.435064935
13.60670663 -0.02059718023 13.60670663 0.02059718023 20.76948035 8.70794057 4.209251702 -3.49
13.84165638 -0.3976702767 13.84165638 0.1841764513 17.34650511 7.604232829 3.957285529 -2.48
13.5535315 -0.4764576247 13.5535315 0.1052104668 21.00085988 8.238988762 3.796146237 -3.87
14.29404864 -4.763530978 14.29404864 0.01569162516 27.43776186 10.4531783 6.748047746 -4.15
6.618586782 -0.04767384732 6.618586782 0.001112882653 16.60187854 5.976614057 2.021108008 -1.56
7.154997087 -0.3502424257 7.154997087 0.007878165155 22.71766357 7.445215628 2.678263428 -2.24
12.05540035 -0.0344149238 12.05540035 0.0344149238 20.79528486 10.56966791 6.568624062 -0.93
13.59752135 -0.7267503622 13.59752135 0.008429139542 30.63878108 14.4752753 9.658382162 -2.9
13.56150825 -0.04034155329 13.56150825 0.04034155329 17.31115842 8.059720946 3.857072222 -3.11
12.17610104 -0.2433090306 12.17610104 0.1906748308 21.04476301 10.17189825 6.475413264 -1.26
2.694537037 0.8477530922 2.694537037 0.8477530922 15.86265203 7.499813872 3.877978569 -1.64
12.222199 -0.1044742588 12.222199 0.02939215321 19.50401051 8.039365673 5.086225314 -2.82
5.654217293 0.3724607899 5.654217293 0.3724607899 10.16778524 4.020070308 2.016331286 -1.36
13.69314155 -0.6264500661 13.69314155 0.04398683929 24.13889403 10.19478186 4.425480946 -2.57
9.117006406 0.7091737901 9.117006406 0.7091737901 16.01369601 6.794154869 3.343802527 -2.48
12.77617698 -0.08214183771 12.77617698 0.005884786014 17.91962759 8.045375018 3.784726053 -3.47
2.908467971 0.3946300233 2.908467971 0.3946300233 19.87704225 8.589256123 3.853830452 -1.06
12.64650154 -0.1705165993 12.64650154 0.09277043776 24.95252071 12.53064909 7.416616678 -2.68
4.626554233 0.6570477975 4.626554233 0.6570477975 15.88850298 6.13087331 2.720322526 -3.33
12.25488614 -0.7242236519 12.25488614 0.1602388563 18.28155809 7.498437838 3.806812124 -2.09
13.31518824 -3.098512528 13.31518824 0.09854785877 27.08864099 10.70886851 5.463290477 -4.1
13.45658878 -4.086751889 13.45658878 0.01878579133 26.39465119 11.15792215 6.187399029 -3.67
12.92276809 -0.6637793256 12.92276809 0.09593441067 21.63482726 10.14533206 5.173716622 -3.59
4.815030651 0.950360371 4.815030651 0.950360371 15.36309926 7.156994818 3.498532208 -2.17
6.079039666 0.002323279309 6.079039666 0.002323279309 22.74696328 10.07314382 4.76445222 -3.03
11.26246828 -1.049644018 11.26246828 0.01651536835 16.83408868 7.25998457 3.900567819 -4.01
9.219883984 0.5726350407 9.219883984 0.5726350407 18.20532312 8.237607293 4.068837003 -2.17
12.41298576 -3.499030745 12.41298576 0.03792458574 20.8245349 9.066069863 5.334307142 -1.9
13.12177514 -3.705102513 13.12177514 0.289387099 22.6370817 9.132283929 4.770132567 -2.55
12.51097684 -0.5274152035 12.51097684 0.03730051364 22.34755844 9.810302358 4.748961101 -3.45
13.14614659 -4.364148076 13.14614659 0.5753887074 22.90876039 9.063151562 4.433895545 -2.86
11.40563415 -0.9791890087 11.40563415 0.07890034486 25.12750027 8.942694959 3.313519814 -2.61
12.59148122 -0.3408725154 12.59148122 0.0123182232 19.8199317 8.101096926 4.122367162 -2.48
13.43890965 -3.105968427 13.43890965 0.08561166751 26.9084223 11.20268782 5.698027912 -3.68
11.59641164 -0.08685859899 11.59641164 0.08685859899 21.01978609 8.950050465 4.242809409 -2.85
13.22985688 -4.475134123 13.22985688 0.06873326868 62.32834121 23.42295725 11.25583139 -7.87
13.31229471 -0.8182976244 13.31229471 0.1574490167 24.6094054 11.27723424 6.541728293 -2.51
13.67745614 -0.3001265711 13.67745614 0.008143476526 19.77898305 7.613526657 3.39977756 -3.88
13.58644018 -1.008132137 13.58644018 0.07116386269 28.37013286 12.94035954 7.479146017 -3.64
10.69097279 -0.5220907869 10.69097279 0.5036799981 17.35864376 7.282403957 3.589044923 -1.06
11.62465269 -0.351319453 11.62465269 0.04949428382 18.20532312 7.098394568 3.395667274 -2.17
11.55847754 -0.1910104875 11.55847754 0.1512632275 11.57175254 4.160223723 2.610117848 -1.91
13.73741598 -0.2567798485 13.73741598 0.1378297699 21.04275984 8.360353709 3.676864988 -3.52
13.2824045 -0.7213277388 13.2824045 0.06965024052 22.79147988 10.03904649 5.691316174 -2.39
13.3694623 -0.9872079318 13.3694623 0.02041380595 20.60545252 6.798207951 2.403237992 -2.57
12.33539011 -0.199700477 12.33539011 0.199700477 19.96363681 8.580624201 4.324366375 -2.33
11.88958905 0.003625529741 11.88958905 0.003625529741 19.88646665 8.595328165 4.102218339 -3.05
11.67780591 -0.3169144391 11.67780591 0.2540107316 15.90984179 6.372755557 2.93656365 -2.59
6.036155574 0.715104998 6.036155574 0.715104998 15.7022859 6.595176588 3.338768548 -1.81
12.83718145 -0.9140317569 12.83718145 0.05061549764 26.31692033 11.99063058 6.525231133 -3.75
14.21663147 -0.8835194206 14.21663147 0.00330444761 17.85300812 6.564286565 2.925629843 -3.54
12.8777912 -3.551530125 12.8777912 0.02986661277 23.07131233 10.13862261 5.557248126 -2.6
13.21088353 -4.656948681 13.21088353 0.1031836764 20.66985233 7.430692586 3.902776888 -4.22
14.04666355 -0.769911003 14.04666355 0.02164918745 17.40456051 6.830535911 3.083990953 -3.42
6.039553594 0.428718086 6.039553594 0.428718086 16.35222794 8.429303523 5.701757639 -1.02
7.164359797 -0.3890710865 7.164359797 0.01981357457 26.15173288 8.764418227 3.221170848 -1.5
3.764732222 0.1723009968 3.764732222 0.1723009968 13.83495838 4.85318519 2.053942871 -1.8
12.00259921 -0.4717760305 12.00259921 0.1122665501 15.48810921 6.250069083 3.401210089 -2.9
6.896638915 -0.5787067482 6.896638915 0.0110867032 21.95812784 9.956932472 4.622798627 -2.86
10.31584642 -0.3451879975 10.31584642 0.3451879975 17.26911221 8.01039674 4.093490431 -1.56
13.7839344 -0.7888683128 13.7839344 0.04805300111 22.02002957 8.056780529 3.400529817 -2.19
13.89123906 -1.436448229 13.89123906 0.1544015904 24.9194825 11.03525992 5.561484435 -3.19
11.86432654 0.1329368723 11.86432654 0.1329368723 21.38464106 10.45004264 5.438218318 -1.85
4.375793178 0.842962963 4.375793178 0.842962963 8.815571251 3.104422196 1.134355132 -2.29
13.44293905 -1.346806458 13.44293905 0.01272289934 21.71937843 7.248003273 2.726940871 -3.54
12.22653864 -0.2056806445 12.22653864 0.2056806445 20.78868903 9.55978476 4.807152949 -2.47
13.57674773 -3.114084827 13.57674773 0.1035208655 32.89458194 13.70595557 7.082964374 -4.63
13.75115727 -4.03341141 13.75115727 0.08697435461 29.45261684 13.21624801 7.352519508 -3.53
14.38693059 -1.313181793 14.38693059 0.2028791657 24.11559165 9.687879504 4.768122685 -3.02
13.64656107 -0.08344303012 13.64656107 0.08344303012 22.44261175 9.87268873 4.78607275 -3.35
11.93531506 -1.016436006 11.93531506 0.001654702802 21.94690993 8.947049684 5.654317667 -3.75
13.24266126 -3.88120248 13.24266126 0.05538459715 30.45385638 14.2426657 9.941870617 -3.77
12.41698578 0.03363567649 12.41698578 0.03363567649 11.52096019 3.741178609 1.343913886 -2.13
13.02638167 -3.635702359 13.02638167 0.07635758964 22.5235383 10.23727049 6.41858985 -2.16
13.31867856 -4.382234224 13.31867856 0.2973857815 20.63504751 8.245433733 4.274619157 -2.63
12.31739688 -0.477560769 12.31739688 0.06436930814 22.66044028 9.000804662 5.563630181 -2.02
13.10154022 -1.102398854 13.10154022 0.09734708518 22.24769119 7.895393579 3.232025512 -3.23
12.95142931 -0.3143257132 12.95142931 0.1438730631 27.09465461 12.53100963 6.480729236 -3.95
11.76277798 -3.137086247 11.76277798 0.1972347685 24.93886815 8.80125848 4.093063452 -0.17
6.220968201 0.2214520182 6.220968201 0.2214520182 19.96363681 9.445301444 4.798466584 -1.33
14.34605881 -1.242064434 14.34605881 0.04122871779 25.7376486 10.58573438 6.589427081 -3.88
12.89225494 -0.3695360092 12.89225494 0.1049975837 23.00386301 10.18175727 5.093734433 -3.17
15.75049524 -3.945636933 15.75049524 0.5833907636 23.0943819 8.842091959 3.838120443 -2.665064935
11.86807814 -0.2697533489 11.86807814 0.2697533489 18.49889976 11.07527758 7.45594225 -1.55
13.06390781 -0.9789284425 13.06390781 0.02993478007 26.5865872 9.746547547 3.815284866 -3.03
11.73089742 -0.4467478053 11.73089742 0.4467478053 16.62044612 6.265677934 2.568437793 -3.54
13.86882101 -4.593913488 13.86882101 0.04771833444 22.66602732 8.784439575 4.634497288 -2.52
13.45607439 -3.140440475 13.45607439 0.05071949236 34.20210835 14.84049189 7.976206315 -4.67
13.22968215 -0.3555749766 13.22968215 0.03304530526 27.73511646 9.992918742 4.166932335 -3.08
5.807674398 0.3106117725 5.807674398 0.3106117725 12.10276211 4.620429047 2.077713247 -1.95
10.7987963 0.3978703704 10.7987963 0.3978703704 6.785340254 2.997217039 1.81058855 -0.33
12.91717529 -0.06829366441 12.91717529 0.06829366441 21.50009218 10.05151426 4.793947116 -2.73
10.33546316 -0.04578962339 10.33546316 0.04120681496 30.92522952 14.34759713 7.425946758 -4.08
12.12097206 -3.366969246 12.12097206 0.3414651696 16.19501811 7.721839441 4.97919726 -0.18
11.77955187 -0.2610184923 11.77955187 0.05239797168 18.81814636 10.48833082 7.542265238 -2.23
13.01707843 -0.1148683252 13.01707843 0.1148683252 41.24308879 18.13729064 8.256490837 -2.78
13.66933201 -0.6492592593 13.66933201 0.003611111111 10.76323954 3.83260185 1.53544449 -2.37
13.28744397 -0.2115754388 13.28744397 0.2115754388 21.20911542 9.071409406 4.60917416 -3.65
12.5363591 -0.2208032639 12.5363591 0.07965514414 29.23986144 13.60129825 7.324375254 -4.26
13.11977453 -4.423958093 13.11977453 0.01668211477 27.9706898 11.77471583 7.289755506 -4.05
11.59451307 -0.7826306217 11.59451307 0.02294133703 20.08445732 8.01368539 3.462175223 -1.84
11.22532141 -0.9723395725 11.22532141 0.2055226672 19.46453604 9.578463257 5.894711274 -2.86
11.11479245 -0.185 11.11479245 0.1177806122 11.23353946 3.81754168 1.339369871 -2.87
12.44051635 0.1175491308 12.44051635 0.1175491308 12.23544093 5.052938138 2.356998374 -1.81
13.04228308 -0.4236428232 13.04228308 0.03085966599 23.79581135 11.13739181 6.324143794 -3.86
10.21236443 0.2626957001 10.21236443 0.2626957001 15.97592502 6.413498791 2.717221612 -1.52
6.702995323 0.2151057151 6.702995323 0.2151057151 16.49051294 6.804501293 2.982864739 -1.68
13.40045248 -3.930619046 13.40045248 0.07984504913 24.7741119 10.93707055 6.023558355 -3.34
4.537277337 0.3942705971 4.537277337 0.3942705971 14.48571848 6.121751924 2.943051447 -1.45
12.6792665 -0.5797222222 12.6792665 0.06647195452 14.52709221 5.241931255 2.174988566 -3.06
12.27824587 0.1926235519 12.27824587 0.1926235519 23.68993658 10.21218996 5.361513695 -3.46
14.68375011 -0.7415112959 14.68375011 0.05756966709 27.5069509 10.96366861 5.463120145 -4.66
13.80240778 -0.860823265 13.80240778 0.006464702609 24.00914428 10.01036825 5.687420352 -4.13
13.23924174 -0.428678996 13.23924174 0.154567136 27.98869723 13.09740316 8.784912878 -3.59
12.5227181 -0.6917566114 12.5227181 0.2687126795 18.42195076 7.477030569 4.421341268 -2.37
4.587519999 0.6702242903 4.587519999 0.6702242903 14.33242568 5.301014562 2.397834866 -1.61
6.086598362 0.07699248166 6.086598362 0.07699248166 17.08537039 8.378177393 4.631852552 -1.75
14.15704684 -1.148962428 14.15704684 0.02909863946 25.88099663 9.850865246 4.333521814 -3.75
5.830804412 0.7211444935 5.830804412 0.7211444935 25.52398634 10.78616764 4.989793848 -2.75
12.84924272 -4.416623208 12.84924272 0.04340103785 30.15555544 13.7020934 8.586897916 -3.81
12.79968678 -0.9077355677 12.79968678 0.01744288925 20.79528486 10.0216853 5.543997619 -3.93
13.41396166 -0.1654180086 13.41396166 0.1654180086 21.35578353 8.69876169 4.56010139 -1.88
12.71503855 -4.270333857 12.71503855 0.3231271521 18.0433927 6.999967443 3.71528719 -2.34
14.08387973 -3.583011238 14.08387973 0.1045634396 17.22075 6.034051491 3.296767729 -2.61
12.20688485 -3.719643676 12.20688485 0.06140267861 20.27040902 7.673826442 3.742686747 -3.01
13.23577382 -0.6028150557 13.23577382 0.0734266083 21.00004957 9.705234089 4.418265612 -2.25
11.94654891 -1.022753842 11.94654891 0.13128963 20.23009518 10.14862235 5.497216423 -2.51
14.13656399 -3.098260464 14.13656399 0.07604977008 24.31887045 9.816598844 5.011486947 -3.81
13.82068906 -0.2805381944 13.82068906 0.2805381944 21.64918048 9.057335792 4.113646196 -3.87
2.275 1.19 2.275 1.19 4.46 3.46 3.46 1.46
8.845675497 0.6796032069 8.845675497 0.6796032069 16.50576747 8.48758639 4.575317432 -2.35
13.181439 -4.406383235 13.181439 0.1792683925 17.18773834 5.627757989 2.656999213 -1.24
12.16955459 -0.9136036181 12.16955459 0.2209061634 21.53125141 7.631144053 3.106078659 -2.31
13.73380035 -0.4450903651 13.73380035 0.002324558101 29.8723557 13.99334968 7.546920354 -3.1
13.14020425 -0.2884572467 13.14020425 0.07564134779 35.55784661 15.02318778 7.527984314 -6.84
11.23731167 -0.8309410431 11.23731167 0.187884174 18.43408939 7.978708425 3.705289177 -2.93
12.81816954 -0.7918184482 12.81816954 0.2055862104 22.46162567 9.498852056 4.522248154 -3.33
13.66351836 -0.2304951906 13.66351836 0.07052591221 32.94822194 16.22575067 8.438623763 -3.43
13.97160579 -0.8638554 13.97160579 0.0345049703 21.00004957 9.705234089 5.272109835 -3.25
12.48324145 -0.09807844125 12.48324145 0.07349442555 16.20670059 7.274176875 3.628719722 -2.66
11.99278088 -3.323497933 11.99278088 0.07900450883 21.54820667 9.214518844 4.961103152 -1.68
13.41156873 -0.3551037189 13.41156873 0.285351381 24.27046352 12.02173533 6.82633628 -2.86
13.70042708 -0.07897421247 13.70042708 0.07897421247 27.57353968 12.1058235 6.347901744 -3.59
13.94353679 -0.8953488757 13.94353679 0.03384327496 21.68132325 7.348495477 2.794247674 -3.38
13.77840938 -0.4672729279 13.77840938 0.05774382772 23.2992844 10.43960015 5.147888966 -3.45
12.25932343 -0.05342461541 12.25932343 0.05342461541 17.29216677 7.627340251 3.681037196 -2.13
6.093527837 0.147634086 6.093527837 0.147634086 17.00803373 7.376370067 4.168145991 -1.83
13.39954915 -0.6390757067 13.39954915 0.3175944822 16.93160043 5.752926484 2.729830709 -2.51
13.28370818 -0.1922322478 13.28370818 0.1922322478 13.55908832 6.34158152 3.323230382 -1.87
13.01175403 -0.4369169078 13.01175403 0.01719737245 27.41809085 13.22461161 7.912343619 -2.17
13.53061185 -0.7754743351 13.53061185 0.2827412495 29.19591645 12.83187377 6.599034393 -3.53
8.942407407 -0.05478395062 8.942407407 0.05478395062 6.71627907 2.460285375 1.288581315 -0.4
12.1303458 -0.956023715 12.1303458 0.01369992441 14.93430733 4.377414641 1.412853872 -2.18
14.11155691 -4.203422708 14.11155691 0.02148214693 33.77385084 16.30651942 9.47474113 -3.58
11.80102261 -0.9227981102 11.80102261 0.3341284459 25.91870297 12.6955198 6.531696468 -3.16
12.88931738 -0.7269836735 12.88931738 0.1757027719 18.37344508 8.30643997 5.035472478 -1.42
13.46144324 -0.1802184213 13.46144324 0.1802184213 25.00392934 10.45801363 5.073460836 -2.3
12.67764427 -3.622492809 12.67764427 0.1151943185 21.50746528 9.081770106 5.235354273 -1.2
10.91373204 -0.7353055108 10.91373204 0.1724129109 46.01926149 19.8459757 9.347547298 -4.08
13.14215223 0.05969772582 13.14215223 0.05969772582 16.25491836 5.483551336 2.419139109 -1.61
11.62247092 -3.154639051 11.62247092 0.4278657863 28.29990555 11.8945241 6.133604845 -1.48
13.1251764 -0.6474949236 13.1251764 0.09078064495 18.68302526 7.49035057 3.205026559 -3.33
13.28208314 -0.5386126485 13.28208314 0.1594098209 20.95678939 7.562766314 2.830551229 -2.37
13.69437883 -3.085814743 13.69437883 0.4339766704 22.97540465 9.103896703 4.45803054 -2.79
12.71770051 -3.516914511 12.71770051 0.311064789 23.11825638 9.545849741 4.769983126 -2.64
11.8462963 0.07518518519 11.8462963 0.07518518519 8.696948085 3.878969377 1.716368061 -1.89
12.9009289 -0.9325913748 12.9009289 0.08755544697 25.02818363 10.38409035 4.957329075 -4.64
13.28249643 -0.2297264214 13.28249643 0.003281420593 22.39594151 9.364895145 4.674523314 -2.8
11.94871653 -0.1226388075 11.94871653 0.08586870853 17.97674299 6.959572478 3.533420521 -3.41
13.80647479 -3.662495766 13.80647479 0.08988542374 27.07186157 10.93038732 5.594864542 -4.51
14.294492 -3.335128024 14.294492 0.01740471176 22.28891527 9.605995283 5.603021274 -3.4
6.111248347 0.783534738 6.111248347 0.783534738 16.07173008 8.733495965 5.105955252 -1.8
3.723169722 0.4771049441 3.723169722 0.4771049441 17.05489273 8.33328336 3.888688023 -2.38
14.17938827 -4.901021637 14.17938827 0.09738378685 20.79829374 7.992634374 4.196480182 -2.46
13.20709881 0.337585139 13.20709881 0.337585139 18.3831172 7.641676464 3.672168487 -0.65
12.86232174 0.1003126862 12.86232174 0.1003126862 25.92841249 12.70254193 6.33916828 -3.15
11.5712537 -0.2894522917 11.5712537 0.2894522917 12.10632304 5.313943987 2.491481706 -1.36
12.7460256 -3.593811507 12.7460256 0.2281463647 23.264648 10.3577116 5.351329604 -1.9
13.78254803 -0.33000643 13.78254803 0.1582559104 11.85663351 4.472407679 1.896543394 -2.21
12.99229686 -4.511728553 12.99229686 0.02740740741 12.07434426 3.755941247 1.871402593 -1.98
12.45192933 -0.2821990741 12.45192933 0.2416203704 15.15610213 5.051536488 1.764086786 -1.39
11.82993912 0.04753006246 11.82993912 0.04753006246 18.32021963 6.517092362 2.800890137 -1.46
6.1197843 0.24481387 6.1197843 0.24481387 14.64525106 4.915223716 2.017128917 -1.68
12.6179303 -0.008623446292 12.6179303 0.008623446292 18.26249742 8.276216611 4.406667757 -3.11
6.164532719 0.7529447758 6.164532719 0.7529447758 20.75628722 11.13370902 6.285469927 -1.97
12.28568417 -0.1270983117 12.28568417 0.02983047505 16.76099197 6.903068226 3.927330048 -2.69
14.17097267 -3.332727726 14.17097267 0.01922682692 25.12306552 9.944517641 5.464271238 -3.98
12.80367775 -3.795745747 12.80367775 0.1094053749 22.66044028 9.857968282 6.230949954 -3.02
13.5811856 -3.157529113 13.5811856 0.08799611238 34.26754526 13.84709894 7.309005133 -4.19
14.81080341 -0.8870189606 14.81080341 0.02676865131 24.15430527 10.10457681 5.407492301 -3.98
12.60654491 -0.4811104313 12.60654491 0.02484883441 17.63423204 6.753073329 3.311410573 -2.77
10.72683151 -0.9664908697 10.72683151 0.2184832375 23.98979259 11.31922727 6.918118678 -2.15
13.64890039 -4.025889346 13.64890039 0.1133325785 35.26104821 18.55622423 11.36762613 -3.22
13.14949619 -0.5614480432 13.14949619 0.07316552997 27.19190083 12.02725676 7.065157346 -2.4
12.8889344 -0.2111283279 12.8889344 0.2111283279 18.26249742 7.866465865 3.388952239 -3.11
13.6934227 -4.643609269 13.6934227 0.01900106425 26.35641975 10.56688466 7.119426306 -3.25
14.56180758 -3.809052605 14.56180758 0.04672607856 19.31221409 6.94753433 3.214384383 -2.66
13.85363465 -0.5689102655 13.85363465 0.03237901025 21.32803708 7.166296353 2.561556785 -3.77
5.564375808 0.3525485665 5.564375808 0.3525485665 25.15513785 10.92107057 4.977549887 -1.14
4.393796296 0.5948261527 4.393796296 0.5948261527 9.650773083 4.13042104 1.898287646 -2.56
13.24744006 -0.8902029307 13.24744006 0.07428420603 26.15177448 11.87666763 6.647371562 -1.92
3.643354907 0.1066967829 3.643354907 0.1066967829 16.22598682 6.463714556 2.816909052 -1.64
12.53916478 -3.366303322 12.53916478 0.006029830142 18.73457521 7.983276561 4.076187645 -1.6
13.16530551 -0.2353853145 13.16530551 0.04196209414 25.29762397 11.75542336 6.660182663 -2.8
14.0133315 -4.685513833 14.0133315 0.00107882842 24.0575267 9.651201355 5.208114847 -4.08
4.217300879 0.7272685185 4.217300879 0.7272685185 8.754379607 4.418501829 2.555922133 -0.83
5.960356124 0.7891402719 5.960356124 0.7891402719 14.54583727 6.221596474 3.185081844 -2.04
12.24347073 -0.007446590558 12.24347073 0.007446590558 53.09847305 31.06579732 18.87491703 -5.26
12.83002475 -0.950787037 12.83002475 0.07015206391 17.04801471 5.959181913 2.72700072 -2.08
5.883684003 0.1907386294 5.883684003 0.1907386294 19.96363681 8.997402865 4.798466584 -3.33
11.1861321 0.1173350205 11.1861321 0.1173350205 18.54854092 8.470066863 4.545484841 -1.81
12.2012581 -0.3765373286 12.2012581 0.364105525 18.07421562 8.545320424 5.130512893 -2.27
13.40749064 -4.030480324 13.40749064 0.00117244583 23.71894703 9.822769826 5.373773406 -3.43
13.31541618 -0.680213485 13.31541618 0.003821344444 27.64432956 13.96569571 8.32578786 -2.94
11.99133309 -0.01226038129 11.99133309 0.01226038129 14.83797898 5.807220278 2.450391431 -3.47
6.034366065 0.6336892787 6.034366065 0.6336892787 16.09678329 8.233042777 5.249208713 -0.28
13.98493878 -0.9687818029 13.98493878 0.1037383189 45.47660803 22.16275923 12.98010138 -6.05
13.52801549 -0.08245674813 13.52801549 0.03399407911 19.23700012 8.179604684 3.742784932 -3.74
13.54089079 -0.4763175548 13.54089079 0.2472490622 21.44236243 9.145207621 4.040241939 -1.79
2.340277778 1.046296296 2.340277778 1.046296296 4.166666667 1.632653061 0.7346938776 0
14.26450482 -0.4610238331 14.26450482 0.06842300593 17.68181154 6.887940638 2.717568018 -2.4
13.36816864 -0.5334808831 13.36816864 0.03047896663 24.4744961 8.123687076 2.972871725 -2.32
12.4240662 -0.4834815806 12.4240662 0.1658557721 22.04893412 10.43501705 5.356868205 -3.16
13.2967077 -0.8279503993 13.2967077 0.111335791 27.04601899 12.49704142 6.650519031 -4
12.03198828 -0.04145103341 12.03198828 0.04145103341 21.66399479 9.760460165 4.646683213 -3.17
13.77939358 -0.7911368313 13.77939358 0.1197252929 21.58670242 7.496101562 3.269609949 -2.64
9.755637495 -0.5936273427 9.755637495 0.5936273427 17.29632108 8.540593464 6.800193333 -1.06
11.45784643 -0.1689578371 11.45784643 0.1689578371 15.46667927 6.101452057 2.680209565 -3.06
10.1864814 0.07849628895 10.1864814 0.07849628895 15.94760114 6.06765994 2.427753736 -1.55
13.39338569 -3.784973295 13.39338569 0.004237407721 24.62878003 10.01376803 5.262927994 -2.49
11.41196789 -0.7407033123 11.41196789 0.5760727688 17.7959188 6.850325562 3.491595094 -2.6
11.63162037 -4.15462963 11.63162037 0.5150462963 12.86756757 4.757579328 3.124206556 -2.2
12.06151794 0.05309467967 12.06151794 0.05309467967 20.28259561 9.246076843 4.386804877 -2.63
11.56674965 -0.2072482048 11.56674965 0.2072482048 10.2571593 4.160223723 1.880918857 -1.91
13.37779073 0.02500092411 13.37779073 0.02500092411 20.41430099 8.87719681 4.487033715 -2.86
12.41727111 -1.324661669 12.41727111 0.2295638248 21.97621741 9.395276004 5.668283558 -3.72
12.9681656 -0.6649084047 12.9681656 0.007651938533 20.85378648 7.865896291 3.978717538 -2.87
13.46505085 -0.6294548037 13.46505085 0.07534863946 22.00076097 9.110199419 4.270428534 -2.21
5.781719612 0.4162145167 5.781719612 0.4162145167 9.297808405 3.572063631 1.435259816 -1.94
4.236294265 0.8148985366 4.236294265 0.8148985366 12.62236083 7.487097433 4.901229774 -0.83
8.711199216 -0.1893008314 8.711199216 0.1198053666 7.676858313 2.825734753 1.222590061 -1.96
5.850660431 0.4526417234 5.850660431 0.4526417234 8.909124352 3.341182435 1.236903835 -2.36
13.88312432 -4.053146015 13.88312432 0.006868181107 29.0661078 11.81234741 6.898649905 -3.44
4.660755909 0.5844723692 4.660755909 0.5844723692 17.6912867 7.892578186 4.012872981 -2.71
12.40999515 -0.1031486214 12.40999515 0.1031486214 21.41350069 9.544151263 4.920519784 -2.82
13.13332058 -0.2261663832 13.13332058 0.2261663832 9.094017447 3.4504539 1.372347668 -2.16
13.50647831 -0.8425091595 13.50647831 0.0007192527557 23.29873053 8.336495398 3.343963236 -2.83
12.93000679 -0.5373712041 12.93000679 0.03406943881 23.64158962 11.07491951 5.706938637 -2.51
13.12118386 0.1293055556 13.12118386 0.1293055556 15.34969792 7.140650101 3.269927798 -1.55
13.2350458 -0.7838254063 13.2350458 0.004794634085 19.18837139 7.704379546 3.724483313 -4.14
13.78501526 -3.97066299 13.78501526 0.04044814483 26.13044331 10.34542105 5.683748208 -2.49
12.74391715 -3.875427557 12.74391715 0.03504252677 22.95558549 8.962836784 4.918470236 -3.22
12.84141679 -0.9696092692 12.84141679 0.1889063448 22.75287538 9.596601692 5.151824253 -3.43
13.60235729 -0.9938803317 13.60235729 0.052896681 27.39627418 12.26906383 6.615191974 -3.64
6.3087018 0.5375558233 6.3087018 0.5375558233 17.55842502 6.616240879 2.733863932 -2.29
13.63498698 -1.728082848 13.63498698 0.04014415791 44.53040063 21.16577561 14.77701512 -5.63
12.59756273 -0.8386174099 12.59756273 0.1324971813 19.47440449 9.016280379 5.07131741 -2.85
13.5658244 -0.6074558033 13.5658244 0.06750301265 27.36891493 12.65340859 8.176415019 -3.22
13.70555017 -0.6901342325 13.70555017 0.01095036008 23.61391672 10.24326818 5.126538836 -3.12
11.68052625 -0.2025980915 11.68052625 0.2025980915 11.73370685 4.399014027 1.928744664 -1.34
14.1160022 -1.406259159 14.1160022 0.176826811 19.28692217 8.365261646 4.527287161 -2.04
13.91592999 -4.610312797 13.91592999 0.0373207668 22.9944482 8.467314509 4.256746424 -3.77
4.675272296 0.2155079605 4.675272296 0.2155079605 24.62620477 9.245455852 4.590687808 -2.7
13.09164044 -0.4411588585 13.09164044 0.03942664556 21.09616156 9.330957031 4.939152045 -2.15
5.959448066 0.509415155 5.959448066 0.509415155 12.61589871 4.305872013 1.565741055 -1.91
11.1948896 -0.9322412349 11.1948896 0.3544776441 21.08785432 10.78910277 6.444121204 -2.63
9.806352646 -0.8245411549 9.806352646 0.3841491875 14.81177737 5.58888138 3.207314643 -2.11
10.51251484 -0.1218703462 10.51251484 0.02786522634 17.1047072 6.643238985 3.389817532 -2.73
13.13105272 0.01833728875 13.13105272 0.01833728875 18.40184975 7.319711551 3.344035458 -2.63
12.62328591 -0.7491051389 12.62328591 0.1152772765 18.89235232 8.596589415 4.553897161 -2.44
11.13727011 -0.4423298997 11.13727011 0.03066372253 19.19000316 8.149738959 3.969503573 -3.79
9.173611111 0.6388888889 9.173611111 0.6388888889 3.67 2.67 1.67 -0.33
5.77468128 0.1910185185 5.77468128 0.1910185185 11.97194245 5.11399177 4.290610565 -1.1
11.08150751 -0.9698276554 11.08150751 0.1177135982 21.61485569 9.606294774 5.086948685 -3.09
12.95254493 -0.01366897342 12.95254493 0.01366897342 17.94336278 7.043902313 3.191777444 -3.12
13.66151798 -4.382873039 13.66151798 0.02980678382 21.62520183 9.26502746 5.010085139 -2.6
12.28290104 -0.2954652773 12.28290104 0.2877193225 20.41430099 8.87719681 4.506403338 -3.86
11.44652062 -3.61677943 11.44652062 0.1196630665 24.81614674 10.72633917 7.954307381 -2.45
13.11628923 -0.9460815347 13.11628923 0.03135148208 21.03934588 7.123066301 2.732337216 -2.28
11.11515302 -0.3564017303 11.11515302 0.1074480348 18.32494505 8.272920223 4.788877195 -3.47
11.67890075 -0.8103413608 11.67890075 0.007810846561 17.87204058 6.575392625 3.278937417 -2.52
12.85609705 -3.54728271 12.85609705 0.337944583 22.16703257 9.311015753 4.703099092 -2.64
12.25203282 -0.1902383402 12.25203282 0.00671357087 20.78868903 8.72034143 4.807152949 -2.47
12.74451364 -4.056926771 12.74451364 0.0767903689 24.80538926 10.40347363 5.939679142 -3.83
12.63816764 -0.4075695535 12.63816764 0.02790017843 18.13863449 7.78570959 4.041612244 -2.24
13.12713373 -0.7791566749 13.12713373 0.139800837 18.56750133 7.570866068 3.969492828 -3.22
14.4498692 -3.703053402 14.4498692 0.1458921596 29.8387366 12.30337552 6.120770975 -4.64
12.26258982 -0.4438967362 12.26258982 0.2437115247 17.56208919 8.171835068 4.840239651 -1.79
5.271062157 0.5536613002 5.271062157 0.5536613002 19.39017073 8.326152659 3.736491803 -3.3
14.76471138 -1.813223873 14.76471138 0.03546838659 62.15178397 29.21500358 19.29380369 -7.39
6.134876376 0.6436566708 6.134876376 0.6436566708 17.54005844 8.200950511 4.418891474 -0.28
13.28691253 -4.639295031 13.28691253 0.002657312925 21.054647 7.779508326 4.037729386 -2.25
5.537947846 -2.076226852 5.537947846 0.2694371221 16.27 7.567971465 9.015632649 1.27
11.77481181 -0.4052993941 11.77481181 0.4052993941 20.85592721 9.605995283 4.687665552 -3.4
12.99110918 -0.5608346794 12.99110918 0.1930347137 19.64606568 9.197936874 4.789250997 -2.11
13.6653601 -1.136820248 13.6653601 0.05481339758 21.24395321 7.747124243 3.964462866 -3.47
14.05625663 -1.077068181 14.05625663 0.1410367328 26.95848386 12.43596333 6.42037381 -4.09
6.033841321 0.6349686972 6.033841321 0.6349686972 13.69158659 6.005751973 3.247606903 -0.28
13.31458276 -3.770293066 13.31458276 0.1055941358 18.47223489 7.261504628 3.463802412 -2.89
11.83906594 -0.4049218159 11.83906594 0.04787934618 15.05656873 6.40672882 3.405740368 -2.34
13.44184838 -4.579524273 13.44184838 0.01424121173 27.55200113 11.50022054 6.890597793 -2.48
12.95712213 -0.3155138183 12.95712213 0.08891611118 22.67567628 11.38316716 6.733219151 -3.51
15.226643 -4.846541247 15.226643 0.003063927926 30.64136951 12.42911061 6.871986941 -4.81
12.89066404 -0.1145877319 12.89066404 0.1145877319 24.35759922 11.1035347 5.153761883 -2.77
6.157975175 0.40339697 6.157975175 0.40339697 17.87794435 7.004798829 3.272048618 -3.19
11.6698271 -0.7133333333 11.6698271 0.02296296296 12.30056024 3.553323664 1.144432307 -1.26
6.275725064 0.7167641671 6.275725064 0.7167641671 15.41959079 6.415951755 2.969331083 -2.11
5.761106072 0.7952893519 5.761106072 0.7952893519 15.33114334 8.276683582 5.513625147 -1.06
13.4568109 -0.5249546188 13.4568109 0.1716030664 19.54740555 8.377602009 4.07912426 -2.41
14.16638527 -0.4219458477 14.16638527 0.2372540417 26.83216659 11.24958418 5.247638789 -2.37
8.872615078 0.2738775773 8.872615078 0.2738775773 14.2941175 5.996773366 2.995335818 -2.65
11.92 -0.4107407407 11.92 0.4107407407 5.221242938 1.903089911 1.025681073 -0.92
13.64159288 0.01762401046 13.64159288 0.01762401046 26.99494222 11.65366502 5.878950818 -3.59
6.190768272 0.6504169029 6.190768272 0.6504169029 15.47472251 6.777661197 3.487059563 -1.42
13.20687123 -1.36936567 13.20687123 0.2422453704 16.73749044 6.415951755 3.094632092 -2.11
12.96158668 0.0991755375 12.96158668 0.0991755375 18.69166834 7.758563746 3.422428152 -2.66
13.4709214 -0.1699854941 13.4709214 0.1699854941 16.15539591 6.885223536 3.398437687 -2.33
12.77122802 -4.547150283 12.77122802 0.1856954307 21.19516775 8.461614479 4.732835512 -2.52
5.66179784 0.7569444444 5.66179784 0.7569444444 6.115156446 2.513042562 1.234902099 -0.01
13.19320224 -0.8449117543 13.19320224 0.3591319444 15.8597524 7.499375044 4.477802535 -2.02
12.20019324 -0.02097602017 12.20019324 0.02097602017 14.64525106 4.915223716 1.952913729 -1.68
12.9040669 -0.5561708643 12.9040669 0.01736401643 25.72454542 12.05453469 6.646374638 -3.36
13.6715315 -0.5292346513 13.6715315 0.0457490242 24.43510536 11.20370848 5.282786348 -3.26
12.58904557 -0.3476823507 12.58904557 0.05090779059 17.88705136 7.88362903 3.724286214 -1.46
12.49795369 -0.222481261 12.49795369 0.1919082677 21.16345429 9.818058678 4.656155996 -3.08
12.9095912 0.111805523 12.9095912 0.111805523 18.30820281 7.594964542 3.528907519 -2.73
13.66133967 -0.8214092329 13.66133967 0.1874757072 24.52114369 10.06345702 5.058149425 -4.17
5.593458759 -0.1997222222 5.593458759 0.1997222222 13.90030762 5.811031205 2.466674204 -2.73
13.85013666 -0.806316339 13.85013666 0.04775309809 32.74437863 14.19869997 6.962103993 -3.64
12.90696026 -0.4373095515 12.90696026 0.2049236414 22.2898818 9.704123903 5.106845924 -2.91
13.14049687 -1.205986704 13.14049687 0.04006307883 26.36550099 11.56878686 5.814587958 -4.7
12.0678458 -1.037656368 12.0678458 0.04880007559 14.75454549 4.294281005 1.379875268 -2.38
13.7665622 -4.652435815 13.7665622 0.05199177363 22.30954475 8.699205847 3.992873512 -3.49
13.80504551 -1.099053498 13.80504551 0.05781635802 22.35737135 7.936538184 3.290271245 -2.84
13.15596111 -4.430706607 13.15596111 0.1155736308 25.89058819 10.55718868 5.716529127 -3.74
14.97321864 -2.0315988 14.97321864 0.01379514695 113.8442775 55.38502125 36.49234737 -11.66
13.59914376 -0.4060211435 13.59914376 0.157344393 18.84903917 7.361485117 3.777474231 -2.93
12.98052602 -0.4183473295 12.98052602 0.2258129672 21.6540788 8.888383132 4.700645471 -2.57
10.65535915 -0.7370648581 10.65535915 0.04014243197 14.85073751 5.833949889 3.124570951 -1.55
14.24748438 -1.168619326 14.24748438 0.01696129378 27.6780129 10.59521217 4.608369701 -3.88
12.47517341 -0.4730241443 12.47517341 0.1581898076 22.31904776 10.1993809 5.031513043 -3.48
12.65160414 -0.03125634757 12.65160414 0.03125634757 25.34612193 11.78930789 7.126718034 -2.75
5.518189988 0.962214832 5.518189988 0.962214832 21.71183889 10.6847704 5.597205617 -2.51
14.60863888 -1.199448725 14.60863888 0.03427682874 58.54961856 28.98288506 17.67791261 -7.71
13.10851773 -0.418781013 13.10851773 0.3046653142 22.30954475 9.40175451 4.219343101 -3.49
13.36121415 -0.9177242789 13.36121415 0.2364606208 30.50724479 13.94684375 9.019640252 -3.45
11.00737974 -0.7306232134 11.00737974 0.1339188973 20.32795881 9.244665204 4.451707222 -2.95
10.98355277 -0.8901695015 10.98355277 0.06315653655 18.80622004 7.831660862 3.990177704 -2.54
12.42156974 -0.8327687495 12.42156974 0.2251925076 13.86357684 4.723181604 1.817381858 -2.1
6.475135739 0.01723356009 6.475135739 0.01723356009 14.58157465 6.184538506 2.980418842 -1.35
13.35756026 0.03114921895 13.35756026 0.03114921895 17.78452474 6.949067234 3.139726393 -3.29
11.77134132 -0.4420551461 11.77134132 0.1405632716 12.27336779 3.859884932 1.442985332 -0.77
12.59144611 -0.02386783626 12.59144611 0.0185723209 20.91570719 8.883526176 4.613773158 -2.96
11.9018452 -0.002774975887 11.9018452 0.002774975887 14.45213181 6.161532072 2.860464068 -3.14
14.43659603 -1.396859584 14.43659603 0.02076907662 58.12676086 26.56539392 16.67952514 -7.14
13.35521161 -0.04825379213 13.35521161 0.04825379213 21.47437896 9.242183323 4.160018098 -2.37
13.24179704 -1.330055088 13.24179704 0.1287968371 22.9845514 9.352497929 4.909272368 -4.19
12.47919394 0.06777919501 12.47919394 0.06777919501 16.45799291 6.372995857 2.705537162 -2.01
12.89227275 -0.331152412 12.89227275 0.1477567547 20.14244765 10.08367347 5.453507729 -2.6
12.67601427 -0.4676049934 12.67601427 0.1824565382 14.56664049 6.07491863 3.190200313 -0.84
13.63675476 -0.3763830875 13.63675476 0.05139554212 19.27460421 7.85298574 3.50353698 -2.7
12.58219386 -0.1587005543 12.58219386 0.1251152683 18.48986813 7.936210826 3.478718915 -0.3
11.42656788 -3.194690492 11.42656788 0.3677369142 16.25872382 5.785836539 2.627093709 -1.93
14.22703629 -4.913939445 14.22703629 0.08587443311 21.72146636 8.20995855 4.043614676 -2.5
11.53775321 -3.746558642 11.53775321 0.02194444444 11.80283321 4.499562176 3.103904817 -1.27
13.19040614 -0.6672656085 13.19040614 0.03899922742 22.40558459 9.37113445 4.829944952 -4.79
13.33087273 -3.72748297 13.33087273 0.05166688767 21.92369543 9.461540643 5.901662397 -2.29
13.97650428 -3.975448974 13.97650428 0.00564414198 25.81744897 9.94544358 4.778933865 -3.44
13.5485688 -1.030066435 13.5485688 0.07146338872 27.79190235 14.07700488 7.857021921 -2.79
10.93569394 -0.1069813975 10.93569394 0.07340381825 14.98794866 6.847340691 4.882791046 -2.41
11.60380236 -0.7410621828 11.60380236 0.01225692085 21.44236243 9.145207621 4.468418389 -2.79
12.92820396 0.05116859887 12.92820396 0.05116859887 16.17535449 6.299709628 2.720108027 -3.02
13.60603244 -4.161347682 13.60603244 0.06432395335 29.23914039 13.46762976 8.088095755 -3.32
12.3381509 -0.1388692051 12.3381509 0.1388692051 16.31278931 6.914173599 3.523242391 -1.55
14.21849601 -0.6802654556 14.21849601 0.04187040711 17.2884589 7.14436302 3.749146737 -3.54
12.22318906 -4.794627846 12.22318906 0.003718595739 22.86584551 9.132622825 6.098254739 -2.81
13.48781167 -3.784867541 13.48781167 0.2134976799 21.02888063 8.133097221 3.891495094 -2.22
12.59029736 -3.272182828 12.59029736 0.5848304044 18.57051318 6.533041679 3.015489421 -2.45
13.72083767 -1.107972395 13.72083767 0.04687719806 45.50333203 23.27223809 14.88235904 -6.58
14.31123549 -1.117695578 14.31123549 0.06874871399 19.80460035 6.076746647 2.183965095 -2.63
6.137327098 -0.7845362103 6.137327098 0.1574698182 15.62983324 5.700970971 2.316578608 -3.61
9.087191763 0.6345171085 9.087191763 0.6345171085 17.89839309 8.973365157 4.584410146 -2.91
12.99184338 -1.126579046 12.99184338 0.005918168448 23.53138353 9.563455058 5.569585322 -4.13
12.40392939 -0.2936804046 12.40392939 0.1815671267 20.88732854 8.865410816 4.483668351 -1.99
12.82381616 0.2256984337 12.82381616 0.2256984337 18.48177204 8.009974145 4.344489327 -1.88
13.25395758 -0.5242579622 13.25395758 0.0004377379842 23.25726291 11.27744024 6.291073485 -2.41
12.58777298 -1.114758164 12.58777298 0.01993826195 27.01491715 12.4015232 7.985795235 -3.58
10.49573892 0.007727344305 10.49573892 0.007727344305 23.12778188 9.551850954 4.66709153 -1.63
12.8603804 -4.63179979 12.8603804 0.01303762258 14.35847635 5.146377065 2.389780503 -3.24
11.3735479 -3.076246775 11.3735479 0.1408412435 20.0690591 8.649757991 5.030211327 -1.22
12.84871174 -4.295663594 12.84871174 0.04961843605 26.20722351 9.717998323 5.567981093 -2.41
14.73449768 -1.412510857 14.73449768 0.02363384324 23.05214556 9.022561233 4.52868434 -3.12
7.388075821 0.1042945632 7.388075821 0.1042945632 21.2820029 11.64254499 7.696539095 -3.02
4.675095663 0.7037311036 4.675095663 0.7037311036 15.32544717 6.356567762 2.818480937 -2.21
15.23769355 -0.8234842604 15.23769355 0.05141107443 24.78893583 9.870969054 4.743513227 -2.89
12.25587384 0.1485871471 12.25587384 0.1485871471 21.83474826 10.29896172 5.314211251 -1.99
5.429579075 0.3734694034 5.429579075 0.3734694034 25.95272825 10.77816065 4.892277667 -2.98
17.00319424 -4.9277535 17.00319424 0.2105021731 23.92206752 7.139159899 2.949279831 -1.22
11.14032291 -0.4935385173 11.14032291 0.2208502924 25.66697133 9.596464762 3.769617353 -3.81
13.73061453 -3.897181346 13.73061453 0.03608960912 25.90017996 10.56322099 5.592436616 -4.73
12.3542728 -0.7009598346 12.3542728 0.08271964611 17.03065588 6.835918387 4.10795972 -1.33
4.472884228 0.8973899282 4.472884228 0.8973899282 11.84191045 4.555659409 1.990240491 -2.95
13.23359984 -0.556860354 13.23359984 0.07817547794 25.77307889 11.17128037 5.570271384 -3.31
13.40977106 -3.043997061 13.40977106 0.06684342827 29.42308626 13.33071188 6.956121319 -3.65
12.39219911 -0.3883461934 12.39219911 0.2332229652 16.23563037 7.293985097 3.819239484 -2.63
13.4434141 -0.7725811034 13.4434141 0.09626054801 22.5091652 9.164328405 4.318446231 -4.28
13.26791115 -0.0278898518 13.26791115 0.0278898518 19.45330228 7.63162971 3.259065383 -2.51
11.6928487 -0.9062931731 11.6928487 0.05155680482 21.91066848 8.459379039 3.858813822 -1.91
12.80116946 -0.811634979 12.80116946 0.09854966644 23.39026248 10.01419509 5.405135167 -3.77
13.9043667 -0.3823654719 13.9043667 0.06453499846 24.21238114 11.47608425 5.960582035 -1.92
13.59442196 -3.778625114 13.59442196 0.05460500499 33.95293224 15.8760579 9.777197276 -3.93
12.58751027 0.2090976074 12.58751027 0.2090976074 17.98626339 8.526154368 4.300495243 -2.4
9.794602723 0.642436417 9.794602723 0.642436417 18.35502134 6.979972975 2.83351129 -3.68
6.152559209 0.1915513983 6.152559209 0.1915513983 14.58622781 5.663673596 2.697138756 0.18
10.72625013 -0.7907844451 10.72625013 0.1270129822 22.11638575 10.48239106 5.991638963 -3.09
11.02772159 -0.5505583375 11.02772159 0.1553760723 25.09987402 9.183256728 3.524575364 -3.64
13.44408009 -4.566339854 13.44408009 0.001796594926 20.33923328 7.534287659 3.650033106 -3.57
13.27306776 -0.02570967055 13.27306776 0.02570967055 26.60846048 11.29875963 5.594315548 -2.45
5.846142763 0.814333979 5.846142763 0.814333979 14.61033864 7.62095192 4.321263874 -1.32
13.4693475 -0.1227401948 13.4693475 0.05245858529 18.35502134 7.624148366 3.298669845 -3.68
5.977803924 0.5869662477 5.977803924 0.5869662477 18.27202759 8.725502468 4.793673078 -2.1
12.78566692 -3.778400797 12.78566692 0.09037917006 21.3220185 9.405173833 5.80566999 -3.39
12.25937091 -0.08995729928 12.25937091 0.08995729928 12.70974487 4.771482002 1.88620463 -3.01
13.79729614 -0.743564191 13.79729614 0.03131313756 22.77248971 8.768823567 3.881340618 -4.67
9.404861111 0.7083333333 9.404861111 0.7083333333 4.67 3.67 3.67 -0.33
6.076736293 0.4749866933 6.076736293 0.4749866933 20.0450791 9.482010939 5.88870225 -1.7
15.32531009 -4.867598391 15.32531009 0.006976426009 27.02378557 9.56906119 4.820648662 -4.56
13.42558496 -0.2091764475 13.42558496 0.2091764475 18.0088014 7.409072195 3.316228603 -3.05
11.50425097 -1.038507128 11.50425097 0.03463468864 14.64869571 5.49043418 2.737903167 -3.28
14.82214284 -2.054087029 14.82214284 0.04300131256 155.6186796 80.37497716 57.13257888 -17.62
9.802713294 0.1916959037 9.802713294 0.1916959037 12.70974487 4.771482002 1.809986883 -3.01
4.832781872 0.8790910809 4.832781872 0.8790910809 14.96811523 6.494186107 2.926801047 -2.59
11.37847789 -0.2885875778 11.37847789 0.2885875778 15.15610213 6.616525346 3.264751991 -2.39
12.73626273 -4.376954658 12.73626273 0.2265867715 19.25710073 6.902001637 4.255446221 -2.51
12.68906875 -4.098459347 12.68906875 0.1076718295 17.84995009 7.111498211 4.175768315 -1.96
13.5301989 -4.525660545 13.5301989 0.003076411924 23.37473044 9.889514284 5.68868288 -3.29
6.104998347 0.8078402935 6.104998347 0.8078402935 17.03703299 9.484724354 5.381061394 -1.8
11.82401492 -0.5555387587 11.82401492 0.05988958528 14.72542715 6.279085849 3.349733593 -3.2
13.98125571 -1.542815658 13.98125571 0.2024178005 21.991127 9.506087556 4.375295289 -3.22
13.61627308 -0.2421179882 13.61627308 0.1975105129 22.72559211 9.385175913 4.346741252 -3.72
14.07168822 -3.928914504 14.07168822 0.1691917713 27.55579563 11.35323463 5.847823272 -3.03
12.96258292 -0.0159319273 12.96258292 0.0159319273 16.87471744 6.974817471 3.019132934 -2.57
11.18048798 -0.4648356009 11.18048798 0.2382347429 26.70807115 9.917702123 3.880044064 -3.67
13.81970035 -1.461334976 13.81970035 0.01829084834 38.4282063 17.93873712 11.86981247 -5.02
12.48460816 -0.5705051388 12.48460816 0.05661480318 21.61485569 10.61921482 5.71686241 -3.09
12.56174383 0.1036381173 12.56174383 0.1036381173 15.62867385 6.881331447 3.385103315 -1.26
12.60025947 -3.48748297 12.60025947 0.06668573516 21.991127 9.506087556 5.933911264 -2.22
3.785917603 0.3130789662 3.785917603 0.3130789662 18.85445705 7.990699394 3.480528069 -2.88
13.36049987 -0.1475392253 13.36049987 0.1475392253 14.19937853 5.344871144 2.338960309 -1.41
13.5307462 0.06559366339 13.5307462 0.06559366339 18.78620978 7.23377643 3.142188054 -3.22
10.72819564 -0.4194904783 10.72819564 0.4194904783 16.31609965 6.9888999 3.173729923 -1.16
12.60379817 -3.29957647 12.60379817 0.5068674414 19.32161746 6.952839959 3.125237048 -2.65
13.48979341 -0.8824964569 13.48979341 0.03249615603 30.08663057 14.62714684 8.514213894 -3.46
12.49466383 0.2798613183 12.49466383 0.2798613183 19.13075672 8.834229711 4.958247529 -1.64
12.21985533 -3.126255407 12.21985533 0.04028864731 24.44257743 11.60202665 7.162201561 -2.2
6.038358958 0.7242160709 6.038358958 0.7242160709 15.73057687 6.613186799 3.235705056 -2.78
6.058895396 0.7799899744 6.058895396 0.7799899744 13.9109663 6.596991445 3.491500474 -1.51
14.05864357 -0.2526395297 14.05864357 0.1961894349 27.68771675 11.42568842 5.16896181 -4.47
5.942467845 0.3353745171 5.942467845 0.3353745171 16.0331778 8.136148429 4.814717447 -1.84
12.70147457 -4.389926853 12.70147457 0.1254848486 22.26096092 9.277680353 5.463231505 -3.94
8.653055556 0.08796296296 8.653055556 0.08796296296 4.966627566 1.738120536 0.9041418956 -1.18
13.27811651 -0.5157216868 13.27811651 0.2963324247 15.67680035 6.913823662 3.574137578 -3.21
9.606224017 0.4091972684 9.606224017 0.4091972684 13.41256566 6.235941669 3.050445915 -1.02
6.18556091 0.769768781 6.18556091 0.769768781 18.32921537 9.246271809 4.820240052 -2.04
14.75899513 -0.7419112576 14.75899513 0.05656934996 24.24497927 7.789294809 2.685294458 -2.57
13.58539019 -1.628025844 13.58539019 0.01183346512 24.88461839 8.949280901 3.579053089 -4.79
11.40018744 0.157968054 11.40018744 0.157968054 18.5008473 8.022491002 4.016756337 -2.86
12.64237481 -1.000736847 12.64237481 0.2130459016 29.76496021 14.97157421 8.904466931 -5.21
14.97321864 -2.0315988 14.97321864 0.01379514695 113.8442775 55.38502125 36.49234737 -11.66
13.39445956 -0.510787037 13.39445956 0.06266770597 15.76835577 5.271629556 1.934453868 -2.46
6.054045887 0.2921941925 6.054045887 0.2921941925 11.02641401 3.983864034 1.729109748 -1.09
13.90154652 -3.808793159 13.90154652 0.002756196607 38.74712784 17.74483712 11.49024439 -5.05
12.39281798 -4.752399731 12.39281798 0.2610821552 21.68295782 8.906802076 5.391208005 -2.54
4.914481975 0.7479876147 4.914481975 0.7479876147 17.691147 7.555801143 3.540580676 -3.39
5.509617079 0.6725131225 5.509617079 0.6725131225 15.32544717 6.015704599 2.358279777 -3.21
12.40445358 -3.715947291 12.40445358 0.1923733487 22.50202698 10.28478329 6.895475194 -3.69
12.18873867 -3.334862369 12.18873867 0.06315432403 24.28573641 10.50407513 7.064215125 -1.36
11.36383601 -0.306427084 11.36383601 0.306427084 16.27420751 7.79396054 4.23565172 -2.59
14.98554221 -1.059802311 14.98554221 0.01925046121 23.18494025 9.964360419 5.102245381 -3.57
12.11972616 -0.6687962963 12.11972616 0.01830309902 13.10974753 4.588186557 2.202969353 -2.89
11.29588384 -0.1718087344 11.29588384 0.1718087344 16.33501359 7.00112939 3.611617267 -2.14
14.0509016 -4.72780869 14.0509016 0.002282188727 27.17122802 10.54721015 4.915625906 -4.68
7.830042934 0.08476900484 7.830042934 0.08476900484 23.85245273 10.01146774 4.914148051 -3.87
11.73155901 -2.868307613 11.73155901 0.2530276865 21.68654687 8.136531698 3.886987308 -2.83
12.6803982 -4.416147065 12.6803982 0.04028105841 24.24138164 10.83659688 7.012256975 -3.03
5.361067885 0.6338945578 5.361067885 0.6338945578 9.531779468 4.009304875 1.620261562 -1.02
5.624427438 0.2661111111 5.624427438 0.2661111111 7.288932462 3.373794183 2.193904845 -0.82
12.18264127 -0.8111086593 12.18264127 0.09609552328 15.09021001 5.758158262 2.773335869 -2.82
13.96677105 -3.629063897 13.96677105 0.0315301112 24.7961279 10.69015424 4.997500613 -2.52
11.46342984 -0.3429815358 11.46342984 0.1795060547 21.54895692 10.54968311 5.86319862 -1.75
13.53524833 -3.497471788 13.53524833 0.03455546878 24.79850308 10.23849908 5.581694046 -2.88
14.3942199 -1.152063042 14.3942199 0.01808823565 23.05214556 8.671386071 4.398143962 -3.12
11.96608731 -1.00173428 11.96608731 0.02575203996 28.67229448 12.6822886 6.445388245 -4.33
12.24793311 -0.3440061518 12.24793311 0.008843309695 18.12130725 7.690895515 4.487059155 -3.68
13.66449594 -1.003098611 13.66449594 0.3537345496 24.06720373 11.37371851 6.500698631 -4.07
12.32995103 -0.05328998961 12.32995103 0.05328998961 13.882695 5.035156312 2.153874394 -2.08
8.803375434 0.2065910781 8.803375434 0.2065910781 14.81177737 6.767072182 3.207314643 -2.11
11.09156226 -0.4524508692 11.09156226 0.4524508692 9.522159782 4.002881594 1.908303217 -2.03
15.06940299 -4.543914504 15.06940299 0.04077704613 27.41809085 11.26214904 5.625951027 -3.17
5.087354343 0.5603317125 5.087354343 0.5603317125 15.00569774 6.156020319 2.846777086 -3.55
11.76004717 -0.9775261028 11.76004717 0.296467967 19.46572366 9.099157037 4.758942969 -3.85
12.74836082 -4.455697375 12.74836082 0.1269701646 15.6575488 6.107635255 3.397114443 -3.23
3.534722222 1.638888889 3.534722222 1.638888889 3.276850394 1.49980284 0.5163568727 -0.92
13.1593883 -0.8882137713 13.1593883 0.0981501649 22.9948061 7.916768346 2.931915374 -2.76
10.9953732 -0.8794314132 10.9953732 0.05039664664 26.79036655 9.596464762 3.607994287 -2.81
13.29961865 -4.287625045 13.29961865 0.009089791443 29.74800522 11.64833821 6.307155129 -4.31
14.14545042 -0.5251442441 14.14545042 0.03631804153 21.09616156 9.330957031 4.939152045 -2.15
12.03571868 -0.2262674792 12.03571868 0.008294123205 20.16545409 9.520762705 5.952702816 -3.15
12.58897912 -4.114345072 12.58897912 0.1042236447 16.34447116 5.183065702 2.547720178 -1.13
12.27061849 -3.165230516 12.27061849 0.113065672 29.51990595 12.4933433 6.261462871 -1.97
13.24777799 -0.7229450283 13.24777799 0.1149081948 21.11443552 7.986632957 3.348091911 -3.75
10.98461798 -0.45618339 10.98461798 0.2796679585 19.13075672 9.340968858 4.958247529 -1.64
11.51794356 -0.3588905651 11.51794356 0.3588905651 20.67345189 9.480717073 4.758039295 -2.59
12.73086453 -4.394505466 12.73086453 0.1381096009 21.60509213 9.14682589 6.186967686 -2.1
13.59485957 -4.527174533 13.59485957 0.07214931343 22.3855765 8.421816254 4.394845795 -4.41
6.169042392 0.7320905431 6.169042392 0.7320905431 22.36656692 10.66609635 5.741066095 -2.43
12.89045397 -0.3100848944 12.89045397 0.08314835535 17.89839309 8.45463519 5.032661702 -1.91
13.50434461 0.06522385198 13.50434461 0.06522385198 17.99858034 6.868124962 3.201257242 -1.81
10.82087113 -0.3981481481 10.82087113 0.1367157974 7.595374078 3.053138101 1.703179075 -1.51
13.41209146 -0.06070192667 13.41209146 0.06070192667 21.38464106 9.524710942 4.74651163 -2.85
11.33873534 -0.4105740495 11.33873534 0.2240262556 16.60944306 6.807778068 3.575871936 -1.85
12.64259608 -4.777778714 12.64259608 0.1361983293 29.72591076 12.94439291 8.615454545 -4.25
10.17068524 0.244953849 10.17068524 0.244953849 22.93732066 10.19905576 4.838097004 -2.83
12.7374768 -0.1695946974 12.7374768 0.1041017156 20.87514034 9.183219804 4.677445271 -2.38
13.44445184 -1.467859009 13.44445184 0.005690672313 27.26421198 9.706526041 4.282396808 -2.31
11.34358374 -0.9726272056 11.34358374 0.08581477346 24.86548011 9.91821828 4.678498739 -3.81
5.860384524 0.4039212347 5.860384524 0.4039212347 25.03227583 10.84189599 5.056106865 -3.27
12.89651079 -1.253278019 12.89651079 0.03083873982 19.12146073 8.432532044 3.831239971 -2.21
4.954374318 0.7462805008 4.954374318 0.7462805008 19.56623044 8.769999831 4.222252853 -2.39
5.431429129 0.3842615736 5.431429129 0.3842615736 17.691147 7.555801143 3.540580676 -3.39
12.74277479 -0.2416024317 12.74277479 0.02688008851 25.8426324 11.30354925 6.753341546 -2.79
12.30547684 -4.034924272 12.30547684 0.08189304542 23.50836723 9.822140044 6.620192151 -3.77
13.7719599 -3.088254322 13.7719599 0.5074523386 25.88374787 10.31150106 5.147993115 -3.37
10.2257075 -0.4709709252 10.2257075 0.311087599 18.24735681 9.23163647 6.032661468 -1.55
11.43137672 -0.7549238 11.43137672 0.5019674724 19.02589903 7.259172588 3.664653981 -2.31
14.20415428 -3.233550849 14.20415428 0.07897295032 21.83946096 8.479523972 4.487033715 -2.86
4.632184744 0.883388133 4.632184744 0.883388133 14.91735537 6.405827263 3.25125 -2
9.424247921 -0.2795601852 9.424247921 0.1151880197 12.75763657 4.689029676 1.787483895 -2.26
10.49168178 -0.3816356056 10.49168178 0.3178703704 13.99743758 4.798391032 2.287960368 -1.96
5.597470868 0.5947134826 5.597470868 0.5947134826 8.430153691 3.062964399 1.368212991 -1.88
6.242680321 -0.0001152683296 6.242680321 0.0001152683296 14.70624214 6.694370032 3.516121643 -1.22
6.189310978 0.5166170635 6.189310978 0.5166170635 17.72335207 7.294934187 3.082091862 -3.11
13.72617902 -1.165180378 13.72617902 0.1887157295 25.02818363 11.60810546 5.394277511 -3.64
11.3847166 -0.4288179286 11.3847166 0.4056969115 15.72114612 6.607181634 3.232128868 -2.79
6.058807755 0.263488688 6.058807755 0.263488688 17.37764038 8.105365998 3.865182753 -2.04
12.4237004 -1.141743998 12.4237004 0.03263016939 21.71183889 8.204163149 4.013022996 -3.51
11.26782407 0.2968518519 11.26782407 0.2968518519 8.506061479 3.205189072 1.91870796 -0.59
13.01104222 -0.8577576741 13.01104222 0.02491429121 19.21705176 7.72227216 3.867549382 -2.11
13.68281852 -1.611307642 13.68281852 0.02196363111 25.49164033 10.17640309 5.801123423 -4.6
12.38684717 -0.174324452 12.38684717 0.174324452 19.27442034 8.534415313 4.687097641 -3.05
9.351160242 0.28 9.351160242 0.28 11.65804996 4.447829199 1.847259538 -3.15
9.917314246 0.4244994803 9.917314246 0.4244994803 17.03592063 7.076871862 3.074701123 -2.4
13.90113283 -4.30791774 13.90113283 0.03266985634 29.74210355 13.49087739 6.998324964 -3.74
4.99845679 0.7222222222 4.99845679 0.7222222222 3.29 2.29 2.29 0.29
13.24266126 -3.88120248 13.24266126 0.05538459715 30.45385638 14.2426657 9.941870617 -3.77
12.39941578 -0.1039436492 12.39941578 0.06857379063 14.17131785 4.305387329 1.613309224 -1.44
13.52668054 -0.8860472958 13.52668054 0.1464446251 25.90899359 11.26214904 6.34162012 -4.17
13.06390781 -0.9789284425 13.06390781 0.02993478007 26.5865872 9.746547547 3.815284866 -3.03
4.433796421 0.9801999643 4.433796421 0.9801999643 14.95872077 6.488088156 3.207966706 -1.6
12.89237969 -0.2489902211 12.89237969 0.2489902211 9.837011372 3.589443414 1.540155476 -2.36
13.46598436 -0.646913554 13.46598436 0.0001879224981 23.29363302 9.172432822 4.237741435 -2.87
12.98938193 -0.4763402938 12.98938193 0.194264326 25.87986642 11.68963978 6.937744322 -4.2
12.87165078 -0.395391209 12.87165078 0.08275424612 24.03093646 11.30577097 6.93114261 -3.62
12.07037556 -0.2869161523 12.07037556 0.2869161523 15.7117158 6.60117823 3.076264128 -3.8
14.27508792 -3.364109505 14.27508792 0.09289183657 22.28891527 9.605995283 5.603021274 -3.4
9.499027526 0.3953083194 9.499027526 0.3953083194 12.43726907 6.059974267 3.467187335 -1.02
5.514363924 0.4882681381 5.514363924 0.4882681381 20.39588273 8.553312062 4.040189586 -2.51
11.58332547 -0.700161544 11.58332547 0.1001497308 22.12602258 9.190719637 4.426612615 -3.08
11.98097229 0.1797197794 11.98097229 0.1797197794 18.85875061 9.143548507 5.286751448 -1.92
13.53764752 -3.104816389 13.53764752 0.1017383385 32.37115928 14.12255812 7.135761566 -4.18
5.590833333 0.7714814815 5.590833333 0.7714814815 6.115156446 2.513042562 1.494503503 -0.01
13.49287804 -4.850420127 13.49287804 0.1147888084 24.66753138 10.03850052 5.278603042 -4.45
13.56173391 -0.1869426729 13.56173391 0.1269357339 21.11538686 8.931993221 4.485518306 -3.13
12.87817431 -1.010396897 12.87817431 0.1103800252 31.94895436 13.26461021 6.076717556 -3.46
4.72295771 0.5180422231 4.72295771 0.5180422231 16.09870489 7.238803757 3.516889411 -2.39
6.176054947 0.6194205666 6.176054947 0.6194205666 24.90347401 12.4939726 6.41066322 -2.73
13.05813238 -4.062855578 13.05813238 0.05668695996 32.47425299 15.26215701 10.41526918 -4.04
13.95693331 -0.2004200398 13.95693331 0.2004200398 22.89924082 9.408159056 4.712300514 -1.87
3.418536824 1.1796875 3.418536824 1.1796875 9.48 8.48 8.48 0.48
11.55381056 -0.346816107 11.55381056 0.09028384299 19.6266099 8.263340847 4.411908631 -2.13
5.513110906 0.45111678 5.513110906 0.45111678 14.01239594 6.250566378 2.822348268 -3.61
10.81005548 0.3466969797 10.81005548 0.3466969797 18.93637808 7.645059826 3.096660941 -1.06
10.83135464 -0.4040562448 10.83135464 0.03933772167 29.3869174 16.62629369 11.06388539 -3.17
11.53376527 -1.274565329 11.53376527 0.3443618775 13.13920968 5.136509258 2.447269722 -2.3
6.332504713 -0.012111309 6.332504713 0.012111309 20.79829374 11.07310389 6.02142851 -2.46
9.9156113 0.1116898148 9.9156113 0.1116898148 10.90416347 3.636707619 1.382927047 -1.22
5.959422601 0.08600239139 5.959422601 0.08600239139 18.40184975 8.39294926 4.066853287 -2.63
14.05280573 -0.3729284245 14.05280573 0.06304988662 20.54700499 7.966197268 3.831213465 -3.35
12.39684351 -0.6114430214 12.39684351 0.06983602083 13.81578852 5.687866047 2.665641781 -3.15
6.17021531 0.2691769022 6.17021531 0.2691769022 13.69158659 5.249208713 2.189602152 -0.28
7.464381567 0.1043605314 7.464381567 0.1043605314 11.5353328 4.61118796 2.355020001 -2.55
14.70230778 -1.206966127 14.70230778 0.02938565318 63.71848866 30.55377713 18.01546169 -8.46
6.726941895 0.134412058 6.726941895 0.134412058 19.87704225 8.589256123 3.853830452 -1.06
13.03342806 -3.819815826 13.03342806 0.1185604033 23.05214556 9.395509441 5.094789348 -2.12
13.52236351 -4.297925231 13.52236351 0.01264788549 35.72623156 15.43086725 8.989433047 -5.09
11.32592706 -0.5698691423 11.32592706 0.2826847381 21.88516798 10.32021647 5.883265584 -4.33
13.86997036 -0.311463565 13.86997036 0.001551855565 17.48586533 6.771766177 3.352663206 -3.61
10.93847136 -0.7296389666 10.93847136 0.1413877796 18.30554662 8.259523082 4.567268489 -2.49
13.25909389 -4.470205947 13.25909389 0.07588967072 26.0617155 11.72966103 7.467440526 -3.55
11.37378416 -1.294257878 11.37378416 0.5201562644 25.6663105 11.10003664 6.619005977 -3.42
12.16591129 0.04321412412 12.16591129 0.04321412412 20.48147045 8.522591694 3.583909915 -2.79
14.10500008 -0.3547283636 14.10500008 0.08606481481 14.26539035 5.602446757 2.484083984 -1.68
13.26679804 -3.706943602 13.26679804 0.05896024796 20.09781624 8.277420661 4.533746328 -2.19
6.141236064 0.6706538171 6.141236064 0.6706538171 16.02354048 7.615466378 3.913370238 -2.85
13.43950257 -3.096529068 13.43950257 0.08534441226 28.65805602 11.77035543 5.73006459 -4.1
11.01905077 -0.4725174792 11.01905077 0.4248639456 9.733912005 3.744477633 1.84535989 -1.81
12.55690477 -4.499990193 12.55690477 0.3040935199 20.38594956 8.769863433 5.575248912 -2.35
11.67847223 -3.021333239 11.67847223 0.1191706772 21.83701371 8.630997571 4.915665909 -3.38
13.46956253 -0.2915313101 13.46956253 0.1320614111 26.13010628 11.9574069 6.221073161 -3.11
12.80300674 -0.6352042391 12.80300674 0.02550925926 15.2919093 6.121118042 3.137821403 -1.1
9.127860783 0.5543091184 9.127860783 0.5543091184 20.79829374 9.566382316 4.64547679 -2.46
10.40723151 0.1550086795 10.40723151 0.1550086795 16.3633875 7.019486305 3.343878016 -2.11
5.979713869 0.7232645819 5.979713869 0.7232645819 27.94090752 15.57324673 8.483433726 -2.3
12.29003133 -0.08418627095 12.29003133 0.08418627095 22.61778566 11.34093382 6.236645882 -3.57
11.10418543 -0.6695973876 11.10418543 0.4619660704 18.16008757 8.159241416 4.504859544 -1.64
13.9314111 -1.97979062 13.9314111 0.2360315107 23.75702013 9.240456233 3.9827603 -2.97
13.42840442 -0.4729935417 13.42840442 0.4729935417 17.94336278 7.716306457 3.605875768 -2.12
4.764764565 0.1941959037 4.764764565 0.1941959037 16.84628099 7.333855701 3.395046909 -1.6
12.04615835 -3.651929065 12.04615835 0.1501646091 14.03810834 5.722383717 3.137674306 -2.38
12.68438387 -4.785628845 12.68438387 0.1261738631 19.13893756 6.60672867 5.139151576 -2.19
12.89227275 -0.331152412 12.89227275 0.1477567547 20.14244765 10.08367347 5.453507729 -2.6
13.52993483 -3.942700838 13.52993483 0.1307184329 25.27822594 10.84211523 5.882564354 -2.82
9.129520837 0.08576315621 9.129520837 0.08576315621 25.59334529 11.55617862 5.771655075 -3.05
12.00495701 0.03697305919 12.00495701 0.03697305919 21.17565472 10.29799662 5.966884004 -0.54
7.48093725 -0.03625339194 7.48093725 0.03625339194 16.96937176 7.350459183 4.150408049 -3.87
13.27466099 -3.752415478 13.27466099 0.3029661514 21.45542383 8.188096511 3.921242786 -2.39
13.20599272 -1.28918267 13.20599272 0.05587537793 24.54798766 8.16153157 2.906005762 -3.24
13.3403524 -4.79235386 13.3403524 0.19944804 19.8199317 6.011667027 2.684353543 -2.48
12.99887031 -3.908777748 12.99887031 0.01338709313 30.73814039 12.11641375 6.751030825 -2.71
13.33185235 -3.134555884 13.33185235 0.05362120529 31.78415878 13.98884941 7.723879901 -4.63
13.95677104 -0.7927112791 13.95677104 0.04143677854 23.68822214 9.106863386 4.084592507 -2.41
13.65553483 -1.036409625 13.65553483 0.1454553311 17.45294697 6.860900769 3.524427486 -2.37
10.29207192 -0.1095347053 10.29207192 0.05389886958 18.37375152 7.302721302 3.304959632 -3.66
14.31936398 -1.30381258 14.31936398 0.1929749077 22.86869872 9.278908896 4.595219498 -3.31
10.9186855 -0.7449627548 10.9186855 0.1225663491 17.8112 8.392733564 4.542996214 -3
11.95991607 0.1415609605 11.95991607 0.1415609605 21.65391151 11.83176613 7.04980925 -2.05
11.98378025 -0.4145510163 11.98378025 0.1709467645 13.8222852 4.955881906 1.6911454 -2.58
4.441993992 0.3848595889 4.441993992 0.3848595889 14.53523687 5.928050218 2.564839319 -2.8
12.12768499 -0.3614600906 12.12768499 0.06327674897 20.63504751 8.245433733 4.57785282 -2.63
14.22785984 -0.5307415281 14.22785984 0.0713012367 27.59256702 12.118265 5.370886165 -2.57
5.841271015 0.1461141794 5.841271015 0.1461141794 18.23390882 7.847806797 4.080528702 -4.14
12.99120647 -0.9397400557 12.99120647 0.0309644385 22.44442847 7.746941811 2.681359618 -3.54
12.52409179 -3.597778286 12.52409179 0.02772563261 21.9664481 9.849215024 5.890159078 -2.73
6.457629913 0.4218863379 6.457629913 0.4218863379 17.86860051 6.696912721 2.857556748 -2.2
11.55649526 -0.08814340716 11.55649526 0.08814340716 19.82050305 8.191861524 4.208283123 -3.12
11.57172108 0.1777706472 11.57172108 0.1777706472 17.27878543 8.518919589 4.728196006 -1.55
13.7931189 -0.4561069624 13.7931189 0.1792897133 27.92837857 11.47052659 5.929014785 -3.62
12.61887489 -4.744263758 12.61887489 0.04383672682 22.36711358 8.431865563 5.435244987 -3.32
15.17322695 -4.790624083 15.17322695 0.2245263638 23.98011703 8.889221193 4.741642635 -4.16
11.14624007 -0.4811928382 11.14624007 0.2277947368 25.73077055 9.632095437 3.786546851 -3.74
6.349967126 0.6177819727 6.349967126 0.6177819727 19.37005771 9.033017483 4.540316872 -1.95
13.12412296 0.08889084534 13.12412296 0.08889084534 21.62461941 10.10066594 5.719796239 -2.08
13.28342279 -4.375602606 13.28342279 0.06399024647 21.15384033 8.20951797 4.333488706 -2.09
6.654641912 -0.05537037037 6.654641912 0.05537037037 11.24296129 4.43009998 2.116962141 -0.86
12.23721984 -0.01214401162 12.23721984 0.01214401162 20.62259698 8.69690885 3.746155868 -3.27
6.599538612 0.09346613977 6.599538612 0.09346613977 17.24352945 7.27320233 3.470643554 -0.87
13.15879706 -0.3554220732 13.15879706 0.07948034769 14.36116078 6.458037915 3.36450525 -1.58
5.839346993 0.5383438949 5.839346993 0.5383438949 13.7154402 7.020969365 4.466614491 -1.71
12.88810341 -3.842793098 12.88810341 0.0393326841 22.62743358 9.126190651 5.099489535 -3.56
13.33249172 -1.01322057 13.33249172 0.1027629692 29.33765643 13.02983067 8.138562541 -3.22
4.505334198 0.7485053811 4.505334198 0.7485053811 22.73744817 9.675648559 4.760782995 -3.04
13.15523101 -0.7970483487 13.15523101 0.04265778534 20.32795881 8.054407484 3.321178729 -2.95
13.89485428 -0.8071065062 13.89485428 0.1155900615 32.76714127 16.63823128 8.707440412 -4.14
12.57133221 -3.968078244 12.57133221 0.03315057559 25.38492324 10.91286322 6.287111539 -1.71
11.61870461 -1.155444787 11.61870461 0.4141414632 20.6198174 8.927484883 4.648794983 -2.11
13.5034761 -0.1344766734 13.5034761 0.01518368922 19.29340843 7.864591801 3.648553123 -3.68
13.48476002 -0.7874625745 13.48476002 0.1694238683 20.8078987 9.572981189 4.667815905 -3.45
5.901273008 0.3872595427 5.901273008 0.3872595427 10.10760181 3.747171836 1.722123466 -2.07
13.80939358 -3.70321185 13.80939358 0.02969135802 22.9748959 7.689843977 3.568709428 -2.2
12.27519271 -0.2392906746 12.27519271 0.1734939904 20.20327948 8.737992077 3.71884856 -3.08
13.10195505 -4.745136133 13.10195505 0.1480324074 15.14669839 4.800951249 1.908927526 -2.4
12.07126838 -0.3249657112 12.07126838 0.09416598851 22.04460689 9.441254779 6.415111906 -3.65
12.82010164 -3.516628433 12.82010164 0.005151181537 20.88474727 8.782428143 4.543289085 -3.37
12.44721 -0.0776872807 12.44721 0.009989554464 19.6980439 8.115495153 4.297345474 -3.25
12.72515174 -0.1761718498 12.72515174 0.1761718498 19.38918862 8.611069785 4.548551372 -3.93
6.435617441 -0.0759892159 6.435617441 0.07204270597 18.17674033 6.449089886 2.867943933 -2.2
12.38726164 -3.371349137 12.38726164 0.102381584 19.09278913 7.644835062 4.607714715 -3.24
12.45335816 -0.6113214653 12.45335816 0.04272591429 21.41961479 10.47613834 5.621449675 -3.29
2.273654573 1.34861678 2.273654573 1.34861678 11.42101563 3.518152522 1.076478468 -3.12
11.15970653 -0.9569567958 11.15970653 0.3204653824 21.3116614 10.99036544 6.627918587 -2.99
10.13250142 0.3066780045 10.13250142 0.3066780045 10.35072598 3.890591661 1.524535178 -1.81
11.72397733 -0.4288560691 11.72397733 0.08566367004 20.23983471 8.671767345 4.156476548 -2.5
14.685197 -1.572867921 14.685197 0.001381162568 60.6927871 30.49422573 21.12093801 -8.86
6.123447082 0.644435505 6.123447082 0.644435505 21.59632693 11.12049234 6.423187268 -2.63
12.22003204 0.06365489547 12.22003204 0.06365489547 20.37699828 8.192576447 3.801157752 -2.53
6.481545222 0.5598489856 6.481545222 0.5598489856 23.68026681 11.59502501 6.31185693 -1.47
13.01176383 -3.635703478 13.01176383 0.1156432666 19.54227682 8.305808542 4.156886611 -2.77
6.480419386 -0.6308956496 6.480419386 0.1409488116 19.64756674 9.700163336 4.507440519 -2.66
13.56239243 -3.085001724 13.56239243 0.01978052663 31.6347601 13.97039891 7.055319791 -4.34
10.00210631 0.1702204401 10.00210631 0.1702204401 18.55808058 6.375503172 3.184332949 -1.8
13.58891854 -3.130145964 13.58891854 0.04468549814 32.31409244 12.99208175 6.833646716 -4.24
12.17172641 -2.42966947 12.17172641 0.1376643991 13.86207594 5.606263466 2.89008033 -1.56
12.63286776 -4.402552499 12.63286776 0.04750606261 18.4995715 7.143160995 4.27915974 -3.29
3.539150683 0.5069831822 3.539150683 0.5069831822 13.40619094 5.854138227 2.598405731 -2.26
13.5851094 -0.2592035767 13.5851094 0.04399734487 31.61082921 13.26061612 6.190229257 -2.98
11.20443185 -0.778755354 11.20443185 0.210340556 18.24343803 7.854024956 3.934196376 -2.13
12.96976847 -0.04001710198 12.96976847 0.04001710198 18.69166834 8.147990042 3.944826628 -2.66
8.871034402 0.01395259781 8.871034402 0.01395259781 16.67660229 8.077541978 4.660591556 -1.69
2.533564815 0.6196409675 2.533564815 0.6196409675 15.10942294 6.533333333 3.172004901 -1.8
11.62956616 -0.9230620808 11.62956616 0.3038776217 22.88020247 9.767499653 4.57553051 -3.89
13.9719063 -0.462969103 13.9719063 0.1825404174 18.46742605 7.359407732 3.135666274 -3.56
5.572519947 0.5470126029 5.572519947 0.5470126029 22.56619928 9.999284366 4.645597078 -3.89
10.81037415 -0.1796759259 10.81037415 0.1796759259 7.783305785 3.184224343 2.069666906 -1.32
15.93656109 -1.769095456 15.93656109 0.2387023799 24.86223259 10.36909161 4.993656103 -3.45
12.58610487 -1.275390914 12.58610487 0.1103936344 23.31599427 9.42340808 5.4635148 -3.35
14.02685281 -0.5274326814 14.02685281 0.0708570105 26.09205802 11.06584835 5.11895363 -2.53
13.56200917 -0.6501495211 13.56200917 0.05431754955 22.85441487 7.304131503 2.410350567 -3.09
13.31664675 -1.337867575 13.31664675 0.2665306682 18.63544197 8.033672117 3.556381478 -3.15
12.60319412 -1.090730752 12.60319412 0.08730917026 27.75254763 13.47011715 9.280958559 -3.83
4.887967923 0.550885561 4.887967923 0.550885561 14.04125035 5.630367113 2.291223936 -2.34
12.0434714 0.02088354799 12.0434714 0.02088354799 24.17366317 11.44876197 6.777941608 -2.96
13.04845459 -0.1735388322 13.04845459 0.1735388322 21.64445292 9.277667785 4.676516423 -3.58
11.73743134 -1.433905896 11.73743134 0.5360648148 12.84322665 5.074072414 2.309023941 -2.17
13.44504477 -3.992953987 13.44504477 0.03639605184 22.74322477 8.831897785 4.687447911 -3.44
11.51053342 -3.223414651 11.51053342 0.07310392521 19.10234603 7.650782742 4.425690656 -2.23
11.35160471 -0.3955363979 11.35160471 0.2668818237 16.89367695 7.36490746 3.83946204 -1.55
13.8677303 -0.9095523642 13.8677303 0.1383979126 23.88337155 9.176174061 3.989360434 -2.26
13.12530956 -3.254950982 13.12530956 0.006373787131 22.46487466 10.19622775 6.652761052 -2.22
13.03986601 0.0779032826 13.03986601 0.0779032826 40.57939013 16.50356665 7.561490917 -2.92
9.763024715 0.3927898326 9.763024715 0.3927898326 16.34213294 6.398480677 2.834945747 -1.84
10.79977262 -0.8759163094 10.79977262 0.0378094473 18.51768065 7.834576331 4.598312715 0.18
12.47331139 -1.080954503 12.47331139 0.3073890569 25.80638048 12.59640514 7.876485478 -3.81
13.95560473 -1.21343261 13.95560473 0.08879321797 21.55969161 8.927063983 4.342012221 -3.28
12.86807178 -3.259666294 12.86807178 0.04201803561 18.11161275 8.125891789 4.291112051 -1.69
12.74691599 -2.844033145 12.74691599 0.3604268836 13.97830983 5.09132995 2.619194282 -1.98
13.13907367 -1.011246391 13.13907367 0.03420798684 28.4294624 11.4120589 6.150721196 -4.1
12.25586855 -0.5130409566 12.25586855 0.05353006397 25.09967792 12.07871715 7.778163832 -4.53
4.849819408 0.1833971508 4.849819408 0.1833971508 19.2422443 7.302590445 3.233158122 -2.46
5.321470616 0.9261630763 5.321470616 0.9261630763 12.96358958 5.442319297 2.509683329 -1.48
13.77851015 -4.901071591 13.77851015 0.005591038885 22.47465157 8.882051214 5.092038432 -4.21
9.272099 0.2479052238 9.272099 0.2479052238 11.74315942 4.74114451 2.436118121 -2.33
12.96061224 -0.4290444469 12.96061224 0.004579606534 19.04330825 8.772870249 4.711510448 -2.73
12.61397181 -0.8092190681 12.61397181 0.1017801352 22.60813795 9.916278198 5.618552007 -3.58
12.2134351 -0.4374250477 12.2134351 0.02744218971 18.07283708 8.578808788 5.131047671 -2.73
6.300309062 0.2097163433 6.300309062 0.2097163433 18.11958352 8.179794678 3.863930346 -1.26
4.586089853 0.5517901497 4.586089853 0.5517901497 14.37720341 5.767110965 2.600559594 -3.22
12.68873675 -0.2887240174 12.68873675 0.2887240174 15.28780227 6.332864688 2.947368753 -3.25
14.03243893 -1.159284061 14.03243893 0.05166092026 22.07863404 7.435290996 2.757069417 -3.15
12.51477024 -0.5705144833 12.51477024 0.006865032739 22.9849263 9.83503104 5.022793099 -3.78
12.77803033 -0.833563339 12.77803033 0.1982999409 22.93432767 10.04482245 5.691173627 -1.74
6.290325896 0.62239605 6.290325896 0.62239605 16.80837099 6.932934528 3.255335129 -1.64
10.02555671 0.3217172147 10.02555671 0.3217172147 13.38548424 4.717296878 1.880138863 -1.06
13.24383527 -1.106379208 13.24383527 0.03878803785 25.96725216 10.87785341 5.362538817 -4.11
15.30990652 -4.072167346 15.30990652 0.007540275114 25.95773487 9.896873659 5.042565937 -3.67
11.65267789 -1.208979716 11.65267789 0.01767401791 22.58884316 8.737065023 5.065492472 -4.6
13.94322535 -0.4588445126 13.94322535 0.1978125262 17.7191559 6.910146838 3.118409943 -3.36
12.6525306 -0.2441389073 12.6525306 0.09231038493 19.71458695 8.034533247 3.815837054 -2.59
9.621979363 0.03412320484 9.621979363 0.03412320484 14.87895846 6.813454807 3.235244213 -2.04
13.57395541 -0.3769496968 13.57395541 0.0690464355 26.80269651 11.52781318 5.802430564 -3.79
11.99225057 -3.677407407 11.99225057 0.04798611111 12.3106891 4.612891231 2.747668872 -2.15
13.29811097 -0.5478179327 13.29811097 0.09708002646 16.94568146 6.169643616 2.583167533 -3.19
13.42727984 -0.7736392639 13.42727984 0.2988675375 25.45283184 11.86394942 7.671854753 -2.64
12.90416109 -0.335989334 12.90416109 0.335989334 20.55825086 8.571895822 3.997688529 -3.71
11.75309179 -3.371096494 11.75309179 0.4441612476 21.00004957 8.474148228 4.297345474 -3.25
5.296486157 0.434937059 5.296486157 0.434937059 20.59591837 8.408284024 3.533933518 -2
13.51245313 -0.8128153082 13.51245313 0.1181444213 22.01039516 9.948517219 5.174660239 -4.2
13.50801297 -1.636757652 13.50801297 0.03906021714 40.11603454 19.6868617 13.90646829 -5.06
12.90308821 -0.9106591589 12.90308821 0.01530272455 24.70628551 11.34424531 6.173953764 -2.41
4.826793948 0.557665134 4.826793948 0.557665134 17.17833599 7.588856468 4.158839383 -1.94
6.699221115 -0.610097763 6.699221115 0.06905218569 21.37502165 10.44316037 5.074465862 -2.86
12.73011635 0.006159161523 12.73011635 0.006159161523 19.73571742 8.138967373 4.31210549 -3.21
9.497349949 0.023516049 9.497349949 0.023516049 18.96857621 7.224726801 3.431297575 -1.37
10.61704189 -0.2800455614 10.61704189 0.2800455614 17.26368198 7.608501178 3.993332397 -1.16
5.609423695 0.6711798169 5.609423695 0.6711798169 15.33046827 7.619789025 4.44784078 -2.57
13.93246719 -1.822115574 13.93246719 0.2382488767 23.54715398 9.455612504 4.014797021 -3.19
11.38891947 -0.9723901929 11.38891947 0.3839758659 25.10367347 11.62015827 6.356764928 -4
12.91313697 -0.1541126722 12.91313697 0.1541126722 18.21826499 9.210042837 5.722087115 -1.58
13.46732995 -4.520311126 13.46732995 0.09321055891 27.16275045 10.84940888 6.523575453 -2.88
12.8329617 -0.3951036418 12.8329617 0.1914580251 18.01815141 7.088683781 2.903148741 -2.04
12.0346492 -3.257928963 12.0346492 0.1467018407 22.5502561 9.877602795 5.581826568 -2.64
13.27258851 -0.2469577291 13.27258851 0.01249910767 23.59013711 12.09094243 8.526579797 -2.07
12.17513857 -0.2633682918 12.17513857 0.1021496809 15.55168794 6.829438072 3.353161775 -3.34
13.40680466 -0.8204483673 13.40680466 0.01839791852 45.05710801 21.3526938 12.53562435 -4.48
13.40097204 -0.3805505165 13.40097204 0.007242239616 20.76438678 8.43119053 4.024994391 -3.12
13.22805505 -4.858664082 13.22805505 0.0316172897 26.33676995 10.98286032 6.878300283 -2.27
11.40248236 -0.9391903332 11.40248236 0.3389352079 22.80113152 9.62804687 5.010700008 -3.38
13.58136668 -0.1387239649 13.58136668 0.1387239649 20.28259561 7.808521359 3.240663361 -3.63
13.82056839 -0.4401313892 13.82056839 0.002201224909 24.64847784 11.75090213 6.752723811 -3.99
14.15107834 -4.450917279 14.15107834 0.004004951792 35.72623156 15.02698824 8.284039598 -5.09
12.45520329 0.2124616822 12.45520329 0.2124616822 15.78270628 6.985464962 3.63187667 -2.1
12.82683337 -3.879525771 12.82683337 0.04733964937 20.73106597 7.951819004 4.036179362 -2.53
12.34133868 -0.9317381495 12.34133868 0.1721068261 22.35737135 10.65207099 6.110178976 -3.84
5.114197531 -0.6728395062 5.114197531 0.6728395062 7.16 3.199293405 3.35379845 1.16
12.2575377 -0.2827494145 12.2575377 0.2827494145 17.93866473 7.282865455 3.51926188 -3.45
8.909166667 0.03587962963 8.909166667 0.03587962963 5.103678161 2.31410722 1.475062751 -0.04
14.7363987 -0.4825467165 14.7363987 0.2076011909 26.0732397 11.13574979 4.836198981 -4.17
12.99976606 0.1051230407 12.99976606 0.1051230407 24.14523663 11.03874934 5.271709367 -3.21
11.48596025 -0.3580504083 11.48596025 0.3580504083 19.96363681 8.192147889 4.640662042 -2.33
12.65561962 -0.3382326396 12.65561962 0.3382326396 19.20880085 8.161680996 3.824938678 -4.77
12.33562577 -0.00151110869 12.33562577 0.00151110869 19.12422274 8.107986566 4.211659643 -3.86
13.01068978 -4.369338697 13.01068978 0.4101515822 19.25529632 7.397505031 4.044343367 -1.07
11.49803622 0.02479886031 11.49803622 0.02479886031 19.98280209 9.458688091 5.193233244 -2.31
12.7593027 -4.357170636 12.7593027 0.1714568094 24.00914428 10.42423305 5.85815002 -3.13
14.16131332 -0.7587160696 14.16131332 0.01959418005 21.77782009 8.379943466 3.951077193 -3.05
12.28278971 -0.3217521358 12.28278971 0.3217521358 18.777578 8.204659487 3.836551909 -2.57
10.05218163 0.2180351777 10.05218163 0.2180351777 13.98647461 5.046485053 1.908927526 -2.4
11.83040732 -0.7636006787 11.83040732 0.1394397203 20.81289924 6.697683066 2.316096876 -2.34
11.90310053 -0.04109542968 11.90310053 0.04109542968 17.30166241 5.957185203 2.522852981 -1.12
11.60007085 0.1718903009 11.60007085 0.1718903009 12.51518953 5.598568642 3.262390865 -0.94
12.36413217 -3.919569519 12.36413217 0.03091826237 24.09952823 10.37765415 6.477358483 -2.55
12.73018314 0.2243258692 12.73018314 0.2243258692 14.06846873 5.917252509 2.603849006 -1.55
13.05425746 -0.0118744129 13.05425746 0.0118744129 18.74868281 7.530357812 3.657866695 -1.26
13.25963902 0.1273322124 13.25963902 0.1273322124 20.7726914 8.516274533 3.817089478 -2.81
12.2876798 -0.2677051052 12.2876798 0.1998083865 15.47609829 5.789569436 2.759770398 -2.05
12.150513 0.08596487575 12.150513 0.08596487575 24.55128571 11.2370817 5.912274079 -2.57
5.980373362 0.3869906807 5.980373362 0.3869906807 16.36102309 8.379602257 4.496795385 -1.5
13.38511409 -1.436270499 13.38511409 0.03006420326 27.50005152 10.43580172 4.258657173 -3.33
9.558155401 0.3628645813 9.558155401 0.3628645813 16.56845853 9.264914632 5.903565633 -1.8
12.8171279 0.09123077169 12.8171279 0.09123077169 25.26852717 12.22740029 6.244737948 -2.83
10.8250463 -0.1030555556 10.8250463 0.001157407407 9.47 4.311528395 4.358753835 -0.53
5.408571744 0.65236678 5.408571744 0.65236678 11.46496165 5.351131069 2.379539444 -1.02
12.66214548 0.0659425517 12.66214548 0.0659425517 21.19017702 9.44610631 4.439315728 -2.67
13.35837466 -3.107385665 13.35837466 0.1033936263 30.82941913 13.8514922 7.385118005 -4.18
6.184476428 0.2377469136 6.184476428 0.2377469136 13.69158659 4.923454247 2.094866528 -0.28
12.73670176 -1.319406278 12.73670176 0.07389219904 24.04073491 9.095743669 5.799188459 -3.61
12.92651185 -3.786347789 12.92651185 0.1561970375 20.77908456 8.335474995 4.480360573 -2.48
14.54344459 0.01265885086 14.54344459 0.01265885086 23.73087063 10.01293817 4.394044682 -1.65
6.015333298 0.7415324232 6.015333298 0.7415324232 18.47046205 9.981539052 5.602714058 -2.32
13.57607625 0.2875526801 13.57607625 0.2875526801 23.20399508 10.80003849 5.581640586 -1.55
11.22836521 -0.8563373414 11.22836521 0.02072181805 18.19244837 8.098567535 5.171267466 -3.15
12.5921978 0.2232152305 12.5921978 0.2232152305 13.96874655 5.786158808 2.59243239 -0.99
13.56144049 -0.05522583619 13.56144049 0.05522583619 21.03344203 8.050823759 3.611521041 -2.53
12.10834766 -0.09079530346 12.10834766 0.09079530346 22.02002957 10.90697107 5.533797267 -3.19
4.698067936 1.106451748 4.698067936 1.106451748 20.30801656 10.78838884 6.593153011 -1.43
4.403873299 0.9179336472 4.403873299 0.9179336472 9.414192912 3.43403111 1.322348659 -2.62
13.57095978 -0.6728024481 13.57095978 0.06860617704 19.53130253 6.564413279 2.459246803 -2.93
12.12904378 -0.03872730355 12.12904378 0.03872730355 19.92530949 9.418544309 5.166653175 -2.37
12.86905215 -0.1678976127 12.86905215 0.01238657056 20.09388915 8.019435359 3.597663318 -2.83
6.157091462 0.1975610011 6.157091462 0.1975610011 18.62676229 7.794142817 3.49958205 -3.39
13.0130685 -3.517097847 13.0130685 0.0822255291 19.4320954 8.134913775 4.505341966 -0.33
12.68596066 -0.1081247997 12.68596066 0.1081247997 18.43931957 7.676772624 3.224512082 -3.59
6.143771503 0.2881727262 6.143771503 0.2881727262 18.74868281 7.870747383 3.542191983 -3.26
10.34188872 0.1617068216 10.34188872 0.1617068216 16.52803173 5.455224262 2.171204373 -2.26
13.15920702 -0.3330918782 13.15920702 0.01525542866 23.12916548 9.991310261 4.729101417 -3.29
11.40567361 -0.9472064179 11.40567361 0.1940688396 23.99564665 10.9064259 5.924298376 -4.72
13.24176792 -3.098819665 13.24176792 0.106051291 26.50486648 11.333576 5.833489019 -4.1
13.29762304 -0.6056732277 13.29762304 0.03378252994 29.5209317 14.25383814 8.26749931 -4.46
9.750744126 0.8253429705 9.750744126 0.8253429705 8.41 7.41 7.41 -0.59
15.14178882 -2.313747164 15.14178882 0.006034526749 151.2361505 77.09358577 55.03281201 -20.33
14.19977767 -0.45931481 14.19977767 0.1115007106 22.77217722 10.94567658 6.312064705 -3.41
10.85168853 -0.9730747924 10.85168853 0.1948417423 16.57333671 7.08644532 3.630762574 -3.28
12.58999216 -0.06965429999 12.58999216 0.06267206265 16.34447116 6.642064229 2.867969952 -2.13
13.78261101 -0.5153420782 13.78261101 0.1353989961 17.53916848 7.033963998 3.372130349 -3.87
3.631585155 1.067205324 3.631585155 1.067205324 17.32065477 8.066237028 4.00054324 -2.1
11.28670827 -1.29596542 11.28670827 0.5720936214 15.98499422 5.632205182 2.824043481 -2.89
12.81513347 -0.8388792934 12.81513347 0.2808467073 22.87562826 10.99960411 6.106064209 -3.8
13.23092457 -0.5973498677 13.23092457 0.4137332481 20.36633053 9.270807218 5.175040062 -1.91
12.81014515 -0.370607757 12.81014515 0.208326712 16.81551913 6.681223692 2.83006683 -2.33
12.34426347 0.1087589531 12.34426347 0.1087589531 18.167807 7.178538932 3.341104573 -1.88
6.290575258 0.1655655362 6.290575258 0.1655655362 18.62676229 7.456116092 3.286276535 -3.39
13.82515597 -0.1940272516 13.82515597 0.170232845 27.39282373 11.98782788 5.328242945 -3.78
12.97590318 0.01781107714 12.97590318 0.01781107714 18.11167399 7.472799449 3.694273264 -0.94
13.2996743 -0.2624676136 13.2996743 0.05235221902 25.43332785 11.29200886 6.66713574 -3.19
13.38347128 0.07849272837 13.38347128 0.07849272837 20.95200267 8.825970302 4.27892663 -1.3
13.75285509 -3.882870337 13.75285509 0.07272973013 31.44576613 14.11857384 8.752972485 -4.49
11.87981214 -0.1996788785 11.87981214 0.09469613463 11.97965253 4.23725043 1.93571078 -2.08
13.09562201 -1.148332507 13.09562201 0.162165113 15.46667927 5.784053911 2.316870186 -3.06
13.24954147 -4.571832326 13.24954147 0.001987906274 14.41466359 4.907946719 2.64072696 -2.18
14.76940882 -1.665400425 14.76940882 0.09404027043 26.60846048 10.13175085 4.023293958 -2.45
11.45929087 -1.344505575 11.45929087 0.3675829724 29.14039454 13.47769772 8.31688458 -4.85
12.95492737 -4.466436927 12.95492737 0.01498771731 20.61584683 7.552601669 4.906147991 -2.65
10.5313044 0.1839030212 10.5313044 0.1839030212 20.35673721 8.442663496 3.8004689 -1.92
12.47031825 -0.4421262399 12.47031825 0.3393930041 18.12347706 8.049897157 4.00456326 -3.22
2.614901738 0.8013945578 2.614901738 0.8013945578 12.18804395 5.41432242 2.451439501 -0.86
3.733804924 0.451550351 3.733804924 0.451550351 20.53082555 8.368616375 3.736884504 -1.07
11.09212898 -0.991843356 11.09212898 0.1796760728 18.49130952 7.631170702 4.03314741 -3.87
11.1948896 -0.9322412349 11.1948896 0.3544776441 21.08785432 10.78910277 6.444121204 -2.63
2.248888889 0.4951851852 2.248888889 0.4951851852 12.84655833 6.364285714 3.444062017 -1.6
13.28370818 -0.1922322478 13.28370818 0.1922322478 13.55908832 6.34158152 3.323230382 -1.87
13.24790755 -0.07664302225 13.24790755 0.01281718789 20.23540658 7.780478896 3.226238375 -3.68
11.66530959 -0.1366558537 11.66530959 0.1366558537 10.71629745 4.450341179 1.905898062 -2.42
12.39761066 0.03160707882 12.39761066 0.03160707882 19.57564341 8.776213303 4.08989195 -2.38
13.15714945 -0.00857882968 13.15714945 0.00857882968 24.32855238 11.55815858 6.199807766 -2.8
12.39347551 -0.5304793091 12.39347551 0.06162874292 24.97214019 11.46295981 7.427075894 -4.66
13.29211812 -1.23410739 13.29211812 0.04488992819 20.40069559 7.978393173 3.212859788 -2.21
13.37929823 -1.255014409 13.37929823 0.184958979 18.79667239 7.461208364 3.159705955 -3.55
9.587742974 0.3734120492 9.587742974 0.3734120492 15.50358214 7.24842552 3.871377145 -1.39
13.85315256 -3.510701231 13.85315256 0.1384008881 22.66044028 9.000804662 5.363083316 -2.02
13.48734703 -0.5416294226 13.48734703 0.1236640894 34.21174391 14.4447092 7.658953692 -2.66
12.56176919 -0.05099780944 12.56176919 0.05099780944 20.16492551 9.133803791 4.385305418 -3.12
13.47551761 -4.470874956 13.47551761 0.03198545442 21.61557664 8.493709344 4.103249656 -3.61
13.35617036 -4.49978277 13.35617036 0.0265579596 26.15471036 11.15869911 7.495041598 -2.1
12.3769765 -0.1823672004 12.3769765 0.1823672004 18.10191848 8.599552057 4.472642918 -2.7
6.170322849 0.4731719612 6.170322849 0.4731719612 14.6391059 6.648223426 3.486425141 -1.29
13.03313205 -4.474491644 13.03313205 0.004809538926 22.45902388 10.09234752 6.338923842 -2.83
5.875873516 0.1900765753 5.875873516 0.1900765753 16.922119 7.383558098 3.679889685 -2.52
13.4574034 -3.937625093 13.4574034 0.02681735872 26.56276692 12.08164919 6.989010223 -2.04
12.99247409 -3.704932547 12.99247409 0.04277930033 23.61951565 10.51626631 6.729626781 -3.04
11.28666033 -0.9499113331 11.28666033 0.1000473088 18.60632324 8.467865857 4.505116508 -2.18
9.796271643 0.1547489135 9.796271643 0.1547489135 16.07173008 6.755813616 3.585309499 -1.8
6.015333298 0.7415324232 6.015333298 0.7415324232 18.47046205 9.981539052 5.602714058 -2.32
12.17260998 -0.2852059526 12.17260998 0.2852059526 16.98849681 7.046806243 3.583544975 -3.45
12.24928819 -3.342083307 12.24928819 0.4005694392 16.46033365 6.899834703 3.842979861 -0.91
11.761826 -0.5222033718 11.761826 0.3741528518 18.30062004 7.510473512 3.429358634 -4.07
11.13968765 -1.269126994 11.13968765 0.418457056 20.21061666 9.107848038 5.975719531 -3.53
2.700231481 0.7747222222 2.700231481 0.7747222222 12.69057897 5.721800326 2.737403932 -0.76
13.39377222 0.2805567103 13.39377222 0.2805567103 20.04673334 8.69876169 4.008901775 -1.88
12.8373536 -0.4007217831 12.8373536 0.1879974939 18.01815141 7.088683781 2.903148741 -2.04
4.449595616 0.9330555556 4.449595616 0.9330555556 13.05138878 6.517817714 3.821877099 -1.39
12.95087326 -4.593100231 12.95087326 0.09979379252 21.80039324 9.277346099 5.805408604 -1.9
11.32708882 -0.1476301343 11.32708882 0.05672690018 18.6630373 8.12912702 4.102272388 -1.69
12.74877734 -0.6923952533 12.74877734 0.02870604646 23.27069495 9.642014955 4.968163372 -2.48
12.53283565 -0.02133253792 12.53283565 0.02133253792 23.89304527 11.74844725 5.80617204 -3.25
2.612268519 0.4940740741 2.612268519 0.4940740741 11.97999288 4.637130178 1.831999373 -1.8
11.87606038 -0.08399826726 11.87606038 0.08399826726 15.90984179 6.372755557 2.93656365 -2.59
15.63169827 -4.416226894 15.63169827 0.02936078317 31.58064102 12.27439942 6.204043647 -3.84
13.00469753 -0.8240505991 13.00469753 0.2297030163 23.78601605 11.13039055 6.554997003 -3.87
13.04167492 -0.6260549417 13.04167492 0.004289133705 24.43750433 8.844124717 3.910843187 -5.9
5.410581571 0.4492913307 5.410581571 0.4492913307 19.37962302 8.20037619 3.546856134 -3.94
12.60069125 -3.869767446 12.60069125 0.03066873786 22.2898818 8.91374478 4.78314827 -2.91
13.14329025 -4.51838295 13.14329025 0.03596938776 14.93655592 5.03602413 2.575508081 -1.98
13.20409927 -0.5647073063 13.20409927 0.189450612 16.49979079 5.193010204 2.028894755 -2.67
13.18682021 -0.3510326773 13.18682021 0.281733358 20.62544705 9.447828505 4.737637725 -2.64
12.80785155 -4.486727176 12.80785155 0.03587973934 20.20327948 7.633563355 4.130605685 -4.08
13.69165347 -0.6345017125 13.69165347 0.1467839193 22.15753397 8.287916835 3.735091207 -3.65
13.19958427 -3.567107607 13.19958427 0.1467330929 23.53138353 10.45531285 5.975475683 -2.13
14.24497783 -0.4747064148 14.24497783 0.1438503798 17.75085533 6.459247411 2.642176408 -4.08
13.36770081 -0.5983852986 13.36770081 0.09699074074 17.43463872 6.969245767 3.21396813 -1.98
12.21085511 -3.585955878 12.21085511 0.03067861283 24.69721319 11.16324014 7.597726119 -1.57
13.75009293 -4.628664494 13.75009293 0.07202900605 20.1882258 7.752471154 3.848156858 -2.73
13.5813017 -0.6675144701 13.5813017 0.04813656533 23.29873053 8.336495398 3.413144465 -2.83
13.26342136 -4.824121551 13.26342136 0.001318972033 18.40254782 6.098382556 3.446220268 -2.39
13.12702629 -1.239117678 13.12702629 0.05301209373 17.63170626 6.143954206 2.475317379 -2.21
13.45950792 -4.50347195 13.45950792 0.1217562091 29.30624739 12.66201693 8.160439931 -2.68
12.63681454 -3.427088437 12.63681454 0.1282822479 26.25817479 11.38450586 8.123616146 -3.35
12.83115609 -3.852367927 12.83115609 0.04231557307 21.66370491 8.894521445 4.684322136 -3.56
12.45035023 0.105211031 12.45035023 0.105211031 22.90731303 10.56411116 5.753717225 -1.27
13.33342136 -0.7332664609 13.33342136 0.05972529289 19.17881185 6.439971855 2.552277967 -2.15
12.38 -4.118514713 12.38 0.2351129063 17.26679758 6.191540786 3.636027088 -2.09
11.900269 0.03328879115 11.900269 0.03328879115 15.07694527 5.660552182 2.615973588 -3.21
11.21850369 -0.1174649107 11.21850369 0.1174649107 17.30166241 7.633623124 4.174982066 -3.12
9.76642739 0.2056018519 9.76642739 0.2056018519 12.98596092 4.824229709 2.162103322 -1.02
12.71231862 -0.2015966186 12.71231862 0.1208384006 20.37592411 8.851837038 4.471318331 -2.9
11.66870106 -0.2552194164 11.66870106 0.02370957682 23.28975433 10.43324821 5.453243089 -3.46
5.408584386 0.8571391566 5.408584386 0.8571391566 16.51541937 9.077265762 5.657061737 -1.34
13.90982631 -1.113636831 13.90982631 0.04948302469 23.264648 8.149230213 3.59519801 -2.9
11.24461046 -0.2443804403 11.24461046 0.2443804403 14.54322778 5.775852492 2.827890374 -3.39
5.856435185 0.5711111111 5.856435185 0.5711111111 10.63184337 4.778881386 2.784892039 -1.51
13.42096682 -0.5597851324 13.42096682 0.2982628441 23.69960654 10.65292005 5.920311761 -2.45
9.841884448 -0.5027380952 9.841884448 0.2550136999 10.45755438 3.218804781 1.518095513 -1.06
14.27671041 -0.9373097233 14.27671041 0.0524571212 26.48210991 10.42059048 6.396569218 -2.58
13.98303888 -1.783065397 13.98303888 0.05772762346 21.56745408 8.46395887 4.215730828 -3.66
10.51918288 0.04203032711 10.51918288 0.04203032711 19.39875451 7.484405783 3.223626537 -1.92
12.56663714 -1.074222935 12.56663714 0.007484742868 26.69594859 11.35652762 6.318444093 -3.36
11.9967739 -0.8202980915 11.9967739 0.01797954984 16.57403072 5.458357665 2.072079922 -1.59
11.93451373 -0.4321149849 11.93451373 0.03948328714 12.8051819 4.717087689 1.886400509 -2.21
13.40910431 -0.5933535759 13.40910431 0.08705534091 21.41576582 7.439057679 2.717978963 -3.12
12.76454609 -3.596628433 12.76454609 0.01698550106 20.84632101 8.757576998 4.527814479 -3.41
13.94455702 -4.242718724 13.94455702 0.1000185383 33.31577427 16.4803354 9.713720331 -3.58
6.203672933 0.6904540443 6.203672933 0.6904540443 39.90442191 19.70051031 9.871031272 -5.9
13.55648636 -2.667564895 13.55648636 0.07389894785 23.02317543 9.004630391 4.774125361 -2.15
14.31432702 -3.885811839 14.31432702 0.04915686413 20.103498 7.770731455 4.617116706 -1.64
13.6316714 -5.016475874 13.6316714 0.08986001412 25.59837702 9.518978892 5.366032097 -4.49
12.93228923 -4.309598543 12.93228923 0.1252791776 20.721463 8.676962525 4.613601307 -2.54
6.102558904 0.5746477781 6.102558904 0.5746477781 17.32065477 7.258126103 3.574511598 -1.1
13.18028495 -3.991027557 13.18028495 0.0185270017 21.87270609 8.770419669 4.432116275 -3.95
14.19058445 -0.7541382398 14.19058445 0.05753836874 32.19151714 12.11598353 5.288596123 -5.76
8.863443072 0.6869133461 8.863443072 0.6869133461 17.51101903 8.688617771 5.078969497 -2.31
2.669907407 0.9020833333 2.669907407 0.9020833333 13.10017551 6.554504822 3.557466215 -0.34
12.90606364 -3.693450413 12.90606364 0.1120160804 19.0335928 7.873541103 3.982967034 -1.74
9.674572857 -0.1625574598 9.674572857 0.1625574598 17.47230332 8.660274173 5.058967743 -2.35
12.90368094 -0.4420927148 12.90368094 0.2031881042 22.2898818 9.704123903 5.106845924 -2.91
12.81694247 -4.403433122 12.81694247 0.04903638616 23.33012112 10.19103158 7.139179491 -2.95
13.21180578 -0.3823993921 13.21180578 0.03607146805 17.7673787 7.545010544 3.481117718 -2.63
12.80255562 -1.013714587 12.80255562 0.09272586504 21.42937532 9.478778143 5.625250202 -2.28
9.399487906 0.3918112245 9.399487906 0.3918112245 9.531779468 3.618016395 1.752582838 -1.02
12.36986735 0.00483586724 12.36986735 0.00483586724 21.87553668 10.8026614 5.878669921 -2.34
13.62353078 -0.6567220251 13.62353078 0.007174981104 22.61396521 7.962442111 3.129853084 -2.57
13.46626601 -0.0187037037 13.46626601 0.0187037037 19.4721201 7.642942356 3.494299566 -3.49
13.19228328 -4.604797161 13.19228328 0.05984975152 30.14806425 12.90362022 7.173766544 -5.32
4.838965488 0.4525438161 4.838965488 0.4525438161 15.88218235 5.683224882 2.240692416 -1.13
5.858357346 0.1679071373 5.858357346 0.1679071373 18.81576799 8.22988449 4.321353018 -3.53
4.637811319 1.066157407 4.637811319 1.066157407 9.846331467 3.905273121 1.516254976 -1.35
13.20386185 -3.070362814 13.20386185 0.1405055552 26.07286657 11.45572088 6.132729669 -4.55
5.437707936 0.733515463 5.437707936 0.733515463 15.89774867 6.770461596 3.01914823 -3.32
6.002033408 0.02160420341 6.002033408 0.02160420341 19.49044143 9.603522921 5.612546261 -1.27
10.61190176 -0.8957284207 10.61190176 0.07007317124 15.78254517 6.90684388 4.436214995 -1.6
9.353624414 0.2587750504 9.353624414 0.2587750504 15.54204376 6.869554517 3.439445937 -2.98
12.87526511 -4.409920246 12.87526511 0.4254682906 29.03309661 13.40251648 8.784328403 -3.96
6.333222159 0.1910023384 6.333222159 0.1910023384 9.40914187 3.083887562 1.410116196 -0.82
12.92452603 -4.625324529 12.92452603 0.07167808327 29.65898119 13.65861843 9.823621413 -2.57
14.93972083 -4.046924066 14.93972083 0.03403810055 23.98979259 9.241414482 4.884125843 -4.15
12.45832204 -0.2881247901 12.45832204 0.04313685423 20.47187404 8.516434962 4.072286178 -2.8
13.16315231 -0.5297023996 13.16315231 0.1105729374 24.75473206 10.92399805 5.642701568 -2.36
13.34495715 -0.9844722669 13.34495715 0.1895934959 21.72090224 8.345977873 3.795720437 -4.11
12.74196238 -0.5941705116 12.74196238 0.2813600718 18.35404439 7.433364704 3.8648943 -2.44
11.78041408 -0.4646322692 11.78041408 0.08582070676 25.86528883 9.092846303 3.470844488 -2.81
12.15323793 -0.9642619176 12.15323793 0.2415667779 21.15384033 8.956996688 4.811528996 -3.09
13.39803518 -4.347871834 13.39803518 0.2018602411 23.20399508 9.24405405 4.669231152 -2.55
6.637863718 -0.1791808254 6.637863718 0.1791808254 19.73373806 9.285083453 4.712097508 -2.57
14.4636501 -0.28510762 14.4636501 0.06702926282 19.75455626 8.150711867 4.052964999 -3.19
12.73902323 -0.1923619785 12.73902323 0.1923619785 20.88732854 8.865410816 4.323594508 -2.99
13.37384717 -4.858146785 13.37384717 0.07859724309 21.69244722 7.442981583 3.232061257 -4.14
11.34772914 -1.288958808 11.34772914 0.6035688111 20.14244765 7.795085066 4.44411876 -2.6
12.1373293 -0.3760018004 12.1373293 0.3760018004 15.23433988 6.616616966 3.56921357 -2.67
13.54957899 0.004426731546 13.54957899 0.004426731546 26.10165404 11.47478576 5.502875781 -3.52
13.00483852 -0.6791350414 13.00483852 0.0535708643 29.25917059 9.128631223 3.970929293 -1.24
13.03742061 -0.1898496526 13.03742061 0.145783915 24.79850308 10.62035753 5.450208368 -3.88
12.96291055 0.2394455992 12.96291055 0.2394455992 18.51992381 8.035013889 4.198232608 -1.84
9.569863929 0.3998834713 9.569863929 0.3998834713 15.37038037 8.307688251 4.824229709 -1.02
12.843134 -5.102889256 12.843134 0.03990544749 25.36552226 9.728213203 6.100134137 -2.73
13.06648438 -0.7506094099 13.06648438 0.003454769253 21.85899575 9.774809022 5.836996609 -2.84
12.88444399 0.2203252289 12.88444399 0.2203252289 18.48177204 8.009974145 4.182456339 -1.88
12.95387469 -0.3378995396 12.95387469 0.002005126969 36.2166598 18.07346116 10.96418821 -4.07
13.79606186 -4.654929663 13.79606186 0.05046135475 23.41366481 8.7117705 4.178905512 -3.33
12.96288402 -3.256499765 12.96288402 0.2071125047 21.25960707 7.933331787 4.258956043 -2.98
14.8643268 -5.120240628 14.8643268 0.05110494352 21.94690993 7.823995617 4.252444861 -3.75
5.796185752 0.2468981481 5.796185752 0.2468981481 10.14848168 4.426633893 2.162116367 -0.38
11.49029573 0.05073367232 11.49029573 0.05073367232 19.2276 7.823995617 3.983584942 -1.75
14.45497069 -3.521872666 14.45497069 0.05069283037 19.22794134 6.884761753 3.362865182 -3.54
12.91533261 -4.41346436 12.91533261 0.2305225918 17.85300812 6.884761753 3.642773504 -2.54
13.16492635 0.1219966713 13.16492635 0.1219966713 19.99958594 8.303896386 3.753540321 -1.93
12.50563071 -3.701264292 12.50563071 0.12265197 18.59661743 8.007648136 5.146629907 -3.19
